Common Name,Scientific Name,Scientific Name_url,ESA Listing Status,Entity Description,ESA Listing Date
Abbott's booby,Papasula (=Sula) abbotti,https://ecos.fws.gov/ecp/species/1470,Endangered,Wherever found,06-14-1976
Aboriginal Prickly-apple,Harrisia (=Cereus) aboriginum (=gracilis),https://ecos.fws.gov/ecp/species/2833,Endangered,,11-25-2013
Acklins ground iguana,Cyclura rileyi nuchalis,https://ecos.fws.gov/ecp/species/27,Threatened,Wherever found,06-22-1983
Acuña Cactus,Echinomastus erectocentrus var. acunensis,https://ecos.fws.gov/ecp/species/5785,Endangered,Wherever found,10-31-2013
Addax,Addax nasomaculatus,https://ecos.fws.gov/ecp/species/1486,Endangered,Wherever found,03-19-2014
Adriatic sturgeon,Acipenser naccarii,https://ecos.fws.gov/ecp/species/9747,Endangered,Wherever found,09-04-2014
A`e,Zanthoxylum dipetalum var. tomentosum,https://ecos.fws.gov/ecp/species/2297,Endangered,Wherever found,10-10-1996
A`e,Zanthoxylum hawaiiense,https://ecos.fws.gov/ecp/species/4645,Endangered,Wherever found,03-04-1994
A`e,Zanthoxylum oahuense,https://ecos.fws.gov/ecp/species/7998,Endangered,Wherever found,10-18-2012
African coelacanth,Latimeria chalumnae,https://ecos.fws.gov/ecp/species/10533,Threatened,Tanzanian Distinct Population  Segment (DPS) of African coelacanth,04-28-2016
African dwarf crocodile,Osteolaemus tetraspis tetraspis,https://ecos.fws.gov/ecp/species/7629,Endangered,Wherever found,06-14-1976
African elephant,Loxodonta africana,https://ecos.fws.gov/ecp/species/7724,Threatened,Wherever found,06-11-1978
African penguin,Spheniscus demersus,https://ecos.fws.gov/ecp/species/6711,Endangered,Wherever found,10-29-2010
African slender-snouted crocodile,Crocodylus cataphractus,https://ecos.fws.gov/ecp/species/4118,Endangered,Wherever found,03-28-1972
African viviparous toads,Nectophrynoides spp.,https://ecos.fws.gov/ecp/species/5734,Endangered,Wherever found,06-14-1976
African wild ass,Equus africanus,https://ecos.fws.gov/ecp/species/6590,Endangered,Wherever found,06-02-1970
African wild dog,Lycaon pictus,https://ecos.fws.gov/ecp/species/3925,Endangered,Wherever found,01-23-1984
`Ahinahina,Argyroxiphium sandwicense ssp. macrocephalum,https://ecos.fws.gov/ecp/species/387,Threatened,Wherever found,05-15-1992
`Ahinahina,Argyroxiphium sandwicense ssp. sandwicense,https://ecos.fws.gov/ecp/species/262,Endangered,Wherever found,03-21-1986
"`Aiakeakua, popolo",Solanum sandwicense,https://ecos.fws.gov/ecp/species/7342,Endangered,Wherever found,02-25-1994
`Aiea,Nothocestrum breviflorum,https://ecos.fws.gov/ecp/species/7493,Endangered,Wherever found,03-04-1994
`Aiea,Nothocestrum latifolium,https://ecos.fws.gov/ecp/species/1061,Endangered,Wherever found,10-31-2016
`Aiea,Nothocestrum peltatum,https://ecos.fws.gov/ecp/species/5366,Endangered,Wherever found,02-25-1994
Akekee,Loxops caeruleirostris,https://ecos.fws.gov/ecp/species/153,Endangered,Wherever found,05-13-2010
akiapolaau,Hemignathus wilsoni,https://ecos.fws.gov/ecp/species/1816,Endangered,Wherever found,03-11-1967
Akikiki,Oreomystis bairdi,https://ecos.fws.gov/ecp/species/6617,Endangered,Wherever found,05-13-2010
`Akohekohe (crested honeycreeper),Palmeria dolei,https://ecos.fws.gov/ecp/species/3089,Endangered,Wherever found,03-11-1967
`Akoko,Euphorbia celastroides var. kaenana,https://ecos.fws.gov/ecp/species/3842,Endangered,Wherever found,10-29-1991
`Akoko,Euphorbia deppeana,https://ecos.fws.gov/ecp/species/6446,Endangered,Wherever found,03-28-1994
`Akoko,Euphorbia eleanoriae,https://ecos.fws.gov/ecp/species/1368,Endangered,Wherever found,05-13-2010
`Akoko,Euphorbia haeleeleana,https://ecos.fws.gov/ecp/species/8432,Endangered,Wherever found,10-10-1996
`Akoko,Euphorbia herbstii,https://ecos.fws.gov/ecp/species/6481,Endangered,Wherever found,10-10-1996
`Akoko,Euphorbia kuwaleana,https://ecos.fws.gov/ecp/species/6308,Endangered,Wherever found,10-29-1991
`Akoko,Euphorbia remyi var. kauaiensis,https://ecos.fws.gov/ecp/species/2643,Endangered,Wherever found,05-13-2010
`Akoko,Euphorbia remyi var. remyi,https://ecos.fws.gov/ecp/species/6388,Endangered,Wherever found,05-13-2010
`Akoko,Euphorbia rockii,https://ecos.fws.gov/ecp/species/6024,Endangered,Wherever found,10-10-1996
`Akoko,Euphorbia skottsbergii var. skottsbergii,https://ecos.fws.gov/ecp/species/6793,Endangered,Wherever found,08-24-1982
'Akoko,Euphorbia halemanui,https://ecos.fws.gov/ecp/species/8441,Endangered,Wherever found,05-13-1992
`aku,Cyanea tritomantha,https://ecos.fws.gov/ecp/species/7678,Endangered,Wherever found,11-29-2013
`aku`aku,Cyanea platyphylla,https://ecos.fws.gov/ecp/species/2041,Endangered,Wherever found,10-10-1996
`Ala `ala wai nui,Peperomia subpetiolata,https://ecos.fws.gov/ecp/species/7437,Endangered,Wherever found,06-27-2013
Ala balik (trout),Salmo platycephalus,https://ecos.fws.gov/ecp/species/5136,Endangered,Wherever found,06-02-1970
Alabama beach mouse,Peromyscus polionotus ammobates,https://ecos.fws.gov/ecp/species/6956,Endangered,Wherever found,06-06-1985
Alabama Canebrake Pitcher Plant,Sarracenia rubra ssp. alabamensis,https://ecos.fws.gov/ecp/species/1846,Endangered,Wherever found,03-10-1989
Alabama cavefish,Speoplatyrhinus poulsoni,https://ecos.fws.gov/ecp/species/50,Endangered,Wherever found,10-11-1977
Alabama cave shrimp,Palaemonias alabamae,https://ecos.fws.gov/ecp/species/5307,Endangered,Wherever found,09-07-1988
Alabama lampmussel,Lampsilis virescens,https://ecos.fws.gov/ecp/species/916,Endangered,Wherever found; Except where listed as Experimental Populations,06-14-1976
Alabama lampmussel,Lampsilis virescens,https://ecos.fws.gov/ecp/species/916,"Experimental Population, Non-Essential","U.S.A. (AL;The free-flowing reach of the Tennessee R. from the base of Wilson Dam downstream to the backwaters of Pickwick Reservoir [about 12 RM (19 km)] and the lower 5 RM [8 km] of all tributaries to this reach in Colbert and Lauderdale Cos., see 17.85(a))",06-14-2001
Alabama Leather Flower,Clematis socialis,https://ecos.fws.gov/ecp/species/6300,Endangered,Wherever found,09-26-1986
Alabama Map turtle,Graptemys pulchra,https://ecos.fws.gov/ecp/species/9891,Similarity of Appearance (Threatened),Wherever found,
Alabama moccasinshell,Medionidus acutissimus,https://ecos.fws.gov/ecp/species/7287,Threatened,Wherever found,03-17-1993
Alabama pearlshell,Margaritifera marrianae,https://ecos.fws.gov/ecp/species/3961,Endangered,Wherever found,10-10-2012
Alabama red-bellied turtle,Pseudemys alabamensis,https://ecos.fws.gov/ecp/species/1494,Endangered,Wherever found,06-16-1987
Alabama streak-sorus fern,Thelypteris pilosa var. alabamensis,https://ecos.fws.gov/ecp/species/3604,Threatened,Wherever found,07-08-1992
Alabama sturgeon,Scaphirhynchus suttkusi,https://ecos.fws.gov/ecp/species/2552,Endangered,Wherever found,05-05-2000
Alameda whipsnake (=striped racer),Masticophis lateralis euryxanthus,https://ecos.fws.gov/ecp/species/5524,Threatened,Wherever found,12-05-1997
Alamosa springsnail,Tryonia alamosae,https://ecos.fws.gov/ecp/species/4371,Endangered,Wherever found,09-30-1991
Alani,Melicope adscendens,https://ecos.fws.gov/ecp/species/4028,Endangered,Wherever found,12-05-1994
Alani,Melicope balloui,https://ecos.fws.gov/ecp/species/7786,Endangered,Wherever found,12-05-1994
Alani,Melicope christophersenii,https://ecos.fws.gov/ecp/species/4185,Endangered,Wherever found,10-18-2012
Alani,Melicope degeneri,https://ecos.fws.gov/ecp/species/5968,Endangered,Wherever found,05-13-2010
Alani,Melicope haupuensis,https://ecos.fws.gov/ecp/species/2236,Endangered,Wherever found,02-25-1994
Alani,Melicope hiiakae,https://ecos.fws.gov/ecp/species/6577,Endangered,Wherever found,10-18-2012
Alani,Melicope knudsenii,https://ecos.fws.gov/ecp/species/4668,Endangered,Wherever found,02-25-1994
Alani,Melicope lydgatei,https://ecos.fws.gov/ecp/species/7611,Endangered,Wherever found,03-28-1994
Alani,Melicope makahae,https://ecos.fws.gov/ecp/species/1171,Endangered,Wherever found,10-18-2012
Alani,Melicope mucronulata,https://ecos.fws.gov/ecp/species/706,Endangered,Wherever found,05-15-1992
Alani,Melicope munroi,https://ecos.fws.gov/ecp/species/5818,Endangered,Wherever found,09-03-1999
Alani,Melicope ovalis,https://ecos.fws.gov/ecp/species/6401,Endangered,Wherever found,12-05-1994
Alani,Melicope pallida,https://ecos.fws.gov/ecp/species/5969,Endangered,Wherever found,02-25-1994
Alani,Melicope paniculata,https://ecos.fws.gov/ecp/species/7436,Endangered,Wherever found,05-13-2010
Alani,Melicope puberula,https://ecos.fws.gov/ecp/species/111,Endangered,Wherever found,05-13-2010
Alani,Melicope quadrangularis,https://ecos.fws.gov/ecp/species/8542,Endangered,Wherever found,02-25-1994
Alani,Melicope reflexa,https://ecos.fws.gov/ecp/species/2942,Endangered,Wherever found,10-08-1992
Alani,Melicope saint-johnii,https://ecos.fws.gov/ecp/species/6153,Endangered,Wherever found,10-10-1996
Alani,Melicope zahlbruckneri,https://ecos.fws.gov/ecp/species/7338,Endangered,Wherever found,10-10-1996
Alaotra Grebe,Tachybaptus rufolavatus,https://ecos.fws.gov/ecp/species/1227,Endangered,Wherever found,01-12-1995
Aldabra Warbler (old world warbler),Nesillas aldabranus,https://ecos.fws.gov/ecp/species/1762,Endangered,Wherever found,01-12-1995
Aleutian shield fern,Polystichum aleuticum,https://ecos.fws.gov/ecp/species/5392,Endangered,Wherever found,02-17-1988
Algerian nuthatch,Sitta ledanti,https://ecos.fws.gov/ecp/species/6950,Endangered,Wherever found,01-12-1995
Allen's Cay iguana,Cyclura cychlura inornata,https://ecos.fws.gov/ecp/species/454,Threatened,Wherever found,06-22-1983
Altamaha Spinymussel,Elliptio spinosa,https://ecos.fws.gov/ecp/species/6920,Endangered,Wherever found,11-10-2011
Amargosa niterwort,Nitrophila mohavensis,https://ecos.fws.gov/ecp/species/4072,Endangered,Wherever found,05-20-1985
Amargosa vole,Microtus californicus scirpensis,https://ecos.fws.gov/ecp/species/7963,Endangered,Wherever found,11-15-1984
Amazonian manatee,Trichechus inunguis,https://ecos.fws.gov/ecp/species/4106,Endangered,Wherever found,06-02-1970
Amber darter,Percina antesella,https://ecos.fws.gov/ecp/species/53,Endangered,Wherever found,08-05-1985
American alligator,Alligator mississippiensis,https://ecos.fws.gov/ecp/species/776,Similarity of Appearance (Threatened),Wherever found,03-11-1967
American burying beetle,Nicrophorus americanus,https://ecos.fws.gov/ecp/species/66,Threatened,"Wherever found, except where listed as an experimental population",07-13-1989
American burying beetle,Nicrophorus americanus,https://ecos.fws.gov/ecp/species/66,"Experimental Population, Non-Essential","In southwestern Missouri, the counties of Cedar, St. Clair, Bates, and Vernon.",07-22-2011
American chaffseed,Schwalbea americana,https://ecos.fws.gov/ecp/species/1286,Endangered,Wherever found,09-29-1992
American crocodile,Crocodylus acutus,https://ecos.fws.gov/ecp/species/6604,Threatened,U.S.A. (FL),10-28-1975
American crocodile,Crocodylus acutus,https://ecos.fws.gov/ecp/species/6604,Endangered,"Wherever found, except in U.S.A. (FL)",03-20-2007
American hart's-tongue fern,Asplenium scolopendrium var. americanum,https://ecos.fws.gov/ecp/species/4232,Threatened,Wherever found,07-14-1989
Amsterdam Albatross,Diomedia amsterdamensis,https://ecos.fws.gov/ecp/species/7639,Endangered,Wherever found,01-12-1995
Anastasia Island beach mouse,Peromyscus polionotus phasma,https://ecos.fws.gov/ecp/species/5522,Endangered,Wherever found,05-12-1989
`Anaunau,Lepidium arbuscula,https://ecos.fws.gov/ecp/species/2670,Endangered,Wherever found,10-10-1996
Anchialine pool shrimp,Vetericaris chaceorum,https://ecos.fws.gov/ecp/species/5665,Endangered,Wherever found,11-29-2013
Anchialine pool Shrimp,Procaris hawaiana,https://ecos.fws.gov/ecp/species/6944,Endangered,Wherever found,10-31-2016
Andean cat,Felis jacobita,https://ecos.fws.gov/ecp/species/6187,Endangered,Wherever found,06-14-1976
Andean condor,Vultur gryphus,https://ecos.fws.gov/ecp/species/1122,Endangered,Wherever found,12-02-1970
Andean flamingo,Phoenicoparrus andinus,https://ecos.fws.gov/ecp/species/1822,Endangered,Wherever found,09-16-2010
Andrew's frigatebird,Fregata andrewsi,https://ecos.fws.gov/ecp/species/7957,Endangered,Wherever found,06-14-1976
Andros Island ground iguana,Cyclura cychlura cychlura,https://ecos.fws.gov/ecp/species/4502,Threatened,Wherever found,06-22-1983
Anegada ground iguana,Cyclura pinguis,https://ecos.fws.gov/ecp/species/1492,Endangered,Wherever found,06-02-1970
Angel shark,Squatina squatina,https://ecos.fws.gov/ecp/species/10530,Endangered,,08-31-2016
Angulated tortoise,Geochelone yniphora,https://ecos.fws.gov/ecp/species/6202,Endangered,Wherever found,06-14-1976
Anjouan Island sparrowhawk,Accipiter francesii pusillus,https://ecos.fws.gov/ecp/species/7636,Endangered,Wherever found,06-02-1970
Anjouan scops owl,Otus rutilus capnodes,https://ecos.fws.gov/ecp/species/7613,Endangered,Wherever found,06-02-1970
Anthony's riversnail,Athearnia anthonyi,https://ecos.fws.gov/ecp/species/4827,"Experimental Population, Non-Essential",U.S.A. (TN - specified portions of the French Broad and Holston Rivers; see 17.85(b)(1)),10-15-2007
Anthony's riversnail,Athearnia anthonyi,https://ecos.fws.gov/ecp/species/4827,"Experimental Population, Non-Essential","U.S.A. (AL;The free-flowing reach of the Tennessee R. from the base of Wilson Dam downstream to the backwaters of Pickwick Reservoir [about 12 RM (19 km)] and the lower 5 RM [8 km] of all tributaries to this reach in Colbert and Lauderdale Cos., see 17.85(a))",06-14-2001
Anthony's riversnail,Athearnia anthonyi,https://ecos.fws.gov/ecp/species/4827,Endangered,Wherever found; Except where listed as Experimental Populations,04-15-1994
Anthricinan yellow-faced bee,Hylaeus anthracinus,https://ecos.fws.gov/ecp/species/7173,Endangered,Wherever found,10-31-2016
Antioch Dunes evening-primrose,Oenothera deltoides ssp. howellii,https://ecos.fws.gov/ecp/species/5970,Endangered,Wherever found,05-27-1978
`Anunu,Sicyos albus,https://ecos.fws.gov/ecp/species/4226,Endangered,Wherever found,10-10-1996
`Anunu,Sicyos macrophyllus,https://ecos.fws.gov/ecp/species/2768,Endangered,Wherever found,10-31-2016
Apalachicola rosemary,Conradina glabra,https://ecos.fws.gov/ecp/species/6389,Endangered,,07-12-1993
Apaporis River caiman,Caiman crocodilus apaporiensis,https://ecos.fws.gov/ecp/species/4255,Endangered,Wherever found,06-14-1976
Apennine chamois,Rupicapra rupicapra ornata,https://ecos.fws.gov/ecp/species/1930,Endangered,Wherever found,06-14-1976
Aplokating-palaoan,Psychotria malaspinae,https://ecos.fws.gov/ecp/species/9759,Endangered,Wherever found,11-02-2015
Appalachian elktoe,Alasmidonta raveneliana,https://ecos.fws.gov/ecp/species/5039,Endangered,Wherever found,11-23-1994
Appalachian monkeyface (pearlymussel),Theliderma sparsa,https://ecos.fws.gov/ecp/species/7154,"Experimental Population, Non-Essential",USA (TN - specified portions of the French Broad and Holston Rivers; see 17.85(b)(1)),10-15-2007
Appalachian monkeyface (pearlymussel),Theliderma sparsa,https://ecos.fws.gov/ecp/species/7154,Endangered,Wherever found,06-14-1976
Applegate's milk-vetch,Astragalus applegatei,https://ecos.fws.gov/ecp/species/5497,Endangered,Wherever found,07-28-1993
Aquatic box turtle,Terrapene coahuila,https://ecos.fws.gov/ecp/species/450,Endangered,Wherever found,06-04-1973
Arabian gazelle,Gazella gazella,https://ecos.fws.gov/ecp/species/619,Endangered,Wherever found,07-27-1979
Arabian oryx,Oryx leucoryx,https://ecos.fws.gov/ecp/species/767,Endangered,Wherever found,06-02-1970
Arabian ostrich,Struthio camelus syriacus,https://ecos.fws.gov/ecp/species/3091,Endangered,Wherever found,06-02-1970
Arabian tahr,Hemitragus jayakari,https://ecos.fws.gov/ecp/species/1128,Endangered,Wherever found,07-27-1979
Argali,Ovis ammon,https://ecos.fws.gov/ecp/species/2085,Threatened,"Kyrgyzstan, Mongolia, and Tajikistan",06-23-1992
Argali,Ovis ammon,https://ecos.fws.gov/ecp/species/2085,Endangered,"Wherever found except Kyrgyzstan, Mongolia, and Tajikistan",06-14-1976
Argentine angelshark,Squatina argentina,https://ecos.fws.gov/ecp/species/10789,Endangered,,
Arizona Cliffrose,Purshia (=Cowania) subintegra,https://ecos.fws.gov/ecp/species/866,Endangered,Wherever found,05-29-1984
Arizona eryngo,Eryngium sparganophyllum,https://ecos.fws.gov/ecp/species/10705,Endangered,,03-04-2021
Arizona hedgehog cactus,Echinocereus arizonicus ssp. arizonicus,https://ecos.fws.gov/ecp/species/1702,Endangered,Wherever found,11-26-1979
Arkansas fatmucket,Lampsilis powellii,https://ecos.fws.gov/ecp/species/2213,Threatened,Wherever found,04-05-1990
Arkansas River shiner,Notropis girardi,https://ecos.fws.gov/ecp/species/4364,Threatened,"Arkansas River Basin (AR, KS, NM, OK, TX)",11-23-1998
Armored snail,Marstonia pachyta,https://ecos.fws.gov/ecp/species/3972,Endangered,Wherever found,02-25-2000
Arroyo (=arroyo southwestern) toad,Anaxyrus californicus,https://ecos.fws.gov/ecp/species/3762,Endangered,Wherever found,12-16-1994
Aruba Island rattlesnake,Crotalus unicolor,https://ecos.fws.gov/ecp/species/3084,Threatened,Wherever found,06-22-1983
Ash-breasted tit-tyrant,Anairetes alpinus,https://ecos.fws.gov/ecp/species/11,Endangered,Wherever found,07-24-2012
Ash-grey paintbrush,Castilleja cinerea,https://ecos.fws.gov/ecp/species/3702,Threatened,Wherever found,10-14-1998
Ash Meadows Amargosa pupfish,Cyprinodon nevadensis mionectes,https://ecos.fws.gov/ecp/species/529,Endangered,Wherever found,05-10-1982
Ash Meadows blazingstar,Mentzelia leucophylla,https://ecos.fws.gov/ecp/species/4582,Threatened,Wherever found,05-20-1985
Ash Meadows gumplant,Grindelia fraxinipratensis,https://ecos.fws.gov/ecp/species/8580,Threatened,Wherever found,05-20-1985
Ash Meadows ivesia,Ivesia kingii var. eremica,https://ecos.fws.gov/ecp/species/2411,Threatened,Wherever found,05-20-1985
Ash meadows milk-vetch,Astragalus phoenix,https://ecos.fws.gov/ecp/species/4271,Threatened,Wherever found,05-20-1985
Ash Meadows naucorid,Ambrysus amargosus,https://ecos.fws.gov/ecp/species/2564,Threatened,Wherever found,05-20-1985
Ash Meadows speckled dace,Rhinichthys osculus nevadensis,https://ecos.fws.gov/ecp/species/3415,Endangered,Wherever found,05-10-1982
Ash Meadows sunray,Enceliopsis nudicaulis var. corrugata,https://ecos.fws.gov/ecp/species/5707,Threatened,Wherever found,05-20-1985
Ashy dogweed,Thymophylla tephroleuca,https://ecos.fws.gov/ecp/species/7696,Endangered,Wherever found,07-19-1984
Asian bonytongue,Scleropages formosus,https://ecos.fws.gov/ecp/species/7872,Endangered,Wherever found,06-14-1976
Asian elephant,Elephas maximus,https://ecos.fws.gov/ecp/species/7388,Endangered,Wherever found,06-14-1976
Asian golden (=Temmnick's) cat,Catopuma (=Felis) temminckii,https://ecos.fws.gov/ecp/species/6620,Endangered,Wherever found,06-14-1976
Asian tapir,Tapirus indicus,https://ecos.fws.gov/ecp/species/4109,Endangered,Wherever found,06-14-1976
Asian wild ass,Equus hemionus,https://ecos.fws.gov/ecp/species/3237,Endangered,Wherever found,06-02-1970
Assimulans yellow-faced bee,Hylaeus assimulans,https://ecos.fws.gov/ecp/species/3398,Endangered,Wherever found,10-31-2016
Atitlan grebe,Podilymbus gigas,https://ecos.fws.gov/ecp/species/1093,Endangered,Wherever found,06-02-1970
Atlantic humpback dolphin,Sousa teuszii,https://ecos.fws.gov/ecp/species/11905,Endangered,Wherever found,03-22-2024
Atlantic Humpback Dolphin,Sousa teuszii,https://ecos.fws.gov/ecp/species/13209,Endangered,,
Atlantic pigtoe,Fusconaia masoni,https://ecos.fws.gov/ecp/species/5164,Threatened,Wherever found,12-16-2021
Atlantic salmon,Salmo salar,https://ecos.fws.gov/ecp/species/2097,Endangered,Gulf of Maine DPS - See 50 CFR 224.101,06-19-2009
Atlantic salt marsh snake,Nerodia clarkii taeniata,https://ecos.fws.gov/ecp/species/7729,Threatened,Wherever found,12-29-1977
Atlantic sturgeon,Acipenser oxyrinchus oxyrinchus,https://ecos.fws.gov/ecp/species/3252,Endangered,New York Bight DPS - See 50 CFR 224.101,02-06-2012
Atlantic sturgeon,Acipenser oxyrinchus oxyrinchus,https://ecos.fws.gov/ecp/species/3252,Endangered,Chesapeake Bay DPS - See 50 CFR 224.101,02-06-2012
Atlantic sturgeon,Acipenser oxyrinchus oxyrinchus,https://ecos.fws.gov/ecp/species/3252,Endangered,South Atlantic DPS - See 50 CFR 224.101,02-06-2012
Atlantic sturgeon,Acipenser oxyrinchus oxyrinchus,https://ecos.fws.gov/ecp/species/3252,Endangered,Carolina DPS - See 50 CFR 224.101,02-06-2012
Atlantic sturgeon,Acipenser oxyrinchus oxyrinchus,https://ecos.fws.gov/ecp/species/3252,Threatened,Gulf of Maine DPS - See 50 CFR 223.102,02-06-2012
Attwater's greater prairie-chicken,Tympanuchus cupido attwateri,https://ecos.fws.gov/ecp/species/7259,Endangered,Wherever found,03-11-1967
Audouin's gull,Larus audouinii,https://ecos.fws.gov/ecp/species/6033,Endangered,Wherever found,06-02-1970
Aukland Island rail,Rallus pectoralis muelleri,https://ecos.fws.gov/ecp/species/4239,Endangered,Wherever found,06-02-1970
Aupaka,Isodendrion hosakae,https://ecos.fws.gov/ecp/species/203,Endangered,Wherever found,01-14-1991
Aupaka,Isodendrion laurifolium,https://ecos.fws.gov/ecp/species/3825,Endangered,Wherever found,10-10-1996
Aupaka,Isodendrion longifolium,https://ecos.fws.gov/ecp/species/3826,Threatened,Wherever found,10-10-1996
Austin blind Salamander,Eurycea waterlooensis,https://ecos.fws.gov/ecp/species/5737,Endangered,Wherever found,09-19-2013
Australian native mouse,Notomys aquilo,https://ecos.fws.gov/ecp/species/6982,Endangered,Wherever found,06-14-1976
Australian native mouse,Zyzomys pedunculatus,https://ecos.fws.gov/ecp/species/615,Endangered,Wherever found,06-14-1976
Autumn Buttercup,Ranunculus aestivalis (=acriformis),https://ecos.fws.gov/ecp/species/1284,Endangered,Wherever found,07-21-1989
Avahi,Avahi laniger (entire genus),https://ecos.fws.gov/ecp/species/8512,Endangered,Wherever found,06-02-1970
Avon Park harebells,Crotalaria avonensis,https://ecos.fws.gov/ecp/species/7093,Endangered,,04-27-1993
`Awikiwiki,Canavalia molokaiensis,https://ecos.fws.gov/ecp/species/2269,Endangered,Wherever found,10-08-1992
`Awikiwiki,Canavalia napaliensis,https://ecos.fws.gov/ecp/species/1325,Endangered,Wherever found,05-13-2010
`Awikiwiki,Canavalia pubescens,https://ecos.fws.gov/ecp/species/7908,Endangered,Wherever found,06-27-2013
Awiwi,Schenkia sebaeoides,https://ecos.fws.gov/ecp/species/7103,Endangered,Wherever found,10-29-1991
'Awiwi,Kadua cookiana,https://ecos.fws.gov/ecp/species/4666,Endangered,Wherever found,02-25-1994
Aye-aye,Daubentonia madagascariensis,https://ecos.fws.gov/ecp/species/7643,Endangered,Wherever found,06-02-1970
Ayumodoki (loach),Hymenophysa curta,https://ecos.fws.gov/ecp/species/6375,Endangered,Wherever found,06-02-1970
Azores wood pigeon,Columba palumbus azorica,https://ecos.fws.gov/ecp/species/1095,Endangered,Wherever found,06-02-1970
Babirusa,Babyrousa babyrussa,https://ecos.fws.gov/ecp/species/2057,Endangered,Wherever found,06-14-1976
Bactrian camel,Camelus bactrianus,https://ecos.fws.gov/ecp/species/6754,Endangered,Wherever found,06-14-1976
Bactrian deer,Cervus elaphus bactrianus,https://ecos.fws.gov/ecp/species/4491,Endangered,Wherever found,07-27-1979
Bahaman or Cuban parrot,Amazona leucocephala,https://ecos.fws.gov/ecp/species/3235,Endangered,Wherever found,06-02-1970
Bakersfield cactus,Opuntia treleasei,https://ecos.fws.gov/ecp/species/7799,Endangered,Wherever found,07-19-1990
Baker's larkspur,Delphinium bakeri,https://ecos.fws.gov/ecp/species/5031,Endangered,Wherever found,01-26-2000
Balcones spike,Fusconaia iheringi,https://ecos.fws.gov/ecp/species/10909,Endangered,,07-05-2024
Baluchistan bear,Ursus thibetanus gedrosianus,https://ecos.fws.gov/ecp/species/2983,Endangered,Wherever found,05-16-1986
Banbury Springs limpet,Idaholanx fresti,https://ecos.fws.gov/ecp/species/1944,Endangered,Wherever found,12-14-1992
Banded cotinga,Cotinga maculata,https://ecos.fws.gov/ecp/species/4045,Endangered,Wherever found,06-14-1976
Banded hare wallaby,Lagostrophus fasciatus,https://ecos.fws.gov/ecp/species/7646,Endangered,Wherever found,12-02-1970
Banded wattle-eye,Platysteira laticincta,https://ecos.fws.gov/ecp/species/1228,Endangered,Wherever found,01-12-1995
Band-rumped Storm-petrel,Hydrobates castro,https://ecos.fws.gov/ecp/species/1226,Endangered,USA (HI),10-31-2016
Banggai cardinalfish,Pterapogon kauderni,https://ecos.fws.gov/ecp/species/10528,Threatened,,02-19-2016
Bannerman's turaco,Tauraco bannermani,https://ecos.fws.gov/ecp/species/1821,Endangered,Wherever found,01-12-1995
Banteng,Bos javanicus,https://ecos.fws.gov/ecp/species/439,Endangered,Wherever found,06-02-1970
Barbados yellow warbler (=wood),Dendroica petechia petechia,https://ecos.fws.gov/ecp/species/8356,Endangered,Wherever found,06-02-1970
Barbary deer,Cervus elaphus barbarus,https://ecos.fws.gov/ecp/species/3643,Endangered,Wherever found,07-27-1979
Barbary hyena,Hyaena hyaena barbara,https://ecos.fws.gov/ecp/species/440,Endangered,Wherever found,06-02-1970
Barbary serval,Leptailurus (=Felis) serval constantina,https://ecos.fws.gov/ecp/species/5950,Endangered,Wherever found,06-02-1970
Barbary stag,Cervus elaphus barbarus,https://ecos.fws.gov/ecp/species/2877,Endangered,Wherever found,06-02-1970
Barbour's map turtle,Graptemys barbouri,https://ecos.fws.gov/ecp/species/3085,Similarity of Appearance (Threatened),Wherever found,
Bariaco,Trichilia triacantha,https://ecos.fws.gov/ecp/species/1576,Endangered,Wherever found,02-05-1988
Barneby reed-mustard,Schoenocrambe barnebyi,https://ecos.fws.gov/ecp/species/3359,Endangered,Wherever found,01-14-1992
Barneby ridge-cress,Lepidium barnebyanum,https://ecos.fws.gov/ecp/species/3736,Endangered,Wherever found,09-28-1990
Barred bandicoot,Perameles bougainville,https://ecos.fws.gov/ecp/species/3097,Endangered,Wherever found,12-02-1970
Barrens topminnow,Fundulus julisia,https://ecos.fws.gov/ecp/species/5045,Endangered,Wherever found,11-20-2019
Barrington land iguana,Conolophus pallidus,https://ecos.fws.gov/ecp/species/1934,Endangered,Wherever found,06-02-1970
Bar-tailed pheasant,Syrmaticus humaie,https://ecos.fws.gov/ecp/species/2047,Endangered,Wherever found,06-02-1970
Barton Springs salamander,Eurycea sosorum,https://ecos.fws.gov/ecp/species/1113,Endangered,Wherever found,04-30-1997
Bartram's hairstreak Butterfly,Strymon acis bartrami,https://ecos.fws.gov/ecp/species/4837,Endangered,Wherever found,09-11-2014
Bartram's stonecrop,Graptopetalum bartramii,https://ecos.fws.gov/ecp/species/8382,Threatened,Wherever found,09-29-2021
Bay checkerspot butterfly,Euphydryas editha bayensis,https://ecos.fws.gov/ecp/species/2320,Threatened,Wherever found,09-18-1987
Bayou darter,Etheostoma rubrum,https://ecos.fws.gov/ecp/species/5864,Threatened,Wherever found,10-28-1975
Beach jacquemontia,Jacquemontia reclinata,https://ecos.fws.gov/ecp/species/1277,Endangered,,11-24-1993
beach layia,Layia carnosa,https://ecos.fws.gov/ecp/species/6728,Threatened,Wherever found,06-22-1992
bearded Seal,Erignathus barbatus nauticus,https://ecos.fws.gov/ecp/species/9381,Threatened,Beringia DPS - See 50 CFR 223.102,02-26-2013
bearded Seal,Erignathus barbatus nauticus,https://ecos.fws.gov/ecp/species/9381,Threatened,Okhotsk DPS - See 50 CFR 223.102,02-26-2013
beardless chinchweed,Pectis imberbis,https://ecos.fws.gov/ecp/species/1348,Endangered,Wherever found,07-15-2021
Bear Valley sandwort,Arenaria ursina,https://ecos.fws.gov/ecp/species/7317,Threatened,Wherever found,10-14-1998
Beautiful goetzea,Goetzea elegans,https://ecos.fws.gov/ecp/species/6453,Endangered,Wherever found,04-19-1985
Beautiful pawpaw,Deeringothamnus pulchellus,https://ecos.fws.gov/ecp/species/4069,Endangered,,09-26-1986
Beautiful shiner,Cyprinella formosa,https://ecos.fws.gov/ecp/species/7874,Threatened,Wherever found,08-31-1984
Beaver (Mongolian),Castor fiber birulai,https://ecos.fws.gov/ecp/species/5722,Endangered,Wherever found,06-14-1976
Bee Creek Cave harvestman,Texella reddelli,https://ecos.fws.gov/ecp/species/2464,Endangered,Wherever found,09-16-1988
Behren's silverspot butterfly,Speyeria zerene behrensii,https://ecos.fws.gov/ecp/species/900,Endangered,Wherever found,12-05-1997
Beluga sturgeon,Huso huso,https://ecos.fws.gov/ecp/species/5279,Threatened,Wherever found,04-21-2004
beluga whale,Delphinapterus leucas,https://ecos.fws.gov/ecp/species/9158,Endangered,Cook Inlet DPS See 50 CFR 224.101,04-13-2011
Ben Lomond spineflower,Chorizanthe pungens var. hartwegiana,https://ecos.fws.gov/ecp/species/7498,Endangered,Wherever found,02-04-1994
Ben Lomond wallflower,Erysimum teretifolium,https://ecos.fws.gov/ecp/species/7429,Endangered,Wherever found,02-04-1994
Benton County cave crayfish,Cambarus aculabrum,https://ecos.fws.gov/ecp/species/5011,Endangered,Wherever found,04-27-1993
Berenghenas halomtano,Solanum guamense,https://ecos.fws.gov/ecp/species/9761,Endangered,Wherever found,11-02-2015
Bermuda petrel,Pterodroma cahow,https://ecos.fws.gov/ecp/species/3507,Endangered,Wherever found,06-02-1970
Big Bend gambusia,Gambusia gaigei,https://ecos.fws.gov/ecp/species/6634,Endangered,Wherever found,03-11-1967
Big Creek Crayfish,Faxonius peruncus,https://ecos.fws.gov/ecp/species/10759,Threatened,,05-30-2023
big-leaved crownbeard,Verbesina dissita,https://ecos.fws.gov/ecp/species/8049,Threatened,Wherever found,10-07-1996
Big Pine partridge pea,Chamaecrista lineata keyensis,https://ecos.fws.gov/ecp/species/8416,Endangered,,10-31-2016
Big Sandy crayfish,Cambarus callainus,https://ecos.fws.gov/ecp/species/8285,Threatened,Wherever found,05-09-2016
Big Spring spinedace,Lepidomeda mollispinis pratensis,https://ecos.fws.gov/ecp/species/5397,Threatened,Wherever found,03-28-1985
Birdwing pearlymussel,Lemiox rimosus,https://ecos.fws.gov/ecp/species/6636,Endangered,Wherever found; Except where listed as Experimental Populations,06-14-1976
Birdwing pearlymussel,Lemiox rimosus,https://ecos.fws.gov/ecp/species/6636,"Experimental Population, Non-Essential",U.S.A. (TN - specified portions of the French Broad and Holston Rivers; see 17.85(b)(1)),10-15-2007
Birdwing pearlymussel,Lemiox rimosus,https://ecos.fws.gov/ecp/species/6636,"Experimental Population, Non-Essential","U.S.A. (AL;The free-flowing reach of the Tennessee R. from the base of Wilson Dam downstream to the backwaters of Pickwick Reservoir [about 12 RM (19 km)] and the lower 5 RM [8 km] of all tributaries to this reach in Colbert and Lauderdale Cos., see 17.85(a))",06-14-2001
Black Abalone,Haliotis cracherodii,https://ecos.fws.gov/ecp/species/9013,Endangered,Wherever found,04-13-2011
black-breasted puffleg,Eriocnemis nigrivestis,https://ecos.fws.gov/ecp/species/8971,Endangered,Wherever found,08-26-2010
Blackburn's sphinx moth,Manduca blackburni,https://ecos.fws.gov/ecp/species/4528,Endangered,Wherever found,02-01-2000
Black caiman,Melanosuchus niger,https://ecos.fws.gov/ecp/species/8486,Endangered,Wherever found,06-14-1976
Black-capped Petrel,Pterodroma hasitata,https://ecos.fws.gov/ecp/species/4748,Endangered,Wherever found,01-29-2024
Blackchin guitarfish,Rhinobatos cemiculus,https://ecos.fws.gov/ecp/species/10791,Threatened,,
Black clubshell,Pleurobema curtum,https://ecos.fws.gov/ecp/species/5429,Endangered,Wherever found,04-07-1987
Black colobus monkey,Colobus satanas,https://ecos.fws.gov/ecp/species/7392,Endangered,Wherever found,10-19-1976
Black-faced impala,Aepyceros melampus petersi,https://ecos.fws.gov/ecp/species/155,Endangered,Wherever found,06-02-1970
Black-footed cat,Felis nigripes,https://ecos.fws.gov/ecp/species/3239,Endangered,Wherever found,06-14-1976
Black-footed ferret,Mustela nigripes,https://ecos.fws.gov/ecp/species/6953,"Experimental Population, Non-Essential",[Northcentral Montana Reintroduction Area NEP] - U.S.A. (parts of MT),08-18-1994
Black-footed ferret,Mustela nigripes,https://ecos.fws.gov/ecp/species/6953,Endangered,"Wherever found, except where listed as an experimental population",03-11-1967
Black-footed ferret,Mustela nigripes,https://ecos.fws.gov/ecp/species/6953,"Experimental Population, Non-Essential",Wyoming Experimental Population Area - U.S.A. (most of WY),10-30-2015
Black-footed ferret,Mustela nigripes,https://ecos.fws.gov/ecp/species/6953,"Experimental Population, Non-Essential","Northwestern Colorado/Northeastern Utah Experimental Population Area - U.S.A. (parts of CO, UT)",10-01-1998
Black-footed ferret,Mustela nigripes,https://ecos.fws.gov/ecp/species/6953,"Experimental Population, Non-Essential",Cheyenne River Sioux Tribe Reintroduction Area - U.S.A. (parts of SD),10-13-2000
Black-footed ferret,Mustela nigripes,https://ecos.fws.gov/ecp/species/6953,"Experimental Population, Non-Essential",Rosebud Sioux Reservation Experimental Population Area - U.S.A. (parts of SD),05-16-2003
Black-footed ferret,Mustela nigripes,https://ecos.fws.gov/ecp/species/6953,"Experimental Population, Non-Essential","Southwest Experimental Population Area - U.S.A. (parts of AZ, NM, UT)",03-20-1996
Black-footed ferret,Mustela nigripes,https://ecos.fws.gov/ecp/species/6953,"Experimental Population, Non-Essential",[Conata Basin/Badlands Reintroduction Area NEP] - U.S.A. (parts of SD),08-18-1994
Black-footed ferret,Mustela nigripes,https://ecos.fws.gov/ecp/species/6953,"Experimental Population, Non-Essential",[Shirley Basin/Medicine Bow Management Area NEP] - U.S.A. (parts of WY),08-21-1991
Black-fronted piping-guan,Pipile jacutinga,https://ecos.fws.gov/ecp/species/8357,Endangered,Wherever found,06-14-1976
Black hooded (black-headed) antwren,Formicivora erythronotos,https://ecos.fws.gov/ecp/species/4499,Endangered,Wherever found,01-27-2011
Black howler monkey,Alouatta pigra,https://ecos.fws.gov/ecp/species/3493,Threatened,Wherever found,10-19-1976
Black lace cactus,Echinocereus reichenbachii var. albertii,https://ecos.fws.gov/ecp/species/5560,Endangered,Wherever found,11-28-1979
Blackline Hawaiian damselfly,Megalagrion nigrohamatum nigrolineatum,https://ecos.fws.gov/ecp/species/6650,Endangered,Wherever found,10-18-2012
Black-necked Crane,Grus nigricollis,https://ecos.fws.gov/ecp/species/3234,Endangered,Wherever found,06-14-1976
Black pinesnake,Pituophis melanoleucus lodingi,https://ecos.fws.gov/ecp/species/452,Threatened,Wherever found,11-05-2015
Black rhinoceros,Diceros bicornis,https://ecos.fws.gov/ecp/species/1234,Endangered,Sub-Saharan Africa,07-14-1980
Blackside dace,Phoxinus cumberlandensis,https://ecos.fws.gov/ecp/species/4775,Threatened,Wherever found,06-12-1987
Black softshell turtle,Trionyx nigricans,https://ecos.fws.gov/ecp/species/4479,Endangered,Wherever found,06-14-1976
Black spored quillwort,Isoetes melanospora,https://ecos.fws.gov/ecp/species/6315,Endangered,Wherever found,02-05-1988
Black Stilt,Himantopus novaezelandiae,https://ecos.fws.gov/ecp/species/3928,Endangered,Wherever found,01-16-2008
Black warrior (=Sipsey Fork) Waterdog,Necturus alabamensis,https://ecos.fws.gov/ecp/species/5426,Endangered,Wherever found,02-02-2018
Bliss Rapids snail,Taylorconcha serpenticola,https://ecos.fws.gov/ecp/species/4780,Threatened,Wherever found,12-14-1992
Blodgett's silverbush,Argythamnia blodgettii,https://ecos.fws.gov/ecp/species/6823,Threatened,,10-31-2016
Blowout penstemon,Penstemon haydenii,https://ecos.fws.gov/ecp/species/6172,Endangered,Wherever found,09-01-1987
Blue-billed curassow,Crax alberti,https://ecos.fws.gov/ecp/species/5271,Endangered,Wherever found,11-29-2013
bluemask darter,Etheostoma akatulo,https://ecos.fws.gov/ecp/species/3969,Endangered,Wherever found,12-27-1993
Blue Ridge goldenrod,Solidago spithamaea,https://ecos.fws.gov/ecp/species/5821,Threatened,Wherever found,03-28-1985
Blue shiner,Cyprinella caerulea,https://ecos.fws.gov/ecp/species/463,Threatened,Wherever found,04-22-1992
blue-tailed mole skink,Eumeces egregius lividus,https://ecos.fws.gov/ecp/species/2203,Threatened,Wherever found,11-06-1987
Blue-throated macaw,Ara glaucogularis,https://ecos.fws.gov/ecp/species/5115,Endangered,Wherever found,10-03-2013
Blue-throated (=ochre-marked) parakeet,Pyrrhura cruentata,https://ecos.fws.gov/ecp/species/1628,Endangered,Wherever found,06-02-1970
Blue whale,Balaenoptera musculus,https://ecos.fws.gov/ecp/species/2192,Endangered,Wherever found,06-02-1970
Blunt-nosed leopard lizard,Gambelia silus,https://ecos.fws.gov/ecp/species/625,Endangered,Wherever found,03-11-1967
Blyth's tragopan pheasant,Tragopan blythii,https://ecos.fws.gov/ecp/species/1503,Endangered,Wherever found,06-02-1970
Bocaccio,Sebastes paucispinis,https://ecos.fws.gov/ecp/species/9156,Endangered,Puget Sound-Georgia Basin DPS See 50 CFR 224.101,04-13-2011
bog buck moth,Hemileuca maia menyanthevora (=H. iroquois),https://ecos.fws.gov/ecp/species/8023,Endangered,Wherever found,04-14-2023
bog turtle,Glyptemys muhlenbergii,https://ecos.fws.gov/ecp/species/6962,Threatened,"Wherever found, except GA, NC, SC, TN, VA",11-04-1997
bog turtle,Glyptemys muhlenbergii,https://ecos.fws.gov/ecp/species/6962,Similarity of Appearance (Threatened),"U.S.A. (GA, NC, SC, TN, VA)",11-04-1997
Bolivian short-tailed chinchilla,Chinchilla chinchilla boliviana,https://ecos.fws.gov/ecp/species/4969,Endangered,Wherever found,06-14-1976
Bolson tortoise,Gopherus flavomarginatus,https://ecos.fws.gov/ecp/species/6603,Endangered,Wherever found,05-17-1979
Bone Cave harvestman,Texella reyesi,https://ecos.fws.gov/ecp/species/5306,Endangered,Wherever found,09-16-1988
Bontebok,Damaliscus pygarus (=dorcas) dorcas,https://ecos.fws.gov/ecp/species/7272,Endangered,Wherever found,06-14-1976
Bonytail,Gila elegans,https://ecos.fws.gov/ecp/species/1377,Endangered,Wherever found,04-23-1980
Boulder darter,Etheostoma wapiti,https://ecos.fws.gov/ecp/species/5398,Endangered,Wherever found,09-01-1988
Boulder darter,Etheostoma wapiti,https://ecos.fws.gov/ecp/species/5398,"Experimental Population, Non-Essential","Shoal Creek (from Shoal Creek mile 41.7 (66.7 km)) at the mouth of Long Branch, Lawrence County, TN, downstream to the backwaters of Wilson Reservoir (Shoal Creek mile 14 (22 km)) at Goose Shoals, Lauderdale County, AL, including the lower 5 miles (8 km) of all tributaries that enter this reach.",09-01-1988
Boulder star coral,Orbicella franksi,https://ecos.fws.gov/ecp/species/9963,Threatened,Wherever found,11-13-2014
Bowhead whale,Balaena mysticetus,https://ecos.fws.gov/ecp/species/4615,Endangered,Wherever found,06-02-1970
Bracted twistflower,Streptanthus bracteatus,https://ecos.fws.gov/ecp/species/2856,Threatened,Wherever found,05-11-2023
Brady pincushion cactus,Pediocactus bradyi,https://ecos.fws.gov/ecp/species/6292,Endangered,Wherever found,11-26-1979
Braun's rock-cress,Arabis perstellata,https://ecos.fws.gov/ecp/species/4704,Endangered,Wherever found,01-03-1995
Braunton's milk-vetch,Astragalus brauntonii,https://ecos.fws.gov/ecp/species/5674,Endangered,Wherever found,01-29-1997
Brazilian guitarfish,Rhinobatos horkelii,https://ecos.fws.gov/ecp/species/10793,Endangered,,
Brazilian sideneck turtle,Phrynops hogei,https://ecos.fws.gov/ecp/species/5733,Endangered,Wherever found,09-30-1991
Brazilian three-toed sloth,Bradypus torquatus,https://ecos.fws.gov/ecp/species/4966,Endangered,Wherever found,06-02-1970
Brazillian merganser,Mergus octosetaceus,https://ecos.fws.gov/ecp/species/607,Endangered,Wherever found,01-27-2011
Brindled nail-tailed wallaby,Onychogalea fraenata,https://ecos.fws.gov/ecp/species/7721,Endangered,Wherever found,12-02-1970
Britton's beargrass,Nolina brittoniana,https://ecos.fws.gov/ecp/species/4460,Endangered,,04-27-1993
Broad-snouted caiman,Caiman latirostris,https://ecos.fws.gov/ecp/species/6200,Threatened,Argentina DPS,06-14-1976
Broad-snouted caiman,Caiman latirostris,https://ecos.fws.gov/ecp/species/6200,Endangered,"Bolivia, Brazil, Paraguay, and Uruguay",06-14-1976
Brooksville bellflower,Campanula robinsiae,https://ecos.fws.gov/ecp/species/5809,Endangered,,07-27-1989
Brother's Island tuatara,Sphenodon guntheri,https://ecos.fws.gov/ecp/species/7250,Endangered,Wherever found,06-02-1970
Brown-banded antpitta,Grallaria milleri,https://ecos.fws.gov/ecp/species/4468,Endangered,Wherever found,11-29-2013
Brown bear,Ursus arctos arctos,https://ecos.fws.gov/ecp/species/4968,Endangered,Italy,06-14-1976
Brown bear,Ursus arctos pruinosus,https://ecos.fws.gov/ecp/species/17,Endangered,Wherever found,06-14-1976
Brown Caiman,Caiman crocodilus fuscus (includes Caiman crocodilus chiapasius),https://ecos.fws.gov/ecp/species/4623,Similarity of Appearance (Threatened),Wherever found,05-04-2000
Brown eared pheasant,Crossoptilon mantchuricum,https://ecos.fws.gov/ecp/species/1629,Endangered,Wherever found,06-02-1970
Brown Hyena,Parahyaena (=Hyaena) brunnea,https://ecos.fws.gov/ecp/species/2055,Endangered,Wherever found,06-02-1970
Bruneau Hot springsnail,Pyrgulopsis bruneauensis,https://ecos.fws.gov/ecp/species/6218,Endangered,Wherever found,01-25-1993
Brush-tailed rat-kangaroo,Bettongia penicillata,https://ecos.fws.gov/ecp/species/5516,Endangered,Wherever found,12-02-1970
Buena Vista Lake shrew,Sorex ornatus relictus,https://ecos.fws.gov/ecp/species/1610,Endangered,Wherever found,03-06-2002
Buff-headed marmoset,Callithrix flaviceps,https://ecos.fws.gov/ecp/species/7398,Endangered,Wherever found,01-23-1984
Bull Trout,Salvelinus confluentus,https://ecos.fws.gov/ecp/species/8212,Threatened,"U.S.A., coterminous, (lower 48 states)",06-10-1998
Bull Trout,Salvelinus confluentus,https://ecos.fws.gov/ecp/species/8212,"Experimental Population, Non-Essential","Clackamas River subbasin and the mainstem Willamette River, from Willamette Falls to its points of confluence with the Columbia River, including Multnomah Channel",12-09-2009
Bulmer's fruit bat (=flying fox),Aproteles bulmerae,https://ecos.fws.gov/ecp/species/24,Endangered,Wherever found,01-23-1984
Bumblebee bat,Craseonycteris thonglongyai,https://ecos.fws.gov/ecp/species/2986,Endangered,Wherever found,01-23-1984
Bunched arrowhead,Sagittaria fasciculata,https://ecos.fws.gov/ecp/species/1720,Endangered,Wherever found,08-31-1979
Bunched cory cactus,Coryphantha ramillosa,https://ecos.fws.gov/ecp/species/5810,Threatened,Wherever found,12-06-1979
Burke's goldfields,Lasthenia burkei,https://ecos.fws.gov/ecp/species/4338,Endangered,Wherever found,12-02-1991
Burmese peacock turtle,Morenia ocellata,https://ecos.fws.gov/ecp/species/7275,Endangered,Wherever found,06-14-1976
Butte County meadowfoam,Limnanthes floccosa ssp. californica,https://ecos.fws.gov/ecp/species/4223,Endangered,Wherever found,06-08-1992
Cabot's tragopan pheasant,Tragopan caboti,https://ecos.fws.gov/ecp/species/6970,Endangered,Wherever found,06-02-1970
Cabrera's hutia,Capromys angelcabrerai,https://ecos.fws.gov/ecp/species/6048,Endangered,Wherever found,05-16-1986
Cactus ferruginous pygmy-owl,Glaucidium brasilianum cactorum,https://ecos.fws.gov/ecp/species/1225,Threatened,Wherever found,08-21-2023
Caerulean Paradise flycatcher,Eutrichomyias rowleyi,https://ecos.fws.gov/ecp/species/438,Endangered,Wherever found,01-16-2008
Cahaba shiner,Notropis cahabae,https://ecos.fws.gov/ecp/species/650,Endangered,Wherever found,10-25-1990
Calamianes (=Philippine) deer,Axis porcinus calamianensis,https://ecos.fws.gov/ecp/species/1825,Endangered,Wherever found,06-14-1976
California condor,Gymnogyps californianus,https://ecos.fws.gov/ecp/species/8193,"Experimental Population, Non-Essential","U.S.A. (Oregon, and specific portions of northern California and northwest Nevada)",05-05-2019
California condor,Gymnogyps californianus,https://ecos.fws.gov/ecp/species/8193,Endangered,"Wherever found, except where listed as an experimental population",03-11-1967
California condor,Gymnogyps californianus,https://ecos.fws.gov/ecp/species/8193,"Experimental Population, Non-Essential","U.S.A. (specific portions of Arizona, Nevada, and Utah)-see 17.84(j)",10-16-1996
California freshwater shrimp,Syncaris pacifica,https://ecos.fws.gov/ecp/species/7903,Endangered,Wherever found,10-31-1988
California jewelflower,Caulanthus californicus,https://ecos.fws.gov/ecp/species/4599,Endangered,Wherever found,07-19-1990
California least tern,Sternula antillarum browni,https://ecos.fws.gov/ecp/species/8104,Endangered,Wherever found,06-02-1970
California Orcutt grass,Orcuttia californica,https://ecos.fws.gov/ecp/species/4923,Endangered,Wherever found,08-03-1993
California red-legged frog,Rana draytonii,https://ecos.fws.gov/ecp/species/2891,Threatened,Wherever found,05-23-1996
California Ridgway's rail,Rallus obsoletus obsoletus,https://ecos.fws.gov/ecp/species/4240,Endangered,Wherever found,10-13-1970
California seablite,Suaeda californica,https://ecos.fws.gov/ecp/species/6310,Endangered,,12-15-1994
California taraxacum,Taraxacum californicum,https://ecos.fws.gov/ecp/species/7421,Endangered,Wherever found,10-14-1998
California tiger Salamander,Ambystoma californiense,https://ecos.fws.gov/ecp/species/2076,Threatened,U.S.A. (CA - Central California),08-04-2004
California tiger Salamander,Ambystoma californiense,https://ecos.fws.gov/ecp/species/2076,Endangered,U.S.A. (CA - Santa Barbara County),01-19-2000
California tiger Salamander,Ambystoma californiense,https://ecos.fws.gov/ecp/species/2076,Endangered,U.S.A. (CA - Sonoma County),07-22-2002
Calistoga allocarya,Plagiobothrys strictus,https://ecos.fws.gov/ecp/species/6161,Endangered,Wherever found,10-22-1997
Callippe silverspot butterfly,Speyeria callippe callippe,https://ecos.fws.gov/ecp/species/3779,Endangered,Wherever found,12-05-1997
Cameroon clawless otter,Aonyx congicus (=congica) microdon,https://ecos.fws.gov/ecp/species/4489,Endangered,Wherever found,06-02-1970
Cameroon toad,Bufo superciliaris,https://ecos.fws.gov/ecp/species/7632,Endangered,Wherever found,06-14-1976
Campbell Island flightless teal,Anas aucklandica nesiotis,https://ecos.fws.gov/ecp/species/2049,Endangered,Wherever found,06-14-1976
Canada Lynx,Lynx canadensis,https://ecos.fws.gov/ecp/species/3652,Threatened,Wherever Found in Contiguous U.S.,03-24-2000
Canarian black oystercatcher,Haematopus meadewaldoi,https://ecos.fws.gov/ecp/species/35,Endangered,Wherever found,01-12-1995
Canby's dropwort,Oxypolis canbyi,https://ecos.fws.gov/ecp/species/7738,Endangered,Wherever found,02-25-1986
Candy darter,Etheostoma osburni,https://ecos.fws.gov/ecp/species/1396,Endangered,Wherever found,12-21-2018
Canelo Hills ladies'-tresses,Spiranthes delitescens,https://ecos.fws.gov/ecp/species/8098,Endangered,Wherever found,01-06-1997
Canoe Creek Clubshell,Pleurobema athearni,https://ecos.fws.gov/ecp/species/4693,Endangered,Wherever found,08-05-2022
Cantabrian capercaillie,Tetrao urogallus cantabricus,https://ecos.fws.gov/ecp/species/6959,Endangered,Wherever found,09-12-2011
Capa rosa,Callicarpa ampla,https://ecos.fws.gov/ecp/species/596,Endangered,Wherever found,04-22-1992
Cape Fear shiner,Notropis mekistocholas,https://ecos.fws.gov/ecp/species/6063,Endangered,Wherever found,09-25-1987
Cape Mountain zebra,Equus zebra ssp. zebra,https://ecos.fws.gov/ecp/species/10539,Endangered,,
Cape Sable seaside sparrow,Ammospiza maritima mirabilis,https://ecos.fws.gov/ecp/species/6584,Endangered,Wherever found,03-11-1967
Cape Sable Thoroughwort,Chromolaena frustrata,https://ecos.fws.gov/ecp/species/4733,Endangered,,11-25-2013
Capped Langur,Trachypithecus (=Presbytis) pileatus,https://ecos.fws.gov/ecp/species/3946,Endangered,Wherever found,06-14-1976
Carolina heelsplitter,Lasmigona decorata,https://ecos.fws.gov/ecp/species/3534,Endangered,Wherever found,06-30-1993
Carolina madtom,Noturus furiosus,https://ecos.fws.gov/ecp/species/528,Endangered,Wherever found,07-09-2021
Carolina northern flying squirrel,Glaucomys sabrinus coloratus,https://ecos.fws.gov/ecp/species/2657,Endangered,Wherever found,07-01-1985
Carson wandering skipper,Pseudocopaeodes eunus obscurus,https://ecos.fws.gov/ecp/species/674,Endangered,Wherever found,11-29-2001
Carter's mustard,Warea carteri,https://ecos.fws.gov/ecp/species/5583,Endangered,,01-21-1987
Carter's panicgrass,Panicum fauriei var. carteri,https://ecos.fws.gov/ecp/species/5578,Endangered,Wherever found,10-12-1983
Carter's small-flowered flax,Linum carteri carteri,https://ecos.fws.gov/ecp/species/7208,Endangered,,10-06-2014
Casey's June Beetle,Dinacoma caseyi,https://ecos.fws.gov/ecp/species/4897,Endangered,Wherever found,10-24-2011
Cassius Blue Butterfly,Leptotes cassius theonus,https://ecos.fws.gov/ecp/species/9191,Similarity of Appearance (Threatened),Wherever found,04-06-2012
Catalina Island mountain-mahogany,Cercocarpus traskiae,https://ecos.fws.gov/ecp/species/5671,Endangered,Wherever found,08-08-1997
Cat Island turtle,Trachemys terrapen,https://ecos.fws.gov/ecp/species/6995,Endangered,Cat Island in the Bahamas,09-30-1991
Cauca guan,Penelope perspicax,https://ecos.fws.gov/ecp/species/6196,Endangered,Wherever found,11-29-2013
Cayman Brac ground iguana,Cyclura nubila caymanensis,https://ecos.fws.gov/ecp/species/5730,Threatened,Wherever found,06-22-1983
Cebello halumtano,Bulbophyllum guamense,https://ecos.fws.gov/ecp/species/9753,Threatened,Wherever found,11-02-2015
Cebu black shama (thrush),Copsychus niger cebuensis,https://ecos.fws.gov/ecp/species/2970,Endangered,Wherever found,06-02-1970
Cedros Island mule Deer,Odocoileus hemionus cerrosensis,https://ecos.fws.gov/ecp/species/1480,Endangered,Wherever found,10-28-1975
Central American river turtle,Dermatemys mawii,https://ecos.fws.gov/ecp/species/3526,Endangered,Wherever found,06-22-1983
Central American tapir,Tapirus bairdii,https://ecos.fws.gov/ecp/species/4051,Endangered,Wherever found,06-02-1970
Ceraunus Blue Butterfly,Hemiargus ceraunus antibubastus,https://ecos.fws.gov/ecp/species/9192,Similarity of Appearance (Threatened),Wherever found,04-06-2012
Ceylon mugger crocodile,Crocodylus palustris kimbula,https://ecos.fws.gov/ecp/species/2887,Endangered,Wherever found,06-14-1976
Chambered nautilus,Nautilus pompilius,https://ecos.fws.gov/ecp/species/10805,Threatened,,
Chapman rhododendron,Rhododendron chapmanii,https://ecos.fws.gov/ecp/species/3168,Endangered,,05-23-1979
Chatham Island petrel,Pterodroma axillaris,https://ecos.fws.gov/ecp/species/3866,Endangered,Wherever found,09-14-2009
Chatham Island pigeon,Hemiphaga novaeseelandiae chathamensis,https://ecos.fws.gov/ecp/species/630,Endangered,Wherever found,06-02-1970
Chatham Island robin,Petroica traversi,https://ecos.fws.gov/ecp/species/6971,Endangered,Wherever found,06-02-1970
Cheat Mountain salamander,Plethodon nettingi,https://ecos.fws.gov/ecp/species/6057,Threatened,Wherever found,08-18-1989
Cheer pheasant,Catreus wallichii,https://ecos.fws.gov/ecp/species/5269,Endangered,Wherever found,09-28-1990
Cheetah,Acinonyx jubatus,https://ecos.fws.gov/ecp/species/5719,Endangered,Wherever found,06-02-1970
Cherokee darter,Etheostoma scotti,https://ecos.fws.gov/ecp/species/2553,Threatened,Wherever found,12-20-1994
Cherry-throated tanager,Nemosia rourei,https://ecos.fws.gov/ecp/species/4477,Endangered,Wherever found,01-27-2011
Chihuahua chub,Gila nigrescens,https://ecos.fws.gov/ecp/species/7156,Threatened,Wherever found,10-11-1983
Chilean false larch,Fitzroya cupressoides,https://ecos.fws.gov/ecp/species/6706,Threatened,Wherever found,12-07-1979
Chilean woodstar,Eulidia yarrellii,https://ecos.fws.gov/ecp/species/1237,Endangered,Wherever found,09-16-2010
Chiltan (=wild goat) markhor,Capra falconeri (=aegragrus) chiltanensis,https://ecos.fws.gov/ecp/species/5518,Endangered,Wherever found,06-14-1976
Chimpanzee,Pan troglodytes,https://ecos.fws.gov/ecp/species/4247,Endangered,Wherever found,09-14-2015
Chinese alligator,Alligator sinensis,https://ecos.fws.gov/ecp/species/6602,Endangered,Wherever found,06-14-1976
Chinese Camp brodiaea,Brodiaea pallida,https://ecos.fws.gov/ecp/species/8290,Threatened,Wherever found,10-14-1998
Chinese egret,Egretta eulophotes,https://ecos.fws.gov/ecp/species/8354,Endangered,Wherever found,06-02-1970
Chinese giant salamander,Andrias davidianus (=davidianus d.),https://ecos.fws.gov/ecp/species/3957,Endangered,Wherever found,06-14-1976
Chinese monal pheasant,Lophophorus lhuysii,https://ecos.fws.gov/ecp/species/4962,Endangered,Wherever found,06-02-1970
Chinese River Dolphin,Lipotes vexillifer,https://ecos.fws.gov/ecp/species/618,Endangered,Wherever found,05-30-1989
Chinese sturgeon,Acipenser sinensis,https://ecos.fws.gov/ecp/species/9749,Endangered,Wherever found,09-04-2014
Chinook salmon,Oncorhynchus (=Salmo) tshawytscha,https://ecos.fws.gov/ecp/species/8091,Endangered,Upper Columbia River spring-run ESU See 50 CFR 224.101,08-02-1999
Chinook salmon,Oncorhynchus (=Salmo) tshawytscha,https://ecos.fws.gov/ecp/species/8091,Threatened,Snake River fall-run ESU See 50 CFR 223.102,04-22-1992
Chinook salmon,Oncorhynchus (=Salmo) tshawytscha,https://ecos.fws.gov/ecp/species/8091,Endangered,Sacramento River winter-run ESU - See 50 CFR 224.101,04-06-1990
Chinook salmon,Oncorhynchus (=Salmo) tshawytscha,https://ecos.fws.gov/ecp/species/8091,Threatened,Snake River spring/summer-run ESU See 50 CFR 223.102,04-22-1992
Chinook salmon,Oncorhynchus (=Salmo) tshawytscha,https://ecos.fws.gov/ecp/species/8091,Threatened,Puget Sound ESU See 50 CFR 223.102,08-02-1999
Chinook salmon,Oncorhynchus (=Salmo) tshawytscha,https://ecos.fws.gov/ecp/species/8091,"Experimental Population, Non-Essential",Central Valley spring-run ESUXN Shasta - See 50 CFR 223.102,
Chinook salmon,Oncorhynchus (=Salmo) tshawytscha,https://ecos.fws.gov/ecp/species/8091,"Experimental Population, Non-Essential",Sacramento River winter-run ESUXN Shasta - See 50 CFR 223.102,
Chinook salmon,Oncorhynchus (=Salmo) tshawytscha,https://ecos.fws.gov/ecp/species/8091,"Experimental Population, Non-Essential",Central Valley spring-run ESUXN Yuba - See 50 CFR 223.102,
Chinook salmon,Oncorhynchus (=Salmo) tshawytscha,https://ecos.fws.gov/ecp/species/8091,Threatened,Central Valley spring-run ESU See 50 CFR 223.102,12-29-1999
Chinook salmon,Oncorhynchus (=Salmo) tshawytscha,https://ecos.fws.gov/ecp/species/8091,Threatened,Lower Columbia River ESU See 50 CFR 223.102,08-02-1999
Chinook salmon,Oncorhynchus (=Salmo) tshawytscha,https://ecos.fws.gov/ecp/species/8091,Threatened,California Coastal ESU - See 50 CFR 223.102,12-29-1999
Chinook salmon,Oncorhynchus (=Salmo) tshawytscha,https://ecos.fws.gov/ecp/species/8091,Threatened,Upper Willamette River ESU See 50 CFR 223.102,08-02-1999
Chipola slabshell,Elliptio chipolaensis,https://ecos.fws.gov/ecp/species/1775,Threatened,Wherever found,03-16-1998
Chiricahua leopard frog,Rana chiricahuensis,https://ecos.fws.gov/ecp/species/1516,Threatened,Wherever found,06-13-2002
Chisos Mountain hedgehog Cactus,Echinocereus chisoensis var. chisoensis,https://ecos.fws.gov/ecp/species/7777,Threatened,Wherever found,09-30-1988
Chittenango ovate amber snail,Novisuccinea chittenangoensis,https://ecos.fws.gov/ecp/species/1776,Threatened,Wherever found,08-02-1978
Choctaw bean,Obovaria choctawensis,https://ecos.fws.gov/ecp/species/5038,Endangered,Wherever found,10-10-2012
Choctawhatchee beach mouse,Peromyscus polionotus allophrys,https://ecos.fws.gov/ecp/species/3520,Endangered,Wherever found,06-06-1985
Chorro Creek bog thistle,Cirsium fontinale var. obispoense,https://ecos.fws.gov/ecp/species/5991,Endangered,Wherever found,12-15-1994
Christmas Island goshawk,Accipiter fasciatus natalis,https://ecos.fws.gov/ecp/species/4612,Endangered,Wherever found,06-02-1970
Chucky Madtom,Noturus crypticus,https://ecos.fws.gov/ecp/species/7735,Endangered,Wherever found,09-08-2011
Chum salmon,Oncorhynchus keta,https://ecos.fws.gov/ecp/species/8494,Threatened,Hood Canal summer-run ESU - See 50 CFR 223.102,08-02-1999
Chum salmon,Oncorhynchus keta,https://ecos.fws.gov/ecp/species/8494,Threatened,Columbia River ESU See 50 CFR 223.102,08-02-1999
Chupacallos,Pleodendron macranthum,https://ecos.fws.gov/ecp/species/2749,Endangered,Wherever found,11-25-1994
Chupadera springsnail,Pyrgulopsis chupaderae,https://ecos.fws.gov/ecp/species/6644,Endangered,Wherever found,08-13-2012
Cicek (minnow),Acanthorutilus handlirschi,https://ecos.fws.gov/ecp/species/2776,Endangered,Wherever found,06-02-1970
Clara Hunt's milk-vetch,Astragalus clarianus,https://ecos.fws.gov/ecp/species/3300,Endangered,Wherever found,10-22-1997
Clarke's weaver,Ploceus golandi,https://ecos.fws.gov/ecp/species/1507,Endangered,Wherever found,01-12-1995
Clark's gazelle,Ammodorcas clarkei,https://ecos.fws.gov/ecp/species/1635,Endangered,Wherever found,06-02-1970
Clay-Loving wild buckwheat,Eriogonum pelinophilum,https://ecos.fws.gov/ecp/species/3348,Endangered,Wherever found,07-13-1984
Clay phacelia,Phacelia argillacea,https://ecos.fws.gov/ecp/species/8452,Endangered,Wherever found,10-29-1978
Clay reed-mustard,Schoenocrambe argillacea,https://ecos.fws.gov/ecp/species/8189,Threatened,Wherever found,01-14-1992
Clay's hibiscus,Hibiscus clayi,https://ecos.fws.gov/ecp/species/4280,Endangered,Wherever found,02-25-1994
Clear Creek gambusia,Gambusia heterochir,https://ecos.fws.gov/ecp/species/1647,Endangered,Wherever found,03-11-1967
Clouded leopard,Neofelis nebulosa,https://ecos.fws.gov/ecp/species/4082,Endangered,Wherever found,06-02-1970
Cloven-feathered dove,Drepanoptila holosericea,https://ecos.fws.gov/ecp/species/7816,Endangered,Wherever found,06-02-1970
clover lupine,Lupinus tidestromii,https://ecos.fws.gov/ecp/species/4459,Endangered,Wherever found,06-22-1992
Clover Valley speckled dace,Rhinichthys osculus oligoporus,https://ecos.fws.gov/ecp/species/318,Endangered,Wherever found,10-10-1989
Clubshell,Pleurobema clava,https://ecos.fws.gov/ecp/species/3789,"Experimental Population, Non-Essential","U.S.A. (AL;The free-flowing reach of the Tennessee R. from the base of Wilson Dam downstream to the backwaters of Pickwick Reservoir [about 12 RM (19 km)] and the lower 5 RM [8 km] of all tributaries to this reach in Colbert and Lauderdale Cos., see 17.85(a))",06-14-2001
Clubshell,Pleurobema clava,https://ecos.fws.gov/ecp/species/3789,Endangered,Wherever found; Except where listed as Experimental Populations,01-22-1993
Coachella Valley fringe-toed lizard,Uma inornata,https://ecos.fws.gov/ecp/species/2069,Threatened,Wherever found,09-25-1980
Coachella Valley milk-vetch,Astragalus lentiginosus var. coachellae,https://ecos.fws.gov/ecp/species/7426,Endangered,Wherever found,10-06-1998
Coastal California gnatcatcher,Polioptila californica californica,https://ecos.fws.gov/ecp/species/8178,Threatened,Wherever found,03-30-1993
Coastal dunes milk-vetch,Astragalus tener var. titi,https://ecos.fws.gov/ecp/species/7675,Endangered,Wherever found,08-12-1998
Cobana negra,Stahlia monosperma,https://ecos.fws.gov/ecp/species/2282,Threatened,Wherever found,04-05-1990
Cochise pincushion cactus,Coryphantha robbinsorum,https://ecos.fws.gov/ecp/species/7229,Threatened,Wherever found,01-09-1986
Cochito,Phocoena sinus,https://ecos.fws.gov/ecp/species/165,Endangered,Wherever found,01-09-1985
Coffin Cave mold beetle,Batrisodes texanus,https://ecos.fws.gov/ecp/species/6234,Endangered,Wherever found,09-16-1988
Coho salmon,Oncorhynchus (=Salmo) kisutch,https://ecos.fws.gov/ecp/species/8564,Threatened,Southern Oregon - Northern California Coast ESU - See 50 CFR 223.102,06-18-1997
Coho salmon,Oncorhynchus (=Salmo) kisutch,https://ecos.fws.gov/ecp/species/8564,Threatened,Lower Columbia River ESU - See 50 CFR 223.102,06-28-2005
Coho salmon,Oncorhynchus (=Salmo) kisutch,https://ecos.fws.gov/ecp/species/8564,Threatened,Oregon Coast ESU - See 50 CFR 223.102,04-13-2011
Coho salmon,Oncorhynchus (=Salmo) kisutch,https://ecos.fws.gov/ecp/species/8564,Endangered,Central California Coast ESU - See 50 CFR 224.101,11-20-1996
Cokendolpher Cave Harvestman,Texella cokendolpheri,https://ecos.fws.gov/ecp/species/676,Endangered,Wherever found,12-26-2000
Colorado pikeminnow,Ptychocheilus lucius,https://ecos.fws.gov/ecp/species/3531,"Experimental Population, Non-Essential","Salt and Verde R. drainages, AZ",07-24-1985
Colorado pikeminnow,Ptychocheilus lucius,https://ecos.fws.gov/ecp/species/3531,Endangered,"Wherever found, except where listed as an experimental population",03-11-1967
Columbian white-tailed deer,Odocoileus virginianus leucurus,https://ecos.fws.gov/ecp/species/154,Threatened,"Columbia River (Clark, Cowliz, Pacific, Skamania, and Wahkiakum Counties, WA., and Clatsop, Columbia, and Multnomah Counties, OR.)",03-11-1967
Colusa grass,Neostapfia colusana,https://ecos.fws.gov/ecp/species/5690,Threatened,Wherever found,03-26-1997
Comal Springs dryopid beetle,Stygoparnus comalensis,https://ecos.fws.gov/ecp/species/7175,Endangered,Wherever found,12-18-1997
Comal Springs riffle beetle,Heterelmis comalensis,https://ecos.fws.gov/ecp/species/3403,Endangered,Wherever found,12-18-1997
Comanche Springs pupfish,Cyprinodon elegans,https://ecos.fws.gov/ecp/species/7282,Endangered,Wherever found,03-11-1967
Common caiman,Caiman crocodilus crocodilus,https://ecos.fws.gov/ecp/species/2889,Similarity of Appearance (Threatened),Wherever found,05-04-2000
Common Guitarfish,Rhinobatos rhinobatos,https://ecos.fws.gov/ecp/species/10795,Threatened,,
Conasauga logperch,Percina jenkinsi,https://ecos.fws.gov/ecp/species/8472,Endangered,Wherever found,08-05-1985
Conejo dudleya,Dudleya abramsii ssp. parva,https://ecos.fws.gov/ecp/species/4871,Threatened,Wherever found,01-29-1997
Congo dwarf crocodile,Osteolaemus tetraspis osborni,https://ecos.fws.gov/ecp/species/2422,Endangered,Wherever found,06-14-1976
Conservancy fairy shrimp,Branchinecta conservatio,https://ecos.fws.gov/ecp/species/8246,Endangered,Wherever found,09-19-1994
Contra Costa goldfields,Lasthenia conjugens,https://ecos.fws.gov/ecp/species/7058,Endangered,Wherever found,06-18-1997
Contra Costa wallflower,Erysimum capitatum var. angustatum,https://ecos.fws.gov/ecp/species/7601,Endangered,Wherever found,05-27-1978
Cook's holly,Ilex cookii,https://ecos.fws.gov/ecp/species/3475,Endangered,Wherever found,06-16-1987
Cook's lomatium,Lomatium cookii,https://ecos.fws.gov/ecp/species/1583,Endangered,Wherever found,11-07-2002
Cooley's meadowrue,Thalictrum cooleyi,https://ecos.fws.gov/ecp/species/3281,Endangered,Wherever found,02-07-1989
Cooley's water-willow,Justicia cooleyi,https://ecos.fws.gov/ecp/species/4653,Endangered,,07-27-1989
Coosa moccasinshell,Medionidus parvulus,https://ecos.fws.gov/ecp/species/2575,Endangered,Wherever found,03-17-1993
Copperbelly water snake,Nerodia erythrogaster neglecta,https://ecos.fws.gov/ecp/species/7253,Threatened,"Indiana north of 40 degrees north latitude, Michigan, Ohio",01-29-1997
Corsican red deer,Cervus elaphus corsicanus,https://ecos.fws.gov/ecp/species/4089,Endangered,Wherever found,07-27-1979
Corsican swallowtail butterfly,Papilio hospiton,https://ecos.fws.gov/ecp/species/5062,Endangered,Wherever found,01-14-1993
Costa Rican jatropha,Jatropha costaricensis,https://ecos.fws.gov/ecp/species/5566,Endangered,Wherever found,07-27-1984
Costa Rican puma,Puma (=Felis) concolor costaricensis,https://ecos.fws.gov/ecp/species/4754,Endangered,Wherever found,06-14-1976
Cotton-top tamarin,Saguinus oedipus,https://ecos.fws.gov/ecp/species/8201,Endangered,Wherever found,10-19-1976
Coyote ceanothus,Ceanothus ferrisae,https://ecos.fws.gov/ecp/species/8440,Endangered,Wherever found,02-03-1995
Cracking pearlymussel,Hemistena lata,https://ecos.fws.gov/ecp/species/4130,"Experimental Population, Non-Essential",U.S.A. (TN - specified portions of the French Broad and Holston Rivers; see 17.85(b)(1)),10-15-2007
Cracking pearlymussel,Hemistena lata,https://ecos.fws.gov/ecp/species/4130,"Experimental Population, Non-Essential","U.S.A. (AL;The free-flowing reach of the Tennessee R. from the base of Wilson Dam downstream to the backwaters of Pickwick Reservoir [about 12 RM (19 km)] and the lower 5 RM [8 km] of all tributaries to this reach in Colbert and Lauderdale Cos., see 17.85(a))",06-14-2001
Cracking pearlymussel,Hemistena lata,https://ecos.fws.gov/ecp/species/4130,Endangered,Wherever found; Except where listed as Experimental Populations,09-28-1989
Crenulate lead-plant,Amorpha crenulata,https://ecos.fws.gov/ecp/species/6470,Endangered,,07-18-1985
Crescent nail-tailed wallaby,Onychogalea lunata,https://ecos.fws.gov/ecp/species/5272,Endangered,Wherever found,12-02-1970
Crested caracara (Audubon's) [FL DPS],Caracara plancus audubonii,https://ecos.fws.gov/ecp/species/8250,Threatened,U.S.A. (FL),07-06-1987
Crimson Hawaiian damselfly,Megalagrion leptodemas,https://ecos.fws.gov/ecp/species/5897,Endangered,Wherever found,10-18-2012
Cuatro Cienegas softshell turtle,Trionyx ater,https://ecos.fws.gov/ecp/species/3867,Endangered,Wherever found,06-14-1976
Cuba hook-billed kite,Chondrohierax uncinatus wilsonii,https://ecos.fws.gov/ecp/species/3233,Endangered,Wherever found,06-02-1970
Cuban crocodile,Crocodylus rhombifer,https://ecos.fws.gov/ecp/species/6765,Endangered,Wherever found,06-02-1970
Cuban ground iguana,Cyclura nubila nubila,https://ecos.fws.gov/ecp/species/4503,Threatened,Cuba (excludes U.S. Puerto Rico population),06-22-1983
Cuban solenodon,Solenodon cubanus,https://ecos.fws.gov/ecp/species/157,Endangered,Wherever found,06-02-1970
Cuba sandhill crane,Grus canadensis nesiotes,https://ecos.fws.gov/ecp/species/3072,Endangered,Wherever found,06-14-1976
Cui-ui,Chasmistes cujus,https://ecos.fws.gov/ecp/species/456,Endangered,Wherever found,03-11-1967
Culebra Island giant anole,Anolis roosevelti,https://ecos.fws.gov/ecp/species/7966,Endangered,Wherever found,08-22-1977
Cumberland bean (pearlymussel),Villosa trabalis,https://ecos.fws.gov/ecp/species/6061,"Experimental Population, Non-Essential",U.S.A. (TN - specified portions of the French Broad and Holston Rivers; see 17.85(b)(1)),10-15-2007
Cumberland bean (pearlymussel),Villosa trabalis,https://ecos.fws.gov/ecp/species/6061,"Experimental Population, Non-Essential","U.S.A. (AL;The free-flowing reach of the Tennessee R. from the base of Wilson Dam downstream to the backwaters of Pickwick Reservoir [about 12 RM (19 km)] and the lower 5 RM [8 km] of all tributaries to this reach in Colbert and Lauderdale Cos., see 17.85(a))",06-14-2001
Cumberland bean (pearlymussel),Villosa trabalis,https://ecos.fws.gov/ecp/species/6061,Endangered,Wherever found; Except where listed as Experimental Populations,06-14-1976
Cumberland darter,Etheostoma susanae,https://ecos.fws.gov/ecp/species/1011,Endangered,Wherever found,09-08-2011
Cumberland elktoe,Alasmidonta atropurpurea,https://ecos.fws.gov/ecp/species/1248,Endangered,Wherever found,01-10-1997
Cumberlandian combshell,Epioblasma brevidens,https://ecos.fws.gov/ecp/species/3119,Endangered,Wherever found; Except where listed as Experimental Populations,01-10-1997
Cumberlandian combshell,Epioblasma brevidens,https://ecos.fws.gov/ecp/species/3119,"Experimental Population, Non-Essential",U.S.A. (TN - specified portions of the French Broad and Holston Rivers; see 17.85(b)(1)),10-15-2007
Cumberlandian combshell,Epioblasma brevidens,https://ecos.fws.gov/ecp/species/3119,"Experimental Population, Non-Essential","U.S.A. (AL;The free-flowing reach of the Tennessee R. from the base of Wilson Dam downstream to the backwaters of Pickwick Reservoir [about 12 RM (19 km)] and the lower 5 RM [8 km] of all tributaries to this reach in Colbert and Lauderdale Cos., see 17.85(a))",06-14-2001
Cumberland monkeyface (pearlymussel),Theliderma intermedia,https://ecos.fws.gov/ecp/species/6999,"Experimental Population, Non-Essential","U.S.A. (AL;The free-flowing reach of the Tennessee R. from the base of Wilson Dam downstream to the backwaters of Pickwick Reservoir [about 12 RM (19 km)] and the lower 5 RM [8 km] of all tributaries to this reach in Colbert and Lauderdale Cos., see 17.85(a))",06-14-2001
Cumberland monkeyface (pearlymussel),Theliderma intermedia,https://ecos.fws.gov/ecp/species/6999,"Experimental Population, Non-Essential",U.S.A. (TN - specified portions of the French Broad and Holston Rivers; see 17.85(b)(1)),10-15-2007
Cumberland monkeyface (pearlymussel),Theliderma intermedia,https://ecos.fws.gov/ecp/species/6999,Endangered,Wherever found; Except where listed as Experimental Populations,06-14-1976
Cumberland pigtoe,Pleuronaia gibber,https://ecos.fws.gov/ecp/species/1981,Endangered,Wherever found,05-07-1991
Cumberland rosemary,Conradina verticillata,https://ecos.fws.gov/ecp/species/3677,Threatened,Wherever found,11-29-1991
Curtis Pearlymussel,Epioblasma curtisii,https://ecos.fws.gov/ecp/species/5628,Endangered,Wherever found,06-14-1976
Cushenbury buckwheat,Eriogonum ovalifolium var. vineum,https://ecos.fws.gov/ecp/species/6852,Endangered,Wherever found,08-24-1994
Cushenbury milk-vetch,Astragalus albens,https://ecos.fws.gov/ecp/species/8232,Endangered,Wherever found,08-24-1994
Cushenbury oxytheca,Oxytheca parishii var. goodmaniana,https://ecos.fws.gov/ecp/species/5225,Endangered,Wherever found,08-24-1994
Cylindrical lioplax (snail),Lioplax cyclostomaformis,https://ecos.fws.gov/ecp/species/2337,Endangered,Wherever found,10-28-1998
Daggernose Shark,Isogomphodon oxyrhynchus,https://ecos.fws.gov/ecp/species/10790,Endangered,,
Dakota Skipper,Hesperia dacotae,https://ecos.fws.gov/ecp/species/1028,Threatened,Wherever found,11-24-2014
Dama gazelle,Gazella dama,https://ecos.fws.gov/ecp/species/1232,Endangered,Wherever found,03-19-2014
Dappled mountain robin,Arcanator orostruthus,https://ecos.fws.gov/ecp/species/4964,Threatened,Wherever found,01-12-1995
Dark pigtoe,Pleurobema furvum,https://ecos.fws.gov/ecp/species/1519,Endangered,Wherever found,03-17-1993
Davis' green pitaya,Echinocereus viridiflorus var. davisii,https://ecos.fws.gov/ecp/species/3337,Endangered,Wherever found,12-08-1979
Day gecko,Phelsuma edwardnewtoni,https://ecos.fws.gov/ecp/species/1238,Endangered,Wherever found,06-02-1970
DeBeque phacelia,Phacelia submutica,https://ecos.fws.gov/ecp/species/4639,Threatened,Wherever found,08-26-2011
Decurrent false aster,Boltonia decurrens,https://ecos.fws.gov/ecp/species/7705,Threatened,Wherever found,11-14-1988
Delhi Sands flower-loving fly,Rhaphiomidas terminatus abdominalis,https://ecos.fws.gov/ecp/species/1540,Endangered,Wherever found,09-23-1993
Del Mar manzanita,Arctostaphylos glandulosa subsp. crassifolia,https://ecos.fws.gov/ecp/species/7673,Endangered,Wherever found,10-07-1996
Delta green ground beetle,Elaphrus viridis,https://ecos.fws.gov/ecp/species/2319,Threatened,Wherever found,08-08-1980
Delta smelt,Hypomesus transpacificus,https://ecos.fws.gov/ecp/species/321,Threatened,Wherever found,03-05-1993
Deltoid spurge,Chamaesyce deltoidea ssp. deltoidea,https://ecos.fws.gov/ecp/species/199,Endangered,,07-18-1985
Desert bandicoot,Perameles eremiana,https://ecos.fws.gov/ecp/species/3078,Endangered,Wherever found,06-04-1973
Desert dace,Eremichthys acros,https://ecos.fws.gov/ecp/species/7290,Threatened,Wherever found,03-11-1967
Desert monitor,Varanus griseus,https://ecos.fws.gov/ecp/species/4977,Endangered,Wherever found,06-14-1976
Desert (=plain) rat-kangaroo,Caloprymnus campestris,https://ecos.fws.gov/ecp/species/7240,Endangered,Wherever found,12-02-1970
Desert pupfish,Cyprinodon macularius,https://ecos.fws.gov/ecp/species/7003,Endangered,Wherever found,03-31-1986
Desert slender salamander,Batrachoseps aridus,https://ecos.fws.gov/ecp/species/7631,Endangered,Wherever found,06-04-1973
Desert tortoise,Gopherus agassizii,https://ecos.fws.gov/ecp/species/4481,Similarity of Appearance (Threatened),"AZ south and east of Colorado R., and Mexico, when found outside of Mexico or said range in AZ",04-02-1990
Desert tortoise,Gopherus agassizii,https://ecos.fws.gov/ecp/species/4481,Threatened,"Wherever found, except AZ south and east of Colorado R., and Mexico",04-02-1990
Desert yellowhead,Yermo xanthocephalus,https://ecos.fws.gov/ecp/species/7754,Threatened,Wherever found,03-14-2002
Devils Hole pupfish,Cyprinodon diabolis,https://ecos.fws.gov/ecp/species/7409,Endangered,Wherever found,03-11-1967
Devils River minnow,Dionda diaboli,https://ecos.fws.gov/ecp/species/7661,Threatened,Wherever found,10-20-1999
Dhole,Cuon alpinus,https://ecos.fws.gov/ecp/species/3075,Endangered,Wherever found,06-02-1970
Diamond Darter,Crystallaria cincotta,https://ecos.fws.gov/ecp/species/6921,Endangered,Wherever found,08-26-2013
Diamond Head schiedea,Schiedea adamantis,https://ecos.fws.gov/ecp/species/3608,Endangered,Wherever found,02-17-1984
Diamond Tryonia,Pseudotryonia adamantina,https://ecos.fws.gov/ecp/species/5401,Endangered,Wherever found,07-09-2013
Diana monkey,Cercopithecus diana,https://ecos.fws.gov/ecp/species/21,Endangered,Wherever found,10-19-1976
Dibbler,Antechinus apicalis,https://ecos.fws.gov/ecp/species/768,Endangered,Wherever found,12-02-1970
Diminutive Amphipod,Gammarus hyalleloides,https://ecos.fws.gov/ecp/species/224,Endangered,Wherever found,07-09-2013
Dixie Valley Toad,Anaxyrus williamsi,https://ecos.fws.gov/ecp/species/10635,Endangered,There is only one population that exists in Dixie Meadows wetlands. Churchill County Nevada,12-02-2022
Djibouti francolin,Francolinus ochropectus,https://ecos.fws.gov/ecp/species/4747,Endangered,Wherever found,01-12-1995
Dolphin and Union caribou,Rangifer tarandus groenlandicus x pearyi,https://ecos.fws.gov/ecp/species/9034,Endangered,Wherever found,01-12-2023
Douc langur,Pygathrix nemaeus,https://ecos.fws.gov/ecp/species/4244,Endangered,Wherever found,06-02-1970
Drill,Mandrillus (=Papio) leucophaeus,https://ecos.fws.gov/ecp/species/1125,Endangered,Wherever found,10-19-1976
Dromedary pearlymussel,Dromus dromas,https://ecos.fws.gov/ecp/species/6377,Endangered,Wherever found; Except where listed as Experimental Populations,06-14-1976
Dromedary pearlymussel,Dromus dromas,https://ecos.fws.gov/ecp/species/6377,"Experimental Population, Non-Essential","U.S.A. (AL;The free-flowing reach of the Tennessee R. from the base of Wilson Dam downstream to the backwaters of Pickwick Reservoir [about 12 RM (19 km)] and the lower 5 RM [8 km] of all tributaries to this reach in Colbert and Lauderdale Cos., see 17.85(a))",06-14-2001
Dromedary pearlymussel,Dromus dromas,https://ecos.fws.gov/ecp/species/6377,"Experimental Population, Non-Essential",U.S.A. (TN - specified portions of the French Broad and Holston Rivers; see 17.85(b)(1)),10-15-2007
Dudley Bluffs bladderpod,Lesquerella congesta,https://ecos.fws.gov/ecp/species/7751,Threatened,Wherever found,02-06-1990
Dudley Bluffs twinpod,Physaria obcordata,https://ecos.fws.gov/ecp/species/6701,Threatened,Wherever found,02-06-1990
Dugong,Dugong dugon,https://ecos.fws.gov/ecp/species/6186,Endangered,Wherever found,12-02-1970
dusky gopher frog,Rana sevosa,https://ecos.fws.gov/ecp/species/5600,Endangered,Wherever found,12-04-2001
Dusky sea snake,Aipysurus fuscus,https://ecos.fws.gov/ecp/species/10527,Endangered,,11-06-2015
Duskytail darter,Etheostoma percnurum,https://ecos.fws.gov/ecp/species/891,Endangered,Wherever found,04-27-1993
Duskytail darter,Etheostoma percnurum,https://ecos.fws.gov/ecp/species/891,"Experimental Population, Non-Essential",U.S.A. (TN - specified portions of the French Broad and Holston Rivers; see 17.84(q)(1)(ii)),10-15-2007
Duskytail darter,Etheostoma percnurum,https://ecos.fws.gov/ecp/species/891,"Experimental Population, Non-Essential","The Tellico River, between the backwaters of the Tellico Reservoir (approximately Tellico River mile 19 (30.4 kilometers) and Tellico River mile 33 (52.8 kilometers), near the Tellico Ranger Station, Monroe County, Tennessee.",08-12-2002
Dwarf Bear-poppy,Arctomecon humilis,https://ecos.fws.gov/ecp/species/5492,Endangered,Wherever found,12-06-1979
Dwarf hutia,Capromys nana,https://ecos.fws.gov/ecp/species/3649,Endangered,Wherever found,05-16-1986
Dwarf iliau,Wilkesia hobdyi,https://ecos.fws.gov/ecp/species/5565,Endangered,Wherever found,06-22-1992
Dwarf lake iris,Iris lacustris,https://ecos.fws.gov/ecp/species/598,Threatened,Wherever found,09-28-1988
Dwarf naupaka,Scaevola coriacea,https://ecos.fws.gov/ecp/species/4669,Endangered,Wherever found,05-16-1986
Dwarf sawfish,Pristis clavata,https://ecos.fws.gov/ecp/species/9971,Endangered,Wherever found,01-12-2015
Dwarf wedgemussel,Alasmidonta heterodon,https://ecos.fws.gov/ecp/species/784,Endangered,Wherever found,03-14-1990
Eastern Black rail,Laterallus jamaicensis jamaicensis,https://ecos.fws.gov/ecp/species/10477,Threatened,Wherever found,11-09-2020
Eastern Hellbender,Cryptobranchus alleganiensis alleganiensis,https://ecos.fws.gov/ecp/species/9039,Endangered,Missouri DPS,04-07-2021
Eastern indigo snake,Drymarchon couperi,https://ecos.fws.gov/ecp/species/646,Threatened,Wherever found,03-03-1978
Eastern jerboa marsupial,Antechinomys laniger,https://ecos.fws.gov/ecp/species/7387,Endangered,Wherever found,12-02-1970
Eastern Massasauga (=rattlesnake),Sistrurus catenatus,https://ecos.fws.gov/ecp/species/2202,Threatened,Wherever found,09-30-2016
Eastern native-cat,Dasyurus viverrinus,https://ecos.fws.gov/ecp/species/7961,Endangered,Wherever found,06-04-1973
Eastern prairie fringed orchid,Platanthera leucophaea,https://ecos.fws.gov/ecp/species/601,Threatened,,09-28-1989
Easy yellow-faced bee,Hylaeus facilis,https://ecos.fws.gov/ecp/species/7855,Endangered,Wherever found,10-31-2016
Edward's pheasant,Lophura edwardsi,https://ecos.fws.gov/ecp/species/6322,Endangered,Wherever found,06-02-1970
Egyptian Tortoise,Testudo kleinmanni,https://ecos.fws.gov/ecp/species/9629,Threatened,Wherever found,05-01-2023
Eiao Marquesas reed-Warbler,Acrocephalus percernis aquilonis,https://ecos.fws.gov/ecp/species/4500,Endangered,Wherever found,09-12-2011
El Dorado bedstraw,Galium californicum ssp. sierrae,https://ecos.fws.gov/ecp/species/5209,Endangered,Wherever found,10-18-1996
Eld's brow-antlered Deer,Cervus eldi,https://ecos.fws.gov/ecp/species/1823,Endangered,Wherever found,06-02-1970
Elfin tree fern,Cyathea dryopteroides,https://ecos.fws.gov/ecp/species/4895,Endangered,Wherever found,06-16-1987
Elfin-woods warbler,Setophaga angelae,https://ecos.fws.gov/ecp/species/2972,Threatened,Wherever found,07-22-2016
Elkhorn coral,Acropora palmata,https://ecos.fws.gov/ecp/species/8928,Threatened,Wherever found,06-08-2006
Elliot's pheasant,Syrmaticus ellioti,https://ecos.fws.gov/ecp/species/3908,Endangered,Wherever found,06-14-1976
El Segundo blue butterfly,Euphilotes battoides allyni,https://ecos.fws.gov/ecp/species/3135,Endangered,Wherever found,06-08-1976
emperor penguin,Aptenodytes forsteri,https://ecos.fws.gov/ecp/species/3088,Threatened,Wherever found,11-25-2022
`Ena`ena,Pseudognaphalium sandwicensium var. molokaiense,https://ecos.fws.gov/ecp/species/5993,Endangered,Wherever found,10-31-2016
Encinitas baccharis,Baccharis vanessae,https://ecos.fws.gov/ecp/species/3343,Threatened,Wherever found,10-07-1996
erect-crested penguin,Eudyptes sclateri,https://ecos.fws.gov/ecp/species/1467,Threatened,Wherever found,09-02-2010
Erubia,Solanum drymophilum,https://ecos.fws.gov/ecp/species/817,Endangered,Wherever found,08-26-1988
Escambia Map turtle,Graptemys ernsti,https://ecos.fws.gov/ecp/species/9905,Similarity of Appearance (Threatened),Wherever found,
Eskimo curlew,Numenius borealis,https://ecos.fws.gov/ecp/species/6969,Endangered,Wherever found,03-11-1967
Esmeraldas woodstar,Chaetocercus berlepschi,https://ecos.fws.gov/ecp/species/3074,Endangered,Wherever found,11-29-2013
Etonia rosemary,Conradina etonia,https://ecos.fws.gov/ecp/species/5841,Endangered,,07-12-1993
Etowah darter,Etheostoma etowahae,https://ecos.fws.gov/ecp/species/4123,Endangered,Wherever found,12-20-1994
Eulachon,Thaleichthys pacificus,https://ecos.fws.gov/ecp/species/9165,Threatened,Southern DPS - See 50 CFR 223.102,04-13-2011
Euler's flycatcher,Empidonax euleri johnstonei,https://ecos.fws.gov/ecp/species/7714,Endangered,Wherever found,06-02-1970
Eurasian peregrine falcon,Falco peregrinus peregrinus,https://ecos.fws.gov/ecp/species/5111,Endangered,Wherever found,06-14-1976
Eureka Dune grass,Swallenia alexandrae,https://ecos.fws.gov/ecp/species/2239,Threatened,,05-27-1978
European sturgeon,Acipenser sturio,https://ecos.fws.gov/ecp/species/9750,Endangered,Wherever found,09-04-2014
Everglades bully,Sideroxylon reclinatum ssp. austrofloridense,https://ecos.fws.gov/ecp/species/4735,Threatened,,10-06-2017
Everglade snail kite,Rostrhamus sociabilis plumbeus,https://ecos.fws.gov/ecp/species/7713,Endangered,Wherever found,03-11-1967
Exuma Island iguana,Cyclura cychlura figginsi,https://ecos.fws.gov/ecp/species/7731,Threatened,Wherever found,06-22-1983
Eyrean grasswren (flycatcher),Amytornis goyderi,https://ecos.fws.gov/ecp/species/8249,Endangered,Wherever found,06-02-1970
Fadang,Cycas micronesica,https://ecos.fws.gov/ecp/species/9763,Threatened,,11-02-2015
false killer whale,Pseudorca crassidens,https://ecos.fws.gov/ecp/species/9735,Endangered,Main Hawaiian Islands Insular DPS See 50 CFR 224.101,12-28-2012
false spike,Fusconaia mitchelli,https://ecos.fws.gov/ecp/species/3963,Endangered,Wherever found,07-05-2024
False water rat,Xeromys myoides,https://ecos.fws.gov/ecp/species/6753,Endangered,Wherever found,12-02-1970
Fanshell,Cyprogenia stegaria,https://ecos.fws.gov/ecp/species/4822,"Experimental Population, Non-Essential",U.S.A. (TN - specified portions of the French Broad and Holston Rivers; see 17.85(b)(1)),10-15-2007
Fanshell,Cyprogenia stegaria,https://ecos.fws.gov/ecp/species/4822,Endangered,Wherever found,06-21-1990
Fassett's locoweed,Oxytropis campestris var. chartacea,https://ecos.fws.gov/ecp/species/209,Threatened,Wherever found,09-28-1988
Fat pocketbook,Potamilus capax,https://ecos.fws.gov/ecp/species/2780,Endangered,Wherever found,06-14-1976
Fat threeridge (mussel),Amblema neislerii,https://ecos.fws.gov/ecp/species/2574,Endangered,Wherever found,03-16-1998
Fea's muntjac,Muntiacus feae,https://ecos.fws.gov/ecp/species/5274,Endangered,Wherever found,07-27-1979
Fender's blue butterfly,Icaricia icarioides fenderi,https://ecos.fws.gov/ecp/species/6659,Threatened,Wherever found,01-25-2000
Few-flowered navarretia,Navarretia leucocephala ssp. pauciflora (=N. pauciflora),https://ecos.fws.gov/ecp/species/8242,Endangered,Wherever found,06-18-1997
Fickeisen plains cactus,Pediocactus peeblesianus ssp. fickeiseniae,https://ecos.fws.gov/ecp/species/5484,Endangered,Wherever found,10-31-2013
Field's mouse,Pseudomys fieldi,https://ecos.fws.gov/ecp/species/6978,Endangered,Wherever found,12-02-1970
Fiji banded iguana,Brachylophus fasciatus,https://ecos.fws.gov/ecp/species/6993,Endangered,Wherever found,03-20-1980
Fiji crested iguana,Brachylophus vitiensis,https://ecos.fws.gov/ecp/species/3108,Endangered,Wherever found,03-20-1980
Fiji petrel,Pseudobulweria macgillivrayi,https://ecos.fws.gov/ecp/species/5718,Endangered,Wherever found,09-14-2009
Finback whale,Balaenoptera physalus,https://ecos.fws.gov/ecp/species/2875,Endangered,Wherever found,06-02-1970
Finelined pocketbook,Hamiota altilis,https://ecos.fws.gov/ecp/species/1393,Threatened,Wherever found,03-17-1993
Finerayed pigtoe,Fusconaia cuneolus,https://ecos.fws.gov/ecp/species/3038,Endangered,Wherever found; Except where listed as Experimental Populations,06-14-1976
Finerayed pigtoe,Fusconaia cuneolus,https://ecos.fws.gov/ecp/species/3038,"Experimental Population, Non-Essential","U.S.A. (AL;The free-flowing reach of the Tennessee R. from the base of Wilson Dam downstream to the backwaters of Pickwick Reservoir [about 12 RM (19 km)] and the lower 5 RM [8 km] of all tributaries to this reach in Colbert and Lauderdale Cos., see 17.85(a))",06-14-2001
Finerayed pigtoe,Fusconaia cuneolus,https://ecos.fws.gov/ecp/species/3038,"Experimental Population, Non-Essential",U.S.A. (TN - specified portions of the French Broad and Holston Rivers; see 17.85(b)(1)),10-15-2007
fiordland crested penguin,Eudyptes pachyrhynchus,https://ecos.fws.gov/ecp/species/1625,Threatened,Wherever found,09-02-2010
Fisher,Pekania pennanti,https://ecos.fws.gov/ecp/species/3651,Endangered,Southern Sierra Nevada Distinct Population Segment,06-15-2020
Fish Slough milk-vetch,Astragalus lentiginosus var. piscinensis,https://ecos.fws.gov/ecp/species/7947,Threatened,Wherever found,10-06-1998
Flat-headed cat,Prionailurus (=Felis) planiceps,https://ecos.fws.gov/ecp/species/1929,Endangered,Wherever found,06-14-1976
Flat pebblesnail,Lepyrium showalteri,https://ecos.fws.gov/ecp/species/2338,Endangered,Wherever found,10-28-1998
Flat-spired three-toothed Snail,Triodopsis platysayoides,https://ecos.fws.gov/ecp/species/464,Threatened,Wherever found,08-02-1978
Flattened musk turtle,Sternotherus depressus,https://ecos.fws.gov/ecp/species/6961,Threatened,Black Warrior R. system upstream from Bankhead Dam,06-11-1987
Fleshy-fruit gladecress,Leavenworthia crassa,https://ecos.fws.gov/ecp/species/1435,Endangered,Wherever found,08-01-2014
Fleshy owl's-clover,Castilleja campestris ssp. succulenta,https://ecos.fws.gov/ecp/species/8095,Threatened,Wherever found,03-26-1997
Floreana tree-Finch,Camarhynchus pauper,https://ecos.fws.gov/ecp/species/7641,Endangered,Wherever found,08-26-2010
Florida bonamia,Bonamia grandiflora,https://ecos.fws.gov/ecp/species/2230,Threatened,,11-02-1987
Florida bonneted bat,Eumops floridanus,https://ecos.fws.gov/ecp/species/8630,Endangered,Wherever found,11-01-2013
Florida brickell-bush,Brickellia mosieri,https://ecos.fws.gov/ecp/species/956,Endangered,,10-06-2014
Florida bristle fern,Trichomanes punctatum ssp. floridanum,https://ecos.fws.gov/ecp/species/8739,Endangered,,11-05-2015
Florida grasshopper sparrow,Ammodramus savannarum floridanus,https://ecos.fws.gov/ecp/species/32,Endangered,Wherever found,07-31-1986
Florida Keys mole skink,Plestiodon egregius egregius,https://ecos.fws.gov/ecp/species/4480,Endangered,Wherever found,08-20-2026
Florida leafwing Butterfly,Anaea troglodyta floridalis,https://ecos.fws.gov/ecp/species/6652,Endangered,Wherever found,09-11-2014
Florida panther,Puma (=Felis) concolor coryi,https://ecos.fws.gov/ecp/species/1763,Endangered,Wherever found,03-11-1967
Florida perforate cladonia,Cladonia perforata,https://ecos.fws.gov/ecp/species/7516,Endangered,,04-27-1993
Florida pineland crabgrass,Digitaria pauciflora,https://ecos.fws.gov/ecp/species/3728,Threatened,,10-06-2017
Florida prairie-clover,Dalea carthagenensis floridana,https://ecos.fws.gov/ecp/species/2300,Endangered,,10-06-2017
Florida salt marsh vole,Microtus pennsylvanicus dukecampbelli,https://ecos.fws.gov/ecp/species/6984,Endangered,Wherever found,01-14-1991
Florida scrub-jay,Aphelocoma coerulescens,https://ecos.fws.gov/ecp/species/6174,Threatened,Wherever found,06-03-1987
Florida semaphore Cactus,Consolea corallicola,https://ecos.fws.gov/ecp/species/4356,Endangered,,11-25-2013
Florida skullcap,Scutellaria floridana,https://ecos.fws.gov/ecp/species/2240,Threatened,,05-08-1992
Florida torreya,Torreya taxifolia,https://ecos.fws.gov/ecp/species/5391,Endangered,,01-23-1984
Florida ziziphus,Ziziphus celata,https://ecos.fws.gov/ecp/species/2950,Endangered,,07-27-1989
Fluminense swallowtail butterfly,Parides ascanius,https://ecos.fws.gov/ecp/species/1038,Endangered,Wherever found,01-09-2025
Fluted kidneyshell,Ptychobranchus subtentus,https://ecos.fws.gov/ecp/species/1397,Endangered,Wherever found,10-28-2013
Flying earwig Hawaiian damselfly,Megalagrion nesiotes,https://ecos.fws.gov/ecp/species/3001,Endangered,Wherever found,07-26-2010
Foothill yellow-legged frog,Rana boylii,https://ecos.fws.gov/ecp/species/5133,Threatened,"California, Central Coast Range south of San Francisco Bay to San Benito and Fresno Counties",09-28-2023
Foothill yellow-legged frog,Rana boylii,https://ecos.fws.gov/ecp/species/5133,Endangered,"California, Coast Range from Monterey County south to Los Angeles County",09-28-2023
Foothill yellow-legged frog,Rana boylii,https://ecos.fws.gov/ecp/species/5133,Threatened,"California, North Feather River watershed largely in Plumas and Butte Counties",09-28-2023
Foothill yellow-legged frog,Rana boylii,https://ecos.fws.gov/ecp/species/5133,Endangered,"California, Sierra Nevada Mountains south of American River sub-basin south to Transverse Range, Kern County",09-28-2023
Forbes' parakeet,Cyanoramphus auriceps forbesi,https://ecos.fws.gov/ecp/species/1921,Endangered,Wherever found,06-02-1970
Formosan rock macaque,Macaca cyclopis,https://ecos.fws.gov/ecp/species/2087,Threatened,Wherever found,10-19-1976
Formosan sika deer,Cervus nippon taiouanus,https://ecos.fws.gov/ecp/species/3102,Endangered,Wherever found,07-27-1979
Formosan yellow-throated marten,Martes flavigula chrysospila,https://ecos.fws.gov/ecp/species/4107,Endangered,Wherever found,06-02-1970
Fosberg's love grass,Eragrostis fosbergii,https://ecos.fws.gov/ecp/species/7921,Endangered,Wherever found,10-10-1996
Fountain darter,Etheostoma fonticola,https://ecos.fws.gov/ecp/species/5858,Endangered,Wherever found,10-13-1970
Fountain thistle,Cirsium fontinale var. fontinale,https://ecos.fws.gov/ecp/species/7939,Endangered,Wherever found,02-03-1995
Four-petal pawpaw,Asimina tetramera,https://ecos.fws.gov/ecp/species/3461,Endangered,,09-26-1986
Fragile tree snail,Samoana fragilis,https://ecos.fws.gov/ecp/species/4835,Endangered,Wherever found,11-02-2015
Fragrant prickly-apple,Cereus eriophorus var. fragrans,https://ecos.fws.gov/ecp/species/982,Endangered,,11-01-1985
Franciscan manzanita,Arctostaphylos franciscana,https://ecos.fws.gov/ecp/species/5350,Endangered,Wherever found,10-05-2012
Francois' langur,Trachypithecus (=Presbytis) francoisi,https://ecos.fws.gov/ecp/species/2058,Endangered,Wherever found,10-19-1976
Franklin's bumble bee,Bombus franklini,https://ecos.fws.gov/ecp/species/7022,Endangered,Wherever found,09-23-2021
Frecklebelly madtom,Noturus munitus,https://ecos.fws.gov/ecp/species/2800,Threatened,Upper Coosa River Distinct Population Segment,04-03-2023
Freira,Pterodroma madeira,https://ecos.fws.gov/ecp/species/7620,Endangered,Wherever found,01-12-1995
Fresno kangaroo rat,Dipodomys nitratoides exilis,https://ecos.fws.gov/ecp/species/5150,Endangered,Wherever found,01-30-1985
Friendly Ground-Dove,Gallicolumba stairi,https://ecos.fws.gov/ecp/species/7236,Endangered,American Samoa DPS,10-24-2016
Fringe-backed fire-eye,Pyriglena atra,https://ecos.fws.gov/ecp/species/4254,Endangered,Wherever found,01-27-2011
Fringed campion,Silene polypetala,https://ecos.fws.gov/ecp/species/3738,Endangered,Wherever found,01-18-1991
Fringed Ornamental Tarantula,Poecilotheria ornata,https://ecos.fws.gov/ecp/species/9110,Endangered,Wherever found,08-30-2018
Frosted Flatwoods salamander,Ambystoma cingulatum,https://ecos.fws.gov/ecp/species/4981,Threatened,Wherever found,04-01-1999
Furbish lousewort,Pedicularis furbishiae,https://ecos.fws.gov/ecp/species/5212,Threatened,,05-27-1978
Fuzzy pigtoe,Pleurobema strodeanum,https://ecos.fws.gov/ecp/species/3417,Threatened,Wherever found,10-10-2012
Gaimard's rat-kangaroo,Bettongia gaimardi,https://ecos.fws.gov/ecp/species/6619,Endangered,Wherever found,06-04-1973
Galapagos hawk,Buteo galapagoensis,https://ecos.fws.gov/ecp/species/2,Endangered,Wherever found,06-02-1970
Galapagos penguin,Spheniscus mendiculus,https://ecos.fws.gov/ecp/species/1094,Endangered,Wherever found,06-02-1970
Galapagos petrel,Pterodroma phaeopygia,https://ecos.fws.gov/ecp/species/5128,Threatened,Wherever found,01-05-2010
Galapagos tortoise,Geochelone nigra (=elephantopus),https://ecos.fws.gov/ecp/species/25,Endangered,Wherever found,06-02-1970
Gambel's watercress,Rorippa gambellii,https://ecos.fws.gov/ecp/species/4201,Endangered,Wherever found,08-03-1993
Garber's spurge,Chamaesyce garberi,https://ecos.fws.gov/ecp/species/8229,Threatened,,07-18-1985
Garrett's mint,Dicerandra christmanii,https://ecos.fws.gov/ecp/species/8333,Endangered,,11-01-1985
Gavial,Gavialis gangeticus,https://ecos.fws.gov/ecp/species/2199,Endangered,Wherever found,06-02-1970
Gaviota Tarplant,Deinandra increscens ssp. villosa,https://ecos.fws.gov/ecp/species/4218,Endangered,Wherever found,03-20-2000
Gelada baboon,Theropithecus gelada,https://ecos.fws.gov/ecp/species/4110,Threatened,Wherever found,10-19-1976
Gentian pinkroot,Spigelia gentianoides,https://ecos.fws.gov/ecp/species/4583,Endangered,,11-26-1990
Gentner's fritillary,Fritillaria gentneri,https://ecos.fws.gov/ecp/species/8120,Endangered,Wherever found,12-10-1999
Geometric turtle,Psammobates geometricus,https://ecos.fws.gov/ecp/species/1514,Endangered,Wherever found,06-14-1976
Georgetown Salamander,Eurycea naufragia,https://ecos.fws.gov/ecp/species/7278,Threatened,Wherever found,03-26-2014
Georgia pigtoe,Pleurobema hanleyianum,https://ecos.fws.gov/ecp/species/6494,Endangered,Wherever found,12-02-2010
Georgia rockcress,Arabis georgiana,https://ecos.fws.gov/ecp/species/4535,Threatened,Wherever found,10-14-2014
Giant armadillo,Priodontes maximus,https://ecos.fws.gov/ecp/species/1928,Endangered,Wherever found,06-14-1976
Giant garter snake,Thamnophis gigas,https://ecos.fws.gov/ecp/species/4482,Threatened,Wherever found,10-20-1993
Giant ibis,Pseudibis gigantea,https://ecos.fws.gov/ecp/species/1634,Endangered,Wherever found,01-16-2008
Giant kangaroo rat,Dipodomys ingens,https://ecos.fws.gov/ecp/species/6051,Endangered,Wherever found,01-05-1987
Giant Manta Ray,Manta birostris,https://ecos.fws.gov/ecp/species/10792,Threatened,,
Giant otter,Pteronura brasiliensis,https://ecos.fws.gov/ecp/species/5720,Endangered,South America,06-02-1970
Giant panda,Ailuropoda melanoleuca,https://ecos.fws.gov/ecp/species/6600,Endangered,Wherever found,01-23-1984
Giant sable antelope,Hippotragus niger variani,https://ecos.fws.gov/ecp/species/3095,Endangered,Wherever found,06-02-1970
Giant scops owl,Mimizuku (=Otus) gurneyi,https://ecos.fws.gov/ecp/species/1471,Endangered,Wherever found,06-14-1976
Gibbons,Hylobates spp. (including Nomascus),https://ecos.fws.gov/ecp/species/39,Endangered,Wherever found,06-02-1970
Gierisch mallow,Sphaeralcea gierischii,https://ecos.fws.gov/ecp/species/8873,Endangered,Wherever found,09-12-2013
Gila chub,Gila intermedia,https://ecos.fws.gov/ecp/species/51,Endangered,Wherever found,11-02-2005
Gila topminnow (incl. Yaqui),Poeciliopsis occidentalis,https://ecos.fws.gov/ecp/species/1116,Endangered,Wherever found,03-11-1967
Gila trout,Oncorhynchus gilae,https://ecos.fws.gov/ecp/species/781,Threatened,Wherever found,03-11-1967
Glaucous macaw,Anodorhynchus glaucus,https://ecos.fws.gov/ecp/species/8254,Endangered,Wherever found,06-14-1976
Godfrey's butterwort,Pinguicula ionantha,https://ecos.fws.gov/ecp/species/6805,Threatened,,07-12-1993
Goeldi's marmoset,Callimico goeldii,https://ecos.fws.gov/ecp/species/2056,Endangered,Wherever found,06-02-1970
golden-cheeked warbler,Setophaga chrysoparia,https://ecos.fws.gov/ecp/species/33,Endangered,Wherever found,05-04-1990
Golden conure,Aratinga guarouba,https://ecos.fws.gov/ecp/species/1224,Threatened,Wherever found,05-26-2020
Golden coqui,Eleutherodactylus jasperi,https://ecos.fws.gov/ecp/species/28,Threatened,Wherever found,11-11-1977
Golden langur,Trachypithecus (=Presbytis) geei,https://ecos.fws.gov/ecp/species/3645,Endangered,Wherever found,06-14-1976
Golden-rumped tamarin,Leontopithecus spp.,https://ecos.fws.gov/ecp/species/3856,Endangered,Wherever found,06-02-1970
Golden sedge,Carex lutea,https://ecos.fws.gov/ecp/species/6025,Endangered,Wherever found,01-23-2002
Golden-shouldered parakeet,Psephotus chrysopterygius,https://ecos.fws.gov/ecp/species/2045,Endangered,Wherever found,06-02-1970
Goldline darter,Percina aurolineata,https://ecos.fws.gov/ecp/species/7005,Threatened,Wherever found,04-22-1992
Goliath Frog,Conraua goliath,https://ecos.fws.gov/ecp/species/3251,Threatened,Wherever found,12-08-1994
Gonzales tryonia,Tryonia circumstriata (=stocktonensis),https://ecos.fws.gov/ecp/species/5611,Endangered,Wherever found,07-09-2013
Gopher tortoise,Gopherus polyphemus,https://ecos.fws.gov/ecp/species/6994,Threatened,Western DPS,07-07-1987
Goral,Naemorhedus goral,https://ecos.fws.gov/ecp/species/7624,Endangered,Wherever found,06-14-1976
Gorgeted wood-quail,Odontophorus strophium,https://ecos.fws.gov/ecp/species/5954,Endangered,Wherever found,11-29-2013
Gorilla,Gorilla gorilla,https://ecos.fws.gov/ecp/species/4080,Endangered,Wherever found,06-02-1970
Gould's mouse,Pseudomys gouldii,https://ecos.fws.gov/ecp/species/3917,Endangered,Wherever found,06-04-1973
Government Canyon Bat Cave meshweaver,Cicurina vespera,https://ecos.fws.gov/ecp/species/7037,Endangered,Wherever found,12-26-2000
Government Canyon Bat Cave spider,Tayshaneta microps,https://ecos.fws.gov/ecp/species/553,Endangered,Wherever found,12-26-2000
Gowen cypress,Cupressus goveniana ssp. goveniana,https://ecos.fws.gov/ecp/species/8548,Threatened,Wherever found,08-12-1998
Grand Cayman ground iguana,Cyclura lewisi,https://ecos.fws.gov/ecp/species/6605,Endangered,Wherever found,06-22-1983
Gray bat,Myotis grisescens,https://ecos.fws.gov/ecp/species/6329,Endangered,Wherever found,04-28-1976
Gray (=entellus) langur,Semnopithecus (=Presbytis) entellus,https://ecos.fws.gov/ecp/species/5119,Endangered,Wherever found,06-14-1976
Gray whale,Eschrichtius robustus,https://ecos.fws.gov/ecp/species/1477,Endangered,Western North Pacific DPS See 50 CFR 224.101,06-02-1970
Gray wolf,Canis lupus,https://ecos.fws.gov/ecp/species/4488,Endangered,"U.S.A.: All of AL, AR, CA, CO, CT, DE, FL, GA, IA, IN, IL, KS, KY, LA, MA, MD, ME, MI, MO, MS, NC, ND, NE, NH, NJ, NV, NY, OH, OK, PA, RI, SC, SD, TN, TX, VA, VT, WI, and WV; and portions of AZ, NM, OR, UT, and WA as follows: (1) Northern AZ (that portion north of the centerline of Interstate Highway 40); (2) Northern NM (that portion north of the centerline of Interstate Highway 40); (3) Western OR (that portion of OR west of the centerline of Highway 395 and Highway 78 north of Burns Junction and that portion of OR west of the centerline of Highway 95 south of Burns Junction); (4) Most of Utah (that portion of UT south and west of the centerline of Highway 84 and that portion of UT south of Highway 80 from Echo to the UT/WY Stateline); and (5) Western WA (that portion of WA west of the centerline of Highway 97 and Highway 17 north of Mesa and that portion of WA west of the centerline of Highway 395 south of Mesa). Mexico.",03-09-1978
Gray wolf,Canis lupus,https://ecos.fws.gov/ecp/species/4488,"Experimental Population, Non-Essential",CO experimental population (CO),
Gray wolf,Canis lupus,https://ecos.fws.gov/ecp/species/4488,Threatened,U.S.A. (MN),03-09-1978
Greater adjutant,Leptoptilos dubius,https://ecos.fws.gov/ecp/species/2053,Endangered,Wherever found,09-12-2011
Great green macaw,Ara ambiguus,https://ecos.fws.gov/ecp/species/9017,Endangered,Wherever found,11-02-2015
Great Indian bustard,Ardeotis (=Choriotis) nigriceps,https://ecos.fws.gov/ecp/species/3506,Endangered,Wherever found,06-02-1970
Great Indian rhinoceros,Rhinoceros unicornis,https://ecos.fws.gov/ecp/species/612,Endangered,"Nepal, India",12-02-1970
Greenback Cutthroat trout,Oncorhynchus clarkii stomias,https://ecos.fws.gov/ecp/species/2775,Threatened,Wherever found,03-11-1967
Greene's tuctoria,Tuctoria greenei,https://ecos.fws.gov/ecp/species/1573,Endangered,Wherever found,03-26-1997
Greenland white-tailed eagle,Haliaeetus albicilla groenlandicus,https://ecos.fws.gov/ecp/species/1506,Endangered,Wherever found,06-14-1976
Green Pitcher Plant,Sarracenia oreophila,https://ecos.fws.gov/ecp/species/2896,Endangered,Wherever found,10-21-1979
Green sawfish,Pristis zijsron,https://ecos.fws.gov/ecp/species/9967,Endangered,Wherever found,01-12-2015
Green sea turtle,Chelonia mydas,https://ecos.fws.gov/ecp/species/6199,Endangered,"Green sea turtles originating from the Central West Pacific Ocean, bounded by the following coordinates: 41 degrees N., 146 degrees E. in the northwest; 41 degrees N., 169 degrees E. in the northeast; 9 degrees N., 175 degrees W. in the east; 13 degrees S., 171 degrees E. in the southeast; along the northern coast of the island of New Guinea; and 4.5 degrees N., 129 degrees E. in the west",05-06-2016
Green sea turtle,Chelonia mydas,https://ecos.fws.gov/ecp/species/6199,Threatened,"Green sea turtles originating from the North Indian Ocean, bounded by: Africa and Asia in the west and north; 84 degrees E. Long. in the east; and the equator in the south",05-06-2016
Green sea turtle,Chelonia mydas,https://ecos.fws.gov/ecp/species/6199,Threatened,"Green sea turtles originating from the East Pacific Ocean, bounded by the following lines and coordinates: 41 degrees N., 143 degrees W. in the northwest; 41 degrees N. Lat. in the north; along the western coasts of the Americas; 40 degrees S. Lat. in the south; and 40 degrees S., 96 degrees W. in the southwest",05-06-2016
Green sea turtle,Chelonia mydas,https://ecos.fws.gov/ecp/species/6199,Threatened,"Green sea turtles originating from the Southwest Indian Ocean, bounded by the following lines: the equator to the north; 84 degrees E. Long. to the east; 40 degrees S. Lat. to the south; and 19 degrees E. Long (and along the eastern coast of Africa) in the west",05-06-2016
Green sea turtle,Chelonia mydas,https://ecos.fws.gov/ecp/species/6199,Endangered,"Green sea turtles originating from the Central South Pacific Ocean, bounded by the following coordinates: 9 degrees N., 175 degrees W. in the northwest; 9 degrees N., 125 degrees W. in the northeast; 40 degrees S., 96 degrees W. in the southeast; 40 degrees S., 176 degrees E. in the southwest; and 13 degrees S., 171 degrees E. in the west",05-06-2016
Green sea turtle,Chelonia mydas,https://ecos.fws.gov/ecp/species/6199,Threatened,"Green sea turtles originating from the North Atlantic Ocean, bounded by the following lines and coordinates: 48 degrees N. Lat. in the north, along the western coasts of Europe and Africa (west of 5.5 degrees W. Long.); north of 19 degrees N. Lat. in the east; bounded by 19 degrees N., 65.1 degrees W. to 14 degrees N., 65.1 degrees W. then 14 degrees N., 77 degrees W. in the south and west; and along the eastern coasts of the Americas (north of 7.5 degrees N., 77 degrees W.)",05-06-2016
Green sea turtle,Chelonia mydas,https://ecos.fws.gov/ecp/species/6199,Threatened,"Green sea turtles originating from the Southwest Pacific Ocean, bounded by the following lines and coordinates: along the southern coast of the island of New Guinea and the Torres Strait (east of 142 degrees E Long.); 13 degrees S., 171 degrees E. in the northeast; 40 degrees S., 176 degrees E. in the southeast; and 40 degrees S., 142 degrees E. in the southwest",05-06-2016
Green sea turtle,Chelonia mydas,https://ecos.fws.gov/ecp/species/6199,Threatened,"Green sea turtles originating from the Eastern Indian and Western Pacific Oceans, bounded by the following lines and coordinates: 41 degrees N. Lat. in the north, 41 degrees N., 146 degrees E. in the northeast; 4.5 degrees N., 129 degrees E. in the southeast; along the southern coast of the island of New Guinea; along the western coast of Australia (west of 142 degrees E. Long.); 40 degrees S. Lat. in the south; and 84 degrees E. Long. in the east",05-06-2016
Green sea turtle,Chelonia mydas,https://ecos.fws.gov/ecp/species/6199,Threatened,"Green sea turtles originating from the Central North Pacific Ocean, bounded by the following coordinates: 41 degrees N., 169 degrees E. in the northwest; 41 degrees N., 143 degrees W. in the northeast; 9 degrees N., 125 degrees W. in the southeast; and 9 degrees N., 175 degrees W. in the southwest Pacific coast of Mexico",05-06-2016
Green sea turtle,Chelonia mydas,https://ecos.fws.gov/ecp/species/6199,Threatened,"Green sea turtles originating from the South Atlantic Ocean, bounded by the following lines and coordinates: along the northern and eastern coasts of South America (east of 7.5 degrees N., 77 degrees W.); 14 degrees N., 77 degrees W. to 14 degrees N., 65.1 degrees W. to 19 degrees N., 65.1 degrees W. in the north and west; 19 degrees N. Lat. in the northeast; 40 degrees S., 19 degrees E. in the southeast; and 40 degrees S. Lat. in the south",05-06-2016
Green sea turtle,Chelonia mydas,https://ecos.fws.gov/ecp/species/6199,Endangered,"Green sea turtles originating from the Mediterranean Sea, bounded by 5.5 degrees W. Long. in the west",05-06-2016
green sturgeon,Acipenser medirostris,https://ecos.fws.gov/ecp/species/2329,Threatened,Southern DPS - See 50 CFR 223.102,06-06-2006
Grenada gray-fronted dove,Leptotila rufaxilla wellsi,https://ecos.fws.gov/ecp/species/7817,Endangered,Wherever found,06-02-1970
Grenada hook-billed kite,Chondrohierax uncinatus mirus,https://ecos.fws.gov/ecp/species/1759,Endangered,Wherever found,06-02-1970
Grevy's zebra,Equus grevyi,https://ecos.fws.gov/ecp/species/1103,Threatened,Wherever found,09-20-1979
Grey-necked rockfowl,Picathartes oreas,https://ecos.fws.gov/ecp/species/3906,Endangered,Wherever found,06-02-1970
Grizzly bear,Ursus arctos horribilis,https://ecos.fws.gov/ecp/species/7642,"Experimental Population, Non-Essential",Bitterroot Grizzly Bear Nonessential Experimental Population Area,11-17-2000
Grizzly bear,Ursus arctos horribilis,https://ecos.fws.gov/ecp/species/7642,"Experimental Population, Non-Essential",North Cascades Ecosystem Non-Essential Experimental Population,
Grizzly bear,Ursus arctos horribilis,https://ecos.fws.gov/ecp/species/7642,Threatened,"U.S.A., conterminous (lower 48) States, except where listed as an experimental population",07-28-1975
Grotto Sculpin,Cottus specus,https://ecos.fws.gov/ecp/species/1009,Endangered,Wherever found,10-25-2013
Ground parrot,Pezoporus wallicus,https://ecos.fws.gov/ecp/species/7956,Endangered,Wherever found,06-04-1973
Guadalupe Fatmucket,Lampsilis bergmanni,https://ecos.fws.gov/ecp/species/10783,Endangered,,07-05-2024
Guadalupe fescue,Festuca ligulata,https://ecos.fws.gov/ecp/species/8068,Endangered,Wherever found,10-10-2017
Guadalupe fur seal,Arctocephalus townsendi,https://ecos.fws.gov/ecp/species/6991,Threatened,Wherever found,03-11-1967
Guadalupe Orb,Cyclonaias necki,https://ecos.fws.gov/ecp/species/10781,Endangered,Wherever Found,07-05-2024
Guadeloupe house wren,Troglodytes aedon guadeloupensis,https://ecos.fws.gov/ecp/species/8253,Endangered,Wherever found,06-02-1970
Guajon,Eleutherodactylus cooki,https://ecos.fws.gov/ecp/species/6963,Threatened,Wherever found,06-11-1997
Guam kingfisher,Todiramphus cinnamominus,https://ecos.fws.gov/ecp/species/6,Endangered,Wherever found,08-27-1984
Guam kingfisher,Todiramphus cinnamominus,https://ecos.fws.gov/ecp/species/6,"Experimental Population, Non-Essential",U.S.A. (Palmyra Atoll),05-04-2023
Guam rail,Gallirallus owstoni,https://ecos.fws.gov/ecp/species/5112,"Experimental Population, Non-Essential",Rota,10-30-1989
Guam rail,Gallirallus owstoni,https://ecos.fws.gov/ecp/species/5112,Endangered,"Wherever found, except where listed as an experimental population",04-11-1984
Guam tree snail,Partula radiolata,https://ecos.fws.gov/ecp/species/1530,Endangered,Wherever found,11-02-2015
Guatemalan Fir (=pinabete),Abies guatemalensis,https://ecos.fws.gov/ecp/species/2543,Threatened,Wherever found,12-10-1979
Guatemalan jaguarundi,Herpailurus (=Felis) yagouaroundi fossata,https://ecos.fws.gov/ecp/species/3098,Endangered,"Mexico,Nicaragua",06-14-1976
Guizhou snub-nosed monkey,Rhinopithecus brelichi,https://ecos.fws.gov/ecp/species/6596,Endangered,Wherever found,09-27-1990
Gulf Coast jaguarundi,Puma yagouaroundi cacomitli,https://ecos.fws.gov/ecp/species/3945,Endangered,Wherever found,06-14-1976
Gulf Grouper,Mycteroperca jordani,https://ecos.fws.gov/ecp/species/10796,Endangered,,
Gulf moccasinshell,Medionidus penicillatus,https://ecos.fws.gov/ecp/species/7663,Endangered,Wherever found,03-16-1998
Gulf of Mexico Bryde's Whale,Balaenoptera edeni,https://ecos.fws.gov/ecp/species/10787,Endangered,,
Gulf sturgeon,Acipenser oxyrinchus (=oxyrhynchus) desotoi,https://ecos.fws.gov/ecp/species/651,Threatened,Wherever found,09-30-1991
Gunnison Sage-grouse,Centrocercus minimus,https://ecos.fws.gov/ecp/species/6040,Threatened,Wherever found,12-22-2014
Gurney's pitta,Pitta gurneyi,https://ecos.fws.gov/ecp/species/635,Endangered,Wherever found,01-16-2008
Guthrie's (=Pyne's) ground-plum,Astragalus bibullatus,https://ecos.fws.gov/ecp/species/1739,Endangered,Wherever found,09-26-1991
Guyandotte River crayfish,Cambarus veteranus,https://ecos.fws.gov/ecp/species/10375,Endangered,Wherever found,05-09-2016
Gypsum wild-buckwheat,Eriogonum gypsophilum,https://ecos.fws.gov/ecp/species/7770,Threatened,Wherever found,01-19-1981
haha,Cyanea crispa,https://ecos.fws.gov/ecp/species/1326,Endangered,Wherever found,03-28-1994
haha,Cyanea dunbariae,https://ecos.fws.gov/ecp/species/5244,Endangered,Wherever found,10-10-1996
haha,Cyanea duvalliorum,https://ecos.fws.gov/ecp/species/9237,Endangered,Wherever found,06-27-2013
haha,Cyanea gibsonii,https://ecos.fws.gov/ecp/species/4024,Endangered,Wherever found,09-20-1991
haha,Cyanea magnicalyx,https://ecos.fws.gov/ecp/species/9239,Endangered,Wherever found,06-27-2013
haha,Cyanea maritae,https://ecos.fws.gov/ecp/species/9240,Endangered,Wherever found,06-27-2013
haha,Cyanea mauiensis,https://ecos.fws.gov/ecp/species/9241,Endangered,Wherever found,06-27-2013
haha,Cyanea munroi,https://ecos.fws.gov/ecp/species/9242,Endangered,Wherever found,06-27-2013
Haha,Cyanea acuminata,https://ecos.fws.gov/ecp/species/6312,Endangered,Wherever found,10-10-1996
Haha,Cyanea asarifolia,https://ecos.fws.gov/ecp/species/738,Endangered,Wherever found,02-25-1994
Haha,Cyanea asplenifolia,https://ecos.fws.gov/ecp/species/7940,Endangered,Wherever found,06-27-2013
Haha,Cyanea calycina,https://ecos.fws.gov/ecp/species/2031,Endangered,Wherever found,10-18-2012
Haha,Cyanea copelandii ssp. copelandii,https://ecos.fws.gov/ecp/species/5832,Endangered,Wherever found,03-04-1994
Haha,Cyanea copelandii ssp. haleakalaensis,https://ecos.fws.gov/ecp/species/4574,Endangered,Wherever found,09-03-1999
Haha,Cyanea dolichopoda,https://ecos.fws.gov/ecp/species/8949,Endangered,Wherever found,05-13-2010
Haha,Cyanea eleeleensis,https://ecos.fws.gov/ecp/species/2166,Endangered,Wherever found,05-13-2010
Haha,Cyanea glabra,https://ecos.fws.gov/ecp/species/7981,Endangered,Wherever found,09-03-1999
Haha,Cyanea grimesiana ssp. grimesiana,https://ecos.fws.gov/ecp/species/851,Endangered,Wherever found,10-10-1996
Haha,Cyanea grimesiana ssp. obatae,https://ecos.fws.gov/ecp/species/1349,Endangered,Wherever found,06-27-1994
Haha,Cyanea hamatiflora ssp. carlsonii,https://ecos.fws.gov/ecp/species/4558,Endangered,Wherever found,03-04-1994
Haha,Cyanea hamatiflora ssp. hamatiflora,https://ecos.fws.gov/ecp/species/7380,Endangered,Wherever found,09-03-1999
Haha,Cyanea humboldtiana,https://ecos.fws.gov/ecp/species/2005,Endangered,Wherever found,10-10-1996
Haha,Cyanea kolekoleensis,https://ecos.fws.gov/ecp/species/8950,Endangered,Wherever found,05-13-2010
Haha,Cyanea koolauensis,https://ecos.fws.gov/ecp/species/7083,Endangered,Wherever found,10-10-1996
Haha,Cyanea kuhihewa,https://ecos.fws.gov/ecp/species/1911,Endangered,Wherever found,05-13-2010
Haha,Cyanea kunthiana,https://ecos.fws.gov/ecp/species/5320,Endangered,Wherever found,06-27-2013
Haha,Cyanea lanceolata,https://ecos.fws.gov/ecp/species/4543,Endangered,Wherever found,10-18-2012
Haha,Cyanea lobata,https://ecos.fws.gov/ecp/species/5829,Endangered,Wherever found,05-15-1992
Haha,Cyanea longiflora,https://ecos.fws.gov/ecp/species/7513,Endangered,Wherever found,10-10-1996
Haha,Cyanea mannii,https://ecos.fws.gov/ecp/species/4595,Endangered,Wherever found,10-08-1992
Haha,Cyanea marksii,https://ecos.fws.gov/ecp/species/4307,Endangered,Wherever found,11-29-2013
Haha,Cyanea mceldowneyi,https://ecos.fws.gov/ecp/species/984,Endangered,Wherever found,05-15-1992
Haha,Cyanea obtusa,https://ecos.fws.gov/ecp/species/2907,Endangered,Wherever found,06-27-2013
Haha,Cyanea pinnatifida,https://ecos.fws.gov/ecp/species/6397,Endangered,Wherever found,10-29-1991
Haha,Cyanea procera,https://ecos.fws.gov/ecp/species/4935,Endangered,Wherever found,10-08-1992
Haha,Cyanea profuga,https://ecos.fws.gov/ecp/species/1854,Endangered,Wherever found,06-27-2013
Haha,Cyanea purpurellifolia,https://ecos.fws.gov/ecp/species/7219,Endangered,Wherever found,10-18-2012
Haha,Cyanea recta,https://ecos.fws.gov/ecp/species/2761,Threatened,Wherever found,10-10-1996
Haha,Cyanea remyi,https://ecos.fws.gov/ecp/species/4688,Endangered,Wherever found,10-10-1996
Haha,Cyanea rivularis,https://ecos.fws.gov/ecp/species/6421,Endangered,Wherever found,10-10-1996
Haha,Cyanea shipmanii,https://ecos.fws.gov/ecp/species/3678,Endangered,Wherever found,03-04-1994
Haha,Cyanea stictophylla,https://ecos.fws.gov/ecp/species/4068,Endangered,Wherever found,03-04-1994
Haha,Cyanea st.-johnii,https://ecos.fws.gov/ecp/species/4273,Endangered,Wherever found,10-10-1996
Haha,Cyanea superba,https://ecos.fws.gov/ecp/species/4451,Endangered,Wherever found,09-11-1991
Haha,Cyanea truncata,https://ecos.fws.gov/ecp/species/876,Endangered,Wherever found,03-28-1994
Haha,Cyanea undulata,https://ecos.fws.gov/ecp/species/276,Endangered,Wherever found,09-20-1991
haha nui,Cyanea horrida,https://ecos.fws.gov/ecp/species/9238,Endangered,Wherever found,06-27-2013
Hahnel's Amazonian swallowtail butterfly,Parides hahneli,https://ecos.fws.gov/ecp/species/1800,Endangered,Wherever found,01-09-2025
Hairy Orcutt grass,Orcuttia pilosa,https://ecos.fws.gov/ecp/species/2262,Endangered,Wherever found,03-26-1997
Hairy rattleweed,Baptisia arachnifera,https://ecos.fws.gov/ecp/species/8029,Endangered,,05-27-1978
Haitian solenodon,Solenodon paradoxus,https://ecos.fws.gov/ecp/species/6328,Endangered,Wherever found,06-02-1970
haiwale,Cyrtandra ferripilosa,https://ecos.fws.gov/ecp/species/9243,Endangered,Wherever found,06-27-2013
haiwale,Cyrtandra nanawaleensis,https://ecos.fws.gov/ecp/species/9492,Endangered,Wherever found,11-29-2013
haiwale,Cyrtandra wagneri,https://ecos.fws.gov/ecp/species/9493,Endangered,Wherever found,11-29-2013
Haiwale,Cyrtandra gracilis,https://ecos.fws.gov/ecp/species/3346,Endangered,Wherever found,10-18-2012
Haiwale,Cyrtandra paliku,https://ecos.fws.gov/ecp/species/8951,Endangered,Wherever found,05-13-2010
Haiwale,Cyrtandra waiolani,https://ecos.fws.gov/ecp/species/4440,Endangered,Wherever found,10-18-2012
Ha`iwale,Cyrtandra crenata,https://ecos.fws.gov/ecp/species/5570,Endangered,Wherever found,03-28-1994
Ha`iwale,Cyrtandra dentata,https://ecos.fws.gov/ecp/species/7580,Endangered,Wherever found,10-10-1996
Ha`iwale,Cyrtandra filipes,https://ecos.fws.gov/ecp/species/8527,Endangered,Wherever found,06-27-2013
Ha`iwale,Cyrtandra giffardii,https://ecos.fws.gov/ecp/species/1460,Endangered,Wherever found,03-04-1994
Ha`iwale,Cyrtandra hematos,https://ecos.fws.gov/ecp/species/3206,Endangered,Wherever found,10-31-2016
Ha`iwale,Cyrtandra kaulantha,https://ecos.fws.gov/ecp/species/4812,Endangered,Wherever found,10-18-2012
Ha`iwale,Cyrtandra kealiae ssp. kealiae,https://ecos.fws.gov/ecp/species/8187,Threatened,Wherever found,02-25-1994
Ha`iwale,Cyrtandra munroi,https://ecos.fws.gov/ecp/species/3347,Endangered,Wherever found,05-15-1992
Ha`iwale,Cyrtandra oenobarba,https://ecos.fws.gov/ecp/species/3164,Endangered,Wherever found,05-13-2010
Ha`iwale,Cyrtandra oxybapha,https://ecos.fws.gov/ecp/species/4937,Endangered,Wherever found,06-27-2013
Ha`iwale,Cyrtandra polyantha,https://ecos.fws.gov/ecp/species/985,Endangered,Wherever found,03-28-1994
Ha`iwale,Cyrtandra sessilis,https://ecos.fws.gov/ecp/species/3591,Endangered,Wherever found,10-18-2012
Ha`iwale,Cyrtandra subumbellata,https://ecos.fws.gov/ecp/species/3463,Endangered,Wherever found,10-10-1996
Ha`iwale,Cyrtandra tintinnabula,https://ecos.fws.gov/ecp/species/5755,Endangered,Wherever found,03-04-1994
Ha`iwale,Cyrtandra viridiflora,https://ecos.fws.gov/ecp/species/8154,Endangered,Wherever found,10-10-1996
Hala pepe,Dracaena fernaldii,https://ecos.fws.gov/ecp/species/6285,Endangered,Wherever found,06-27-2013
Hala pepe,Dracaena forbesii,https://ecos.fws.gov/ecp/species/5965,Endangered,Wherever found,10-18-2012
Hala pepe,Dracaena konaensis,https://ecos.fws.gov/ecp/species/2910,Endangered,Wherever found,10-10-1996
Harperella,Ptilimnium nodosum,https://ecos.fws.gov/ecp/species/3739,Endangered,Wherever found,10-28-1988
Harper's beauty,Harperocallis flava,https://ecos.fws.gov/ecp/species/3735,Endangered,,11-01-1979
Harpy eagle,Harpia harpyja,https://ecos.fws.gov/ecp/species/4743,Endangered,Wherever found,06-14-1976
Harris' mimic swallowtail butterfly,Eurytides lysithous harrisianus,https://ecos.fws.gov/ecp/species/3011,Endangered,Wherever found,01-09-2025
Hartmann's mountain zebra,Equus zebra hartmannae,https://ecos.fws.gov/ecp/species/7393,Threatened,Wherever found,09-20-1979
Hartweg's golden sunburst,Pseudobahia bahiifolia,https://ecos.fws.gov/ecp/species/1704,Endangered,Wherever found,02-06-1997
Hau kuahiwi,Hibiscadelphus giffardianus,https://ecos.fws.gov/ecp/species/3458,Endangered,Wherever found,10-10-1996
Hau kuahiwi,Hibiscadelphus hualalaiensis,https://ecos.fws.gov/ecp/species/1684,Endangered,Wherever found,10-10-1996
Hau kuahiwi,Hibiscadelphus woodii,https://ecos.fws.gov/ecp/species/6704,Endangered,Wherever found,10-10-1996
Hawaii akepa,Loxops coccineus,https://ecos.fws.gov/ecp/species/5714,Endangered,Wherever found,10-13-1970
Hawaiian bluegrass,Poa sandvicensis,https://ecos.fws.gov/ecp/species/6402,Endangered,Wherever found,05-13-1992
Hawaiian common gallinule,Gallinula galeata sandvicensis,https://ecos.fws.gov/ecp/species/6612,Endangered,Wherever found,03-11-1967
Hawaiian coot (alae ke`oke`o),Fulica alai,https://ecos.fws.gov/ecp/species/7233,Endangered,Wherever found,10-13-1970
Hawaiian crow,Corvus hawaiiensis,https://ecos.fws.gov/ecp/species/431,Endangered,Wherever found,03-11-1967
Hawaiian duck,Anas wyvilliana,https://ecos.fws.gov/ecp/species/7712,Endangered,Wherever found,03-11-1967
Hawaiian gardenia,Gardenia brighamii,https://ecos.fws.gov/ecp/species/6853,Endangered,Wherever found,08-21-1985
Hawaiian goose,Branta (=Nesochen) sandvicensis,https://ecos.fws.gov/ecp/species/1627,Threatened,Wherever found,03-11-1967
Hawaiian hoary bat,Lasiurus cinereus semotus,https://ecos.fws.gov/ecp/species/770,Endangered,Wherever found,10-13-1970
Hawaiian monk seal,Monachus schauinslandi,https://ecos.fws.gov/ecp/species/2063,Endangered,Wherever found,12-23-1976
Hawaiian petrel,Pterodroma sandwichensis,https://ecos.fws.gov/ecp/species/6746,Endangered,Wherever found,03-11-1967
Hawaiian picture-wing fly,Drosophila aglaia,https://ecos.fws.gov/ecp/species/212,Endangered,Wherever found,05-09-2006
Hawaiian picture-wing fly,Drosophila differens,https://ecos.fws.gov/ecp/species/217,Endangered,Wherever found,05-09-2006
Hawaiian picture-wing fly,Drosophila digressa,https://ecos.fws.gov/ecp/species/1543,Endangered,Wherever found,11-29-2013
Hawaiian picture-wing fly,Drosophila hemipeza,https://ecos.fws.gov/ecp/species/6812,Endangered,Wherever found,05-09-2006
Hawaiian picture-wing fly,Drosophila heteroneura,https://ecos.fws.gov/ecp/species/7895,Endangered,Wherever found,05-09-2006
Hawaiian picture-wing fly,Drosophila montgomeryi,https://ecos.fws.gov/ecp/species/2595,Endangered,Wherever found,05-09-2006
Hawaiian picture-wing fly,Drosophila mulli,https://ecos.fws.gov/ecp/species/5064,Threatened,Wherever found,05-09-2006
Hawaiian picture-wing fly,Drosophila musaphilia,https://ecos.fws.gov/ecp/species/6808,Endangered,Wherever found,05-09-2006
Hawaiian picture-wing fly,Drosophila neoclavisetae,https://ecos.fws.gov/ecp/species/5761,Endangered,Wherever found,05-09-2006
Hawaiian picture-wing fly,Drosophila obatai,https://ecos.fws.gov/ecp/species/673,Endangered,Wherever found,05-09-2006
Hawaiian picture-wing fly,Drosophila ochrobasis,https://ecos.fws.gov/ecp/species/4161,Endangered,Wherever found,05-09-2006
Hawaiian picture-wing fly,Drosophila sharpi,https://ecos.fws.gov/ecp/species/937,Endangered,Wherever found,05-13-2010
Hawaiian picture-wing fly,Drosophila substenoptera,https://ecos.fws.gov/ecp/species/2243,Endangered,Wherever found,05-09-2006
Hawaiian picture-wing fly,Drosophila tarphytrichia,https://ecos.fws.gov/ecp/species/6666,Endangered,Wherever found,05-09-2006
Hawaiian stilt,Himantopus mexicanus knudseni,https://ecos.fws.gov/ecp/species/2082,Threatened,Wherever found,10-13-1970
Hawaiian vetch,Vicia menziesii,https://ecos.fws.gov/ecp/species/594,Endangered,Wherever found,05-27-1978
Hawaiian yellow-faced bee,Hylaeus kuakea,https://ecos.fws.gov/ecp/species/9008,Endangered,Wherever found,10-31-2016
Hawaiian yellow-faced bee,Hylaeus longiceps,https://ecos.fws.gov/ecp/species/8092,Endangered,Wherever found,10-31-2016
Hawaiian yellow-faced bee,Hylaeus mana,https://ecos.fws.gov/ecp/species/9007,Endangered,Wherever found,10-31-2016
Hawaii creeper,Loxops mana,https://ecos.fws.gov/ecp/species/6587,Endangered,Wherever found,10-28-1975
Hawksbill sea turtle,Eretmochelys imbricata,https://ecos.fws.gov/ecp/species/3656,Endangered,Wherever found,06-02-1970
Hay's Spring amphipod,Stygobromus hayi,https://ecos.fws.gov/ecp/species/8410,Endangered,Wherever found,02-05-1982
"Hayun Iagu (=(Guam), Tronkon guafi (Rota))",Serianthes nelsonii,https://ecos.fws.gov/ecp/species/8521,Endangered,Wherever found,02-18-1987
Heau,Exocarpos luteolus,https://ecos.fws.gov/ecp/species/4070,Endangered,Wherever found,02-25-1994
Heau,Exocarpos menziesii,https://ecos.fws.gov/ecp/species/9607,Endangered,,10-31-2016
Heavy pigtoe,Pleurobema taitianum,https://ecos.fws.gov/ecp/species/298,Endangered,Wherever found,04-07-1987
Heinroth's shearwater,Puffinus heinrothi,https://ecos.fws.gov/ecp/species/7622,Threatened,Wherever found,01-05-2010
Heliotrope milk-vetch,Astragalus montii,https://ecos.fws.gov/ecp/species/7704,Threatened,Wherever found,11-06-1987
Hell Creek Cave crayfish,Cambarus zophonastes,https://ecos.fws.gov/ecp/species/1552,Endangered,Wherever found,04-07-1987
Heller's blazingstar,Liatris helleri,https://ecos.fws.gov/ecp/species/5962,Threatened,Wherever found,11-19-1987
Helmeted honeyeater,Lichenostomus melanops cassidix (=Meliphaga c.),https://ecos.fws.gov/ecp/species/3070,Endangered,Wherever found,12-02-1970
Helmeted hornbill,Buceros (=Rhinoplax) vigil,https://ecos.fws.gov/ecp/species/7113,Endangered,Wherever found,06-14-1976
Helotes mold beetle,Batrisodes venyivi,https://ecos.fws.gov/ecp/species/1149,Endangered,Wherever found,12-26-2000
Hermes copper butterfly,Lycaena hermes,https://ecos.fws.gov/ecp/species/4379,Threatened,Wherever found,01-20-2022
Hickman's potentilla,Potentilla hickmanii,https://ecos.fws.gov/ecp/species/6343,Endangered,Wherever found,08-12-1998
Hierro giant lizard,Gallotia simonyi simonyi,https://ecos.fws.gov/ecp/species/6203,Endangered,Wherever found,02-29-1984
Higgins eye (pearlymussel),Lampsilis higginsii,https://ecos.fws.gov/ecp/species/5428,Endangered,Wherever found,06-14-1976
Highlands scrub hypericum,Hypericum cumulicola,https://ecos.fws.gov/ecp/species/2940,Endangered,,01-21-1987
Higo Chumbo,Harrisia portoricensis,https://ecos.fws.gov/ecp/species/1886,Threatened,Wherever found,08-08-1990
Higuero de sierra,Crescentia portoricensis,https://ecos.fws.gov/ecp/species/6800,Endangered,Wherever found,12-04-1987
Hiko White River springfish,Crenichthys baileyi grandis,https://ecos.fws.gov/ecp/species/7004,Endangered,Wherever found,09-27-1985
Hilaris yellow-faced bee,Hylaeus hilaris,https://ecos.fws.gov/ecp/species/5878,Endangered,Wherever found,10-31-2016
Hillebrand's reedgrass,Calamagrostis hillebrandii,https://ecos.fws.gov/ecp/species/1913,Endangered,Wherever found,06-27-2013
Hilo ischaemum,Ischaemum byrone,https://ecos.fws.gov/ecp/species/3903,Endangered,Wherever found,03-04-1994
Hinckley oak,Quercus hinckleyi,https://ecos.fws.gov/ecp/species/7060,Threatened,Wherever found,08-26-1988
Hine's emerald dragonfly,Somatochlora hineana,https://ecos.fws.gov/ecp/species/7877,Endangered,Wherever found,01-26-1995
Hispid hare,Caprolagus hispidus,https://ecos.fws.gov/ecp/species/4052,Endangered,Wherever found,06-14-1976
Hoawa,Pittosporum halophilum,https://ecos.fws.gov/ecp/species/3905,Endangered,Wherever found,06-27-2013
Hoawa,Pittosporum hawaiiense,https://ecos.fws.gov/ecp/species/402,Endangered,Wherever found,11-29-2013
Ho`awa,Pittosporum napaliense,https://ecos.fws.gov/ecp/species/6873,Endangered,Wherever found,05-13-2010
Hoffmann's rock-cress,Arabis hoffmannii,https://ecos.fws.gov/ecp/species/5909,Endangered,Wherever found,07-31-1997
Hoffmann's slender-flowered gilia,Gilia tenuiflora ssp. hoffmannii,https://ecos.fws.gov/ecp/species/968,Endangered,Wherever found,07-31-1997
Hohiu,Dryopteris glabra var. pusilla,https://ecos.fws.gov/ecp/species/8583,Endangered,Wherever found,10-31-2016
Holei,Ochrosia haleakalae,https://ecos.fws.gov/ecp/species/884,Endangered,Wherever found,10-31-2016
Holei,Ochrosia kilaueaensis,https://ecos.fws.gov/ecp/species/5248,Endangered,Wherever found,03-04-1994
Holmgren milk-vetch,Astragalus holmgreniorum,https://ecos.fws.gov/ecp/species/4590,Endangered,Wherever found,09-28-2001
Holy Ghost ipomopsis,Ipomopsis sancti-spiritus,https://ecos.fws.gov/ecp/species/8231,Endangered,Wherever found,03-23-1994
Homerus swallowtail butterfly,Papilio homerus,https://ecos.fws.gov/ecp/species/7563,Endangered,Wherever found,01-14-1993
Honduran emerald hummingbird,Amazilia luciae,https://ecos.fws.gov/ecp/species/9009,Endangered,Wherever found,08-28-2015
Honohono,Haplostachys haplostachya,https://ecos.fws.gov/ecp/species/5815,Endangered,Wherever found,11-29-1979
Hooded Crane,Grus monacha,https://ecos.fws.gov/ecp/species/7638,Endangered,Wherever found,12-02-1970
Hook-billed hermit (hummingbird),Ramphodon (=Glaucis) dohrnii,https://ecos.fws.gov/ecp/species/3852,Endangered,Wherever found,06-14-1976
Hoover's spurge,Chamaesyce hooveri,https://ecos.fws.gov/ecp/species/3019,Threatened,Wherever found,03-26-1997
Horned guan,Oreophasis derbianus,https://ecos.fws.gov/ecp/species/7818,Endangered,Wherever found,06-02-1970
Houghton's goldenrod,Solidago houghtonii,https://ecos.fws.gov/ecp/species/5219,Threatened,Wherever found,07-18-1988
Houston toad,Bufo houstonensis,https://ecos.fws.gov/ecp/species/2206,Endangered,Wherever found,10-13-1970
Howell's spectacular thelypody,Thelypodium howellii ssp. spectabilis,https://ecos.fws.gov/ecp/species/1197,Threatened,Wherever found,05-26-1999
Howell's spineflower,Chorizanthe howellii,https://ecos.fws.gov/ecp/species/7607,Endangered,Wherever found,06-22-1992
Huachuca water-umbel,Lilaeopsis schaffneriana var. recurva,https://ecos.fws.gov/ecp/species/1201,Endangered,Wherever found,01-06-1997
Hulumoa,Korthalsella degeneri,https://ecos.fws.gov/ecp/species/1353,Endangered,Wherever found,10-18-2012
Humboldt penguin,Spheniscus humboldti,https://ecos.fws.gov/ecp/species/3378,Threatened,Wherever found,09-02-2010
Humpback chub,Gila cypha,https://ecos.fws.gov/ecp/species/3930,Threatened,Wherever found,03-11-1967
Humpback whale,Megaptera novaeangliae,https://ecos.fws.gov/ecp/species/7720,Threatened,Mexico DPS,06-02-1970
Humpback whale,Megaptera novaeangliae,https://ecos.fws.gov/ecp/species/7720,Endangered,Central America DPS,06-02-1970
Humpback whale,Megaptera novaeangliae,https://ecos.fws.gov/ecp/species/7720,Endangered,Cape Verde Island/Northwest Africa,06-02-1970
Humpback whale,Megaptera novaeangliae,https://ecos.fws.gov/ecp/species/7720,Endangered,Arabian Sea DPS,06-02-1970
Humpback whale,Megaptera novaeangliae,https://ecos.fws.gov/ecp/species/7720,Endangered,Western North Pacific,06-02-1970
Humped tree snail,Partula gibba,https://ecos.fws.gov/ecp/species/61,Endangered,Wherever found,11-02-2015
Hungerford's crawling water Beetle,Brychius hungerfordi,https://ecos.fws.gov/ecp/species/6123,Endangered,Wherever found,03-07-1994
Hutton tui chub,Gila bicolor ssp.,https://ecos.fws.gov/ecp/species/6210,Threatened,Wherever found,03-28-1985
Hyacinth macaw,Anodorhynchus hyacinthinus,https://ecos.fws.gov/ecp/species/9019,Threatened,Wherever found,09-12-2018
Ibadan malimbe,Malimbus ibadanensis,https://ecos.fws.gov/ecp/species/763,Endangered,Wherever found,01-12-1995
Ibiza wall lizard,Podarcis pityusensis,https://ecos.fws.gov/ecp/species/4767,Threatened,Wherever found,02-29-1984
Ihi,Portulaca villosa,https://ecos.fws.gov/ecp/species/4886,Endangered,Wherever found,10-31-2016
Ihi`ihi,Marsilea villosa,https://ecos.fws.gov/ecp/species/2169,Endangered,Wherever found,06-22-1992
`I`iwi,Drepanis coccinea,https://ecos.fws.gov/ecp/species/9076,Threatened,Wherever found,10-20-2017
Ikan temoleh (minnow),Probarbus jullieni,https://ecos.fws.gov/ecp/species/4824,Endangered,Wherever found,06-14-1976
Illinois cave amphipod,Gammarus acherondytes,https://ecos.fws.gov/ecp/species/8412,Endangered,Wherever found,09-03-1998
Imperial parrot,Amazona imperialis,https://ecos.fws.gov/ecp/species/5510,Endangered,Wherever found,06-02-1970
Imperial pheasant,Lophura imperialis,https://ecos.fws.gov/ecp/species/1818,Endangered,Wherever found,06-02-1970
Imperial woodpecker,Campephilus imperialis,https://ecos.fws.gov/ecp/species/1819,Endangered,Wherever found,06-02-1970
Inagua Island turtle,Trachemys stejnegeri malonei,https://ecos.fws.gov/ecp/species/2667,Endangered,Wherever found,09-30-1991
Independence Valley speckled dace,Rhinichthys osculus lethoporus,https://ecos.fws.gov/ecp/species/1982,Endangered,Wherever found,10-10-1989
Indiana bat,Myotis sodalis,https://ecos.fws.gov/ecp/species/5949,Endangered,Wherever found,03-11-1967
Indian (=Bengal) monitor,Varanus bengalensis,https://ecos.fws.gov/ecp/species/2989,Endangered,Wherever found,06-14-1976
Indian Knob mountainbalm,Eriodictyon altissimum,https://ecos.fws.gov/ecp/species/1261,Endangered,Wherever found,12-15-1994
Indian python,Python molurus molurus,https://ecos.fws.gov/ecp/species/4478,Endangered,Wherever found,06-14-1976
Indian sawback turtle,Kachuga tecta tecta,https://ecos.fws.gov/ecp/species/7251,Endangered,Wherever found,06-14-1976
Indian softshell turtle,Trionyx gangeticus,https://ecos.fws.gov/ecp/species/2067,Endangered,Wherever found,06-14-1976
Indigo macaw,Anodorhynchus leari,https://ecos.fws.gov/ecp/species/1630,Endangered,Wherever found,06-14-1976
Indochina hog deer,Axis porcinus annamiticus,https://ecos.fws.gov/ecp/species/6621,Endangered,Wherever found,06-14-1976
Indri lemur,Indri indri,https://ecos.fws.gov/ecp/species/3641,Endangered,Wherever found,06-02-1970
Inflated heelsplitter,Potamilus inflatus,https://ecos.fws.gov/ecp/species/7286,Threatened,Wherever found,09-28-1990
Interrupted (=Georgia) Rocksnail,Leptoxis foremani,https://ecos.fws.gov/ecp/species/7019,Endangered,Wherever found,12-02-2010
Inyo California towhee,Melozone crissalis eremophilus,https://ecos.fws.gov/ecp/species/3912,Threatened,Wherever found,08-03-1987
Ione (incl. Irish Hill) buckwheat,Eriogonum apricum (incl. var. prostratum),https://ecos.fws.gov/ecp/species/8301,Endangered,Wherever found,05-26-1999
Ione manzanita,Arctostaphylos myrtifolia,https://ecos.fws.gov/ecp/species/1806,Threatened,Wherever found,05-26-1999
Iowa Pleistocene snail,Discus macclintocki,https://ecos.fws.gov/ecp/species/534,Endangered,Wherever found,08-02-1978
Iriomote cat,Prionailurus (=Felis) bengalensis iriomotensis,https://ecos.fws.gov/ecp/species/2885,Endangered,Wherever found,07-27-1979
Island Barberry,Berberis pinnata ssp. insularis,https://ecos.fws.gov/ecp/species/5197,Endangered,Wherever found,07-31-1997
Island Grouper,Mycteroperca fusca,https://ecos.fws.gov/ecp/species/10797,Threatened,,
Island malacothrix,Malacothrix squalida,https://ecos.fws.gov/ecp/species/1211,Endangered,Wherever found,07-31-1997
Island marble Butterfly,Euchloe ausonides insulanus,https://ecos.fws.gov/ecp/species/3285,Endangered,Wherever found,06-04-2020
island phacelia,Phacelia insularis ssp. insularis,https://ecos.fws.gov/ecp/species/189,Endangered,Wherever found,07-31-1997
Island rush-rose,Helianthemum greenei,https://ecos.fws.gov/ecp/species/6338,Threatened,Wherever found,07-31-1997
Israel painted frog,Discoglossus nigriventer,https://ecos.fws.gov/ecp/species/1242,Endangered,Wherever found,06-02-1970
Ivory-billed woodpecker,Campephilus principalis,https://ecos.fws.gov/ecp/species/8230,Endangered,Wherever found,03-11-1967
Ivory Ornamental Tarantula,Poecilotheria subfusca,https://ecos.fws.gov/ecp/species/9115,Endangered,Wherever found,08-30-2018
Jaguar,Panthera onca,https://ecos.fws.gov/ecp/species/3944,Endangered,Wherever found,03-28-1972
Jamaican boa,Epicrates subflavus,https://ecos.fws.gov/ecp/species/7274,Endangered,Wherever found,06-02-1970
Jamaican iguana,Cyclura collei,https://ecos.fws.gov/ecp/species/2071,Endangered,Wherever found,06-22-1983
James spinymussel,Parvaspina collina,https://ecos.fws.gov/ecp/species/2212,Endangered,Wherever found,07-22-1988
Japanese Crane,Grus japonensis,https://ecos.fws.gov/ecp/species/432,Endangered,Wherever found,06-02-1970
Japanese crested ibis,Nipponia nippon,https://ecos.fws.gov/ecp/species/1758,Endangered,Wherever found,06-02-1970
Japanese giant salamander,Andrias japonicus (=davidianus j.),https://ecos.fws.gov/ecp/species/6373,Endangered,Wherever found,06-14-1976
Japanese macaque,Macaca fuscata,https://ecos.fws.gov/ecp/species/639,Threatened,Wherever found,10-19-1976
Javan rhinoceros,Rhinoceros sondaicus,https://ecos.fws.gov/ecp/species/3511,Endangered,"Sikkim, Thailand, Malaysia, Indonesia, Indochina, Burma, Bangladesh",06-02-1970
Jemez Mountains salamander,Plethodon neomexicanus,https://ecos.fws.gov/ecp/species/4095,Endangered,Wherever found,10-10-2013
Jentink's duiker,Cephalophus jentinki,https://ecos.fws.gov/ecp/species/3653,Endangered,Wherever found,07-27-1979
Jerdon's courser,Rhinoptilus bitorquatus,https://ecos.fws.gov/ecp/species/7269,Endangered,Wherever found,09-12-2011
Jesup's milk-vetch,Astragalus robbinsii var. jesupii,https://ecos.fws.gov/ecp/species/388,Endangered,Wherever found,06-05-1987
Jollyville Plateau Salamander,Eurycea tonkawae,https://ecos.fws.gov/ecp/species/3116,Threatened,Wherever found,09-19-2013
Jones Cycladenia,Cycladenia humilis var. jonesii,https://ecos.fws.gov/ecp/species/3336,Threatened,Wherever found,05-05-1986
June sucker,Chasmistes liorus,https://ecos.fws.gov/ecp/species/4133,Threatened,Wherever found,03-31-1986
Junin grebe,Podiceps taczanowskii,https://ecos.fws.gov/ecp/species/2977,Endangered,Wherever found,07-24-2012
Junin rail,Laterallus tuerosi,https://ecos.fws.gov/ecp/species/7718,Endangered,Wherever found,07-24-2012
Kabul (straight-horned) markhor,Capra falconeri megaceros,https://ecos.fws.gov/ecp/species/3514,Threatened,Wherever found,10-07-2014
Kaempfer's tody-tyrant,Hemitriccus kaempferi,https://ecos.fws.gov/ecp/species/5717,Endangered,Wherever found,01-27-2011
Kagu,Rhynochetos jubatus,https://ecos.fws.gov/ecp/species/6585,Endangered,Wherever found,06-02-1970
Kakapo,Strigops habroptilus,https://ecos.fws.gov/ecp/species/7263,Endangered,Wherever found,06-02-1970
Kaluga sturgeon,Huso dauricus,https://ecos.fws.gov/ecp/species/9748,Endangered,Wherever found,09-04-2014
Kamakahala,Labordia cyrtandrae,https://ecos.fws.gov/ecp/species/1278,Endangered,Wherever found,10-10-1996
Kamakahala,Labordia helleri,https://ecos.fws.gov/ecp/species/110,Endangered,Wherever found,05-13-2010
Kamakahala,Labordia lydgatei,https://ecos.fws.gov/ecp/species/5360,Endangered,Wherever found,09-20-1991
Kamakahala,Labordia pumila,https://ecos.fws.gov/ecp/species/3209,Endangered,Wherever found,05-13-2010
Kamakahala,Labordia tinifolia var. lanaiensis,https://ecos.fws.gov/ecp/species/4664,Endangered,Wherever found,09-03-1999
Kamakahala,Labordia tinifolia var. wahiawaensis,https://ecos.fws.gov/ecp/species/4604,Endangered,Wherever found,10-10-1996
Kamakahala,Labordia triflora,https://ecos.fws.gov/ecp/species/5928,Endangered,Wherever found,09-03-1999
Kamanomano,Cenchrus agrimonioides,https://ecos.fws.gov/ecp/species/2928,Endangered,Wherever found,10-10-1996
Kamapua`a,Kadua fluviatilis,https://ecos.fws.gov/ecp/species/1581,Endangered,Wherever found,10-31-2016
Kandy Parachute Spider,Poecilotheria smithi,https://ecos.fws.gov/ecp/species/9113,Endangered,Wherever found,08-30-2018
Karner blue butterfly,Lycaeides melissa samuelis,https://ecos.fws.gov/ecp/species/6656,Endangered,Wherever found,12-14-1992
Kashmir stag,Cervus elaphus hanglu,https://ecos.fws.gov/ecp/species/1478,Endangered,Wherever found,06-02-1970
Kauai cave amphipod,Spelaeorchestia koloana,https://ecos.fws.gov/ecp/species/5766,Endangered,Wherever found,01-14-2000
Kauai cave wolf or pe'e pe'e maka 'ole spider,Adelocosa anops,https://ecos.fws.gov/ecp/species/7122,Endangered,Wherever found,01-14-2000
Kauai hau kuahiwi,Hibiscadelphus distans,https://ecos.fws.gov/ecp/species/5816,Endangered,Wherever found,04-29-1986
Kauila,Colubrina oppositifolia,https://ecos.fws.gov/ecp/species/850,Endangered,Wherever found,03-04-1994
Kaulu,Pteralyxia kauaiensis,https://ecos.fws.gov/ecp/species/2943,Endangered,Wherever found,02-25-1994
Kaulu,Pteralyxia macrocarpa,https://ecos.fws.gov/ecp/species/2400,Endangered,Wherever found,10-18-2012
Kearney's blue-star,Amsonia kearneyana,https://ecos.fws.gov/ecp/species/7485,Endangered,Wherever found,01-19-1989
Keck's Checker-mallow,Sidalcea keckii,https://ecos.fws.gov/ecp/species/5704,Endangered,Wherever found,02-16-2000
Kemp's ridley sea turtle,Lepidochelys kempii,https://ecos.fws.gov/ecp/species/5523,Endangered,Wherever found,12-02-1970
Kendall Warm Springs dace,Rhinichthys osculus thermalis,https://ecos.fws.gov/ecp/species/7283,Endangered,Wherever found,10-13-1970
Kentucky arrow darter,Etheostoma spilotum,https://ecos.fws.gov/ecp/species/9063,Threatened,Wherever found,11-04-2016
Kentucky cave shrimp,Palaemonias ganteri,https://ecos.fws.gov/ecp/species/5008,Endangered,Wherever found,10-12-1983
Kentucky glade cress,Leavenworthia exigua laciniata,https://ecos.fws.gov/ecp/species/698,Threatened,Wherever found,06-05-2014
Kenwood Marsh checker-mallow,Sidalcea oregana ssp. valida,https://ecos.fws.gov/ecp/species/1622,Endangered,Wherever found,10-22-1997
Kern mallow,Eremalche kernensis,https://ecos.fws.gov/ecp/species/1731,Endangered,Wherever found,07-19-1990
Kern primrose sphinx moth,Euproserpinus euterpe,https://ecos.fws.gov/ecp/species/7881,Threatened,Wherever found,04-08-1980
Key deer,Odocoileus virginianus clavium,https://ecos.fws.gov/ecp/species/6326,Endangered,Wherever found,03-11-1967
Key Largo cotton mouse,Peromyscus gossypinus allapaticola,https://ecos.fws.gov/ecp/species/7246,Endangered,Wherever found,09-21-1983
Key Largo woodrat,Neotoma floridana smalli,https://ecos.fws.gov/ecp/species/3921,Endangered,Wherever found,09-21-1983
Key ring-necked snake,Diadophis punctatus acricus,https://ecos.fws.gov/ecp/species/6768,Endangered,Wherever found,08-20-2026
Key tree cactus,Pilosocereus robinii,https://ecos.fws.gov/ecp/species/2520,Endangered,,07-19-1984
Killer whale,Orcinus orca,https://ecos.fws.gov/ecp/species/3380,Endangered,Southern Resident DPS See 50 CFR 224.101,02-16-2006
Kincaid's Lupine,Lupinus sulphureus ssp. kincaidii,https://ecos.fws.gov/ecp/species/3747,Threatened,Wherever found,01-25-2000
Kio`ele,Kadua coriacea,https://ecos.fws.gov/ecp/species/5504,Endangered,Wherever found,05-15-1992
Kiponapona,Phyllostegia racemosa,https://ecos.fws.gov/ecp/species/5226,Endangered,Wherever found,10-10-1996
Kneeland Prairie penny-cress,Thlaspi californicum,https://ecos.fws.gov/ecp/species/3743,Endangered,Wherever found,02-09-2000
Knieskern's Beaked-rush,Rhynchospora knieskernii,https://ecos.fws.gov/ecp/species/3280,Threatened,Wherever found,07-18-1991
Knowlton's cactus,Pediocactus knowltonii,https://ecos.fws.gov/ecp/species/1590,Endangered,Wherever found,11-28-1979
Koala,Phascolarctos cinereus,https://ecos.fws.gov/ecp/species/774,Threatened,Australia,05-09-2000
Koch's pitta,Pitta kochi,https://ecos.fws.gov/ecp/species/6036,Endangered,Wherever found,06-14-1976
Kodachrome bladderpod,Lesquerella tumulosa,https://ecos.fws.gov/ecp/species/6356,Endangered,Wherever found,10-06-1993
Kohe malama malama o Kanaloa,Kanaloa kahoolawensis,https://ecos.fws.gov/ecp/species/8191,Endangered,Wherever found,09-03-1999
Koholapehu,Dubautia latifolia,https://ecos.fws.gov/ecp/species/1070,Endangered,Wherever found,05-13-1992
Kokako (wattlebird),Callaeas cinerea,https://ecos.fws.gov/ecp/species/7953,Endangered,Wherever found,06-02-1970
Koki`o,Kokia cookei,https://ecos.fws.gov/ecp/species/2459,Endangered,Wherever found,11-29-1979
Koki`o,Kokia drynarioides,https://ecos.fws.gov/ecp/species/4718,Endangered,Wherever found,12-04-1984
Koki`o,Kokia kauaiensis,https://ecos.fws.gov/ecp/species/8488,Endangered,Wherever found,10-10-1996
Koki`o ke`oke`o,Hibiscus arnottianus ssp. immaculatus,https://ecos.fws.gov/ecp/species/5708,Endangered,Wherever found,10-08-1992
Koki`o ke`oke`o,Hibiscus waimeae ssp. hannerae,https://ecos.fws.gov/ecp/species/5364,Endangered,Wherever found,10-10-1996
Kolea,Myrsine fosbergii,https://ecos.fws.gov/ecp/species/7358,Endangered,Wherever found,10-31-2016
Kolea,Myrsine juddii,https://ecos.fws.gov/ecp/species/7073,Endangered,Wherever found,10-10-1996
Kolea,Myrsine knudsenii,https://ecos.fws.gov/ecp/species/8957,Endangered,Wherever found,05-13-2010
Kolea,Myrsine linearifolia,https://ecos.fws.gov/ecp/species/2921,Threatened,Wherever found,10-10-1996
Kolea,Myrsine mezii,https://ecos.fws.gov/ecp/species/1281,Endangered,Wherever found,05-13-2010
Kolea,Myrsine vaccinioides,https://ecos.fws.gov/ecp/species/1903,Endangered,Wherever found,06-27-2013
Komodo Island monitor,Varanus komodoensis,https://ecos.fws.gov/ecp/species/6201,Endangered,Wherever found,06-14-1976
kookoolau,Bidens hillebrandiana ssp. hillebrandiana,https://ecos.fws.gov/ecp/species/9491,Endangered,Wherever found,11-29-2013
Ko`oko`olau,Bidens amplectens,https://ecos.fws.gov/ecp/species/6313,Endangered,Wherever found,10-18-2012
Ko`oko`olau,Bidens campylotheca ssp. pentamera,https://ecos.fws.gov/ecp/species/1897,Endangered,Wherever found,06-27-2013
Ko`oko`olau,Bidens campylotheca ssp. waihoiensis,https://ecos.fws.gov/ecp/species/6450,Endangered,Wherever found,06-27-2013
Ko`oko`olau,Bidens conjuncta,https://ecos.fws.gov/ecp/species/5024,Endangered,Wherever found,06-27-2013
Ko`oko`olau,Bidens micrantha ssp. ctenophylla,https://ecos.fws.gov/ecp/species/1585,Endangered,Wherever found,11-29-2013
Ko`oko`olau,Bidens micrantha ssp. kalealaha,https://ecos.fws.gov/ecp/species/7697,Endangered,Wherever found,05-15-1992
Ko`oko`olau,Bidens wiebkei,https://ecos.fws.gov/ecp/species/1451,Endangered,Wherever found,10-08-1992
Ko`oloa`ula,Abutilon menziesii,https://ecos.fws.gov/ecp/species/3268,Endangered,Wherever found,09-26-1986
kopa,Kadua cordata remyi,https://ecos.fws.gov/ecp/species/6016,Endangered,Wherever found,09-03-1999
Kopiko,Psychotria grandiflora,https://ecos.fws.gov/ecp/species/6855,Endangered,Wherever found,05-13-2010
Kopiko,Psychotria hexandra var. oahuensis,https://ecos.fws.gov/ecp/species/3374,Endangered,Wherever found,10-18-2012
Kopiko,Psychotria hobdyi,https://ecos.fws.gov/ecp/species/8490,Endangered,Wherever found,05-13-2010
Koster's springsnail,Juturnia kosteri,https://ecos.fws.gov/ecp/species/3126,Endangered,Wherever found,08-09-2005
Kouprey,Bos sauveli,https://ecos.fws.gov/ecp/species/5116,Endangered,Wherever found,06-02-1970
Kral's water-plantain,Sagittaria secundifolia,https://ecos.fws.gov/ecp/species/8235,Threatened,Wherever found,04-13-1990
Kretschmarr Cave mold beetle,Texamaurops reddelli,https://ecos.fws.gov/ecp/species/3140,Endangered,Wherever found,09-16-1988
Kuahiwi laukahi,Plantago hawaiensis,https://ecos.fws.gov/ecp/species/3749,Endangered,Wherever found,03-04-1994
Kuahiwi laukahi,Plantago princeps,https://ecos.fws.gov/ecp/species/4926,Endangered,Wherever found,11-10-1994
Kuawawaenohu,Schiedea lychnoides,https://ecos.fws.gov/ecp/species/7988,Endangered,Wherever found,10-10-1996
Kuenzler hedgehog cactus,Echinocereus fendleri var. kuenzleri,https://ecos.fws.gov/ecp/species/2859,Threatened,Wherever found,11-28-1979
Kuhl's (=Bawean) deer,Axis porcinus kuhli,https://ecos.fws.gov/ecp/species/1926,Endangered,Wherever found,06-02-1970
Kulu`i,Nototrichium humile,https://ecos.fws.gov/ecp/species/1001,Endangered,Wherever found,10-29-1991
Kupukupu makali`i,Menisciopsis boydiae,https://ecos.fws.gov/ecp/species/4692,Endangered,Wherever found,10-31-2016
Lacy elimia (snail),Elimia crenatella,https://ecos.fws.gov/ecp/species/5052,Threatened,Wherever found,10-28-1998
La Graciosa thistle,Cirsium loncholepis,https://ecos.fws.gov/ecp/species/6547,Endangered,Wherever found,03-20-2000
Laguna Beach liveforever,Dudleya stolonifera,https://ecos.fws.gov/ecp/species/7919,Threatened,Wherever found,10-13-1998
Laguna Mountains skipper,Pyrgus ruralis lagunae,https://ecos.fws.gov/ecp/species/6237,Endangered,Wherever found,01-16-1997
Lahontan cutthroat trout,Oncorhynchus clarkii henshawi,https://ecos.fws.gov/ecp/species/3964,Threatened,Wherever found,10-13-1970
Lake County stonecrop,Parvisedum leiocarpum,https://ecos.fws.gov/ecp/species/2263,Endangered,Wherever found,06-18-1997
Lakela's mint,Dicerandra immaculata,https://ecos.fws.gov/ecp/species/6390,Endangered,,05-15-1985
Lakeside daisy,Hymenoxys herbacea,https://ecos.fws.gov/ecp/species/3615,Threatened,Wherever found,06-23-1988
Lanai sandalwood (=`iliahi),Santalum haleakalae var. lanaiense,https://ecos.fws.gov/ecp/species/3282,Endangered,Wherever found,01-24-1986
Lanai tree snail,Partulina semicarinata,https://ecos.fws.gov/ecp/species/5895,Endangered,Wherever found,06-27-2013
Lanai tree snail,Partulina variabilis,https://ecos.fws.gov/ecp/species/8256,Endangered,Wherever found,06-27-2013
Lane Mountain milk-vetch,Astragalus jaegerianus,https://ecos.fws.gov/ecp/species/5775,Endangered,Wherever found,10-06-1998
Lange's metalmark butterfly,Apodemia mormo langei,https://ecos.fws.gov/ecp/species/4382,Endangered,Wherever found,06-08-1976
Langford's tree snail,Partula langfordi,https://ecos.fws.gov/ecp/species/326,Endangered,Wherever found,11-02-2015
Large desert marsupial-mouse,Sminthopsis psammophila,https://ecos.fws.gov/ecp/species/4108,Endangered,Wherever found,12-02-1970
Large-eared hutia,Capromys auritus,https://ecos.fws.gov/ecp/species/6623,Endangered,Wherever found,05-16-1986
Large-flowered fiddleneck,Amsinckia grandiflora,https://ecos.fws.gov/ecp/species/5558,Endangered,Wherever found,05-08-1985
Large-flowered skullcap,Scutellaria montana,https://ecos.fws.gov/ecp/species/4721,Threatened,Wherever found,06-20-1986
Large-flowered woolly meadowfoam,Limnanthes pumila ssp. grandiflora,https://ecos.fws.gov/ecp/species/1090,Endangered,Wherever found,11-07-2002
Large-fruited sand-verbena,Abronia macrocarpa,https://ecos.fws.gov/ecp/species/1882,Endangered,Wherever found,09-28-1988
Largetooth Sawfish,Pristis pristis,https://ecos.fws.gov/ecp/species/9741,Endangered,Wherever found,07-23-2014
Lar Valley viper,Vipera latifii,https://ecos.fws.gov/ecp/species/46,Endangered,Wherever found,06-22-1983
Lassics lupine,Lupinus constancei,https://ecos.fws.gov/ecp/species/7976,Endangered,,11-06-2023
Last Chance townsendia,Townsendia aprica,https://ecos.fws.gov/ecp/species/2897,Threatened,Wherever found,08-21-1985
Lau `ehu,Panicum niihauense,https://ecos.fws.gov/ecp/species/252,Endangered,Wherever found,10-10-1996
Laulihilihi,Schiedea stellarioides,https://ecos.fws.gov/ecp/species/418,Endangered,Wherever found,10-10-1996
Laurel dace,Chrosomus saylori,https://ecos.fws.gov/ecp/species/1194,Endangered,Wherever found,09-08-2011
Layne's butterweed,Senecio layneae,https://ecos.fws.gov/ecp/species/4062,Threatened,Wherever found,10-18-1996
Laysan duck,Anas laysanensis,https://ecos.fws.gov/ecp/species/2081,Endangered,Wherever found,03-11-1967
Laysan finch,Telespiza cantans,https://ecos.fws.gov/ecp/species/6031,Endangered,Wherever found,03-11-1967
Leadbeater's Possum,Gymnobelideus leadbeateri,https://ecos.fws.gov/ecp/species/640,Endangered,Wherever found,05-16-1986
Leafy prairie-clover,Dalea foliosa,https://ecos.fws.gov/ecp/species/5498,Endangered,,05-01-1991
Least Bell's vireo,Vireo bellii pusillus,https://ecos.fws.gov/ecp/species/5945,Endangered,Wherever found,05-02-1986
Leatherback sea turtle,Dermochelys coriacea,https://ecos.fws.gov/ecp/species/1493,Endangered,Wherever found,06-02-1970
Lee County cave isopod,Lirceus usdagalun,https://ecos.fws.gov/ecp/species/1550,Endangered,Wherever found,11-20-1992
Leedy's roseroot,Rhodiola integrifolia ssp. leedyi,https://ecos.fws.gov/ecp/species/285,Threatened,Wherever found,04-22-1992
Lee pincushion cactus,Coryphantha sneedii var. leei,https://ecos.fws.gov/ecp/species/2504,Threatened,Wherever found,11-26-1979
lehua makanoe,Lysimachia daphnoides,https://ecos.fws.gov/ecp/species/3180,Endangered,Wherever found,05-13-2010
Lemurs,"Lemuridae (incl. genera Lemur, Phaner, Hapalemur, Lepilemur, Microcebus, Allocebus, Cheirogaleus, Varecia)",https://ecos.fws.gov/ecp/species/3240,Endangered,Wherever found,06-02-1970
Leon Springs pupfish,Cyprinodon bovinus,https://ecos.fws.gov/ecp/species/1135,Endangered,Wherever found,08-15-1980
Leopard,Panthera pardus,https://ecos.fws.gov/ecp/species/156,Threatened,"In Africa, in the wild, south of, and including, the following countries: Gabon, Congo, Zaire, Uganda, Kenya",01-28-1982
Leopard,Panthera pardus,https://ecos.fws.gov/ecp/species/156,Endangered,"Wherever found, except where it is listed as Threatened",06-02-1970
Leopard cat,Prionailurus (=Felis) bengalensis bengalensis,https://ecos.fws.gov/ecp/species/637,Endangered,Wherever found,06-14-1976
Leopard darter,Percina pantherina,https://ecos.fws.gov/ecp/species/8470,Threatened,Wherever found,02-27-1978
Lesser rabbit bandicoot,Macrotis leucura,https://ecos.fws.gov/ecp/species/6185,Endangered,Wherever found,12-02-1970
Lesser rhea (incl. Darwin's),Rhea (=Pterocnemia) pennata,https://ecos.fws.gov/ecp/species/150,Endangered,Wherever found,06-02-1970
Lesser slow loris,Nycticebus pygmaeus,https://ecos.fws.gov/ecp/species/3241,Threatened,Wherever found,10-19-1976
Lesueur's rat-kangaroo,Bettongia lesueur,https://ecos.fws.gov/ecp/species/611,Endangered,Wherever found,12-02-1970
Lewton's polygala,Polygala lewtonii,https://ecos.fws.gov/ecp/species/6688,Endangered,,04-27-1993
L'hoest's monkey,Cercopithecus lhoesti,https://ecos.fws.gov/ecp/species/6599,Endangered,Wherever found,10-19-1976
Light-footed Ridgway's rail,Rallus obsoletus levipes,https://ecos.fws.gov/ecp/species/6035,Endangered,Wherever found,10-13-1970
Liliwai,Acaena exigua,https://ecos.fws.gov/ecp/species/7600,Endangered,Wherever found,05-15-1992
Lion,Panthera leo ssp. leo,https://ecos.fws.gov/ecp/species/9138,Endangered,Wherever found,01-22-2016
Lion,Panthera leo ssp. melanochaita,https://ecos.fws.gov/ecp/species/9519,Threatened,Wherever found,01-22-2016
Lion-tailed macaque,Macaca silenus,https://ecos.fws.gov/ecp/species/4081,Endangered,Wherever found,06-02-1970
Little Aguja (=Creek) Pondweed,Potamogeton clystocarpus,https://ecos.fws.gov/ecp/species/8181,Endangered,Wherever found,11-14-1991
Little amphianthus,Amphianthus pusillus,https://ecos.fws.gov/ecp/species/6445,Threatened,Wherever found,02-05-1988
Little blue macaw,Cyanopsitta spixii,https://ecos.fws.gov/ecp/species/4046,Endangered,Wherever found,06-14-1976
Little Colorado spinedace,Lepidomeda vittata,https://ecos.fws.gov/ecp/species/6640,Threatened,Wherever found,03-11-1967
Little earth hutia,Capromys sanfelipensis,https://ecos.fws.gov/ecp/species/4492,Endangered,Wherever found,05-16-1986
Little Kern golden trout,Oncorhynchus aguabonita whitei,https://ecos.fws.gov/ecp/species/5041,Threatened,Wherever found,05-15-1978
Little planigale,Planigale ingrami subtilissima,https://ecos.fws.gov/ecp/species/4616,Endangered,Wherever found,12-02-1970
Littlewing pearlymussel,Pegias fabula,https://ecos.fws.gov/ecp/species/2572,Endangered,Wherever found,11-14-1988
Llanero Coqui,Eleutherodactylus juanariveroi,https://ecos.fws.gov/ecp/species/8681,Endangered,Wherever found,10-04-2012
Lloyd's Mariposa cactus,Sclerocactus mariposensis,https://ecos.fws.gov/ecp/species/5992,Threatened,Wherever found,12-06-1979
Loach minnow,Tiaroga cobitis,https://ecos.fws.gov/ecp/species/6922,Endangered,Wherever found,10-28-1986
Lobed Star Coral,Orbicella annularis,https://ecos.fws.gov/ecp/species/9311,Threatened,Wherever found,11-13-2014
Loch Lomond coyote thistle,Eryngium constancei,https://ecos.fws.gov/ecp/species/5106,Endangered,Wherever found,08-01-1985
Loggerhead sea turtle,Caretta caretta,https://ecos.fws.gov/ecp/species/1110,Endangered,"Northeast Atlantic Ocean DPS - Loggerhead sea turtles originating from the Northeast Atlantic Ocean north of the equator, south of 60 degrees N. Lat., and east of 40 degrees W. Long., except in the vicinity of the Strait of Gibraltar where the eastern boundary is 5 degrees 36 minutes W. Long",07-23-1978
Loggerhead sea turtle,Caretta caretta,https://ecos.fws.gov/ecp/species/1110,Threatened,Northwest Atlantic Ocean DPS - Loggerhead sea turtles originating from the Northwest Atlantic Ocean west of 40 degrees W. Long,07-23-1978
Loggerhead sea turtle,Caretta caretta,https://ecos.fws.gov/ecp/species/1110,Endangered,"Loggerhead sea turtles originating from the South Pacific south of the equator, north of 60 degrees S. Lat., west of 67 degrees W. Long., and east of 141 degrees E. Long.",07-23-1978
Loggerhead sea turtle,Caretta caretta,https://ecos.fws.gov/ecp/species/1110,Endangered,Mediterranean Sea DPS - Loggerhead sea turtles originating from the Mediterranean Sea east of 5 degrees 36 minues W. Long.,07-23-1978
Loggerhead sea turtle,Caretta caretta,https://ecos.fws.gov/ecp/species/1110,Endangered,North Pacific Ocean DPS - Loggerhead sea turtles originating from the North Pacific north of the equator and south of 60 degrees N. Lat,07-23-1978
Loggerhead sea turtle,Caretta caretta,https://ecos.fws.gov/ecp/species/1110,Threatened,"Loggerhead sea turtles originating from the South Atlantic Ocean south of the equator, north of 60 degrees S. Lat., west of 20 degrees E. Long., and east of 67 degrees W. Long",07-23-1978
Loggerhead sea turtle,Caretta caretta,https://ecos.fws.gov/ecp/species/1110,Threatened,"Loggerhead sea turtles originating from the Southeast Indian Ocean south of the equator, north of 60 degrees S. Lat., and east of 80 degrees E. Long.; South Pacific Ocean south of the equator, north of 60degrees S. Lat., and west of 141 degrees E. Long",07-23-1978
Loggerhead sea turtle,Caretta caretta,https://ecos.fws.gov/ecp/species/1110,Threatened,"Loggerhead sea turtles originating from the Southwest Indian Ocean north of the equator, south of 30 degrees N. Lat., east of 20 degrees E. Long., and west of 80 degrees E. Long.",07-23-1978
Loggerhead sea turtle,Caretta caretta,https://ecos.fws.gov/ecp/species/1110,Endangered,North Indian Ocean DPS - Loggerhead sea turtles originating from the North Indian Ocean north of the equator and south of 30? N. Lat,07-23-1978
Lompoc yerba santa,Eriodictyon capitatum,https://ecos.fws.gov/ecp/species/364,Endangered,Wherever found,03-20-2000
Longfin Smelt,Spirinchus thaleichthys,https://ecos.fws.gov/ecp/species/9011,Endangered,San Francisco Bay-Delta Distinct Population Segment,08-29-2024
Longhorn fairy shrimp,Branchinecta longiantenna,https://ecos.fws.gov/ecp/species/4294,Endangered,Wherever found,09-19-1994
Long-legged warbler,Trichocichla rufa,https://ecos.fws.gov/ecp/species/3655,Endangered,Wherever found,01-16-2008
Longsolid,Fusconaia subrotunda,https://ecos.fws.gov/ecp/species/9880,Threatened,Wherever found,04-10-2023
Longspurred mint,Dicerandra cornutissima,https://ecos.fws.gov/ecp/species/1660,Endangered,,11-01-1985
Long-tailed ground roller,Uratelornis chimaera,https://ecos.fws.gov/ecp/species/2868,Endangered,Wherever found,06-02-1970
Long-tailed langur,Presbytis potenziani,https://ecos.fws.gov/ecp/species/1636,Threatened,Indonesia,10-19-1976
Long-tailed marsupial-mouse,Sminthopsis longicaudata,https://ecos.fws.gov/ecp/species/4490,Endangered,Wherever found,12-02-1970
Long-tailed otter,Lontra (=Lutra) longicaudis (incl. platensis),https://ecos.fws.gov/ecp/species/5144,Endangered,Wherever found,06-02-1970
Lord Howe wood rail,Gallirallus (=Tricholimnas) sylvestris,https://ecos.fws.gov/ecp/species/1820,Endangered,Wherever found,06-14-1976
Lost River sucker,Deltistes luxatus,https://ecos.fws.gov/ecp/species/5604,Endangered,Wherever found,07-18-1988
Lotis blue butterfly,Lycaeides argyrognomon lotis,https://ecos.fws.gov/ecp/species/5174,Endangered,Wherever found,06-08-1976
Louisiana pearlshell,Margaritifera hembeli,https://ecos.fws.gov/ecp/species/8468,Threatened,Wherever found,02-05-1988
Louisiana pinesnake,Pituophis ruthveni,https://ecos.fws.gov/ecp/species/4092,Threatened,Wherever found,05-07-2018
Louisiana quillwort,Isoetes louisianensis,https://ecos.fws.gov/ecp/species/7756,Endangered,Wherever found,10-28-1992
loulu,Pritchardia aylmer-robinsonii,https://ecos.fws.gov/ecp/species/848,Endangered,Wherever found,08-07-1996
loulu,Pritchardia bakeri,https://ecos.fws.gov/ecp/species/9615,Endangered,Wherever found,10-31-2016
loulu,Pritchardia hardyi,https://ecos.fws.gov/ecp/species/1602,Endangered,Wherever found,05-13-2010
loulu,Pritchardia kaalae,https://ecos.fws.gov/ecp/species/1584,Endangered,Wherever found,10-10-1996
loulu,Pritchardia lanigera,https://ecos.fws.gov/ecp/species/5812,Endangered,Wherever found,11-29-2013
loulu,Pritchardia maideniana,https://ecos.fws.gov/ecp/species/4945,Endangered,Wherever found,03-04-1994
loulu,Pritchardia munroi,https://ecos.fws.gov/ecp/species/8525,Endangered,Wherever found,10-08-1992
loulu,Pritchardia napaliensis,https://ecos.fws.gov/ecp/species/7991,Endangered,Wherever found,10-10-1996
loulu,Pritchardia remota,https://ecos.fws.gov/ecp/species/2399,Endangered,Wherever found,08-21-1996
loulu,Pritchardia schattaueri,https://ecos.fws.gov/ecp/species/7374,Endangered,Wherever found,10-10-1996
loulu,Pritchardia viscosa,https://ecos.fws.gov/ecp/species/7992,Endangered,Wherever found,10-10-1996
Lower Keys marsh rabbit,Sylvilagus palustris hefneri,https://ecos.fws.gov/ecp/species/2658,Endangered,Wherever found,06-21-1990
Lowland anoa,Bubalus depressicornis,https://ecos.fws.gov/ecp/species/1925,Endangered,Wherever found,06-02-1970
Luzon peacock swallowtail butterfly,Papilio chikae,https://ecos.fws.gov/ecp/species/2820,Endangered,Wherever found,01-14-1993
Lyon's pentachaeta,Pentachaeta lyonii,https://ecos.fws.gov/ecp/species/4699,Endangered,Wherever found,01-29-1997
Lyrate bladderpod,Lesquerella lyrata,https://ecos.fws.gov/ecp/species/4654,Threatened,Wherever found,09-28-1990
MacFarlane's four-o'clock,Mirabilis macfarlanei,https://ecos.fws.gov/ecp/species/813,Threatened,Wherever found,11-29-1979
Madagascar pochard,Aythya innotata,https://ecos.fws.gov/ecp/species/634,Endangered,Wherever found,01-12-1995
Madagascar radiated tortoise,Geochelone radiata,https://ecos.fws.gov/ecp/species/6198,Endangered,Wherever found,06-02-1970
Madagascar red owl,Tyto soumagnei,https://ecos.fws.gov/ecp/species/6037,Endangered,Wherever found,09-28-1990
Madagascar sea eagle,Haliaeetus vociferoides,https://ecos.fws.gov/ecp/species/6750,Endangered,Wherever found,01-12-1995
Madagascar serpent eagle,Eutriorchis astur,https://ecos.fws.gov/ecp/species/2870,Endangered,Wherever found,01-12-1995
Madison Cave isopod,Antrolana lira,https://ecos.fws.gov/ecp/species/4162,Threatened,Wherever found,10-04-1982
Madla Cave Meshweaver,Cicurina madla,https://ecos.fws.gov/ecp/species/2467,Endangered,Wherever found,12-26-2000
Magenta petrel,Pterodroma magentae,https://ecos.fws.gov/ecp/species/2988,Endangered,Wherever found,09-14-2009
Magnificent ramshorn,Planorbella magnifica,https://ecos.fws.gov/ecp/species/6216,Endangered,Wherever found,09-18-2023
Maguire primrose,Primula maguirei,https://ecos.fws.gov/ecp/species/7062,Threatened,Wherever found,08-21-1985
Mahoe,Alectryon macrococcus,https://ecos.fws.gov/ecp/species/2446,Endangered,Wherever found,05-15-1992
Makou,Peucedanum sandwicense,https://ecos.fws.gov/ecp/species/5579,Threatened,Wherever found,02-25-1994
Makou,Ranunculus hawaiensis,https://ecos.fws.gov/ecp/species/4033,Endangered,Wherever found,10-31-2016
Makou,Ranunculus mauiensis,https://ecos.fws.gov/ecp/species/3594,Endangered,Wherever found,10-31-2016
Malabar large-spotted civet,Viverra civettina (=megaspila c.),https://ecos.fws.gov/ecp/species/5727,Endangered,Wherever found,07-27-1979
Maleo megapode,Macrocephalon maleo,https://ecos.fws.gov/ecp/species/8238,Endangered,Wherever found,06-02-1970
Malheur wire-lettuce,Stephanomeria malheurensis,https://ecos.fws.gov/ecp/species/4929,Endangered,,11-10-1982
Mancos milk-vetch,Astragalus humillimus,https://ecos.fws.gov/ecp/species/7483,Endangered,Wherever found,06-27-1985
Mandrill,Mandrillus (=Papio) sphinx,https://ecos.fws.gov/ecp/species/3519,Endangered,Wherever found,10-19-1976
Maned wolf,Chrysocyon brachyurus,https://ecos.fws.gov/ecp/species/4246,Endangered,Wherever found,12-02-1970
Mann's bluegrass,Poa mannii,https://ecos.fws.gov/ecp/species/8403,Endangered,Wherever found,11-10-1994
Mantled howler monkey,Alouatta palliata,https://ecos.fws.gov/ecp/species/6043,Endangered,Wherever found,06-14-1976
Manus Island tree snail,Papustyla pulcherrima,https://ecos.fws.gov/ecp/species/5048,Endangered,Wherever found,06-02-1970
Many-flowered navarretia,Navarretia leucocephala ssp. plieantha,https://ecos.fws.gov/ecp/species/2491,Endangered,Wherever found,06-18-1997
Ma`oli`oli,Schiedea apokremnos,https://ecos.fws.gov/ecp/species/4220,Endangered,Wherever found,09-30-1991
Ma`oli`oli,Schiedea hawaiiensis,https://ecos.fws.gov/ecp/species/2509,Endangered,Wherever found,11-29-2013
Ma`oli`oli,Schiedea kealiae,https://ecos.fws.gov/ecp/species/3679,Endangered,Wherever found,10-10-1996
Ma`oli`oli,Schiedea pubescens,https://ecos.fws.gov/ecp/species/4030,Endangered,Wherever found,10-31-2016
Mao (= maomao) (honeyeater),Gymnomyza samoensis,https://ecos.fws.gov/ecp/species/9606,Endangered,Wherever found,10-24-2016
Mapele,Cyrtandra cyaneoides,https://ecos.fws.gov/ecp/species/4026,Endangered,Wherever found,10-10-1996
Marbled cat,Pardofelis (=Felis) marmorata,https://ecos.fws.gov/ecp/species/3513,Endangered,Wherever found,06-14-1976
Marbled Murrelet,Brachyramphus marmoratus,https://ecos.fws.gov/ecp/species/4467,Threatened,"U.S.A. (CA, OR, WA)",10-01-1992
Marcescent dudleya,Dudleya cymosa ssp. marcescens,https://ecos.fws.gov/ecp/species/7145,Threatened,Wherever found,01-29-1997
Margaretta's hermit,Phaethornis malaris margarettae,https://ecos.fws.gov/ecp/species/5955,Endangered,Wherever found,01-27-2011
Margay,Leopardus (=Felis) wiedii,https://ecos.fws.gov/ecp/species/8364,Endangered,Wherever found,03-30-1972
Maria Island ground lizard,Cnemidophorus vanzoi,https://ecos.fws.gov/ecp/species/3528,Endangered,Wherever found,09-30-1991
Maria Island snake,Liophus ornatus,https://ecos.fws.gov/ecp/species/7656,Endangered,Wherever found,09-30-1991
Mariana (=aga) Crow,Corvus kubaryi,https://ecos.fws.gov/ecp/species/4744,Endangered,Wherever found,08-27-1984
Mariana common moorhen (pulattat),Gallinula chloropus guami,https://ecos.fws.gov/ecp/species/8011,Endangered,Wherever found,08-27-1984
Mariana eight-spot butterfly,Hypolimnas octocula marianensis,https://ecos.fws.gov/ecp/species/6540,Endangered,Wherever found,11-02-2015
Mariana fruit Bat (=Mariana flying fox),Pteropus mariannus mariannus,https://ecos.fws.gov/ecp/species/2415,Threatened,Wherever found,08-27-1984
Mariana swiftlet,Aerodramus bartschi,https://ecos.fws.gov/ecp/species/8166,Endangered,Wherever found,08-27-1984
Mariana wandering butterfly,Vagrans egistina,https://ecos.fws.gov/ecp/species/7121,Endangered,Wherever found,11-02-2015
Marin dwarf-flax,Hesperolinon congestum,https://ecos.fws.gov/ecp/species/5363,Threatened,Wherever found,02-03-1995
Marine otter,Lontra (=Lutra) felina,https://ecos.fws.gov/ecp/species/2193,Endangered,Wherever found,06-14-1976
Mariposa pussypaws,Calyptridium pulchellum,https://ecos.fws.gov/ecp/species/2695,Threatened,Wherever found,10-14-1998
Marquesas pigeon,Ducula galeata,https://ecos.fws.gov/ecp/species/4253,Endangered,Wherever found,09-12-2011
Marron bacora,Solanum conocarpum,https://ecos.fws.gov/ecp/species/2227,Endangered,,07-18-2022
Marsh deer,Blastocerus dichotomus,https://ecos.fws.gov/ecp/species/609,Endangered,Wherever found,06-02-1970
marsh sandwort,Arenaria paludicola,https://ecos.fws.gov/ecp/species/2229,Endangered,Wherever found,08-03-1993
Martinique trembler (thrasher),Cinclocerthia ruficauda gutturalis,https://ecos.fws.gov/ecp/species/4,Endangered,Wherever found,06-02-1970
Marungu sunbird,Nectarinia prigoginei,https://ecos.fws.gov/ecp/species/7820,Endangered,Wherever found,01-12-1995
Maryland darter,Etheostoma sellare,https://ecos.fws.gov/ecp/species/5135,Endangered,Wherever found,03-11-1967
Mascarene black petrel,Pterodroma aterrima,https://ecos.fws.gov/ecp/species/7959,Endangered,Wherever found,01-12-1995
Masked bobwhite (quail),Colinus virginianus ridgwayi,https://ecos.fws.gov/ecp/species/3484,Endangered,Wherever found,03-11-1967
Mat-forming quillwort,Isoetes tegetiformans,https://ecos.fws.gov/ecp/species/887,Endangered,Wherever found,02-05-1988
Maui dolphin,Cephalorhynchus hectori maui,https://ecos.fws.gov/ecp/species/10639,Endangered,,10-19-2017
Maui parrotbill (Kiwikiu),Pseudonestor xanthophrys,https://ecos.fws.gov/ecp/species/7952,Endangered,Wherever found,03-11-1967
Maui reedgrass,Calamagrostis expansa,https://ecos.fws.gov/ecp/species/1742,Endangered,Wherever found,10-31-2016
Maui remya,Remya mauiensis,https://ecos.fws.gov/ecp/species/6689,Endangered,Wherever found,01-14-1991
Mauna Loa (=Ka'u) silversword,Argyroxiphium kauense,https://ecos.fws.gov/ecp/species/1069,Endangered,Wherever found,04-07-1993
Mauritius cuckoo-shrike,Coquus typicus,https://ecos.fws.gov/ecp/species/602,Endangered,Wherever found,06-02-1970
Mauritius fody,Foudia rubra,https://ecos.fws.gov/ecp/species/437,Endangered,Wherever found,01-12-1995
Mauritius kestrel,Falco punctatus,https://ecos.fws.gov/ecp/species/4238,Endangered,Wherever found,06-02-1970
Mauritius olivaceous Bulbul,Hypsipetes borbonicus olivaceus,https://ecos.fws.gov/ecp/species/1756,Endangered,Wherever found,06-02-1970
Mauritius parakeet,Psittacula echo,https://ecos.fws.gov/ecp/species/8195,Endangered,Wherever found,06-02-1970
Mayaguana iguana,Cyclura carinata bartschi,https://ecos.fws.gov/ecp/species/7630,Threatened,Wherever found,06-22-1983
McDonald's rock-cress,Arabis mcdonaldiana,https://ecos.fws.gov/ecp/species/6849,Endangered,Wherever found,09-29-1978
McNeill's deer,Cervus elaphus macneilii,https://ecos.fws.gov/ecp/species/6365,Endangered,Wherever found,06-02-1970
Mead's milkweed,Asclepias meadii,https://ecos.fws.gov/ecp/species/8204,Threatened,Wherever found,09-01-1988
Mediterranean monk seal,Monachus monachus,https://ecos.fws.gov/ecp/species/8079,Endangered,Wherever found,06-02-1970
Mehamehame,Flueggea neowawraea,https://ecos.fws.gov/ecp/species/109,Endangered,Wherever found,11-10-1994
Mekong giant catfish,Pangasius sanitwongsei,https://ecos.fws.gov/ecp/species/6511,Endangered,Wherever found,06-02-1970
Meltwater lednian stonefly,Lednia tumana,https://ecos.fws.gov/ecp/species/8276,Threatened,Wherever found,12-23-2019
Menzies' wallflower,Erysimum menziesii,https://ecos.fws.gov/ecp/species/2935,Endangered,Wherever found,06-22-1992
Merriam's Montezuma quail,Cyrtonyx montezumae merriami,https://ecos.fws.gov/ecp/species/8511,Endangered,Wherever found,06-14-1976
Mesa Verde cactus,Sclerocactus mesae-verdae,https://ecos.fws.gov/ecp/species/6005,Threatened,Wherever found,11-29-1979
Metcalf Canyon jewelflower,Streptanthus albidus ssp. albidus,https://ecos.fws.gov/ecp/species/4186,Endangered,Wherever found,02-03-1995
Mexican blindcat (catfish),Prietella phreatophila,https://ecos.fws.gov/ecp/species/7657,Endangered,Wherever found,06-02-1970
Mexican bobcat,Lynx (=Felis) rufus escuinapae,https://ecos.fws.gov/ecp/species/161,Endangered,Wherever found,06-14-1976
Mexican flannelbush,Fremontodendron mexicanum,https://ecos.fws.gov/ecp/species/7495,Endangered,Wherever found,10-13-1998
Mexican long-nosed bat,Leptonycteris nivalis,https://ecos.fws.gov/ecp/species/8203,Endangered,Wherever found,09-30-1988
Mexican prairie dog,Cynomys mexicanus,https://ecos.fws.gov/ecp/species/5721,Endangered,Mexico,06-02-1970
Mexican spotted owl,Strix occidentalis lucida,https://ecos.fws.gov/ecp/species/8196,Threatened,Wherever found,03-16-1993
Mexican wolf,Canis lupus baileyi,https://ecos.fws.gov/ecp/species/3916,Endangered,"Wherever found, except where included in an experimental population as set forth in 17.84(k)",04-28-1976
Mexican wolf,Canis lupus baileyi,https://ecos.fws.gov/ecp/species/3916,"Experimental Population, Non-Essential",U.S.A. (portions of AZ and NM)see 17.84(k),01-24-1998
Mhorr gazelle,Gazella dama mhorr,https://ecos.fws.gov/ecp/species/3076,Endangered,Wherever found,06-02-1970
Miami Blue Butterfly,Cyclargus thomasi bethunebakeri,https://ecos.fws.gov/ecp/species/3797,Endangered,Wherever found,04-06-2012
Miami tiger beetle,Cicindelidia floridana,https://ecos.fws.gov/ecp/species/9965,Endangered,Wherever found,11-04-2016
Miccosukee gooseberry,Ribes echinellum,https://ecos.fws.gov/ecp/species/3580,Threatened,,07-18-1985
Michaux's sumac,Rhus michauxii,https://ecos.fws.gov/ecp/species/5217,Endangered,Wherever found,09-28-1989
Michigan monkey-flower,Mimulus michiganensis,https://ecos.fws.gov/ecp/species/5295,Endangered,Wherever found,06-21-1990
Micronesian megapode,Megapodius laperouse,https://ecos.fws.gov/ecp/species/629,Endangered,Wherever found,06-02-1970
Mikado pheasant,Syrmaticus mikado,https://ecos.fws.gov/ecp/species/2969,Endangered,Wherever found,06-02-1970
Military macaw,Ara militaris,https://ecos.fws.gov/ecp/species/9020,Endangered,Wherever found,11-02-2015
Mindoro imperial (=zone-tailed) pigeon,Ducula mindorensis,https://ecos.fws.gov/ecp/species/761,Endangered,Wherever found,06-14-1976
Minnesota dwarf trout lily,Erythronium propullans,https://ecos.fws.gov/ecp/species/597,Endangered,Wherever found,03-26-1986
Mission blue butterfly,Icaricia icarioides missionensis,https://ecos.fws.gov/ecp/species/6928,Endangered,Wherever found,06-08-1976
Mississippi sandhill crane,Antigone canadensis pulla,https://ecos.fws.gov/ecp/species/1222,Endangered,Wherever found,06-04-1973
Missouri bladderpod,Physaria filiformis,https://ecos.fws.gov/ecp/species/5361,Threatened,Wherever found,01-08-1987
Mitchell's satyr Butterfly,Neonympha mitchellii mitchellii,https://ecos.fws.gov/ecp/species/8062,Endangered,Wherever found,06-25-1991
Miyako tango (=Toyko bitterling),Tanakia tanago,https://ecos.fws.gov/ecp/species/6058,Endangered,Wherever found,06-02-1970
Moapa dace,Moapa coriacea,https://ecos.fws.gov/ecp/species/1771,Endangered,Wherever found,03-11-1967
Mohave tui chub,Gila bicolor ssp. mohavensis,https://ecos.fws.gov/ecp/species/8466,Endangered,Wherever found,10-13-1970
Mohr's Barbara's buttons,Marshallia mohrii,https://ecos.fws.gov/ecp/species/7610,Threatened,Wherever found,09-07-1988
Molokai `oloma`o,Myadestes lanaiensis rutha,https://ecos.fws.gov/ecp/species/3071,Endangered,Wherever found,10-13-1970
Mona boa,Epicrates monensis monensis,https://ecos.fws.gov/ecp/species/5729,Threatened,Wherever found,03-06-1978
Mona ground Iguana,Cyclura stejnegeri,https://ecos.fws.gov/ecp/species/6372,Threatened,Wherever found,03-06-1978
Mongolian saiga (antelope),Saiga tatarica mongolica,https://ecos.fws.gov/ecp/species/6592,Endangered,Mongolia,06-14-1976
Monterey clover,Trifolium trichocalyx,https://ecos.fws.gov/ecp/species/4282,Endangered,Wherever found,08-12-1998
Monterey gilia,Gilia tenuiflora ssp. arenaria,https://ecos.fws.gov/ecp/species/856,Endangered,Wherever found,06-22-1992
Monterey spineflower,Chorizanthe pungens var. pungens,https://ecos.fws.gov/ecp/species/396,Threatened,Wherever found,02-04-1994
Monte Verde golden toad,Bufo periglenes,https://ecos.fws.gov/ecp/species/6770,Endangered,Wherever found,06-14-1976
Morden's owlet,Otus ireneae,https://ecos.fws.gov/ecp/species/6176,Endangered,Wherever found,06-02-1970
Morefields Leather Flower,Clematis morefieldii,https://ecos.fws.gov/ecp/species/133,Endangered,,05-20-1992
Moroccan gazelle,Gazella dorcas massaesyla,https://ecos.fws.gov/ecp/species/7644,Endangered,Wherever found,06-02-1970
Morro Bay kangaroo rat,Dipodomys heermanni morroensis,https://ecos.fws.gov/ecp/species/6367,Endangered,Wherever found,10-13-1970
Morro manzanita,Arctostaphylos morroensis,https://ecos.fws.gov/ecp/species/2934,Threatened,Wherever found,12-15-1994
Morro shoulderband (=Banded dune) snail,Helminthoglypta walkeriana,https://ecos.fws.gov/ecp/species/2309,Threatened,Wherever found,12-15-1994
Mountain anoa,Bubalus quarlesi,https://ecos.fws.gov/ecp/species/8361,Endangered,Wherever found,06-02-1970
Mountain (=Cuvier's) gazelle,Gazella cuvieri,https://ecos.fws.gov/ecp/species/4751,Endangered,Wherever found,06-02-1970
Mountain golden heather,Hudsonia montana,https://ecos.fws.gov/ecp/species/131,Threatened,Wherever found,10-20-1980
Mountainous Star Coral,Orbicella faveolata,https://ecos.fws.gov/ecp/species/9312,Threatened,Wherever found,11-13-2014
Mountain pygmy possum,Burramys parvus,https://ecos.fws.gov/ecp/species/1927,Endangered,Wherever found,12-02-1970
Mountain sweet pitcher-plant,Sarracenia rubra ssp. jonesii,https://ecos.fws.gov/ecp/species/4283,Endangered,Wherever found,09-30-1988
Mountain tapir,Tapirus pinchaque,https://ecos.fws.gov/ecp/species/14,Endangered,Wherever found,06-02-1970
Mountain yellow-legged frog,Rana muscosa,https://ecos.fws.gov/ecp/species/8037,Endangered,"U.S.A., northern California",06-30-2014
Mountain yellow-legged frog,Rana muscosa,https://ecos.fws.gov/ecp/species/8037,Endangered,"U.S.A., southern California",07-02-2002
Mountain zebra,Equus zebra zebra,https://ecos.fws.gov/ecp/species/6368,Endangered,Wherever found,06-14-1976
Mount Charleston blue butterfly,Icaricia (Plebejus) shasta charlestonensis,https://ecos.fws.gov/ecp/species/2964,Endangered,Wherever found,10-21-2013
Mount Graham red squirrel,Tamiasciurus fremonti grahamensis,https://ecos.fws.gov/ecp/species/8370,Endangered,Wherever found,06-03-1987
Mount Hermon June beetle,Polyphylla barbata,https://ecos.fws.gov/ecp/species/3982,Endangered,Wherever found,01-24-1997
Mt. Rainier white-tailed ptarmigan,Lagopus leucura rainierensis,https://ecos.fws.gov/ecp/species/9234,Threatened,Wherever found,08-02-2024
Mugger crocodile,Crocodylus palustris palustris,https://ecos.fws.gov/ecp/species/8373,Endangered,Wherever found,06-14-1976
Munz's onion,Allium munzii,https://ecos.fws.gov/ecp/species/2951,Endangered,Wherever found,10-13-1998
Musk deer,Moschus spp. (all species),https://ecos.fws.gov/ecp/species/3487,Endangered,"Afghanistan, Bhutan, Burma, China (Tibet, Yunnan), India, Nepal, Pakistan, Sikkim",06-14-1976
Myrtle's silverspot butterfly,Speyeria zerene myrtleae,https://ecos.fws.gov/ecp/species/6929,Endangered,Wherever found,06-22-1992
Naenae,Dubautia kalalauensis,https://ecos.fws.gov/ecp/species/8952,Endangered,Wherever found,05-13-2010
Naenae,Dubautia kenwoodii,https://ecos.fws.gov/ecp/species/8953,Endangered,Wherever found,05-13-2010
Na`ena`e,Dubautia herbstobatae,https://ecos.fws.gov/ecp/species/6472,Endangered,Wherever found,10-29-1991
Na`ena`e,Dubautia imbricata ssp. imbricata,https://ecos.fws.gov/ecp/species/2947,Endangered,Wherever found,05-13-2010
Na`ena`e,Dubautia pauciflorula,https://ecos.fws.gov/ecp/species/8338,Endangered,Wherever found,09-20-1991
Na`ena`e,Dubautia plantaginea ssp. humilis,https://ecos.fws.gov/ecp/species/5833,Endangered,Wherever found,09-03-1999
Na`ena`e,Dubautia plantaginea ssp. magnifolia,https://ecos.fws.gov/ecp/species/1912,Endangered,Wherever found,05-13-2010
Na`ena`e,Dubautia waialealae,https://ecos.fws.gov/ecp/species/4546,Endangered,Wherever found,05-13-2010
Nani wai`ale`ale,Viola kauaiensis var. wahiawaensis,https://ecos.fws.gov/ecp/species/2512,Endangered,Wherever found,10-10-1996
Nanu,Gardenia mannii,https://ecos.fws.gov/ecp/species/753,Endangered,Wherever found,10-10-1996
Nanu,Gardenia remyi,https://ecos.fws.gov/ecp/species/5835,Endangered,Wherever found,10-31-2016
Napa bluegrass,Poa napensis,https://ecos.fws.gov/ecp/species/2266,Endangered,Wherever found,10-22-1997
Narrow-headed gartersnake,Thamnophis rufipunctatus,https://ecos.fws.gov/ecp/species/2204,Threatened,Wherever found,07-08-2014
Narrownose smoothhound shark,Mustelus schmitti,https://ecos.fws.gov/ecp/species/10799,Threatened,,
Narrow pigtoe,Fusconaia escambia,https://ecos.fws.gov/ecp/species/5040,Threatened,Wherever found,10-10-2012
Narrow sawfish,Anoxypristis cuspidata,https://ecos.fws.gov/ecp/species/9969,Endangered,Wherever found,01-12-2015
Nashville crayfish,Orconectes shoupi,https://ecos.fws.gov/ecp/species/7181,Endangered,Wherever found,09-26-1986
Nassau grouper,Epinephelus striatus,https://ecos.fws.gov/ecp/species/10529,Threatened,,07-29-2016
(=Native yellow hibiscus) ma`o hau hele,Hibiscus brackenridgei,https://ecos.fws.gov/ecp/species/4075,Endangered,Wherever found,11-10-1994
Navajo sedge,Carex specuicola,https://ecos.fws.gov/ecp/species/8579,Threatened,Wherever found,05-08-1985
Navasota ladies-tresses,Spiranthes parksii,https://ecos.fws.gov/ecp/species/1570,Endangered,Wherever found,05-06-1982
Neches River rose-mallow,Hibiscus dasycalyx,https://ecos.fws.gov/ecp/species/1441,Threatened,Wherever found,10-11-2013
nehe,Lipochaeta fauriei,https://ecos.fws.gov/ecp/species/6458,Endangered,Wherever found,02-25-1994
nehe,Lipochaeta lobata var. leptophylla,https://ecos.fws.gov/ecp/species/5211,Endangered,Wherever found,10-29-1991
nehe,Lipochaeta micrantha,https://ecos.fws.gov/ecp/species/1280,Endangered,Wherever found,02-25-1994
nehe,Lipochaeta venosa,https://ecos.fws.gov/ecp/species/6578,Endangered,Wherever found,11-29-1979
nehe,Lipochaeta waimeaensis,https://ecos.fws.gov/ecp/species/4713,Endangered,Wherever found,02-25-1994
nehe,Melanthera kamolensis,https://ecos.fws.gov/ecp/species/3476,Endangered,Wherever found,05-15-1992
nehe,Melanthera tenuifolia,https://ecos.fws.gov/ecp/species/2407,Endangered,Wherever found,10-29-1991
Nekogigi (catfish),Coreobagrus ichikawai,https://ecos.fws.gov/ecp/species/2892,Endangered,Wherever found,06-02-1970
Nellie's cory cactus,Escobaria minima,https://ecos.fws.gov/ecp/species/4909,Endangered,Wherever found,12-08-1979
Neosho madtom,Noturus placidus,https://ecos.fws.gov/ecp/species/2577,Threatened,Wherever found,05-22-1990
Neosho Mucket,Lampsilis rafinesqueana,https://ecos.fws.gov/ecp/species/3788,Endangered,Wherever found,10-17-2013
Neuse River waterdog,Necturus lewisi,https://ecos.fws.gov/ecp/species/6772,Threatened,Wherever found,07-09-2021
Nevin's barberry,Berberis nevinii,https://ecos.fws.gov/ecp/species/8025,Endangered,Wherever found,10-13-1998
Newcomb's snail,Erinna newcombi,https://ecos.fws.gov/ecp/species/1142,Threatened,Wherever found,01-26-2000
Newcomb's Tree snail,Newcombia cumingi,https://ecos.fws.gov/ecp/species/1529,Endangered,Wherever found,06-27-2013
Newell''s shearwater,Puffinus newelli,https://ecos.fws.gov/ecp/species/2048,Threatened,Wherever found,10-28-1975
New Holland mouse,Pseudomys novaehollandiae,https://ecos.fws.gov/ecp/species/3077,Endangered,Wherever found,12-02-1970
New Mexico meadow jumping mouse,Zapus hudsonius luteus,https://ecos.fws.gov/ecp/species/7965,Endangered,Wherever found,07-10-2014
New Mexico ridge-nosed rattlesnake,Crotalus willardi obscurus,https://ecos.fws.gov/ecp/species/3657,Threatened,Wherever found,08-21-1978
New Zealand bushwren,Xenicus longipes,https://ecos.fws.gov/ecp/species/3090,Endangered,Wherever found,06-02-1970
New Zealand shore plover,Thinornis novaeseelandiae,https://ecos.fws.gov/ecp/species/4742,Endangered,Wherever found,06-02-1970
New Zealand thrush (wattlebird),Turnagra capensis,https://ecos.fws.gov/ecp/species/4614,Endangered,Wherever found,06-02-1970
Niangua darter,Etheostoma nianguae,https://ecos.fws.gov/ecp/species/7157,Threatened,Wherever found,06-12-1985
Nichol's Turk's head cactus,Echinocactus horizonthalonius var. nicholii,https://ecos.fws.gov/ecp/species/5343,Endangered,Wherever found,11-28-1979
Nickerbean Blue Butterfly,Cyclargus ammon,https://ecos.fws.gov/ecp/species/9193,Similarity of Appearance (Threatened),Wherever found,04-06-2012
Nicklin's pearlymussel,Megalonaias nicklineana,https://ecos.fws.gov/ecp/species/5882,Endangered,Wherever found,06-14-1976
Night (=Australian) parrot,Geopsittacus occidentalis,https://ecos.fws.gov/ecp/species/3,Endangered,Wherever found,06-02-1970
Nightingale reed warbler (old world warbler),Acrocephalus luscinia,https://ecos.fws.gov/ecp/species/6586,Endangered,Wherever found,06-02-1970
Nihoa finch,Telespiza ultima,https://ecos.fws.gov/ecp/species/3066,Endangered,Wherever found,03-11-1967
Nihoa millerbird (old world warbler),Acrocephalus familiaris kingi,https://ecos.fws.gov/ecp/species/5942,Endangered,Wherever found,03-11-1967
Nile crocodile,Crocodylus niloticus,https://ecos.fws.gov/ecp/species/1933,Threatened,Wherever found,06-02-1970
Nioi,Eugenia koolauensis,https://ecos.fws.gov/ecp/species/742,Endangered,Wherever found,03-28-1994
Nipomo Mesa lupine,Lupinus nipomensis,https://ecos.fws.gov/ecp/species/5480,Endangered,Wherever found,03-20-2000
No common name,Abutilon eremitopetalum,https://ecos.fws.gov/ecp/species/2927,Endangered,Wherever found,09-20-1991
No common name,Abutilon sandwicense,https://ecos.fws.gov/ecp/species/7482,Endangered,Wherever found,10-29-1991
No common name,Achyranthes mutica,https://ecos.fws.gov/ecp/species/5667,Endangered,Wherever found,10-10-1996
No common name,Acropora globiceps,https://ecos.fws.gov/ecp/species/9332,Threatened,Wherever found,11-13-2014
No common name,Acropora jacquelineae,https://ecos.fws.gov/ecp/species/9319,Threatened,Wherever found,11-13-2014
No common name,Acropora lokani,https://ecos.fws.gov/ecp/species/9320,Threatened,Wherever found,11-13-2014
No common name,Acropora pharaonis,https://ecos.fws.gov/ecp/species/9338,Threatened,Wherever found,11-13-2014
No common name,Acropora retusa,https://ecos.fws.gov/ecp/species/9340,Threatened,Wherever found,11-13-2014
No common name,Acropora rudis,https://ecos.fws.gov/ecp/species/9321,Threatened,Wherever found,11-13-2014
No common name,Acropora speciosa,https://ecos.fws.gov/ecp/species/9341,Threatened,Wherever found,11-13-2014
No common name,Acropora tenella,https://ecos.fws.gov/ecp/species/9343,Threatened,Wherever found,11-13-2014
No common name,Agave eggersiana,https://ecos.fws.gov/ecp/species/7039,Endangered,Wherever found,10-09-2014
No common name,Amaranthus brownii,https://ecos.fws.gov/ecp/species/3699,Endangered,Wherever found,08-21-1996
No common name,Anacropora spinosa,https://ecos.fws.gov/ecp/species/9322,Threatened,Wherever found,11-13-2014
No common name,Aristida chaseae,https://ecos.fws.gov/ecp/species/5253,Endangered,Wherever found,04-27-1993
No common name,Asplenium dielerectum,https://ecos.fws.gov/ecp/species/7361,Endangered,Wherever found,11-10-1994
No common name,Asplenium diellaciniatum,https://ecos.fws.gov/ecp/species/9611,Endangered,Wherever found,10-31-2016
No common name,Asplenium (=Diellia) dielfalcatum (=falcata),https://ecos.fws.gov/ecp/species/8198,Endangered,Wherever found,10-29-1991
No common name,Asplenium dielmannii,https://ecos.fws.gov/ecp/species/4576,Endangered,Wherever found,05-13-2010
No common name,Asplenium dielpallidum,https://ecos.fws.gov/ecp/species/2961,Endangered,Wherever found,02-25-1994
No common name,Asplenium peruvianum var. insulare,https://ecos.fws.gov/ecp/species/4357,Endangered,Wherever found,09-26-1994
No common name,Asplenium unisorum,https://ecos.fws.gov/ecp/species/8461,Endangered,Wherever found,06-27-1994
No common name,Auerodendron pauciflorum,https://ecos.fws.gov/ecp/species/3618,Endangered,Wherever found,03-02-1994
No common name,Bonamia menziesii,https://ecos.fws.gov/ecp/species/2503,Endangered,Wherever found,11-10-1994
No common name,Calyptranthes thomasiana,https://ecos.fws.gov/ecp/species/2743,Endangered,Wherever found,02-18-1994
No common name,Cantharellus noumeae,https://ecos.fws.gov/ecp/species/10523,Endangered,,11-06-2015
No common name,Catesbaea melanocarpa,https://ecos.fws.gov/ecp/species/722,Endangered,Wherever found,03-17-1999
No common name,Chamaecrista glandulosa var. mirabilis,https://ecos.fws.gov/ecp/species/2864,Endangered,Wherever found,04-05-1990
No common name,Cordia bellonis,https://ecos.fws.gov/ecp/species/7228,Endangered,Wherever found,01-10-1997
No common name,Cranichis ricartii,https://ecos.fws.gov/ecp/species/3622,Endangered,Wherever found,11-29-1991
No common name,Cyanea kauaulaensis,https://ecos.fws.gov/ecp/species/9613,Endangered,Wherever found,10-31-2016
No common name,Cyperus fauriei,https://ecos.fws.gov/ecp/species/3364,Endangered,Wherever found,03-04-1994
No common name,Cyperus neokunthianus,https://ecos.fws.gov/ecp/species/1734,Endangered,Wherever found,10-31-2016
No common name,Cyperus pennatiformis,https://ecos.fws.gov/ecp/species/6868,Endangered,Wherever found,11-10-1994
No common name,Daphnopsis helleriana,https://ecos.fws.gov/ecp/species/6802,Endangered,Wherever found,06-23-1988
No common name,Delissea rhytidosperma,https://ecos.fws.gov/ecp/species/1452,Endangered,Wherever found,02-25-1994
No common name,Delissea undulata,https://ecos.fws.gov/ecp/species/1565,Endangered,Wherever found,10-10-1996
No common name,Dendrobium guamense,https://ecos.fws.gov/ecp/species/9754,Threatened,Wherever found,11-02-2015
No common name,Deparia kaalaana,https://ecos.fws.gov/ecp/species/9612,Endangered,Wherever found,10-31-2016
No common name,Diplazium molokaiense,https://ecos.fws.gov/ecp/species/2168,Endangered,Wherever found,09-26-1994
No common name,Doryopteris angelica,https://ecos.fws.gov/ecp/species/8960,Endangered,Wherever found,05-13-2010
No common name,Doryopteris takeuchii,https://ecos.fws.gov/ecp/species/1681,Endangered,Wherever found,10-18-2012
No common name,Elaphoglossum serpens,https://ecos.fws.gov/ecp/species/5393,Endangered,Wherever found,06-09-1993
No common name,Eugenia bryanii,https://ecos.fws.gov/ecp/species/9752,Endangered,Wherever found,11-02-2015
No common name,Eugenia woodburyana,https://ecos.fws.gov/ecp/species/8346,Threatened,Wherever found,09-09-1994
No common name,Euphyllia paradivisa,https://ecos.fws.gov/ecp/species/9323,Threatened,Wherever found,11-13-2014
No common name,Festuca hawaiiensis,https://ecos.fws.gov/ecp/species/4726,Endangered,Wherever found,10-31-2016
No common name,Festuca molokaiensis,https://ecos.fws.gov/ecp/species/9251,Endangered,Wherever found,06-27-2013
No common name,Geocarpon minimum,https://ecos.fws.gov/ecp/species/7699,Threatened,Wherever found,06-16-1987
No common name,Gesneria pauciflora,https://ecos.fws.gov/ecp/species/7349,Threatened,Wherever found,03-07-1995
No common name,Gonocalyx concolor,https://ecos.fws.gov/ecp/species/4195,Endangered,Wherever found,10-09-2014
No common name,Gouania hillebrandii,https://ecos.fws.gov/ecp/species/3464,Endangered,Wherever found,11-09-1984
No common name,Gouania meyenii,https://ecos.fws.gov/ecp/species/3893,Endangered,Wherever found,10-29-1991
No common name,Gouania vitifolia,https://ecos.fws.gov/ecp/species/6347,Endangered,Wherever found,06-27-1994
No common name,Hesperomannia arborescens,https://ecos.fws.gov/ecp/species/6004,Endangered,Wherever found,03-28-1994
No common name,Hesperomannia arbuscula,https://ecos.fws.gov/ecp/species/5297,Endangered,Wherever found,10-29-1991
No common name,Hesperomannia lydgatei,https://ecos.fws.gov/ecp/species/1653,Endangered,Wherever found,09-20-1991
No common name,Ilex sintenisii,https://ecos.fws.gov/ecp/species/6280,Endangered,Wherever found,04-22-1992
No common name,Isopora crateriformis,https://ecos.fws.gov/ecp/species/9953,Threatened,Wherever found,11-13-2014
No common name,Kadua degeneri,https://ecos.fws.gov/ecp/species/1652,Endangered,Wherever found,10-29-1991
No common name,Kadua haupuensis,https://ecos.fws.gov/ecp/species/9617,Endangered,Wherever found,10-31-2016
No common name,Kadua parvula,https://ecos.fws.gov/ecp/species/5966,Endangered,Wherever found,10-29-1991
No common name,Kadua st.-johnii,https://ecos.fws.gov/ecp/species/4337,Endangered,Wherever found,09-30-1991
No common name,Keysseria (=Lagenifera) erici,https://ecos.fws.gov/ecp/species/2301,Endangered,Wherever found,05-13-2010
No common name,Keysseria (=Lagenifera) helenae,https://ecos.fws.gov/ecp/species/2185,Endangered,Wherever found,05-13-2010
No common name,Labordia lorenciana,https://ecos.fws.gov/ecp/species/9625,Endangered,Wherever found,10-31-2016
No common name,Lepidium orbiculare,https://ecos.fws.gov/ecp/species/9618,Endangered,Wherever found,10-31-2016
No common name,Leptocereus grantianus,https://ecos.fws.gov/ecp/species/4198,Endangered,Wherever found,02-26-1993
No common name,Lobelia koolauensis,https://ecos.fws.gov/ecp/species/2846,Endangered,Wherever found,10-10-1996
No common name,Lobelia monostachya,https://ecos.fws.gov/ecp/species/4334,Endangered,Wherever found,10-10-1996
No common name,Lobelia niihauensis,https://ecos.fws.gov/ecp/species/2278,Endangered,Wherever found,10-29-1991
No common name,Lobelia oahuensis,https://ecos.fws.gov/ecp/species/2941,Endangered,Wherever found,03-28-1994
No common name,Lyonia truncata var. proctorii,https://ecos.fws.gov/ecp/species/4348,Endangered,Wherever found,04-27-1993
No common name,Lysimachia filifolia,https://ecos.fws.gov/ecp/species/6454,Endangered,Wherever found,02-25-1994
No common name,Lysimachia iniki,https://ecos.fws.gov/ecp/species/8954,Endangered,Wherever found,05-13-2010
No common name,Lysimachia lydgatei,https://ecos.fws.gov/ecp/species/4684,Endangered,Wherever found,05-15-1992
No common name,Lysimachia maxima,https://ecos.fws.gov/ecp/species/4561,Endangered,Wherever found,10-10-1996
No common name,Lysimachia pendens,https://ecos.fws.gov/ecp/species/8955,Endangered,Wherever found,05-13-2010
No common name,Lysimachia scopulensis,https://ecos.fws.gov/ecp/species/8956,Endangered,Wherever found,05-13-2010
No common name,Lysimachia venosa,https://ecos.fws.gov/ecp/species/3190,Endangered,Wherever found,05-13-2010
No common name,Maesa walkeri,https://ecos.fws.gov/ecp/species/9756,Threatened,Wherever found,11-02-2015
No common name,Melicope cornuta var. cornuta,https://ecos.fws.gov/ecp/species/8345,Endangered,Wherever found,10-18-2012
No common name,Melicope cornuta var. decurrens,https://ecos.fws.gov/ecp/species/284,Endangered,Wherever found,10-18-2012
No common name,Melicope remyi,https://ecos.fws.gov/ecp/species/1614,Endangered,Wherever found,11-29-2013
No common name,Microlepia strigosa var. mauiensis,https://ecos.fws.gov/ecp/species/4737,Endangered,Wherever found,10-31-2016
No common name,Mitracarpus maxwelliae,https://ecos.fws.gov/ecp/species/268,Endangered,Wherever found,09-09-1994
No common name,Mitracarpus polycladus,https://ecos.fws.gov/ecp/species/206,Threatened,Wherever found,09-09-1994
No common name,Montipora australiensis,https://ecos.fws.gov/ecp/species/9348,Threatened,Wherever found,11-13-2014
No common name,Myrcia paganii,https://ecos.fws.gov/ecp/species/2527,Endangered,Wherever found,02-18-1994
No common name,Neraudia angulata,https://ecos.fws.gov/ecp/species/2750,Endangered,Wherever found,10-29-1991
No common name,Neraudia ovata,https://ecos.fws.gov/ecp/species/3669,Endangered,Wherever found,10-10-1996
No common name,Neraudia sericea,https://ecos.fws.gov/ecp/species/2237,Endangered,Wherever found,11-10-1994
No common name,Nervilia jacksoniae,https://ecos.fws.gov/ecp/species/9757,Threatened,Wherever found,11-02-2015
No common name,Nesogenes rotensis,https://ecos.fws.gov/ecp/species/7381,Endangered,Wherever found,04-08-2004
No common name,Osmoxylon mariannense,https://ecos.fws.gov/ecp/species/6738,Endangered,Wherever found,04-08-2004
No common name,Pavona diffluens,https://ecos.fws.gov/ecp/species/9371,Threatened,Wherever found,11-13-2014
No common name,Phlegmariurus stemmermanniae,https://ecos.fws.gov/ecp/species/6289,Endangered,Wherever found,10-31-2016
No common name,Phyllanthus saffordii,https://ecos.fws.gov/ecp/species/9758,Endangered,Wherever found,11-02-2015
No common name,Phyllostegia bracteata,https://ecos.fws.gov/ecp/species/3212,Endangered,Wherever found,06-27-2013
No common name,Phyllostegia brevidens,https://ecos.fws.gov/ecp/species/3184,Endangered,Wherever found,10-31-2016
No common name,Phyllostegia floribunda,https://ecos.fws.gov/ecp/species/5986,Endangered,Wherever found,11-29-2013
No common name,Phyllostegia glabra var. lanaiensis,https://ecos.fws.gov/ecp/species/7438,Endangered,Wherever found,09-20-1991
No common name,Phyllostegia haliakalae,https://ecos.fws.gov/ecp/species/9245,Endangered,Wherever found,06-27-2013
No common name,Phyllostegia helleri,https://ecos.fws.gov/ecp/species/401,Endangered,,10-31-2016
No common name,Phyllostegia hirsuta,https://ecos.fws.gov/ecp/species/5698,Endangered,Wherever found,10-10-1996
No common name,Phyllostegia hispida,https://ecos.fws.gov/ecp/species/423,Endangered,Wherever found,03-17-2009
No common name,Phyllostegia kaalaensis,https://ecos.fws.gov/ecp/species/5845,Endangered,Wherever found,10-10-1996
No common name,Phyllostegia knudsenii,https://ecos.fws.gov/ecp/species/5098,Endangered,Wherever found,10-10-1996
No common name,Phyllostegia mannii,https://ecos.fws.gov/ecp/species/7511,Endangered,Wherever found,10-08-1992
No common name,Phyllostegia mollis,https://ecos.fws.gov/ecp/species/7230,Endangered,Wherever found,10-29-1991
No common name,Phyllostegia parviflora,https://ecos.fws.gov/ecp/species/255,Endangered,Wherever found,10-10-1996
No common name,Phyllostegia pilosa,https://ecos.fws.gov/ecp/species/9246,Endangered,Wherever found,06-27-2013
No common name,Phyllostegia renovans,https://ecos.fws.gov/ecp/species/8958,Endangered,Wherever found,05-13-2010
No common name,Phyllostegia stachyoides,https://ecos.fws.gov/ecp/species/4922,Endangered,Wherever found,10-31-2016
No common name,Phyllostegia velutina,https://ecos.fws.gov/ecp/species/6699,Endangered,Wherever found,10-10-1996
No common name,Phyllostegia waimeae,https://ecos.fws.gov/ecp/species/8551,Endangered,Wherever found,02-25-1994
No common name,Phyllostegia warshaueri,https://ecos.fws.gov/ecp/species/3211,Endangered,Wherever found,10-10-1996
No common name,Phyllostegia wawrana,https://ecos.fws.gov/ecp/species/6730,Endangered,Wherever found,10-10-1996
No common name,Platanthera holochila,https://ecos.fws.gov/ecp/species/6864,Endangered,Wherever found,10-10-1996
No common name,Poa siphonoglossa,https://ecos.fws.gov/ecp/species/2276,Endangered,Wherever found,05-13-1992
No common name,Polyscias bisattenuata,https://ecos.fws.gov/ecp/species/97,Endangered,Wherever found,05-13-2010
No common name,Polyscias flynnii,https://ecos.fws.gov/ecp/species/8959,Endangered,Wherever found,05-13-2010
No common name,Polyscias lydgatei,https://ecos.fws.gov/ecp/species/2751,Endangered,Wherever found,10-18-2012
No common name,Polyscias racemosa,https://ecos.fws.gov/ecp/species/8451,Endangered,Wherever found,02-25-1994
No common name,Polystichum calderonense,https://ecos.fws.gov/ecp/species/427,Endangered,Wherever found,06-09-1993
No common name,Porites napopora,https://ecos.fws.gov/ecp/species/9362,Threatened,Wherever found,11-13-2014
No common name,Pteris lidgatei,https://ecos.fws.gov/ecp/species/6707,Endangered,Wherever found,09-26-1994
No common name,Remya kauaiensis,https://ecos.fws.gov/ecp/species/4928,Endangered,Wherever found,01-14-1991
No common name,Remya montgomeryi,https://ecos.fws.gov/ecp/species/4032,Endangered,Wherever found,01-14-1991
No common name,Sanicula mariversa,https://ecos.fws.gov/ecp/species/8325,Endangered,Wherever found,10-29-1991
No common name,Sanicula purpurea,https://ecos.fws.gov/ecp/species/4708,Endangered,Wherever found,10-10-1996
No common name,Sanicula sandwicensis,https://ecos.fws.gov/ecp/species/5580,Endangered,Wherever found,10-31-2016
No common name,Santalum involutum,https://ecos.fws.gov/ecp/species/9609,Endangered,Wherever found,10-31-2016
No common name,Schiedea attenuata,https://ecos.fws.gov/ecp/species/5230,Endangered,Wherever found,05-13-2010
No common name,Schiedea diffusa ssp. macraei,https://ecos.fws.gov/ecp/species/9495,Endangered,Wherever found,11-29-2013
No common name,Schiedea diffusa subsp. diffusa,https://ecos.fws.gov/ecp/species/9616,Endangered,Wherever found,10-31-2016
No common name,Schiedea haleakalensis,https://ecos.fws.gov/ecp/species/2764,Endangered,Wherever found,05-15-1992
No common name,Schiedea helleri,https://ecos.fws.gov/ecp/species/7101,Endangered,Wherever found,10-10-1996
No common name,Schiedea hookeri,https://ecos.fws.gov/ecp/species/1705,Endangered,Wherever found,10-10-1996
No common name,Schiedea jacobii,https://ecos.fws.gov/ecp/species/9247,Endangered,Wherever found,06-27-2013
No common name,Schiedea kaalae,https://ecos.fws.gov/ecp/species/6690,Endangered,Wherever found,10-29-1991
No common name,Schiedea kauaiensis,https://ecos.fws.gov/ecp/species/3597,Endangered,Wherever found,10-10-1996
No common name,Schiedea laui,https://ecos.fws.gov/ecp/species/9248,Endangered,Wherever found,06-27-2013
No common name,Schiedea lydgatei,https://ecos.fws.gov/ecp/species/7505,Endangered,Wherever found,10-08-1992
No common name,Schiedea membranacea,https://ecos.fws.gov/ecp/species/4643,Endangered,Wherever found,10-10-1996
No common name,Schiedea nuttallii,https://ecos.fws.gov/ecp/species/7801,Endangered,Wherever found,10-10-1996
No common name,Schiedea obovata,https://ecos.fws.gov/ecp/species/2735,Endangered,Wherever found,10-29-1991
No common name,Schiedea salicaria,https://ecos.fws.gov/ecp/species/3354,Endangered,Wherever found,06-27-2013
No common name,Schiedea sarmentosa,https://ecos.fws.gov/ecp/species/1265,Endangered,Wherever found,10-10-1996
No common name,Schiedea spergulina var. leiopoda,https://ecos.fws.gov/ecp/species/1597,Endangered,Wherever found,02-25-1994
No common name,Schiedea spergulina var. spergulina,https://ecos.fws.gov/ecp/species/282,Threatened,Wherever found,02-25-1994
No common name,Schiedea trinervis,https://ecos.fws.gov/ecp/species/1324,Endangered,Wherever found,10-29-1991
No common name,Schiedea verticillata,https://ecos.fws.gov/ecp/species/5703,Endangered,Wherever found,08-21-1996
No common name,Schiedea viscosa,https://ecos.fws.gov/ecp/species/4349,Endangered,Wherever found,10-10-1996
No common name,Schoepfia arenaria,https://ecos.fws.gov/ecp/species/5250,Threatened,Wherever found,04-19-1991
No common name,Seriatopora aculeata,https://ecos.fws.gov/ecp/species/9326,Threatened,Wherever found,11-13-2014
No common name,Sicyos lanceoloideus,https://ecos.fws.gov/ecp/species/9610,Endangered,Wherever found,10-31-2016
No common name,Siderastrea glynni,https://ecos.fws.gov/ecp/species/10525,Endangered,,11-06-2015
No common name,Silene alexandri,https://ecos.fws.gov/ecp/species/7341,Endangered,Wherever found,10-08-1992
No common name,Silene hawaiiensis,https://ecos.fws.gov/ecp/species/4189,Threatened,Wherever found,03-04-1994
No common name,Silene lanceolata,https://ecos.fws.gov/ecp/species/5746,Endangered,Wherever found,10-08-1992
No common name,Silene perlmanii,https://ecos.fws.gov/ecp/species/5256,Endangered,Wherever found,10-29-1991
No common name,Spermolepis hawaiiensis,https://ecos.fws.gov/ecp/species/1670,Endangered,Wherever found,11-10-1994
No common name,Stenogyne angustifolia var. angustifolia,https://ecos.fws.gov/ecp/species/1591,Endangered,Wherever found,11-29-1979
No common name,Stenogyne bifida,https://ecos.fws.gov/ecp/species/2769,Endangered,Wherever found,10-08-1992
No common name,Stenogyne campanulata,https://ecos.fws.gov/ecp/species/7104,Endangered,Wherever found,05-13-1992
No common name,Stenogyne cranwelliae,https://ecos.fws.gov/ecp/species/2536,Endangered,Wherever found,11-29-2013
No common name,Stenogyne kaalae ssp. sherffii,https://ecos.fws.gov/ecp/species/5341,Endangered,Wherever found,10-31-2016
No common name,Stenogyne kanehoana,https://ecos.fws.gov/ecp/species/5301,Endangered,Wherever found,05-13-1992
No common name,Stenogyne kauaulaensis,https://ecos.fws.gov/ecp/species/9249,Endangered,Wherever found,06-27-2013
No common name,Stenogyne kealiae,https://ecos.fws.gov/ecp/species/3191,Endangered,Wherever found,05-13-2010
No common name,Tabernaemontana rotensis,https://ecos.fws.gov/ecp/species/2542,Threatened,Wherever found,11-02-2015
No common name,Tectaria estremerana,https://ecos.fws.gov/ecp/species/3630,Endangered,Wherever found,06-09-1993
No common name,Ternstroemia subsessilis,https://ecos.fws.gov/ecp/species/2283,Endangered,Wherever found,04-22-1992
No common name,Tetramolopium arenarium,https://ecos.fws.gov/ecp/species/1655,Endangered,Wherever found,03-04-1994
No common name,Tetramolopium filiforme,https://ecos.fws.gov/ecp/species/4585,Endangered,Wherever found,10-29-1991
No common name,Tetramolopium lepidotum ssp. lepidotum,https://ecos.fws.gov/ecp/species/2944,Endangered,Wherever found,10-29-1991
No common name,Tetramolopium remyi,https://ecos.fws.gov/ecp/species/1173,Endangered,Wherever found,09-20-1991
No common name,Tetramolopium rockii,https://ecos.fws.gov/ecp/species/5215,Threatened,Wherever found,10-08-1992
No common name,Thelypteris inabonensis,https://ecos.fws.gov/ecp/species/6740,Endangered,Wherever found,07-02-1993
No common name,Thelypteris verecunda,https://ecos.fws.gov/ecp/species/8005,Endangered,Wherever found,07-02-1993
No common name,Thelypteris yaucoensis,https://ecos.fws.gov/ecp/species/4609,Endangered,Wherever found,07-02-1993
No common name,Tinospora homosepala,https://ecos.fws.gov/ecp/species/10503,Endangered,Wherever found,11-02-2015
No common name,Trematolobelia singularis,https://ecos.fws.gov/ecp/species/2537,Endangered,Wherever found,10-10-1996
No common name,Tubastraea floreana,https://ecos.fws.gov/ecp/species/10526,Endangered,,11-06-2015
No common name,Tuberolabium guamense,https://ecos.fws.gov/ecp/species/9762,Threatened,Wherever found,11-02-2015
No common name,Varronia rupicola,https://ecos.fws.gov/ecp/species/6258,Threatened,Wherever found,10-09-2014
No common name,Vernonia proctorii,https://ecos.fws.gov/ecp/species/3621,Endangered,Wherever found,04-27-1993
No common name,Vigna o-wahuensis,https://ecos.fws.gov/ecp/species/8445,Endangered,Wherever found,11-10-1994
No common name,Viola helenae,https://ecos.fws.gov/ecp/species/2648,Endangered,Wherever found,09-20-1991
No common name,Viola lanaiensis,https://ecos.fws.gov/ecp/species/394,Endangered,Wherever found,09-20-1991
No common name,Viola oahuensis,https://ecos.fws.gov/ecp/species/198,Endangered,Wherever found,10-10-1996
No common name,Wikstroemia skottsbergiana,https://ecos.fws.gov/ecp/species/6394,Endangered,,10-31-2016
No common name,Wikstroemia villosa,https://ecos.fws.gov/ecp/species/854,Endangered,Wherever found,06-27-2013
No common name,Xylosma crenatum,https://ecos.fws.gov/ecp/species/6468,Endangered,Wherever found,05-13-1992
[no common name] Beetle,Rhadine exilis,https://ecos.fws.gov/ecp/species/6942,Endangered,Wherever found,12-26-2000
[no common name] Beetle,Rhadine infernalis,https://ecos.fws.gov/ecp/species/3804,Endangered,Wherever found,12-26-2000
Noel's Amphipod,Gammarus desperatus,https://ecos.fws.gov/ecp/species/8042,Endangered,Wherever found,08-09-2005
Nohoanu,Geranium arboreum,https://ecos.fws.gov/ecp/species/6346,Endangered,Wherever found,05-13-1992
Nohoanu,Geranium hanaense,https://ecos.fws.gov/ecp/species/8032,Endangered,Wherever found,06-27-2013
Nohoanu,Geranium hillebrandii,https://ecos.fws.gov/ecp/species/1673,Endangered,Wherever found,06-27-2013
Nohoanu,Geranium kauaiense,https://ecos.fws.gov/ecp/species/5757,Endangered,Wherever found,05-13-2010
Nohoanu,Geranium multiflorum,https://ecos.fws.gov/ecp/species/3848,Endangered,Wherever found,05-15-1992
Noisy scrub-bird,Atrichornis clamosus,https://ecos.fws.gov/ecp/species/4613,Endangered,Wherever found,06-02-1970
noonday snail,Mesodon clarki nantahala,https://ecos.fws.gov/ecp/species/322,Threatened,Wherever found,08-02-1978
Nordmann's greenshank,Tringa guttifer,https://ecos.fws.gov/ecp/species/434,Endangered,Wherever found,06-14-1976
Norfolk Island parakeet,Cyanoramphus cookii (=novaezelandiae c.),https://ecos.fws.gov/ecp/species/6323,Endangered,Wherever found,09-28-1990
Norfolk Island white-eye,Zosterops albogularis,https://ecos.fws.gov/ecp/species/5,Endangered,Wherever found,06-14-1976
North American wolverine,Gulo gulo luscus,https://ecos.fws.gov/ecp/species/5123,Threatened,Wherever found,01-02-2024
North Andean huemul,Hippocamelus antisensis,https://ecos.fws.gov/ecp/species/2979,Endangered,Wherever found,06-14-1976
North Atlantic Right Whale,Eubalaena glacialis,https://ecos.fws.gov/ecp/species/159,Endangered,Wherever found,06-02-1970
North China sika deer,Cervus nippon mandarinus,https://ecos.fws.gov/ecp/species/6955,Endangered,Wherever found,07-27-1979
Northeastern beach tiger beetle,Habroscelimorpha dorsalis dorsalis,https://ecos.fws.gov/ecp/species/8105,Threatened,Wherever found,08-07-1990
Northern Aplomado Falcon,Falco femoralis septentrionalis,https://ecos.fws.gov/ecp/species/1923,Endangered,"Wherever found, except where listed as an experimental population",02-25-1986
Northern Aplomado Falcon,Falco femoralis septentrionalis,https://ecos.fws.gov/ecp/species/1923,"Experimental Population, Non-Essential","U.S.A (AZ, NM)",07-26-2006
Northern bald ibis,Geronticus eremita,https://ecos.fws.gov/ecp/species/2971,Endangered,Wherever found,09-28-1990
Northern Idaho Ground Squirrel,Urocitellus brunneus,https://ecos.fws.gov/ecp/species/2982,Threatened,Wherever found,04-05-2000
Northern Long-Eared Bat,Myotis septentrionalis,https://ecos.fws.gov/ecp/species/9045,Endangered,Wherever found,05-04-2015
Northern Mexican gartersnake,Thamnophis eques megalops,https://ecos.fws.gov/ecp/species/7655,Threatened,Wherever found,07-08-2014
Northern riffleshell,Epioblasma rangiana,https://ecos.fws.gov/ecp/species/527,Endangered,Wherever found,01-22-1993
Northern Sea Otter,Enhydra lutris kenyoni,https://ecos.fws.gov/ecp/species/2884,Threatened,"Southwest Alaska, from Attu Island to Western Cook Inlet, including Bristol Bay, the Kodiak Archipelago, and the Barren Islands",08-09-2005
Northern spotted owl,Strix occidentalis caurina,https://ecos.fws.gov/ecp/species/1123,Threatened,Wherever found,06-26-1990
Northern swift fox,Vulpes velox hebes,https://ecos.fws.gov/ecp/species/2054,Endangered,Canada,06-02-1970
Northern white rhinoceros,Ceratotherium simum cottoni,https://ecos.fws.gov/ecp/species/4752,Endangered,"Zaire, Uganda, Sudan, Central African Republic",06-02-1970
Northern wild monkshood,Aconitum noveboracense,https://ecos.fws.gov/ecp/species/1450,Threatened,Wherever found,05-27-1978
North Pacific Right Whale,Eubalaena japonica,https://ecos.fws.gov/ecp/species/9159,Endangered,Wherever found,06-02-1970
North Park phacelia,Phacelia formosula,https://ecos.fws.gov/ecp/species/123,Endangered,Wherever found,09-01-1982
Numbat,Myrmecobius fasciatus,https://ecos.fws.gov/ecp/species/5118,Endangered,Wherever found,12-02-1970
O`ahu `alauahio,Paroreomyza maculata,https://ecos.fws.gov/ecp/species/6747,Endangered,Wherever found,10-13-1970
Oahu elepaio,Chasiempis ibidis,https://ecos.fws.gov/ecp/species/6325,Endangered,Wherever found,04-18-2000
Oahu tree snails,Achatinella spp.,https://ecos.fws.gov/ecp/species/304,Endangered,Wherever found,02-12-1981
Oceanic Hawaiian damselfly,Megalagrion oceanicum,https://ecos.fws.gov/ecp/species/663,Endangered,Wherever found,10-18-2012
Oceanic whitetip shark,Carcharhinus longimanus,https://ecos.fws.gov/ecp/species/10800,Threatened,,
Ocelot,Leopardus (=Felis) pardalis,https://ecos.fws.gov/ecp/species/4474,Endangered,wherever found,03-28-1972
Ochlockonee moccasinshell,Medionidus simpsonianus,https://ecos.fws.gov/ecp/species/8083,Endangered,Wherever found,03-16-1998
Ocmulgee skullcap,Scutellaria ocmulgee,https://ecos.fws.gov/ecp/species/6796,Endangered,,11-29-2024
Oha,Delissea subcordata,https://ecos.fws.gov/ecp/species/7217,Endangered,Wherever found,10-10-1996
Ohai,Sesbania tomentosa,https://ecos.fws.gov/ecp/species/8453,Endangered,Wherever found,11-10-1994
`Oha wai,Clermontia drepanomorpha,https://ecos.fws.gov/ecp/species/6682,Endangered,Wherever found,10-10-1996
`Oha wai,Clermontia lindseyana,https://ecos.fws.gov/ecp/species/5493,Endangered,Wherever found,03-04-1994
`Oha wai,Clermontia oblongifolia ssp. brevipes,https://ecos.fws.gov/ecp/species/3205,Endangered,Wherever found,10-08-1992
`Oha wai,Clermontia oblongifolia ssp. mauiensis,https://ecos.fws.gov/ecp/species/7350,Endangered,Wherever found,05-15-1992
`Oha wai,Clermontia peleana,https://ecos.fws.gov/ecp/species/849,Endangered,Wherever found,03-04-1994
`Oha wai,Clermontia pyrularia,https://ecos.fws.gov/ecp/species/6165,Endangered,Wherever found,03-04-1994
`Oha wai,Clermontia samuelii,https://ecos.fws.gov/ecp/species/729,Endangered,Wherever found,09-03-1999
`Ohe,Joinvillea ascendens ascendens,https://ecos.fws.gov/ecp/species/2412,Endangered,Wherever found,10-31-2016
`Ohe`ohe,Polyscias gymnocarpa,https://ecos.fws.gov/ecp/species/4551,Endangered,Wherever found,03-28-1994
Ohlone tiger beetle,Cicindela ohlone,https://ecos.fws.gov/ecp/species/8271,Endangered,Wherever found,10-03-2001
Okeechobee gourd,Cucurbita okeechobeensis ssp. okeechobeensis,https://ecos.fws.gov/ecp/species/5999,Endangered,,07-12-1993
Olive ridley sea turtle,Lepidochelys olivacea,https://ecos.fws.gov/ecp/species/1513,Threatened,"Wherever found, except when listed as endangered under 50 CFR 224.101",07-28-1978
Olive ridley sea turtle,Lepidochelys olivacea,https://ecos.fws.gov/ecp/species/1513,Endangered,Breeding colony populations on Pacific coast of Mexico,07-28-1978
olua,Hypolepis hawaiiensis var. mauiensis,https://ecos.fws.gov/ecp/species/9619,Endangered,Wherever found,10-31-2016
Olulu,Brighamia insignis,https://ecos.fws.gov/ecp/species/1615,Endangered,Wherever found,02-25-1994
Olympia pocket gopher,Thomomys mazama pugetensis,https://ecos.fws.gov/ecp/species/6713,Threatened,Wherever found,05-09-2014
Opuhe,Urera kaalae,https://ecos.fws.gov/ecp/species/4915,Endangered,Wherever found,10-29-1991
Orange-bellied parakeet,Neophema chrysogaster,https://ecos.fws.gov/ecp/species/2867,Endangered,Wherever found,12-02-1970
Orangeblack Hawaiian damselfly,Megalagrion xanthomelas,https://ecos.fws.gov/ecp/species/6224,Endangered,Wherever found,10-31-2016
Orangefoot pimpleback (pearlymussel),Plethobasus cooperianus,https://ecos.fws.gov/ecp/species/1132,Endangered,Wherever found,06-14-1976
Orangefoot pimpleback (pearlymussel),Plethobasus cooperianus,https://ecos.fws.gov/ecp/species/1132,"Experimental Population, Non-Essential",U.S.A. (TN - specified portions of the French Broad and Holston Rivers; see 17.85(b)(1)),10-15-2007
Orangenacre mucket,Hamiota perovalis,https://ecos.fws.gov/ecp/species/1980,Threatened,Wherever found,03-17-1993
Orangutan,Pongo pygmaeus,https://ecos.fws.gov/ecp/species/7960,Endangered,Wherever found,06-02-1970
Orcutt's spineflower,Chorizanthe orcuttiana,https://ecos.fws.gov/ecp/species/7573,Endangered,Wherever found,10-07-1996
Oregon silverspot butterfly,Speyeria zerene hippolyta,https://ecos.fws.gov/ecp/species/6930,"Experimental Population, Non-Essential",Saddle Mountain/Nestucca Bay NEP - U.S.A. (ORspecified portions of Clatsop and Tillamook Counties,06-23-2017
Oregon silverspot butterfly,Speyeria zerene hippolyta,https://ecos.fws.gov/ecp/species/6930,Threatened,Wherever found,07-02-1980
Oregon spotted frog,Rana pretiosa,https://ecos.fws.gov/ecp/species/6633,Threatened,Wherever found,09-29-2014
Oriental white stork,Ciconia boyciana (=ciconia b.),https://ecos.fws.gov/ecp/species/1504,Endangered,Wherever found,06-02-1970
Orinoco crocodile,Crocodylus intermedius,https://ecos.fws.gov/ecp/species/7628,Endangered,Wherever found,06-02-1970
Osterhout milkvetch,Astragalus osterhoutii,https://ecos.fws.gov/ecp/species/4906,Endangered,Wherever found,07-13-1989
Otay mesa-mint,Pogogyne nudiuscula,https://ecos.fws.gov/ecp/species/5362,Endangered,Wherever found,08-03-1993
Otay tarplant,Deinandra (=Hemizonia) conjugens,https://ecos.fws.gov/ecp/species/5687,Threatened,Wherever found,10-13-1998
Ouachita fanshell,Cyprogenia sp. cf. aberti,https://ecos.fws.gov/ecp/species/10889,Threatened,,07-27-2023
Ouachita rock pocketbook,Arcidens wheeleri,https://ecos.fws.gov/ecp/species/4509,Endangered,Wherever found,10-23-1991
`O`u (honeycreeper),Psittirostra psittacea,https://ecos.fws.gov/ecp/species/6968,Endangered,Wherever found,03-11-1967
Oval pigtoe,Pleurobema pyriforme,https://ecos.fws.gov/ecp/species/4132,Endangered,Wherever found,03-16-1998
Ovate clubshell,Pleurobema perovatum,https://ecos.fws.gov/ecp/species/5430,Endangered,Wherever found,03-17-1993
Owens pupfish,Cyprinodon radiosus,https://ecos.fws.gov/ecp/species/4982,Endangered,Wherever found,03-11-1967
Owens Tui Chub,Gila bicolor ssp. snyderi,https://ecos.fws.gov/ecp/species/7289,Endangered,Wherever found,08-05-1985
Oyster mussel,Epioblasma capsaeformis,https://ecos.fws.gov/ecp/species/2099,"Experimental Population, Non-Essential","U.S.A. (AL;The free-flowing reach of the Tennessee R. from the base of Wilson Dam downstream to the backwaters of Pickwick Reservoir [about 12 RM (19 km)] and the lower 5 RM [8 km] of all tributaries to this reach in Colbert and Lauderdale Cos., see 17.85(a))",06-14-2001
Oyster mussel,Epioblasma capsaeformis,https://ecos.fws.gov/ecp/species/2099,"Experimental Population, Non-Essential",U.S.A. (TN - specified portions of the French Broad and Holston Rivers; see 17.85(b)(1)),10-15-2007
Oyster mussel,Epioblasma capsaeformis,https://ecos.fws.gov/ecp/species/2099,Endangered,Wherever found; Except where listed as Experimental Populations,01-10-1997
Ozark big-eared bat,Corynorhinus (=Plecotus) townsendii ingens,https://ecos.fws.gov/ecp/species/7245,Endangered,Wherever found,11-30-1979
Ozark cavefish,Amblyopsis rosae,https://ecos.fws.gov/ecp/species/6490,Threatened,Wherever found,11-01-1984
Ozark Hellbender,Cryptobranchus alleganiensis bishopi,https://ecos.fws.gov/ecp/species/647,Endangered,Wherever found,11-07-2011
Pacific Hawaiian damselfly,Megalagrion pacificum,https://ecos.fws.gov/ecp/species/6119,Endangered,Wherever found,07-26-2010
"Pacific marten, Coastal DPS",Martes caurina,https://ecos.fws.gov/ecp/species/9081,Threatened,Wherever found,11-09-2020
Pacific pocket mouse,Perognathus longimembris pacificus,https://ecos.fws.gov/ecp/species/8080,Endangered,Wherever found,02-03-1994
Pacific sheath-tailed Bat,Emballonura semicaudata rotensis,https://ecos.fws.gov/ecp/species/1919,Endangered,Wherever found,11-02-2015
Pacific sheath-tailed Bat,Emballonura semicaudata semicaudata,https://ecos.fws.gov/ecp/species/3650,Endangered,American Samoa,10-24-2016
Pagi Island langur,Nasalis concolor,https://ecos.fws.gov/ecp/species/1764,Endangered,Wherever found,06-02-1970
Pagosa skyrocket,Ipomopsis polyantha,https://ecos.fws.gov/ecp/species/1852,Endangered,Wherever found,08-26-2011
Pahranagat roundtail chub,Gila robusta jordani,https://ecos.fws.gov/ecp/species/782,Endangered,Wherever found,10-13-1970
Pahrump poolfish,Empetrichthys latos,https://ecos.fws.gov/ecp/species/7281,Endangered,Wherever found,03-11-1967
Pa`iniu,Astelia waialealae,https://ecos.fws.gov/ecp/species/6880,Endangered,Wherever found,05-13-2010
Painted rocksnail,Leptoxis taeniata,https://ecos.fws.gov/ecp/species/2999,Threatened,Wherever found,10-28-1998
Painted snake coiled forest snail,Anguispira picta,https://ecos.fws.gov/ecp/species/7835,Threatened,Wherever found,08-02-1978
Paiute cutthroat trout,Oncorhynchus clarkii seleniris,https://ecos.fws.gov/ecp/species/6890,Threatened,Wherever found,03-11-1967
Pakistan sand cat,Felis margarita scheffeli,https://ecos.fws.gov/ecp/species/6052,Endangered,Wherever found,01-23-1984
Palai la`au,Adenophorus periens,https://ecos.fws.gov/ecp/species/1916,Endangered,Wherever found,11-10-1994
Palapalai aumakua,Dryopteris crinalis var. podosorus,https://ecos.fws.gov/ecp/species/8961,Endangered,Wherever found,05-13-2010
Palawan peacock pheasant,Polyplectron emphanum,https://ecos.fws.gov/ecp/species/4485,Endangered,Wherever found,06-02-1970
Pale lilliput (pearlymussel),Toxolasma cylindrellus,https://ecos.fws.gov/ecp/species/3118,Endangered,Wherever found,06-14-1976
Palezone shiner,Notropis albizonatus,https://ecos.fws.gov/ecp/species/6064,Endangered,Wherever found,04-27-1993
Palila (honeycreeper),Loxioides bailleui,https://ecos.fws.gov/ecp/species/6583,Endangered,Wherever found,03-11-1967
Pallid manzanita,Arctostaphylos pallida,https://ecos.fws.gov/ecp/species/8292,Threatened,Wherever found,04-22-1998
Pallid sturgeon,Scaphirhynchus albus,https://ecos.fws.gov/ecp/species/7162,Endangered,Wherever found,09-06-1990
Palma de manaca,Calyptronoma rivalis,https://ecos.fws.gov/ecp/species/1272,Threatened,Wherever found,02-06-1990
Palmate-bracted bird's beak,Cordylanthus palmatus,https://ecos.fws.gov/ecp/species/1616,Endangered,Wherever found,07-01-1986
Palo colorado,Ternstroemia luquillensis,https://ecos.fws.gov/ecp/species/7742,Endangered,Wherever found,04-22-1992
Palo de jazmin,Styrax portoricensis,https://ecos.fws.gov/ecp/species/7496,Endangered,Wherever found,04-22-1992
Palo de nigua,Cornutia obovata,https://ecos.fws.gov/ecp/species/4918,Endangered,Wherever found,04-07-1988
Palo de ramon,Banara vanderbiltii,https://ecos.fws.gov/ecp/species/8113,Endangered,Wherever found,01-14-1987
Palo de rosa,Ottoschulzia rhodoxylon,https://ecos.fws.gov/ecp/species/5741,Threatened,Wherever found,04-10-1990
Palos Verdes blue butterfly,Glaucopsyche lygdamus palosverdesensis,https://ecos.fws.gov/ecp/species/8535,Endangered,Wherever found,07-02-1980
Pamakani,Tetramolopium capillare,https://ecos.fws.gov/ecp/species/4584,Endangered,Wherever found,09-30-1994
Pamakani,Viola chamissoniana ssp. chamissoniana,https://ecos.fws.gov/ecp/species/7425,Endangered,Wherever found,10-29-1991
Pampas deer,Ozotoceros bezoarticus,https://ecos.fws.gov/ecp/species/3644,Endangered,Wherever found,06-14-1976
Panama City crayfish,Procambarus econfinae,https://ecos.fws.gov/ecp/species/8915,Threatened,Wherever found,02-04-2022
Panamanian golden frog,Atelopus varius zeteki,https://ecos.fws.gov/ecp/species/779,Endangered,Wherever found,06-14-1976
Panamanian jaguarundi,Herpailurus (=Felis) yagouaroundi panamensis,https://ecos.fws.gov/ecp/species/1124,Endangered,Wherever found,06-14-1976
Papala,Charpentiera densiflora,https://ecos.fws.gov/ecp/species/1296,Endangered,Wherever found,05-13-2010
Papery whitlow-wort,Paronychia chartacea,https://ecos.fws.gov/ecp/species/1465,Threatened,,01-21-1987
Parachute beardtongue,Penstemon debilis,https://ecos.fws.gov/ecp/species/7099,Threatened,Wherever found,08-26-2011
Paradise parakeet,Psephotus pulcherrimus,https://ecos.fws.gov/ecp/species/7264,Endangered,Wherever found,12-02-1970
Pariette cactus,Sclerocactus brevispinus,https://ecos.fws.gov/ecp/species/2966,Threatened,Wherever found,09-15-2009
Parish's daisy,Erigeron parishii,https://ecos.fws.gov/ecp/species/8446,Threatened,Wherever found,08-24-1994
Parma wallaby,Macropus parma,https://ecos.fws.gov/ecp/species/1824,Endangered,Wherever found,12-02-1970
Pascagoula map turtle,Graptemys gibbonsi,https://ecos.fws.gov/ecp/species/3198,Similarity of Appearance (Threatened),Wherever found,
Paudedo,Hedyotis megalantha,https://ecos.fws.gov/ecp/species/9755,Endangered,Wherever found,11-02-2015
Pauoa,Ctenitis squamigera,https://ecos.fws.gov/ecp/species/289,Endangered,Wherever found,09-26-1994
Pawnee montane skipper,Hesperia leonardus montana,https://ecos.fws.gov/ecp/species/929,Threatened,Wherever found,09-25-1987
Peacock softshell turtle,Trionyx hurum,https://ecos.fws.gov/ecp/species/6629,Endangered,Wherever found,06-14-1976
Pearl darter,Percina aurora,https://ecos.fws.gov/ecp/species/3970,Threatened,Wherever found,10-20-2017
Pearl River Map Turtle,Graptemys pearlensis,https://ecos.fws.gov/ecp/species/10895,Threatened,,08-12-2024
Peck's cave amphipod,Stygobromus (=Stygonectes) pecki,https://ecos.fws.gov/ecp/species/8575,Endangered,Wherever found,12-18-1997
Pecos amphipod,Gammarus pecos,https://ecos.fws.gov/ecp/species/4290,Endangered,Wherever found,07-09-2013
Pecos assiminea snail,Assiminea pecos,https://ecos.fws.gov/ecp/species/4519,Endangered,Wherever found,08-09-2005
Pecos bluntnose shiner,Notropis simus pecosensis,https://ecos.fws.gov/ecp/species/4362,Threatened,Wherever found,02-20-1987
Pecos gambusia,Gambusia nobilis,https://ecos.fws.gov/ecp/species/460,Endangered,Wherever found,10-13-1970
"Pecos (=puzzle, =paradox) sunflower",Helianthus paradoxus,https://ecos.fws.gov/ecp/species/7211,Threatened,Wherever found,10-20-1999
Pedate checker-mallow,Sidalcea pedata,https://ecos.fws.gov/ecp/species/1340,Endangered,Wherever found,08-31-1984
Pederseni''s Tiger Spider,Poecilotheria vittata,https://ecos.fws.gov/ecp/species/9111,Endangered,Wherever found,08-30-2018
Peebles Navajo cactus,Pediocactus peeblesianus ssp. peeblesianus,https://ecos.fws.gov/ecp/species/8245,Endangered,Wherever found,11-28-1979
Peirson's milk-vetch,Astragalus magdalenae var. peirsonii,https://ecos.fws.gov/ecp/species/4933,Threatened,Wherever found,10-06-1998
Pelos del diablo,Aristida portoricensis,https://ecos.fws.gov/ecp/species/6396,Endangered,Wherever found,08-08-1990
Pelzeln's gazelle,Gazella dorcas pelzelni,https://ecos.fws.gov/ecp/species/22,Endangered,Wherever found,07-27-1979
Penasco least chipmunk,Tamias minimus atristriatus,https://ecos.fws.gov/ecp/species/5126,Endangered,Wherever found,01-09-2025
peninsular bighorn sheep,Ovis canadensis nelsoni,https://ecos.fws.gov/ecp/species/4970,Endangered,U.S.A. (CA) Peninsular Ranges,03-18-1998
Peninsular pronghorn,Antilocapra americana peninsularis,https://ecos.fws.gov/ecp/species/2876,Endangered,Mexico (Baja California),10-28-1975
Penland alpine fen mustard,Eutrema penlandii,https://ecos.fws.gov/ecp/species/5811,Threatened,,07-28-1993
Penland beardtongue,Penstemon penlandii,https://ecos.fws.gov/ecp/species/7507,Endangered,Wherever found,07-13-1989
Pennell's bird's-beak,Cordylanthus tenuis ssp. capillaris,https://ecos.fws.gov/ecp/species/3175,Endangered,Wherever found,02-03-1995
Peppered chub,Macrhybopsis tetranema,https://ecos.fws.gov/ecp/species/532,Endangered,Wherever found,03-30-2022
Perdido Key beach mouse,Peromyscus polionotus trissyllepsis,https://ecos.fws.gov/ecp/species/7394,Endangered,Wherever found,06-06-1985
Persian fallow deer,Dama mesopotamica (=dama m.),https://ecos.fws.gov/ecp/species/1508,Endangered,Wherever found,06-02-1970
Persistent trillium,Trillium persistens,https://ecos.fws.gov/ecp/species/3583,Endangered,Wherever found,05-27-1978
Peruvian plantcutter,Phytotoma raimondii,https://ecos.fws.gov/ecp/species/10,Endangered,Wherever found,07-24-2012
Peter's Mountain mallow,Iliamna corei,https://ecos.fws.gov/ecp/species/860,Endangered,Wherever found,05-12-1986
Phantom Springsnail,Pyrgulopsis texana,https://ecos.fws.gov/ecp/species/465,Endangered,Wherever found,08-08-2013
Phantom Tryonia,Tryonia cheatumi,https://ecos.fws.gov/ecp/species/4779,Endangered,Wherever found,07-09-2013
Philippine cockatoo,Cacatua haematuropygia,https://ecos.fws.gov/ecp/species/9021,Endangered,Wherever found,06-24-2014
Philippine crocodile,Crocodylus novaeguineae mindorensis,https://ecos.fws.gov/ecp/species/4119,Endangered,Wherever found,06-14-1976
Philippine eagle,Pithecophaga jefferyi,https://ecos.fws.gov/ecp/species/4484,Endangered,Wherever found,06-02-1970
Philippine tarsier,Tarsius syrichta,https://ecos.fws.gov/ecp/species/3243,Threatened,Wherever found,10-19-1976
Pied tamarin,Saguinus bicolor,https://ecos.fws.gov/ecp/species/2062,Endangered,Wherever found,10-19-1976
Pigeon wings,Clitoria fragrans,https://ecos.fws.gov/ecp/species/991,Threatened,,04-27-1993
Pig-footed bandicoot,Chaeropus ecaudatus,https://ecos.fws.gov/ecp/species/3486,Endangered,Wherever found,12-02-1970
Pillar Coral,Dendrogyra cylindrus,https://ecos.fws.gov/ecp/species/9309,Threatened,Wherever found,11-13-2014
pilo,Kadua laxiflora,https://ecos.fws.gov/ecp/species/4667,Endangered,Wherever found,10-08-1992
Pilo kea lau li`i,Melicope rostrata,https://ecos.fws.gov/ecp/species/7990,Endangered,Wherever found,05-13-2010
Pima pineapple cactus,Coryphantha scheeri var. robustispina,https://ecos.fws.gov/ecp/species/4919,Endangered,Wherever found,09-23-1993
Pine Hill ceanothus,Ceanothus roderickii,https://ecos.fws.gov/ecp/species/3293,Endangered,Wherever found,10-18-1996
Pine Hill flannelbush,Fremontodendron californicum ssp. decumbens,https://ecos.fws.gov/ecp/species/4818,Endangered,Wherever found,10-18-1996
Pineland sandmat,Chamaesyce deltoidea pinetorum,https://ecos.fws.gov/ecp/species/1914,Threatened,,10-06-2017
Pink fairy armadillo,Chlamyphorus truncatus,https://ecos.fws.gov/ecp/species/608,Endangered,Wherever found,06-02-1970
Pink-headed duck,Rhodonessa caryophyllacea,https://ecos.fws.gov/ecp/species/1223,Endangered,Wherever found,06-14-1976
Pink mucket (pearlymussel),Lampsilis abrupta,https://ecos.fws.gov/ecp/species/7829,Endangered,Wherever found,06-14-1976
Pink pigeon,Columba mayeri,https://ecos.fws.gov/ecp/species/3640,Endangered,Wherever found,01-12-1995
Piping Plover,Charadrius melodus,https://ecos.fws.gov/ecp/species/6039,Endangered,"[Great Lakes watershed DPS] - Great Lakes, watershed in States of IL, IN, MI, MN, NY, OH, PA, and WI and Canada (Ont.)",12-11-1985
Piping Plover,Charadrius melodus,https://ecos.fws.gov/ecp/species/6039,Threatened,"[Atlantic Coast and Northern Great Plains populations] - Wherever found, except those areas where listed as endangered.",12-11-1985
Pismo clarkia,Clarkia speciosa ssp. immaculata,https://ecos.fws.gov/ecp/species/5936,Endangered,Wherever found,12-15-1994
Pitcher's thistle,Cirsium pitcheri,https://ecos.fws.gov/ecp/species/8153,Threatened,Wherever found,07-18-1988
Pitkin Marsh lily,Lilium pardalinum ssp. pitkinense,https://ecos.fws.gov/ecp/species/570,Endangered,Wherever found,10-22-1997
Plains wanderer (=collared-hemipode),Pedionomus torquatus,https://ecos.fws.gov/ecp/species/5943,Endangered,Wherever found,06-04-1973
Plicate rocksnail,Leptoxis plicata,https://ecos.fws.gov/ecp/species/5614,Endangered,Wherever found,10-28-1998
Plymouth Redbelly Turtle = Plymouth Redbelly Cooter,Pseudemys rubriventris bangsi,https://ecos.fws.gov/ecp/species/451,Endangered,Wherever found,04-02-1980
Po`e,Portulaca sclerocarpa,https://ecos.fws.gov/ecp/species/1719,Endangered,Wherever found,03-04-1994
Point Arena mountain beaver,Aplodontia rufa nigra,https://ecos.fws.gov/ecp/species/7727,Endangered,Wherever found,12-12-1991
Polar bear,Ursus maritimus,https://ecos.fws.gov/ecp/species/4958,Threatened,Wherever found,05-15-2008
Pollen's vanga,Xenopirostris polleni,https://ecos.fws.gov/ecp/species/4077,Threatened,Wherever found,01-12-1995
Ponape greater white-eye,Rukia longirostra,https://ecos.fws.gov/ecp/species/7232,Endangered,Wherever found,06-02-1970
Ponape mountain starling,Aplonis pelzelni,https://ecos.fws.gov/ecp/species/1468,Endangered,Wherever found,06-02-1970
Pondberry,Lindera melissifolia,https://ecos.fws.gov/ecp/species/1279,Endangered,Wherever found,07-31-1986
Popolo,Cyanea solanacea,https://ecos.fws.gov/ecp/species/5321,Endangered,Wherever found,06-27-2013
Popolo,Solanum nelsonii,https://ecos.fws.gov/ecp/species/2281,Endangered,Wherever found,10-31-2016
Popolo ku mai,Solanum incompletum,https://ecos.fws.gov/ecp/species/3199,Endangered,Wherever found,11-10-1994
Poweshiek skipperling,Oarisma poweshiek,https://ecos.fws.gov/ecp/species/9161,Endangered,Wherever found,11-24-2014
Prairie bush-clover,Lespedeza leptostachya,https://ecos.fws.gov/ecp/species/4458,Threatened,Wherever found,01-09-1987
Preble's meadow jumping mouse,Zapus hudsonius preblei,https://ecos.fws.gov/ecp/species/4090,Threatened,wherever found,05-13-1998
Presidio clarkia,Clarkia franciscana,https://ecos.fws.gov/ecp/species/3890,Endangered,Wherever found,02-03-1995
Presidio Manzanita,Arctostaphylos hookeri var. ravenii,https://ecos.fws.gov/ecp/species/7216,Endangered,Wherever found,11-29-1979
Preuss' red colobus monkey,Procolobus (=Colobus) preussi (=badius p.),https://ecos.fws.gov/ecp/species/2064,Endangered,Wherever found,01-23-1984
Prices potato-bean,Apios priceana,https://ecos.fws.gov/ecp/species/7422,Threatened,,01-05-1990
Proboscis monkey,Nasalis larvatus,https://ecos.fws.gov/ecp/species/638,Endangered,Wherever found,06-14-1976
Prostrate milkweed,Asclepias prostrata,https://ecos.fws.gov/ecp/species/7798,Endangered,,03-30-2023
Przewalski's horse,Equus przewalskii,https://ecos.fws.gov/ecp/species/5273,Endangered,Wherever found,06-14-1976
Pua `ala,Brighamia rockii,https://ecos.fws.gov/ecp/species/8393,Endangered,Wherever found,10-08-1992
Puaiohi,Myadestes palmeri,https://ecos.fws.gov/ecp/species/6032,Endangered,Wherever found,03-11-1967
Pudu,Pudu pudu,https://ecos.fws.gov/ecp/species/6755,Endangered,Wherever found,06-14-1976
Puerto Rican boa,Chilabothrus inornatus,https://ecos.fws.gov/ecp/species/6628,Endangered,Wherever found,10-13-1970
Puerto Rican broad-winged hawk,Buteo platypterus brunnescens,https://ecos.fws.gov/ecp/species/5512,Endangered,Wherever found,09-09-1994
Puerto Rican crested toad,Peltophryne lemur,https://ecos.fws.gov/ecp/species/3958,Threatened,Wherever found,08-04-1987
Puerto Rican harlequin butterfly,Atlantea tulita,https://ecos.fws.gov/ecp/species/9005,Threatened,Wherever found,01-03-2023
Puerto Rican nightjar,Antrostomus noctitherus,https://ecos.fws.gov/ecp/species/6972,Endangered,Wherever found,06-04-1973
Puerto Rican parrot,Amazona vittata,https://ecos.fws.gov/ecp/species/3067,Endangered,Wherever found,03-11-1967
Puerto Rican plain Pigeon,Patagioenas inornata wetmorei,https://ecos.fws.gov/ecp/species/7955,Endangered,Wherever found,10-13-1970
Puerto Rican sharp-shinned hawk,Accipiter striatus venator,https://ecos.fws.gov/ecp/species/604,Endangered,Wherever found,09-09-1994
Puma (=mountain lion),Puma (=Felis) concolor (all subsp. except coryi),https://ecos.fws.gov/ecp/species/6049,Similarity of Appearance (Threatened),U.S.A. (FL),08-14-1991
Puritan tiger beetle,Ellipsoptera puritana,https://ecos.fws.gov/ecp/species/6073,Threatened,Wherever found,08-07-1990
Purple amole,Chlorogalum purpureum,https://ecos.fws.gov/ecp/species/5531,Threatened,Wherever found,03-20-2000
Purple bankclimber (mussel),Elliptoideus sloatianus,https://ecos.fws.gov/ecp/species/7660,Threatened,Wherever found,03-16-1998
Purple bean,Villosa perpurpurea,https://ecos.fws.gov/ecp/species/4125,Endangered,Wherever found,01-10-1997
Purple Cat's paw (=Purple Cat's paw pearlymussel),Epioblasma obliquata,https://ecos.fws.gov/ecp/species/5602,Endangered,Wherever found; Except where listed as Experimental Populations,07-10-1990
Purple Cat's paw (=Purple Cat's paw pearlymussel),Epioblasma obliquata,https://ecos.fws.gov/ecp/species/5602,"Experimental Population, Non-Essential","U.S.A. (AL;The free-flowing reach of the Tennessee R. from the base of Wilson Dam downstream to the backwaters of Pickwick Reservoir [about 12 RM (19 km)] and the lower 5 RM [8 km] of all tributaries to this reach in Colbert and Lauderdale Cos., see 17.85(a))",06-14-2001
Purple-faced langur,Presbytis senex,https://ecos.fws.gov/ecp/species/162,Threatened,Wherever found,10-19-1976
Pu`uka`a,Cyperus trachysanthos,https://ecos.fws.gov/ecp/species/7749,Endangered,Wherever found,10-10-1996
Pygmy chimpanzee,Pan paniscus,https://ecos.fws.gov/ecp/species/1509,Endangered,Wherever found,10-19-1976
Pygmy fringe-tree,Chionanthus pygmaeus,https://ecos.fws.gov/ecp/species/1084,Endangered,,01-21-1987
Pygmy hog,Sus salvanius,https://ecos.fws.gov/ecp/species/38,Endangered,Wherever found,06-02-1970
Pygmy madtom,Noturus stanauli,https://ecos.fws.gov/ecp/species/7873,Endangered,Wherever found,04-27-1993
Pygmy madtom,Noturus stanauli,https://ecos.fws.gov/ecp/species/7873,"Experimental Population, Non-Essential",U.S.A. (TN - specified portions of the French Broad and Holston Rivers; see 17.84(t)(1)(i)),10-15-2007
Pygmy Rabbit,Brachylagus idahoensis,https://ecos.fws.gov/ecp/species/1126,Endangered,"Columbia Basin DPS (WA-Douglas, Grant, Lincoln, Adams, Benton Counties)",11-30-2001
Pygmy Sculpin,Cottus paulus (=pygmaeus),https://ecos.fws.gov/ecp/species/5631,Threatened,Wherever found,09-28-1989
Pyrenean ibex,Capra pyrenaica pyrenaica,https://ecos.fws.gov/ecp/species/4236,Endangered,Wherever found,06-02-1970
Queen Alexandra's birdwing butterfly,Troides alexandrae,https://ecos.fws.gov/ecp/species/1034,Endangered,Wherever found,09-21-1989
Queen Charlotte goshawk,Accipiter gentilis laingi,https://ecos.fws.gov/ecp/species/6751,Threatened,"British Columbia, Canada",08-31-2012
Queen Conch,Aliger gigas,https://ecos.fws.gov/ecp/species/12027,Threatened,,
Queensland hairy-nosed wombat (incl. Barnard's),Lasiorhinus krefftii (formerly L. barnardi and L. gillespiei),https://ecos.fws.gov/ecp/species/1100,Endangered,Wherever found,12-02-1970
Queensland rat-kangaroo,Bettongia tropica,https://ecos.fws.gov/ecp/species/6980,Endangered,Wherever found,12-02-1970
Quino checkerspot butterfly,Euphydryas editha quino (=E. e. wrighti),https://ecos.fws.gov/ecp/species/5900,Endangered,Wherever found,01-16-1997
Quokka,Setonix brachyurus,https://ecos.fws.gov/ecp/species/8365,Endangered,Wherever found,06-04-1973
Rabbit bandicoot,Macrotis lagotis,https://ecos.fws.gov/ecp/species/5117,Endangered,Wherever found,12-02-1970
Rabbitsfoot,Quadrula cylindrica cylindrica,https://ecos.fws.gov/ecp/species/5165,Threatened,Wherever found,10-17-2013
Railroad Valley springfish,Crenichthys nevadae,https://ecos.fws.gov/ecp/species/302,Threatened,Wherever found,03-31-1986
Raso lark,Alauda razae,https://ecos.fws.gov/ecp/species/605,Endangered,Wherever found,01-12-1995
Rayed Bean,Villosa fabalis,https://ecos.fws.gov/ecp/species/5862,Endangered,Wherever found,03-15-2012
Razorback sucker,Xyrauchen texanus,https://ecos.fws.gov/ecp/species/530,Threatened,Wherever found,10-23-1991
Razor-billed curassow,Mitu mitu mitu,https://ecos.fws.gov/ecp/species/6614,Endangered,Wherever found,06-14-1976
Red-backed squirrel monkey,Saimiri oerstedii,https://ecos.fws.gov/ecp/species/7645,Endangered,Wherever found,06-02-1970
Red-bellied monkey,Cercopithecus erythrogaster,https://ecos.fws.gov/ecp/species/4763,Endangered,Wherever found,10-19-1976
Red-billed curassow,Crax blumenbachii,https://ecos.fws.gov/ecp/species/1469,Endangered,Wherever found,12-02-1970
Red-browed parrot,Amazona rhodocorytha,https://ecos.fws.gov/ecp/species/6321,Endangered,Wherever found,06-02-1970
Red-capped parrot,Pionopsitta pileata,https://ecos.fws.gov/ecp/species/631,Endangered,Wherever found,06-14-1976
Red-cockaded woodpecker,Dryobates borealis,https://ecos.fws.gov/ecp/species/7614,Threatened,Wherever found,10-13-1970
Red-eared nose-spotted monkey,Cercopithecus erythrotis,https://ecos.fws.gov/ecp/species/3919,Endangered,Wherever found,10-19-1976
Red-faced malkoha (cuckoo),Phaenicophaeus pyrrhocephalus,https://ecos.fws.gov/ecp/species/8164,Endangered,Wherever found,06-02-1970
Red Hills salamander,Phaeognathus hubrichti,https://ecos.fws.gov/ecp/species/3250,Threatened,Wherever found,01-03-1977
Red Hills vervain,Verbena californica,https://ecos.fws.gov/ecp/species/7344,Threatened,Wherever found,10-14-1998
Red lechwe,Kobus leche,https://ecos.fws.gov/ecp/species/5951,Threatened,Wherever found,06-02-1970
Red-necked parrot,Amazona arausiaca,https://ecos.fws.gov/ecp/species/435,Endangered,Wherever found,07-27-1979
Red siskin,Carduelis cucullata,https://ecos.fws.gov/ecp/species/1631,Endangered,Wherever found,06-14-1976
Red-spectacled parrot,Amazona pretrei pretrei,https://ecos.fws.gov/ecp/species/6361,Endangered,Wherever found,06-14-1976
Red-tailed parrot,Amazona brasiliensis,https://ecos.fws.gov/ecp/species/8358,Endangered,Wherever found,09-28-1990
Red wolf,Canis rufus,https://ecos.fws.gov/ecp/species/37,"Experimental Population, Non-Essential",U.S.A. (portions of NC and TN see  17.84(c)(9)),11-19-1986
Red wolf,Canis rufus,https://ecos.fws.gov/ecp/species/37,Endangered,"Wherever found, except where listed as an experimental population",03-11-1967
Relict darter,Etheostoma chienense,https://ecos.fws.gov/ecp/species/1979,Threatened,Wherever found,12-27-1993
Relict gull,Larus relictus,https://ecos.fws.gov/ecp/species/7615,Endangered,Wherever found,06-14-1976
Relict trillium,Trillium reliquum,https://ecos.fws.gov/ecp/species/8489,Endangered,Wherever found,04-04-1988
Resplendent quetzel,Pharomachrus mocinno ssp. mocinno,https://ecos.fws.gov/ecp/species/7235,Endangered,Wherever found,06-14-1976
Reticulated flatwoods salamander,Ambystoma bishopi,https://ecos.fws.gov/ecp/species/8939,Endangered,Wherever found,02-10-2009
Reunion cuckoo-shrike,Coquus newtoni,https://ecos.fws.gov/ecp/species/7261,Endangered,Wherever found,06-02-1970
Rice's whale,Balaenoptera ricei,https://ecos.fws.gov/ecp/species/13413,Endangered,Wherever found,04-15-2019
rim rock crowned snake,Tantilla oolitica,https://ecos.fws.gov/ecp/species/1497,Endangered,Wherever found,08-20-2026
Ringed map turtle,Graptemys oculifera,https://ecos.fws.gov/ecp/species/2664,Threatened,Wherever found,12-23-1986
Ringed seal,Phoca (=Pusa) hispida ladogensis,https://ecos.fws.gov/ecp/species/9377,Endangered,Ladoga subspecies,02-26-2013
Ringed Seal,Phoca (=Pusa) hispida botnica,https://ecos.fws.gov/ecp/species/9380,Threatened,Wherever found,02-26-2013
Ringed Seal,Phoca (=Pusa) hispida hispida,https://ecos.fws.gov/ecp/species/9378,Threatened,Wherever found,02-26-2013
Ringed Seal,Phoca (=Pusa) hispida ochotensis,https://ecos.fws.gov/ecp/species/9379,Threatened,Okhotsk subspecies,02-26-2013
Ring Pink,Obovaria retusa,https://ecos.fws.gov/ecp/species/4128,"Experimental Population, Non-Essential",U.S.A. (TN - specified portions of the French Broad and Holston Rivers; see 17.85(b)(1)),10-15-2007
Ring Pink,Obovaria retusa,https://ecos.fws.gov/ecp/species/4128,Endangered,Wherever found,09-29-1989
Rio de Oro Dama gazelle,Gazella dama lozanoi,https://ecos.fws.gov/ecp/species/6183,Endangered,Wherever found,06-02-1970
Rio Grande Silvery Minnow,Hybognathus amarus,https://ecos.fws.gov/ecp/species/1391,Endangered,"Wherever found, except where listed as an experimental population",07-20-1994
Rio Grande Silvery Minnow,Hybognathus amarus,https://ecos.fws.gov/ecp/species/1391,"Experimental Population, Non-Essential","Rio Grande, from Little Box Canyon (approximately 10.4 river miles downstream of Fort Quitman, TX) to Amistad Dam; and on the Pecos River, from its confluence with Independence Creek to its confluence with the Rio Grande",12-08-2008
riparian brush rabbit,Sylvilagus bachmani riparius,https://ecos.fws.gov/ecp/species/6189,Endangered,Wherever found,02-23-2000
riparian woodrat (= San Joaquin Valley),Neotoma fuscipes riparia,https://ecos.fws.gov/ecp/species/6191,Endangered,Wherever found,02-23-2000
Riverside fairy shrimp,Streptocephalus woottoni,https://ecos.fws.gov/ecp/species/8148,Endangered,Wherever found,08-03-1993
River terrapin,Batagur baska,https://ecos.fws.gov/ecp/species/4622,Endangered,Wherever found,06-02-1970
Roan Mountain bluet,Hedyotis purpurea var. montana,https://ecos.fws.gov/ecp/species/1087,Endangered,Wherever found,04-05-1990
Robber Baron Cave Meshweaver,Cicurina baronia,https://ecos.fws.gov/ecp/species/2361,Endangered,Wherever found,12-26-2000
Robust spineflower,Chorizanthe robusta var. robusta,https://ecos.fws.gov/ecp/species/9287,Endangered,Wherever found,02-04-1994
Rock gnome lichen,Gymnoderma lineare,https://ecos.fws.gov/ecp/species/3933,Endangered,Wherever found,01-18-1995
Rodrigues fody,Foudia flavicans,https://ecos.fws.gov/ecp/species/6180,Endangered,Wherever found,01-12-1995
Rodrigues fruit bat (=flying fox),Pteropus rodricensis,https://ecos.fws.gov/ecp/species/5127,Endangered,Wherever found,01-23-1984
Rodrigues warbler (old world warbler),Bebrornis rodericanus,https://ecos.fws.gov/ecp/species/760,Endangered,Wherever found,06-02-1970
Roseate tern,Sterna dougallii dougallii,https://ecos.fws.gov/ecp/species/2083,Threatened,"Western Hemisphere and adjacent oceans, incl. U.S.A. (FL, PR, VI), where not listed as endangered",11-02-1987
Roseate tern,Sterna dougallii dougallii,https://ecos.fws.gov/ecp/species/2083,Endangered,"U.S.A. (Atlantic Coast south to NC), Canada (Newf., N.S, Que.), Bermuda",11-02-1987
Roswell springsnail,Pyrgulopsis roswellensis,https://ecos.fws.gov/ecp/species/923,Endangered,Wherever found,08-09-2005
Rota blue damselfly,Ischnura luta,https://ecos.fws.gov/ecp/species/3087,Endangered,Wherever found,11-02-2015
Rota bridled white-eye,Zosterops rotensis,https://ecos.fws.gov/ecp/species/3092,Endangered,Wherever found,01-22-2004
Rothschild's starling (myna),Leucopsar rothschildi,https://ecos.fws.gov/ecp/species/4961,Endangered,Wherever found,06-02-1970
Rough Cactus Coral,Mycetophyllia ferox,https://ecos.fws.gov/ecp/species/9314,Threatened,Wherever found,11-13-2014
Rough hornsnail,Pleurocera foremani,https://ecos.fws.gov/ecp/species/924,Endangered,Wherever found,12-02-2010
Rough-leaved loosestrife,Lysimachia asperulaefolia,https://ecos.fws.gov/ecp/species/2747,Endangered,Wherever found,06-12-1987
Rough pigtoe,Pleurobema plenum,https://ecos.fws.gov/ecp/species/6894,Endangered,Wherever found,06-14-1976
Rough pigtoe,Pleurobema plenum,https://ecos.fws.gov/ecp/species/6894,"Experimental Population, Non-Essential",U.S.A. (TN - specified portions of the French Broad and Holston Rivers; see 17.85(b)(1)),10-15-2007
rough popcornflower,Plagiobothrys hirtus,https://ecos.fws.gov/ecp/species/2500,Threatened,Wherever found,01-25-2000
Rough rabbitsfoot,Quadrula cylindrica strigillata,https://ecos.fws.gov/ecp/species/5629,Endangered,Wherever found,01-10-1997
Round Ebonyshell,Reginaia rotulata,https://ecos.fws.gov/ecp/species/3039,Endangered,Wherever found,10-10-2012
Round hickorynut,Obovaria subrotunda,https://ecos.fws.gov/ecp/species/9879,Threatened,Wherever found,04-10-2023
Round Island bolyeria boa,Bolyeria multocarinata,https://ecos.fws.gov/ecp/species/2070,Endangered,Wherever found,03-20-1980
Round Island casarea boa,Casarea dussumieri,https://ecos.fws.gov/ecp/species/45,Endangered,Wherever found,03-20-1980
Round Island day gecko,Phelsuma guentheri,https://ecos.fws.gov/ecp/species/6055,Endangered,Wherever found,06-02-1970
Round Island skink,Leiolopisma telfairi,https://ecos.fws.gov/ecp/species/2093,Threatened,Wherever found,06-22-1983
Round-leaved chaff-flower,Achyranthes splendens var. rotundata,https://ecos.fws.gov/ecp/species/4709,Endangered,Wherever found,03-26-1986
Round rocksnail,Leptoxis ampla,https://ecos.fws.gov/ecp/species/470,Threatened,Wherever found,10-28-1998
Royal cinclodes,Cinclodes aricomae,https://ecos.fws.gov/ecp/species/4079,Endangered,Wherever found,07-24-2012
Royal marstonia (snail),Marstonia ogmorhaphe,https://ecos.fws.gov/ecp/species/7836,Endangered,Wherever found,04-15-1994
Roy Prairie pocket gopher,Thomomys mazama glacialis,https://ecos.fws.gov/ecp/species/7821,Threatened,Wherever found,05-09-2014
rufa red knot,Calidris canutus rufa,https://ecos.fws.gov/ecp/species/1864,Threatened,Wherever found,01-12-2015
Rugel's pawpaw,Deeringothamnus rugelii,https://ecos.fws.gov/ecp/species/5355,Endangered,,09-26-1986
Rush Darter,Etheostoma phytophilum,https://ecos.fws.gov/ecp/species/2779,Endangered,Wherever found,09-08-2011
Rusty patched bumble bee,Bombus affinis,https://ecos.fws.gov/ecp/species/9383,Endangered,Wherever found,03-21-2017
Ruth's golden aster,Pityopsis ruthii,https://ecos.fws.gov/ecp/species/105,Endangered,Wherever found,07-18-1985
Ryukyu rabbit,Pentalagus furnessi,https://ecos.fws.gov/ecp/species/5124,Endangered,Japan (Ryukyu Islands),07-27-1979
Ryukyu sika deer,Cervus nippon keramae,https://ecos.fws.gov/ecp/species/6331,Endangered,Wherever found,07-27-1979
Sacramento Mountains checkerspot Butterfly,Euphydryas anicia cloudcrofti,https://ecos.fws.gov/ecp/species/1546,Endangered,Wherever found,03-02-2023
Sacramento Mountains thistle,Cirsium vinaceum,https://ecos.fws.gov/ecp/species/7486,Threatened,Wherever found,06-16-1987
Sacramento Orcutt grass,Orcuttia viscida,https://ecos.fws.gov/ecp/species/5507,Endangered,Wherever found,03-26-1997
Sacramento prickly poppy,Argemone pleiacantha ssp. pinnatisecta,https://ecos.fws.gov/ecp/species/3332,Endangered,Wherever found,08-24-1989
Saimaa seal,Phoca hispida saimensis,https://ecos.fws.gov/ecp/species/641,Endangered,Wherever found,05-06-1993
Saint Francis' satyr butterfly,Neonympha mitchellii francisci,https://ecos.fws.gov/ecp/species/5419,Endangered,Wherever found,04-18-1994
Sakhalin sturgeon,Acipenser mikadoi,https://ecos.fws.gov/ecp/species/10377,Endangered,Wherever found,09-04-2014
Salado Salamander,Eurycea chisholmensis,https://ecos.fws.gov/ecp/species/3411,Threatened,Wherever found,03-26-2014
Salmon-crested cockatoo,Cacatua moluccensis,https://ecos.fws.gov/ecp/species/5270,Threatened,Wherever found,06-27-2011
Salt Creek Tiger beetle,Cicindela nevadica lincolniana,https://ecos.fws.gov/ecp/species/342,Endangered,Wherever found,10-06-2005
Salt marsh bird's-beak,Cordylanthus maritimus ssp. maritimus,https://ecos.fws.gov/ecp/species/6447,Endangered,Wherever found,10-29-1978
salt marsh harvest mouse,Reithrodontomys raviventris,https://ecos.fws.gov/ecp/species/613,Endangered,wherever found,10-13-1970
Saltwater crocodile,Crocodylus porosus,https://ecos.fws.gov/ecp/species/3107,Threatened,Australia,06-24-1996
Saltwater crocodile,Crocodylus porosus,https://ecos.fws.gov/ecp/species/3107,Endangered,"Wherever found, except Papua New Guinea and Australia",12-18-1979
San Bernardino bluegrass,Poa atropurpurea,https://ecos.fws.gov/ecp/species/4641,Endangered,Wherever found,10-14-1998
San Bernardino Merriam's kangaroo rat,Dipodomys merriami parvus,https://ecos.fws.gov/ecp/species/2060,Endangered,Wherever found,01-27-1998
San Bernardino Mountains bladderpod,Lesquerella kingii ssp. bernardina,https://ecos.fws.gov/ecp/species/809,Endangered,Wherever found,08-24-1994
San Bernardino springsnail,Pyrgulopsis bernardina,https://ecos.fws.gov/ecp/species/1778,Threatened,Wherever found,05-17-2012
San Bruno elfin butterfly,Callophrys mossii bayensis,https://ecos.fws.gov/ecp/species/3394,Endangered,Wherever found,06-08-1976
San Clemente Island woodland-star,Lithophragma maximum,https://ecos.fws.gov/ecp/species/5682,Endangered,Wherever found,08-08-1997
San Clemente loggerhead shrike,Lanius ludovicianus mearnsi,https://ecos.fws.gov/ecp/species/5142,Endangered,Wherever found,09-12-1977
Sand dune phacelia,Phacelia argentea,https://ecos.fws.gov/ecp/species/599,Threatened,,09-21-2023
Sand flax,Linum arenicola,https://ecos.fws.gov/ecp/species/4313,Endangered,,10-31-2016
Sand gazelle,Gazella subgutturosa marica,https://ecos.fws.gov/ecp/species/4495,Endangered,Wherever found,07-27-1979
San Diego ambrosia,Ambrosia pumila,https://ecos.fws.gov/ecp/species/8287,Endangered,Wherever found,07-02-2002
San Diego button-celery,Eryngium aristulatum var. parishii,https://ecos.fws.gov/ecp/species/5937,Endangered,Wherever found,08-03-1993
San Diego fairy shrimp,Branchinecta sandiegonensis,https://ecos.fws.gov/ecp/species/6945,Endangered,Wherever found,02-03-1997
San Diego mesa-mint,Pogogyne abramsii,https://ecos.fws.gov/ecp/species/5971,Endangered,Wherever found,10-29-1978
San Diego thornmint,Acanthomintha ilicifolia,https://ecos.fws.gov/ecp/species/351,Threatened,Wherever found,10-13-1998
Sandlace,Polygonella myriophylla,https://ecos.fws.gov/ecp/species/5745,Endangered,,04-27-1993
Sandplain gerardia,Agalinis acuta,https://ecos.fws.gov/ecp/species/8128,Endangered,Wherever found,09-07-1988
Sand skink,Neoseps reynoldsi,https://ecos.fws.gov/ecp/species/4094,Threatened,Wherever found,11-06-1987
San Esteban Island chuckwalla,Sauromalus varius,https://ecos.fws.gov/ecp/species/777,Endangered,Wherever found,03-20-1980
San Francisco garter snake,Thamnophis sirtalis tetrataenia,https://ecos.fws.gov/ecp/species/5956,Endangered,Wherever found,03-11-1967
San Francisco lessingia,Lessingia germanorum (=L.g. var. germanorum),https://ecos.fws.gov/ecp/species/8174,Endangered,Wherever found,06-19-1997
San Francisco Peaks ragwort,Packera franciscana,https://ecos.fws.gov/ecp/species/1721,Threatened,Wherever found,11-22-1983
San Jacinto Valley crownscale,Atriplex coronata var. notatior,https://ecos.fws.gov/ecp/species/4353,Endangered,Wherever found,10-13-1998
San Joaquin adobe sunburst,Pseudobahia peirsonii,https://ecos.fws.gov/ecp/species/2931,Threatened,Wherever found,02-06-1997
San Joaquin kit fox,Vulpes macrotis mutica,https://ecos.fws.gov/ecp/species/2873,Endangered,wherever found,03-11-1967
San Joaquin Valley Orcutt grass,Orcuttia inaequalis,https://ecos.fws.gov/ecp/species/5506,Threatened,Wherever found,03-26-1997
San Joaquin wooly-threads,Monolopia (=Lembertia) congdonii,https://ecos.fws.gov/ecp/species/3746,Endangered,Wherever found,07-19-1990
San Marcos salamander,Eurycea nana,https://ecos.fws.gov/ecp/species/6374,Threatened,Wherever found,07-14-1980
San Mateo thornmint,Acanthomintha obovata ssp. duttonii,https://ecos.fws.gov/ecp/species/2038,Endangered,Wherever found,09-18-1985
San Mateo woolly sunflower,Eriophyllum latilobum,https://ecos.fws.gov/ecp/species/7791,Endangered,Wherever found,02-03-1995
San Rafael cactus,Pediocactus despainii,https://ecos.fws.gov/ecp/species/3614,Endangered,Wherever found,09-16-1987
Santa Ana River woolly-star,Eriastrum densifolium ssp. sanctorum,https://ecos.fws.gov/ecp/species/6575,Endangered,Wherever found,09-28-1987
Santa Ana sucker,Catostomus santaanae,https://ecos.fws.gov/ecp/species/3785,Threatened,"Los Angeles River basin, San Gabriel River basin, Santa Ana River basin",04-12-2000
Santa Barbara Island liveforever,Dudleya traskiae,https://ecos.fws.gov/ecp/species/3891,Endangered,Wherever found,05-27-1978
Santa Catalina Island Fox,Urocyon littoralis catalinae,https://ecos.fws.gov/ecp/species/6763,Threatened,Wherever found,03-05-2004
Santa Clara Valley dudleya,Dudleya setchellii,https://ecos.fws.gov/ecp/species/3207,Endangered,Wherever found,02-03-1995
Santa Cruz cypress,Hesperocyparis abramsiana,https://ecos.fws.gov/ecp/species/1678,Threatened,Wherever found,01-08-1987
Santa Cruz Island bush-mallow,Malacothamnus fasciculatus var. nesioticus,https://ecos.fws.gov/ecp/species/6152,Endangered,Wherever found,07-31-1997
Santa Cruz Island fringepod,Thysanocarpus conchuliferus,https://ecos.fws.gov/ecp/species/7364,Endangered,Wherever found,07-31-1997
Santa Cruz Island malacothrix,Malacothrix indecora,https://ecos.fws.gov/ecp/species/3210,Endangered,Wherever found,07-31-1997
Santa Cruz Island rockcress,Sibara filifolia,https://ecos.fws.gov/ecp/species/7424,Endangered,Wherever found,08-08-1997
Santa Cruz long-toed salamander,Ambystoma macrodactylum croceum,https://ecos.fws.gov/ecp/species/7405,Endangered,Wherever found,03-11-1967
Santa Cruz tarplant,Holocarpha macradenia,https://ecos.fws.gov/ecp/species/6832,Threatened,Wherever found,03-20-2000
Santa Monica Mountains dudleyea,Dudleya cymosa ssp. ovatifolia,https://ecos.fws.gov/ecp/species/2538,Threatened,Wherever found,01-29-1997
Santa Rosa Island manzanita,Arctostaphylos confertiflora,https://ecos.fws.gov/ecp/species/563,Endangered,Wherever found,07-31-1997
Sao Miguel bullfinch (finch),Pyrrhula pyrrhula murina,https://ecos.fws.gov/ecp/species/1757,Endangered,Wherever found,06-02-1970
Saudi Arabian gazelle,Gazella dorcas saudiya,https://ecos.fws.gov/ecp/species/2414,Endangered,Wherever found,07-27-1979
Sawback angelshark,Squatina aculeata,https://ecos.fws.gov/ecp/species/10532,Endangered,,03-31-2016
Scaleshell mussel,Leptodea leptodon,https://ecos.fws.gov/ecp/species/5881,Endangered,Wherever found,10-09-2001
Scalloped Hammerhead Shark,Sphyrna lewini,https://ecos.fws.gov/ecp/species/9751,Threatened,Central and Southwest Atlantic DPS,09-02-2014
Scalloped Hammerhead Shark,Sphyrna lewini,https://ecos.fws.gov/ecp/species/9751,Endangered,Eastern Pacific DPS,09-02-2014
Scalloped Hammerhead Shark,Sphyrna lewini,https://ecos.fws.gov/ecp/species/9751,Threatened,Indo-West Pacific DPS,09-02-2014
Scalloped Hammerhead Shark,Sphyrna lewini,https://ecos.fws.gov/ecp/species/9751,Endangered,Eastern Atlantic DPS,09-02-2014
Scaly-tailed possum,Wyulda squamicaudata,https://ecos.fws.gov/ecp/species/16,Endangered,Wherever found,12-02-1970
Scarlet-breasted robin (flycatcher),Petroica multicolor multicolor,https://ecos.fws.gov/ecp/species/3069,Endangered,Wherever found,06-02-1970
Scarlet macaw,Ara macao ssp. cyanopterus,https://ecos.fws.gov/ecp/species/9023,Endangered,Wherever found,03-28-2019
Scarlet macaw,Ara macao ssp. macao,https://ecos.fws.gov/ecp/species/10513,Threatened,Northern DPS,03-28-2019
Scarlet macaw,Ara macao ssp. macao,https://ecos.fws.gov/ecp/species/10513,Similarity of Appearance (Threatened),Southern DPS,03-28-2019
Schaus swallowtail butterfly,Heraclides aristodemus ponceanus,https://ecos.fws.gov/ecp/species/1951,Endangered,Wherever found,04-28-1976
Schweinitz's sunflower,Helianthus schweinitzii,https://ecos.fws.gov/ecp/species/3849,Endangered,Wherever found,05-07-1991
Scimitar-horned oryx,Oryx dammah,https://ecos.fws.gov/ecp/species/4760,Endangered,Wherever found,03-19-2014
Sclater's monal pheasant,Lophophorus sclateri,https://ecos.fws.gov/ecp/species/31,Endangered,Wherever found,06-02-1970
Scotts Valley polygonum,Polygonum hickmanii,https://ecos.fws.gov/ecp/species/3222,Endangered,Wherever found,04-08-2003
Scotts Valley spineflower,Chorizanthe robusta var. hartwegii,https://ecos.fws.gov/ecp/species/7108,Endangered,Wherever found,02-04-1994
Scrub blazingstar,Liatris ohlingerae,https://ecos.fws.gov/ecp/species/864,Endangered,,07-27-1989
Scrub buckwheat,Eriogonum longifolium var. gnaphalifolium,https://ecos.fws.gov/ecp/species/5940,Threatened,,04-27-1993
Scrub lupine,Lupinus aridorum,https://ecos.fws.gov/ecp/species/736,Endangered,,04-07-1987
Scrub mint,Dicerandra frutescens,https://ecos.fws.gov/ecp/species/799,Endangered,,11-01-1985
Scrub plum,Prunus geniculata,https://ecos.fws.gov/ecp/species/2238,Endangered,,01-21-1987
Seabeach amaranth,Amaranthus pumilus,https://ecos.fws.gov/ecp/species/8549,Threatened,,04-07-1993
sea bean,Mucuna persericea,https://ecos.fws.gov/ecp/species/9244,Endangered,Wherever found,06-27-2013
Sebastopol meadowfoam,Limnanthes vinculans,https://ecos.fws.gov/ecp/species/404,Endangered,Wherever found,12-02-1991
Sei whale,Balaenoptera borealis,https://ecos.fws.gov/ecp/species/4753,Endangered,Wherever found,06-02-1970
Seledang,Bos gaurus,https://ecos.fws.gov/ecp/species/7719,Endangered,Wherever found,06-02-1970
Semper's warbler (=wood),Leucopeza semperi,https://ecos.fws.gov/ecp/species/1121,Endangered,Wherever found,06-02-1970
Sensitive joint-vetch,Aeschynomene virginica,https://ecos.fws.gov/ecp/species/855,Threatened,Wherever found,05-20-1992
Sentry milk-vetch,Astragalus cremnophylax var. cremnophylax,https://ecos.fws.gov/ecp/species/8439,Endangered,Wherever found,12-05-1990
Serow,Naemorhedus (=Capricornis) sumatraensis,https://ecos.fws.gov/ecp/species/3858,Endangered,Wherever found,06-14-1976
Serpent Island gecko,Cyrtodactylus serpensinsula,https://ecos.fws.gov/ecp/species/6766,Threatened,Wherever found,06-22-1983
Seychelles fody (weaver-finch),Foudia sechellarum,https://ecos.fws.gov/ecp/species/2189,Endangered,Wherever found,06-02-1970
Seychelles kestrel,Falco araea,https://ecos.fws.gov/ecp/species/1120,Endangered,Wherever found,06-02-1970
Seychelles lesser vasa parrot,Coracopsis nigra barklyi,https://ecos.fws.gov/ecp/species/3485,Endangered,Wherever found,01-12-1995
Seychelles magpie-robin (thrush),Copsychus sechellarum,https://ecos.fws.gov/ecp/species/7635,Endangered,Wherever found,06-02-1970
Seychelles paradise flycatcher,Terpsiphone corvina,https://ecos.fws.gov/ecp/species/8355,Endangered,Wherever found,06-02-1970
Seychelles scops owl,Otus magicus (=insularis) insularis,https://ecos.fws.gov/ecp/species/3851,Endangered,Wherever found,06-02-1970
Seychelles turtle dove,Streptopelia picturata rostrata,https://ecos.fws.gov/ecp/species/4487,Endangered,Wherever found,01-12-1995
Seychelles warbler (old world warbler),Bebrornis sechellensis,https://ecos.fws.gov/ecp/species/8165,Endangered,Wherever found,06-02-1970
Seychelles white-eye,Zosterops modesta,https://ecos.fws.gov/ecp/species/7715,Endangered,Wherever found,06-02-1970
Shale barren rock cress,Boechera serotina,https://ecos.fws.gov/ecp/species/6018,Endangered,Wherever found,07-13-1989
Shansi sika deer,Cervus nippon grassianus,https://ecos.fws.gov/ecp/species/3920,Endangered,Wherever found,07-27-1979
Shapo,Ovis vignei vignei,https://ecos.fws.gov/ecp/species/6044,Endangered,Wherever found,06-14-1976
Shark Bay mouse,Pseudomys praeconis,https://ecos.fws.gov/ecp/species/5515,Endangered,Wherever found,12-02-1970
Sharpnose Shiner,Notropis oxyrhynchus,https://ecos.fws.gov/ecp/species/6492,Endangered,Wherever found,08-04-2014
Shasta crayfish,Pacifastacus fortis,https://ecos.fws.gov/ecp/species/8284,Endangered,Wherever found,09-30-1988
Sheepnose Mussel,Plethobasus cyphyus,https://ecos.fws.gov/ecp/species/6903,Endangered,Wherever found,04-12-2012
Shenandoah salamander,Plethodon shenandoah,https://ecos.fws.gov/ecp/species/4097,Endangered,Wherever found,08-18-1989
Shiny pigtoe,Fusconaia cor,https://ecos.fws.gov/ecp/species/2573,"Experimental Population, Non-Essential","U.S.A. (AL;The free-flowing reach of the Tennessee R. from the base of Wilson Dam downstream to the backwaters of Pickwick Reservoir [about 12 RM (19 km)] and the lower 5 RM [8 km] of all tributaries to this reach in Colbert and Lauderdale Cos., see 17.85(a))",06-14-2001
Shiny pigtoe,Fusconaia cor,https://ecos.fws.gov/ecp/species/2573,Endangered,Wherever found; Except where listed as Experimental Populations,06-14-1976
Shiny pigtoe,Fusconaia cor,https://ecos.fws.gov/ecp/species/2573,"Experimental Population, Non-Essential",U.S.A. (TN - specified portions of the French Broad and Holston Rivers; see 17.85(b)(1)),10-15-2007
Shinyrayed pocketbook,Hamiota subangulata,https://ecos.fws.gov/ecp/species/6517,Endangered,Wherever found,03-16-1998
Shivwits milk-vetch,Astragalus ampullarioides,https://ecos.fws.gov/ecp/species/5840,Endangered,Wherever found,09-28-2001
Short-leaved rosemary,Conradina brevifolia,https://ecos.fws.gov/ecp/species/2929,Endangered,,07-12-1993
Short-necked or western swamp turtle,Pseudemydura umbrina,https://ecos.fws.gov/ecp/species/3953,Endangered,Wherever found,06-02-1970
Shortnose sturgeon,Acipenser brevirostrum,https://ecos.fws.gov/ecp/species/6635,Endangered,Wherever found,03-11-1967
shortnose sucker,Chasmistes brevirostris,https://ecos.fws.gov/ecp/species/7160,Endangered,Wherever found,07-18-1988
Shortridge's mouse,Pseudomys shortridgei,https://ecos.fws.gov/ecp/species/6979,Endangered,Wherever found,12-02-1970
Short's bladderpod,Physaria globosa,https://ecos.fws.gov/ecp/species/7206,Endangered,Wherever found,08-01-2014
Short's goldenrod,Solidago shortii,https://ecos.fws.gov/ecp/species/5367,Endangered,Wherever found,09-05-1985
Short-tailed albatross,Phoebastria (=Diomedea) albatrus,https://ecos.fws.gov/ecp/species/433,Endangered,Wherever found,06-02-1970
Shou,Cervus elaphus wallichi,https://ecos.fws.gov/ecp/species/13,Endangered,Wherever found,06-02-1970
Shovelnose Sturgeon,Scaphirhynchus platorynchus,https://ecos.fws.gov/ecp/species/9035,Similarity of Appearance (Threatened),Wherever found,10-01-2010
showy Indian clover,Trifolium amoenum,https://ecos.fws.gov/ecp/species/6459,Endangered,Wherever found,10-22-1997
Showy stickseed,Hackelia venusta,https://ecos.fws.gov/ecp/species/5210,Endangered,Wherever found,02-06-2002
Shrubby reed-mustard,Schoenocrambe suffrutescens,https://ecos.fws.gov/ecp/species/7220,Endangered,Wherever found,10-06-1987
Siamang,Symphalangus syndactylus,https://ecos.fws.gov/ecp/species/1766,Endangered,Wherever found,06-14-1976
Siamese crocodile,Crocodylus siamensis,https://ecos.fws.gov/ecp/species/26,Endangered,Wherever found,06-14-1976
Siberian white Crane,Grus leucogeranus,https://ecos.fws.gov/ecp/species/5713,Endangered,Wherever found,12-02-1970
Sichuan snub-nosed monkey,Rhinopithecus roxellana,https://ecos.fws.gov/ecp/species/4248,Endangered,Wherever found,09-27-1990
Sickle darter,Percina williamsi,https://ecos.fws.gov/ecp/species/9866,Threatened,Wherever found,12-07-2022
Sierra Nevada bighorn sheep,Ovis canadensis sierrae,https://ecos.fws.gov/ecp/species/3646,Endangered,U.S.A. (CA) Sierra Nevada,04-20-1999
Sierra Nevada red fox,Vulpes vulpes necator,https://ecos.fws.gov/ecp/species/4252,Endangered,Sierra Nevada DPS,09-02-2021
Sierra Nevada Yellow-legged Frog,Rana sierrae,https://ecos.fws.gov/ecp/species/9529,Endangered,Wherever found,06-30-2014
Sifakas,Propithecus spp.,https://ecos.fws.gov/ecp/species/7623,Endangered,Wherever found,12-02-1970
Siler pincushion cactus,"Pediocactus (=Echinocactus,=Utahia) sileri",https://ecos.fws.gov/ecp/species/3607,Threatened,Wherever found,11-26-1979
Silver rice rat,Oryzomys palustris natator,https://ecos.fws.gov/ecp/species/6988,Endangered,Lower FL Keys (west of Seven Mile Bridge),04-30-1991
Silverspot,Speyeria nokomis nokomis,https://ecos.fws.gov/ecp/species/2813,Threatened,Wherever found,03-18-2024
Simien fox,Canis simensis,https://ecos.fws.gov/ecp/species/1640,Endangered,Wherever found,07-27-1979
Sinaloan jaguarundi,Puma yagouaroundi tolteca,https://ecos.fws.gov/ecp/species/3080,Endangered,Wherever found,06-14-1976
Singapore roundleaf horseshoe bat,Hipposideros ridleyi,https://ecos.fws.gov/ecp/species/1490,Endangered,Wherever found,01-23-1984
Sira curassow,Pauxi koepckeae,https://ecos.fws.gov/ecp/species/10519,Endangered,,08-26-2024
Slabside Pearlymussel,Pleuronaia dolabelloides,https://ecos.fws.gov/ecp/species/1518,Endangered,Wherever found,10-28-2013
Slackwater darter,Etheostoma boschungi,https://ecos.fws.gov/ecp/species/8058,Threatened,Wherever found,10-11-1977
Slender-billed curlew,Numenius tenuirostris,https://ecos.fws.gov/ecp/species/7621,Endangered,Wherever found,09-12-2011
Slender-billed Grackle,Quisicalus palustris,https://ecos.fws.gov/ecp/species/7262,Endangered,Wherever found,06-02-1970
Slender campeloma,Campeloma decampi,https://ecos.fws.gov/ecp/species/7009,Endangered,Wherever found,02-25-2000
Slender chub,Erimystax cahni,https://ecos.fws.gov/ecp/species/6637,Threatened,Wherever found,10-11-1977
Slender chub,Erimystax cahni,https://ecos.fws.gov/ecp/species/6637,"Experimental Population, Non-Essential",U.S.A. (TN - specified portions of the French Broad and Holston  Rivers; see 17.84(s)(1)(i)),10-15-2007
Slenderclaw crayfish,Cambarus cracens,https://ecos.fws.gov/ecp/species/9792,Endangered,Wherever found,10-08-2021
Slender-horned gazelle,Gazella leptoceros,https://ecos.fws.gov/ecp/species/766,Endangered,Wherever found,06-02-1970
Slender-horned spineflower,Dodecahema leptoceras,https://ecos.fws.gov/ecp/species/4007,Endangered,Wherever found,09-28-1987
Slender Orcutt grass,Orcuttia tenuis,https://ecos.fws.gov/ecp/species/1063,Threatened,Wherever found,03-26-1997
Slender-petaled mustard,Thelypodium stenopetalum,https://ecos.fws.gov/ecp/species/1658,Endangered,Wherever found,08-31-1984
Slender rush-pea,Hoffmannseggia tenella,https://ecos.fws.gov/ecp/species/5298,Endangered,Wherever found,11-01-1985
Slevin's skink,Emoia slevini,https://ecos.fws.gov/ecp/species/9767,Endangered,Wherever found,11-02-2015
Slickspot peppergrass,Lepidium papilliferum,https://ecos.fws.gov/ecp/species/4027,Threatened,,09-16-2016
Small-anthered bittercress,Cardamine micranthera,https://ecos.fws.gov/ecp/species/3462,Endangered,Wherever found,09-21-1989
Smalleye Shiner,Notropis buccula,https://ecos.fws.gov/ecp/species/1774,Endangered,Wherever found,08-04-2014
Small's milkpea,Galactia smallii,https://ecos.fws.gov/ecp/species/3360,Endangered,,07-18-1985
Smalltooth sawfish,Pristis pectinata,https://ecos.fws.gov/ecp/species/3253,Endangered,US DPS - Smalltooth sawfish originating from U.S. waters.,11-16-2005
Smalltooth sawfish,Pristis pectinata,https://ecos.fws.gov/ecp/species/3253,Endangered,Non-US DPS - Smalltooth sawfish originating from non-US waters,01-12-2015
Small whorled pogonia,Isotria medeoloides,https://ecos.fws.gov/ecp/species/1890,Threatened,,09-09-1982
Smith's blue butterfly,Euphilotes enoptes smithi,https://ecos.fws.gov/ecp/species/4418,Endangered,Wherever found,06-08-1976
Smoky madtom,Noturus baileyi,https://ecos.fws.gov/ecp/species/8211,"Experimental Population, Non-Essential","The Tellico River, between the backwaters of the Tellico Reservoir (approximately Tellico River mile 19 (30.4 kilometers) and Tellico River mile 33 (52.8 kilometers), near the Tellico Ranger Station, Monroe County, Tennessee.",08-12-2002
Smoky madtom,Noturus baileyi,https://ecos.fws.gov/ecp/species/8211,Endangered,Wherever found,10-26-1984
Smoky mouse,Pseudomys fumeus,https://ecos.fws.gov/ecp/species/769,Endangered,Wherever found,12-02-1970
Smoothback angelshark,Squatina oculata,https://ecos.fws.gov/ecp/species/10531,Endangered,,08-31-2016
Smooth coneflower,Echinacea laevigata,https://ecos.fws.gov/ecp/species/3473,Threatened,Wherever found,10-08-1992
Snail [no common name],Eua zebrina,https://ecos.fws.gov/ecp/species/7551,Endangered,Wherever found,10-24-2016
Snail [no common name],Ostodes strigatus,https://ecos.fws.gov/ecp/species/6523,Endangered,Wherever found,10-24-2016
Snake River physa snail,Physella natricina,https://ecos.fws.gov/ecp/species/305,Endangered,Wherever found,12-14-1992
Snakeroot,Eryngium cuneifolium,https://ecos.fws.gov/ecp/species/7487,Endangered,,01-21-1987
Sneed pincushion cactus,Coryphantha sneedii var. sneedii,https://ecos.fws.gov/ecp/species/4706,Endangered,Wherever found,12-07-1979
Snow leopard,Uncia (=Panthera) uncia,https://ecos.fws.gov/ecp/species/771,Endangered,Wherever found,03-28-1972
Snuffbox mussel,Epioblasma triquetra,https://ecos.fws.gov/ecp/species/4135,Endangered,Wherever found,03-15-2012
Sockeye salmon,Oncorhynchus (=Salmo) nerka,https://ecos.fws.gov/ecp/species/5888,Endangered,Snake River ESU - See 50 CFR 224.101,01-03-1992
Sockeye salmon,Oncorhynchus (=Salmo) nerka,https://ecos.fws.gov/ecp/species/5888,Threatened,Ozette Lake ESU - See 50 CFR 223.102,03-25-1999
Socorro isopod,Thermosphaeroma thermophilus,https://ecos.fws.gov/ecp/species/2470,Endangered,Wherever found,04-26-1978
Socorro mockingbird,Mimus graysoni,https://ecos.fws.gov/ecp/species/6042,Endangered,Wherever found,01-16-2008
Socorro springsnail,Pyrgulopsis neomexicana,https://ecos.fws.gov/ecp/species/2806,Endangered,Wherever found,09-30-1991
Soft bird's-beak,Cordylanthus mollis ssp. mollis,https://ecos.fws.gov/ecp/species/8541,Endangered,Wherever found,11-20-1997
Soft-leaved paintbrush,Castilleja mollis,https://ecos.fws.gov/ecp/species/5312,Endangered,Wherever found,07-31-1997
Solano grass,Tuctoria mucronata,https://ecos.fws.gov/ecp/species/8302,Endangered,Wherever found,09-29-1978
Solitary tinamou,Tinamus solitarius,https://ecos.fws.gov/ecp/species/6362,Endangered,Wherever found,06-14-1976
Sonoma alopecurus,Alopecurus aequalis var. sonomensis,https://ecos.fws.gov/ecp/species/557,Endangered,Wherever found,10-22-1997
Sonoma spineflower,Chorizanthe valida,https://ecos.fws.gov/ecp/species/7698,Endangered,Wherever found,06-22-1992
Sonoma sunshine,Blennosperma bakeri,https://ecos.fws.gov/ecp/species/1260,Endangered,Wherever found,12-02-1991
Sonora chub,Gila ditaenia,https://ecos.fws.gov/ecp/species/1394,Threatened,Wherever found,04-30-1986
Sonoran pronghorn,Antilocapra americana sonoriensis,https://ecos.fws.gov/ecp/species/4750,"Experimental Population, Non-Essential","In Arizona, an area north of Interstate 8 and south of Interstate 10, bounded by the Colorado River on the west and Interstate 10 on the east; and an area south of Interstate 8, bounded by Highway 85 on the west, Interstates 10 and 19 on the east, and the U.S.-Mexico border on the south",05-05-2011
Sonoran pronghorn,Antilocapra americana sonoriensis,https://ecos.fws.gov/ecp/species/4750,Endangered,"Wherever found, except where listed as an experimental population",03-11-1967
Sonoran tiger salamander,Ambystoma mavortium stebbinsi,https://ecos.fws.gov/ecp/species/2096,Endangered,Wherever found,01-06-1997
Sonoyta mud turtle,Kinosternon sonoriense longifemorale,https://ecos.fws.gov/ecp/species/7276,Endangered,Wherever found,10-20-2017
South American (=Brazilian) tapir,Tapirus terrestris,https://ecos.fws.gov/ecp/species/4967,Endangered,Wherever found,06-02-1970
South American red-lined turtle,Trachemys scripta callirostris,https://ecos.fws.gov/ecp/species/169,Endangered,Wherever found,09-30-1991
South Andean huemul,Hippocamelus bisulcus,https://ecos.fws.gov/ecp/species/3079,Endangered,Wherever found,06-14-1976
South Asian River dolphin,Platanista gangetica minor,https://ecos.fws.gov/ecp/species/1231,Endangered,Wherever found,01-14-1991
South China sika deer,Cervus nippon kopschi,https://ecos.fws.gov/ecp/species/3494,Endangered,Wherever found,07-27-1979
Southeastern beach mouse,Peromyscus polionotus niveiventris,https://ecos.fws.gov/ecp/species/3951,Threatened,wherever found,05-12-1989
Southeastern rufous-vented ground cuckoo,Neomorphus geoffroyi dulcis,https://ecos.fws.gov/ecp/species/6054,Endangered,Wherever found,01-27-2011
Southern bearded saki,Chiropotes satanas satanas,https://ecos.fws.gov/ecp/species/5725,Endangered,Wherever found,05-16-1986
Southern clubshell,Pleurobema decisum,https://ecos.fws.gov/ecp/species/6113,Endangered,Wherever found,03-17-1993
Southern combshell,Epioblasma penita,https://ecos.fws.gov/ecp/species/7285,Endangered,Wherever found,04-07-1987
Southern-helmeted curassow,Pauxi unicornis,https://ecos.fws.gov/ecp/species/3915,Endangered,Wherever found,08-26-2024
Southern kidneyshell,Ptychobranchus jonesi,https://ecos.fws.gov/ecp/species/7539,Endangered,Wherever found,10-10-2012
Southern Mountain Caribou DPS,Rangifer tarandus ssp. caribou,https://ecos.fws.gov/ecp/species/4618,Endangered,"U.S.A. (wherever found), Canada (southeastern British Columbia)",01-14-1983
Southern mountain wild-buckwheat,Eriogonum kennedyi var. austromontanum,https://ecos.fws.gov/ecp/species/7201,Threatened,Wherever found,10-14-1998
Southern pigtoe,Pleurobema georgianum,https://ecos.fws.gov/ecp/species/1520,Endangered,Wherever found,03-17-1993
Southern planigale,Planigale tenuirostris,https://ecos.fws.gov/ecp/species/636,Endangered,Wherever found,12-02-1970
Southern Right Whale,Eubalaena australis,https://ecos.fws.gov/ecp/species/9160,Endangered,Wherever found,06-02-1970
Southern river otter,Lontra (=Lutra) provocax,https://ecos.fws.gov/ecp/species/5120,Endangered,Wherever found,06-14-1976
southern rockhopper penguin,Eudyptes chrysocome,https://ecos.fws.gov/ecp/species/1502,Threatened,"New Zealand-Australia DPS, associated with the Campbell Plateau and Macquarie Island",03-24-2011
Southern Sandshell,Hamiota australis,https://ecos.fws.gov/ecp/species/2551,Threatened,Wherever found,10-10-2012
Southern sea otter,Enhydra lutris nereis,https://ecos.fws.gov/ecp/species/8560,Threatened,Wherever found,01-14-1977
Southern white rhinoceros,Ceratotherium simum ssp. simum,https://ecos.fws.gov/ecp/species/9537,Similarity of Appearance (Threatened),Wherever found,09-11-2013
South Island Hector's dolphin,Cephalorhynchus hectori hectori,https://ecos.fws.gov/ecp/species/10641,Threatened,,10-19-2017
South Llano Springs moss,Donrichardsia macroneuron,https://ecos.fws.gov/ecp/species/10113,Endangered,,05-30-2023
South Texas ambrosia,Ambrosia cheiranthifolia,https://ecos.fws.gov/ecp/species/3331,Endangered,Wherever found,08-24-1994
Southwestern willow flycatcher,Empidonax traillii extimus,https://ecos.fws.gov/ecp/species/6749,Endangered,Wherever found,02-27-1995
Spalding's Catchfly,Silene spaldingii,https://ecos.fws.gov/ecp/species/3681,Threatened,Wherever found,10-10-2001
Spanish imperial eagle,Aquila heliaca adalberti,https://ecos.fws.gov/ecp/species/1920,Endangered,Wherever found,06-02-1970
Spanish lynx,Felis pardina,https://ecos.fws.gov/ecp/species/7270,Endangered,Wherever found,06-02-1970
Speckled pocketbook,Lampsilis streckeri,https://ecos.fws.gov/ecp/species/7869,Endangered,Wherever found,02-28-1989
Spectaclecase (mussel),Cumberlandia monodonta,https://ecos.fws.gov/ecp/species/7867,Endangered,Wherever found,04-12-2012
Spectacled eider,Somateria fischeri,https://ecos.fws.gov/ecp/species/762,Threatened,Wherever found,05-10-1993
Sperm whale,Physeter catodon (=macrocephalus),https://ecos.fws.gov/ecp/species/8363,Endangered,Wherever found,06-02-1970
Spider monkey,Ateles geoffroyi frontatus,https://ecos.fws.gov/ecp/species/6184,Endangered,Wherever found,06-02-1970
Spider monkey,Ateles geoffroyl panamensis,https://ecos.fws.gov/ecp/species/6327,Endangered,Wherever found,06-02-1970
Spikedace,Meda fulgida,https://ecos.fws.gov/ecp/species/6493,Endangered,Wherever found,07-01-1986
Spiny angelshark,Squatina guggenheim,https://ecos.fws.gov/ecp/species/10801,Endangered,,
Spotfin Chub,Erimonax monachus,https://ecos.fws.gov/ecp/species/1521,"Experimental Population, Non-Essential",U.S.A. (TN-specified portions of the Tellico River; see 17.84(m)(1)(i)),08-12-2002
Spotfin Chub,Erimonax monachus,https://ecos.fws.gov/ecp/species/1521,"Experimental Population, Non-Essential","U.S.A. (AL, TN-specified portions of Shoal Creek; see 17.84(m)(1)(ii))",04-08-2005
Spotfin Chub,Erimonax monachus,https://ecos.fws.gov/ecp/species/1521,Threatened,"Wherever found, except where listed as an experimental population",10-11-1977
Spotfin Chub,Erimonax monachus,https://ecos.fws.gov/ecp/species/1521,"Experimental Population, Non-Essential",U.S.A. (TN-specified portions of the French Broad and Holston Rivers; see 17.84(m)(1)(iii)),10-15-2007
Spotted linsang,Prionodon pardicolor,https://ecos.fws.gov/ecp/species/6954,Endangered,Wherever found,06-14-1976
Spotted pond turtle,Geoclemys hamiltonii,https://ecos.fws.gov/ecp/species/6371,Endangered,Wherever found,06-14-1976
Spotted Seal,Phoca largha,https://ecos.fws.gov/ecp/species/9157,Threatened,Southern DPS - See 50 CFR 223.102,04-13-2011
Spreading avens,Geum radiatum,https://ecos.fws.gov/ecp/species/6854,Endangered,Wherever found,04-05-1990
Spreading navarretia,Navarretia fossalis,https://ecos.fws.gov/ecp/species/1334,Threatened,Wherever found,10-13-1998
Spring Creek bladderpod,Lesquerella perforata,https://ecos.fws.gov/ecp/species/2012,Endangered,Wherever found,12-23-1996
Spring-loving centaury,Centaurium namophilum,https://ecos.fws.gov/ecp/species/5559,Threatened,Wherever found,05-20-1985
Spring pygmy sunfish,Elassoma alabamae,https://ecos.fws.gov/ecp/species/652,Threatened,Wherever found,12-02-2013
Springville clarkia,Clarkia springvillensis,https://ecos.fws.gov/ecp/species/8309,Threatened,Wherever found,10-14-1998
Spruce-fir moss spider,Microhexura montivaga,https://ecos.fws.gov/ecp/species/4801,Endangered,Wherever found,02-06-1995
Squirrel Chimney Cave shrimp,Palaemonetes cummingi,https://ecos.fws.gov/ecp/species/1551,Threatened,Wherever found,06-21-1990
Sri Lankan Ornamental Tarantula,Poecilotheria fasciata,https://ecos.fws.gov/ecp/species/9105,Endangered,Wherever found,08-30-2018
Staghorn coral,Acropora cervicornis,https://ecos.fws.gov/ecp/species/8929,Threatened,Wherever found,06-08-2006
St. Andrew beach mouse,Peromyscus polionotus peninsularis,https://ecos.fws.gov/ecp/species/4111,Endangered,Wherever found,12-18-1998
Star cactus,Astrophytum asterias,https://ecos.fws.gov/ecp/species/7913,Endangered,Wherever found,10-18-1993
St. Croix ground lizard,Ameiva polops,https://ecos.fws.gov/ecp/species/5154,Endangered,Wherever found,07-05-1977
Steamboat buckwheat,Eriogonum ovalifolium var. williamsiae,https://ecos.fws.gov/ecp/species/413,Endangered,Wherever found,07-08-1986
Stebbins' morning-glory,Calystegia stebbinsii,https://ecos.fws.gov/ecp/species/3991,Endangered,Wherever found,10-18-1996
Steelhead (Rainbow Trout),Oncorhynchus (=Salmo) mykiss,https://ecos.fws.gov/ecp/species/1007,Threatened,California Central Valley DPS - See 50 CFR 223.102,06-17-1998
Steelhead (Rainbow Trout),Oncorhynchus (=Salmo) mykiss,https://ecos.fws.gov/ecp/species/1007,"Experimental Population, Non-Essential",Middle Columbia River DPS - XN - See 50 CFR 223.102,01-15-2013
Steelhead (Rainbow Trout),Oncorhynchus (=Salmo) mykiss,https://ecos.fws.gov/ecp/species/1007,Threatened,Central California Coast DPS - See 50 CFR 223.102,06-17-1998
Steelhead (Rainbow Trout),Oncorhynchus (=Salmo) mykiss,https://ecos.fws.gov/ecp/species/1007,Threatened,South-Central California Coast DPS - See 50 CFR 223.102,06-17-1998
Steelhead (Rainbow Trout),Oncorhynchus (=Salmo) mykiss,https://ecos.fws.gov/ecp/species/1007,Threatened,Snake River Basin DPS - See 50 CFR 223.102,06-17-1998
Steelhead (Rainbow Trout),Oncorhynchus (=Salmo) mykiss,https://ecos.fws.gov/ecp/species/1007,Threatened,Middle Columbia River DPS - See 50 CFR 223.102,08-02-1999
Steelhead (Rainbow Trout),Oncorhynchus (=Salmo) mykiss,https://ecos.fws.gov/ecp/species/1007,Threatened,Northern California DPS - See 50 CFR 223.102,08-07-2000
Steelhead (Rainbow Trout),Oncorhynchus (=Salmo) mykiss,https://ecos.fws.gov/ecp/species/1007,Threatened,Puget Sound DPS - See 50 CFR 223.102,05-07-2007
Steelhead (Rainbow Trout),Oncorhynchus (=Salmo) mykiss,https://ecos.fws.gov/ecp/species/1007,Threatened,Lower Columbia River DPS - See 50 CFR 223.102,06-17-1998
Steelhead (Rainbow Trout),Oncorhynchus (=Salmo) mykiss,https://ecos.fws.gov/ecp/species/1007,Threatened,Upper Willamette River DPS - See 50 CFR 223.102,08-02-1999
Steelhead (Rainbow Trout),Oncorhynchus (=Salmo) mykiss,https://ecos.fws.gov/ecp/species/1007,Endangered,Southern California DPS - See 50 CFR 224.101,06-17-1998
Steelhead (Rainbow Trout),Oncorhynchus (=Salmo) mykiss,https://ecos.fws.gov/ecp/species/1007,Threatened,Upper Columbia River DPS - See 50 CFR 223.102,06-17-1998
Steller sea lion,Eumetopias jubatus,https://ecos.fws.gov/ecp/species/5147,Endangered,Western DPS - See 50 CFR 224.101,04-10-1990
Steller's Eider,Polysticta stelleri,https://ecos.fws.gov/ecp/species/1475,Threatened,U.S. Alaska breeding population only,06-11-1997
Stephen Island frog,Leiopelma hamiltoni,https://ecos.fws.gov/ecp/species/8375,Endangered,Wherever found,06-02-1970
Stephens' kangaroo rat,Dipodomys stephensi (incl. D. cascus),https://ecos.fws.gov/ecp/species/3495,Threatened,Wherever found,09-30-1988
St. Francis River Crayfish,Faxonius quadruncus,https://ecos.fws.gov/ecp/species/10761,Threatened,,05-30-2023
Stick-nest rat,Leporillus conditor,https://ecos.fws.gov/ecp/species/614,Endangered,Wherever found,06-04-1973
St. Lucia Forest thrush,Cichlherminia iherminieri santaeluciae,https://ecos.fws.gov/ecp/species/4117,Endangered,Wherever found,09-16-2010
St. Lucia house wren,Troglodytes aedon mesoleucus,https://ecos.fws.gov/ecp/species/1097,Endangered,Wherever found,06-02-1970
St. Lucia parrot,Amazona versicolor,https://ecos.fws.gov/ecp/species/5712,Endangered,Wherever found,06-02-1970
Stock Island tree snail,Orthalicus reses (not incl. nesodryas),https://ecos.fws.gov/ecp/species/466,Threatened,Wherever found,08-02-1978
straight-horned markhor,Capra falconeri megaceros,https://ecos.fws.gov/ecp/species/12393,Endangered,Wherever found,10-07-2014
straight-horned markhor,Capra falconeri megaceros,https://ecos.fws.gov/ecp/species/12393,Endangered,,
Streaked Horned lark,Eremophila alpestris strigata,https://ecos.fws.gov/ecp/species/7268,Threatened,Wherever found,11-04-2013
Striped smoothhound shark,Mustelus fasciatus,https://ecos.fws.gov/ecp/species/10803,Endangered,,
St. Thomas prickly-ash,Zanthoxylum thomasianum,https://ecos.fws.gov/ecp/species/102,Endangered,Wherever found,12-20-1985
Stump-tailed macaque,Macaca arctoides,https://ecos.fws.gov/ecp/species/5145,Threatened,Wherever found,10-19-1976
St Vincent parrot,Amazona guildingii,https://ecos.fws.gov/ecp/species/3068,Endangered,Wherever found,06-02-1970
Suisun thistle,Cirsium hydrophilum var. hydrophilum,https://ecos.fws.gov/ecp/species/2369,Endangered,Wherever found,11-20-1997
Sumatran rhinoceros,Dicerorhinus sumatrensis,https://ecos.fws.gov/ecp/species/610,Endangered,Wherever found,06-02-1970
Suwannee alligator snapping turtle,Macrochelys suwanniensis,https://ecos.fws.gov/ecp/species/10891,Threatened,,07-29-2024
Suwannee moccasinshell,Medionidus walkeri,https://ecos.fws.gov/ecp/species/533,Threatened,Wherever found,11-07-2016
swale paintbrush,Castilleja ornata,https://ecos.fws.gov/ecp/species/10121,Endangered,,01-06-2025
Swamp deer,Cervus duvauceli,https://ecos.fws.gov/ecp/species/7239,Endangered,Wherever found,06-02-1970
Swamp pink,Helonias bullata,https://ecos.fws.gov/ecp/species/4333,Threatened,,10-11-1988
Swayne's hartebeest,Alcelaphus buselaphus swaynei,https://ecos.fws.gov/ecp/species/2874,Endangered,Wherever found,07-27-1979
Swinhoe's pheasant,Lophura swinhoii,https://ecos.fws.gov/ecp/species/759,Endangered,Wherever found,06-02-1970
Tahiti flycatcher,Pomarea nigra,https://ecos.fws.gov/ecp/species/8252,Endangered,Wherever found,06-02-1970
Taita thrush,Turdus olivaceus helleri,https://ecos.fws.gov/ecp/species/2975,Endangered,Wherever found,01-12-1995
Tamaraw,Bubalus mindorensis,https://ecos.fws.gov/ecp/species/4245,Endangered,Wherever found,12-02-1970
Tampico pearlymussel,Cyrtonaias tampicoensis tecomatensis,https://ecos.fws.gov/ecp/species/4129,Endangered,Wherever found,06-14-1976
Tana River mangabey,Cercocebus galeritus galeritus,https://ecos.fws.gov/ecp/species/3943,Endangered,Wherever found,06-02-1970
Tana River red colobus monkey,Procolobus (=Colobus) rufomitratus (=badius r.),https://ecos.fws.gov/ecp/species/6618,Endangered,Wherever found,06-02-1970
Tan riffleshell,Epioblasma florentina walkeri (=E. walkeri),https://ecos.fws.gov/ecp/species/1247,Endangered,Wherever found,09-26-1977
Tapered pigtoe,Fusconaia burkei,https://ecos.fws.gov/ecp/species/5046,Threatened,Wherever found,10-10-2012
Tar River spinymussel,Parvaspina steinstansana,https://ecos.fws.gov/ecp/species/1392,Endangered,Wherever found,06-27-1985
Tartaruga,Podocnemis expansa,https://ecos.fws.gov/ecp/species/1108,Endangered,Wherever found,06-02-1970
Tasmanian forester kangaroo,Macropus giganteus tasmaniensis,https://ecos.fws.gov/ecp/species/3642,Endangered,Wherever found,06-04-1973
Tasmanian tiger,Thylacinus cynocephalus,https://ecos.fws.gov/ecp/species/158,Endangered,Wherever found,06-02-1970
Taylor's (=whulge) Checkerspot,Euphydryas editha taylori,https://ecos.fws.gov/ecp/species/5907,Endangered,Wherever found,11-04-2013
Telephus spurge,Euphorbia telephioides,https://ecos.fws.gov/ecp/species/5499,Threatened,,05-08-1992
Temnick''s ground Pangolin,Manis temminckii,https://ecos.fws.gov/ecp/species/7389,Endangered,Wherever found,06-14-1976
Tenino pocket gopher,Thomomys mazama tumuli,https://ecos.fws.gov/ecp/species/6290,Threatened,Wherever found,05-09-2014
Tennessee yellow-eyed grass,Xyris tennesseensis,https://ecos.fws.gov/ecp/species/6010,Endangered,Wherever found,07-26-1991
Terlingua Creek cat's-eye,Cryptantha crassipes,https://ecos.fws.gov/ecp/species/7707,Endangered,Wherever found,09-30-1991
Texas ayenia,Ayenia limitaris,https://ecos.fws.gov/ecp/species/4942,Endangered,Wherever found,08-24-1994
Texas blind salamander,Eurycea rathbuni,https://ecos.fws.gov/ecp/species/5130,Endangered,Wherever found,03-11-1967
Texas fatmucket,Lampsilis bracteata,https://ecos.fws.gov/ecp/species/9041,Endangered,Wherever found,07-05-2024
Texas fawnsfoot,Truncilla macrodon,https://ecos.fws.gov/ecp/species/8965,Threatened,Wherever found,07-05-2024
Texas golden Gladecress,Leavenworthia texana,https://ecos.fws.gov/ecp/species/8339,Endangered,Wherever found,10-11-2013
Texas Hornshell,Popenaias popeii,https://ecos.fws.gov/ecp/species/919,Endangered,Wherever found,03-12-2018
Texas pimpleback,Cyclonaias petrina,https://ecos.fws.gov/ecp/species/8966,Endangered,Wherever found,07-05-2024
Texas poppy-mallow,Callirhoe scabriuscula,https://ecos.fws.gov/ecp/species/5808,Endangered,Wherever found,01-13-1981
Texas prairie dawn-flower,Hymenoxys texana,https://ecos.fws.gov/ecp/species/6471,Endangered,Wherever found,03-13-1986
Texas snowbells,Styrax platanifolius ssp. texanus,https://ecos.fws.gov/ecp/species/5214,Endangered,Wherever found,10-12-1984
Texas trailing phlox,Phlox nivalis ssp. texensis,https://ecos.fws.gov/ecp/species/4462,Endangered,Wherever found,09-30-1991
Texas wild-rice,Zizania texana,https://ecos.fws.gov/ecp/species/805,Endangered,Wherever found,05-27-1978
Thailand giant catfish,Pangasianodon gigas,https://ecos.fws.gov/ecp/species/5857,Endangered,Wherever found,06-02-1970
Thick-billed parrot,Rhynchopsitta pachyrhyncha,https://ecos.fws.gov/ecp/species/7260,Endangered,Wherever found,06-02-1970
Thin-spined porcupine,Chaetomys subspinosus,https://ecos.fws.gov/ecp/species/1609,Endangered,Wherever found,06-02-1970
Thread-leaved brodiaea,Brodiaea filifolia,https://ecos.fws.gov/ecp/species/6087,Threatened,Wherever found,10-13-1998
Three Forks Springsnail,Pyrgulopsis trivialis,https://ecos.fws.gov/ecp/species/1017,Endangered,Wherever found,05-17-2012
Three-keeled Asian turtle,Melanochelys tricarinata,https://ecos.fws.gov/ecp/species/3954,Endangered,Wherever found,06-14-1976
Thyolo alethe,Alethe choloensis,https://ecos.fws.gov/ecp/species/1761,Endangered,Wherever found,01-12-1995
Tibetan antelope,Panthalops hodgsonii,https://ecos.fws.gov/ecp/species/2196,Endangered,Wherever found,03-29-2006
Tiburon jewelflower,Streptanthus niger,https://ecos.fws.gov/ecp/species/4187,Endangered,Wherever found,02-03-1995
Tiburon mariposa lily,Calochortus tiburonensis,https://ecos.fws.gov/ecp/species/2858,Threatened,Wherever found,02-03-1995
Tiburon paintbrush,Castilleja affinis ssp. neglecta,https://ecos.fws.gov/ecp/species/2687,Endangered,Wherever found,02-03-1995
tidewater goby,Eucyclogobius newberryi,https://ecos.fws.gov/ecp/species/57,Endangered,Wherever found,02-04-1994
Tiehm's buckwheat,Eriogonum tiehmii,https://ecos.fws.gov/ecp/species/4217,Endangered,,01-17-2023
Tiger,Panthera tigris,https://ecos.fws.gov/ecp/species/1765,Endangered,Wherever found,06-02-1970
Tiger cat,Leopardus (=Felis) tigrinus,https://ecos.fws.gov/ecp/species/1479,Endangered,Wherever found,03-28-1972
Tiny polygala,Polygala smallii,https://ecos.fws.gov/ecp/species/996,Endangered,,07-18-1985
Tipton kangaroo rat,Dipodomys nitratoides nitratoides,https://ecos.fws.gov/ecp/species/7247,Endangered,Wherever found,07-08-1988
Tobusch fishhook cactus,Sclerocactus brevihamatus ssp. tobuschii,https://ecos.fws.gov/ecp/species/2221,Threatened,Wherever found,12-08-1979
Todsen's pennyroyal,Hedeoma todsenii,https://ecos.fws.gov/ecp/species/1081,Endangered,Wherever found,01-19-1981
Tomistoma,Tomistoma schlegelii,https://ecos.fws.gov/ecp/species/2423,Endangered,Wherever found,06-14-1976
Tonkin snub-nosed monkey,Rhinopithecus avunculus,https://ecos.fws.gov/ecp/species/5148,Endangered,Wherever found,10-19-1976
Tooth Cave ground beetle,Rhadine persephone,https://ecos.fws.gov/ecp/species/5625,Endangered,Wherever found,09-16-1988
Tooth Cave pseudoscorpion,Tartarocreagris texana,https://ecos.fws.gov/ecp/species/6667,Endangered,Wherever found,09-16-1988
Tooth Cave spider,Tayshaneta myopica,https://ecos.fws.gov/ecp/species/2360,Endangered,Wherever found,09-16-1988
Topeka shiner,Notropis topeka (=tristis),https://ecos.fws.gov/ecp/species/4122,Endangered,"Wherever found, except where listed as an experimental population",12-15-1998
Topeka shiner,Notropis topeka (=tristis),https://ecos.fws.gov/ecp/species/4122,"Experimental Population, Non-Essential","U.S.A. (MO-specified portions of Little Creek, Big Muddy Creek, and Spring Creek watersheds in Adair, Gentry, Harrison, Putnam, Sullivan, and Worth Counties; see 17.84(d)(1)(i))",07-17-2013
Toque macaque,Macaca sinica,https://ecos.fws.gov/ecp/species/7723,Threatened,Wherever found,10-19-1976
Tora hartebeest,Alcelaphus buselaphus tora,https://ecos.fws.gov/ecp/species/620,Endangered,Wherever found,07-27-1979
Totoaba (seatrout or weakfish),Cynoscion macdonaldi,https://ecos.fws.gov/ecp/species/4397,Endangered,Wherever found,05-21-1979
Tracaja,Podocnemis unifilis,https://ecos.fws.gov/ecp/species/3929,Endangered,Wherever found,06-02-1970
Triangular Kidneyshell,Ptychobranchus greenii,https://ecos.fws.gov/ecp/species/4396,Endangered,Wherever found,03-17-1993
Trinidad white-headed curassow,Pipile pipile pipile,https://ecos.fws.gov/ecp/species/1817,Endangered,Wherever found,06-02-1970
Triple-ribbed milk-vetch,Astragalus tricarinatus,https://ecos.fws.gov/ecp/species/3370,Endangered,Wherever found,10-06-1998
Trispot darter,Etheostoma trisella,https://ecos.fws.gov/ecp/species/8219,Threatened,Wherever found,01-28-2019
Tristam's woodpecker,Dryocopus javensis richardsi,https://ecos.fws.gov/ecp/species/3938,Endangered,Wherever found,06-02-1970
Tuatara,Sphenodon punctatus,https://ecos.fws.gov/ecp/species/1109,Endangered,Wherever found,06-02-1970
Tulotoma snail,Tulotoma magnifica,https://ecos.fws.gov/ecp/species/2103,Threatened,Wherever found,01-09-1991
Tumbling Creek cavesnail,Antrobia culveri,https://ecos.fws.gov/ecp/species/6219,Endangered,Wherever found,08-14-2002
Turks and Caicos iguana,Cyclura carinata carinata,https://ecos.fws.gov/ecp/species/8082,Threatened,Wherever found,06-22-1983
Uakari (all species),Cacajao spp.,https://ecos.fws.gov/ecp/species/8513,Endangered,Wherever found,06-02-1970
Ufa-halomtano,Heritiera longipetiolata,https://ecos.fws.gov/ecp/species/2526,Endangered,Wherever found,11-02-2015
Uhiuhi,Mezoneuron kavaiense,https://ecos.fws.gov/ecp/species/7129,Endangered,Wherever found,07-08-1986
Uinta Basin hookless cactus,Sclerocactus wetlandicus,https://ecos.fws.gov/ecp/species/9037,Threatened,Wherever found,09-15-2009
Ulugura bush-shrike,Malaconotus alius,https://ecos.fws.gov/ecp/species/7386,Threatened,Wherever found,01-12-1995
Umtanum desert buckwheat,Eriogonum codium,https://ecos.fws.gov/ecp/species/3627,Threatened,Wherever found,05-23-2013
unarmored threespine stickleback,Gasterosteus aculeatus williamsoni,https://ecos.fws.gov/ecp/species/7002,Endangered,Wherever found,10-13-1970
Uncompahgre fritillary butterfly,Boloria acrocnema,https://ecos.fws.gov/ecp/species/4419,Endangered,Wherever found,06-24-1991
Urial,Ovis musimon ophion,https://ecos.fws.gov/ecp/species/1826,Endangered,Wherever found,06-14-1976
Utah prairie dog,Cynomys parvidens,https://ecos.fws.gov/ecp/species/5517,Threatened,Wherever found,06-04-1973
Ute ladies'-tresses,Spiranthes diluvialis,https://ecos.fws.gov/ecp/species/2159,Threatened,Wherever found,01-17-1992
Uvillo,Eugenia haematocarpa,https://ecos.fws.gov/ecp/species/4279,Endangered,Wherever found,11-25-1994
Vahl's boxwood,Buxus vahlii,https://ecos.fws.gov/ecp/species/4454,Endangered,Wherever found,08-13-1985
Vail Lake ceanothus,Ceanothus ophiochilus,https://ecos.fws.gov/ecp/species/4566,Threatened,Wherever found,10-13-1998
Valley elderberry longhorn beetle,Desmocerus californicus dimorphus,https://ecos.fws.gov/ecp/species/7850,Threatened,Wherever found,08-08-1980
Vancouver Island marmot,Marmota vancouverensis,https://ecos.fws.gov/ecp/species/6990,Endangered,Wherever found,01-23-1984
Van Dam's vanga,Xenopirostris damii,https://ecos.fws.gov/ecp/species/9,Threatened,Wherever found,01-12-1995
Vandenberg monkeyflower,Diplacus vandenbergensis,https://ecos.fws.gov/ecp/species/9079,Endangered,Wherever found,09-25-2014
Ventura Marsh Milk-vetch,Astragalus pycnostachyus var. lanosissimus,https://ecos.fws.gov/ecp/species/1160,Endangered,Wherever found,05-21-2001
Verity's dudleya,Dudleya verityi,https://ecos.fws.gov/ecp/species/4342,Threatened,Wherever found,01-29-1997
Vermilion darter,Etheostoma chermocki,https://ecos.fws.gov/ecp/species/296,Endangered,Wherever found,11-28-2001
Vernal pool fairy shrimp,Branchinecta lynchi,https://ecos.fws.gov/ecp/species/498,Threatened,Wherever found,09-19-1994
Vernal pool tadpole shrimp,Lepidurus packardi,https://ecos.fws.gov/ecp/species/2246,Endangered,Wherever found,09-19-1994
Vicuna,Vicugna vicugna,https://ecos.fws.gov/ecp/species/2978,Threatened,"Entire, except Ecuador",07-01-2002
Vicuna,Vicugna vicugna,https://ecos.fws.gov/ecp/species/2978,Endangered,Ecuador (DPS),06-02-1970
Vinaceous-breasted parrot,Amazona vinacea,https://ecos.fws.gov/ecp/species/5944,Endangered,Wherever found,06-14-1976
Vine Hill clarkia,Clarkia imbricata,https://ecos.fws.gov/ecp/species/7044,Endangered,Wherever found,10-22-1997
Virginia big-eared bat,Corynorhinus (=Plecotus) townsendii virginianus,https://ecos.fws.gov/ecp/species/8369,Endangered,Wherever found,12-31-1979
Virginia fringed mountain snail,Polygyriscus virginianus,https://ecos.fws.gov/ecp/species/6905,Endangered,Wherever found,08-02-1978
Virginia round-leaf birch,Betula uber,https://ecos.fws.gov/ecp/species/2736,Threatened,Wherever found,05-27-1978
Virginia sneezeweed,Helenium virginicum,https://ecos.fws.gov/ecp/species/6297,Threatened,Wherever found,11-03-1998
Virginia spiraea,Spiraea virginiana,https://ecos.fws.gov/ecp/species/1728,Threatened,Wherever found,06-15-1990
Virgin Islands tree boa,Chilabothrus granti,https://ecos.fws.gov/ecp/species/3247,Endangered,Wherever found,10-13-1970
Virgin River Chub,Gila seminuda (=robusta),https://ecos.fws.gov/ecp/species/1772,Endangered,Wherever found,08-24-1989
Visayan deer,Cervus alfredi,https://ecos.fws.gov/ecp/species/2882,Endangered,Wherever found,09-01-1988
Volcano rabbit,Romerolagus diazi,https://ecos.fws.gov/ecp/species/2086,Endangered,Mexico,06-02-1970
Waccamaw silverside,Menidia extensa,https://ecos.fws.gov/ecp/species/8137,Threatened,Wherever found,04-08-1987
wahine noho Kula,Isodendrion pyrifolium,https://ecos.fws.gov/ecp/species/2235,Endangered,Wherever found,03-04-1994
Walia ibex,Capra walie,https://ecos.fws.gov/ecp/species/3096,Endangered,Wherever found,06-02-1970
Walker's manioc,Manihot walkerae,https://ecos.fws.gov/ecp/species/1892,Endangered,Wherever found,10-02-1991
Warm Springs pupfish,Cyprinodon nevadensis pectoralis,https://ecos.fws.gov/ecp/species/4823,Endangered,Wherever found,10-13-1970
Warner sucker,Catostomus warnerensis,https://ecos.fws.gov/ecp/species/7832,Threatened,Wherever found,09-27-1985
Watercress darter,Etheostoma nuchale,https://ecos.fws.gov/ecp/species/1838,Endangered,Wherever found,10-13-1970
Watling Island ground iguana,Cyclura rileyi rileyi,https://ecos.fws.gov/ecp/species/3956,Endangered,Wherever found,06-22-1983
Wawae`iole,Phlegmariurus mannii,https://ecos.fws.gov/ecp/species/1215,Endangered,Wherever found,05-15-1992
Wawae`iole,Phlegmariurus nutans,https://ecos.fws.gov/ecp/species/7757,Endangered,Wherever found,03-28-1994
Webber's ivesia,Ivesia webberi,https://ecos.fws.gov/ecp/species/4682,Threatened,Wherever found,07-03-2014
Wedge spurge,Chamaesyce deltoidea serpyllum,https://ecos.fws.gov/ecp/species/949,Endangered,,10-31-2016
Welsh's milkweed,Asclepias welshii,https://ecos.fws.gov/ecp/species/8400,Threatened,Wherever found,10-28-1987
Wenatchee Mountains checkermallow,Sidalcea oregana var. calva,https://ecos.fws.gov/ecp/species/7222,Endangered,Wherever found,12-22-1999
West African manatee,Trichechus senegalensis,https://ecos.fws.gov/ecp/species/1488,Threatened,Wherever found,10-16-1979
West African ostrich,Struthio camelus spatzi,https://ecos.fws.gov/ecp/species/4103,Endangered,Wherever found,06-02-1970
Western bristlebird,Dasyornis longirostris (=brachypterus I.),https://ecos.fws.gov/ecp/species/2968,Endangered,Wherever found,06-02-1970
Western fanshell,Cyprogenia aberti,https://ecos.fws.gov/ecp/species/6895,Threatened,Wherever found,07-27-2023
Western giant eland,Taurotragus derbianus derbianus,https://ecos.fws.gov/ecp/species/8368,Endangered,Wherever found,07-27-1979
Western glacier stonefly,Zapada glacier,https://ecos.fws.gov/ecp/species/9133,Threatened,Wherever found,12-23-2019
Western hare wallaby,Lagorchestes hirsutus,https://ecos.fws.gov/ecp/species/3857,Endangered,Wherever found,12-02-1970
Western lily,Lilium occidentale,https://ecos.fws.gov/ecp/species/998,Endangered,Wherever found,08-17-1994
Western mouse,Pseudomys occidentalis,https://ecos.fws.gov/ecp/species/15,Endangered,Wherever found,12-02-1970
Western prairie fringed Orchid,Platanthera praeclara,https://ecos.fws.gov/ecp/species/1669,Threatened,Wherever found,09-28-1989
Western rufous bristlebird,Dasyornis broadbenti littoralis,https://ecos.fws.gov/ecp/species/7234,Endangered,Wherever found,06-14-1976
western snowy plover,Charadrius nivosus nivosus,https://ecos.fws.gov/ecp/species/8035,Threatened,"Pacific Coast population DPS-U.S.A. (CA, OR, WA), Mexico (within 50 miles of Pacific coast)",03-05-1993
Western tragopan pheasant,Tragopan melanocephalus,https://ecos.fws.gov/ecp/species/5110,Endangered,Wherever found,06-02-1970
Western whipbird,Psophodes nigrogularis,https://ecos.fws.gov/ecp/species/1096,Endangered,Wherever found,06-02-1970
West Indian Manatee,Trichechus manatus,https://ecos.fws.gov/ecp/species/4469,Threatened,Wherever found,03-11-1967
West Indian Walnut (=Nogal),Juglans jamaicensis,https://ecos.fws.gov/ecp/species/745,Endangered,Wherever found,01-13-1997
Wheeler's peperomia,Peperomia wheeleri,https://ecos.fws.gov/ecp/species/1463,Endangered,Wherever found,01-14-1987
White Abalone,Haliotis sorenseni,https://ecos.fws.gov/ecp/species/4580,Endangered,"North America (West Coast from Point Conception, CA, U.S.A., to Punta Abreojos, Baja California, Mexico)",11-16-2005
Whitebark pine,Pinus albicaulis,https://ecos.fws.gov/ecp/species/1748,Threatened,Wherever found,01-17-2023
White birds-in-a-nest,Macbridea alba,https://ecos.fws.gov/ecp/species/6291,Threatened,,05-08-1992
White bladderpod,Physaria pallida,https://ecos.fws.gov/ecp/species/104,Endangered,Wherever found,03-11-1987
White Bluffs bladderpod,Physaria douglasii ssp. tuplashensis,https://ecos.fws.gov/ecp/species/5390,Threatened,Wherever found,05-23-2013
White-breasted guineafowl,Agelastes meleagrides,https://ecos.fws.gov/ecp/species/6181,Threatened,Wherever found,01-12-1995
White-breasted thrasher,Ramphocinclus brachyurus,https://ecos.fws.gov/ecp/species/8034,Endangered,Wherever found,06-02-1970
White-browed tit-spinetail,Leptasthenura xenothorax,https://ecos.fws.gov/ecp/species/2976,Endangered,Wherever found,07-24-2012
White catspaw (pearlymussel),Epioblasma perobliqua,https://ecos.fws.gov/ecp/species/6893,Endangered,Wherever found,06-14-1976
White Cay ground iguana,Cyclura rileyi cristata,https://ecos.fws.gov/ecp/species/5957,Threatened,Wherever found,06-22-1983
White cockatoo,Cacatua alba,https://ecos.fws.gov/ecp/species/9024,Threatened,Wherever found,06-24-2014
White-collared mangabey,Cercocebus torquatus,https://ecos.fws.gov/ecp/species/4762,Endangered,Wherever found,10-19-1976
White-eared (=buffy tufted-ear) marmoset,Callithrix aurita (=jacchus a.),https://ecos.fws.gov/ecp/species/4493,Endangered,Wherever found,05-16-1986
White eared pheasant,Crossoptilon crossoptilon,https://ecos.fws.gov/ecp/species/4465,Endangered,Wherever found,12-02-1970
white-flippered penguin,Eudyptula albosignata,https://ecos.fws.gov/ecp/species/2772,Threatened,Wherever found,09-02-2010
White-footed tamarin,Saguinus leucopus,https://ecos.fws.gov/ecp/species/4114,Threatened,Wherever found,10-19-1976
White fringeless orchid,Platanthera integrilabia,https://ecos.fws.gov/ecp/species/1889,Threatened,,10-13-2016
White irisette,Sisyrinchium dichotomum,https://ecos.fws.gov/ecp/species/8097,Endangered,Wherever found,09-26-1991
White-naped Crane,Grus vipio,https://ecos.fws.gov/ecp/species/8158,Endangered,Wherever found,06-14-1976
White-necked crow,Corvus leucognaphalus,https://ecos.fws.gov/ecp/species/1632,Endangered,Wherever found,04-03-1991
White-necked rockfowl,Picathartes gymnocephalus,https://ecos.fws.gov/ecp/species/3907,Endangered,Wherever found,06-02-1970
White-nosed saki,Chiropotes albinasus,https://ecos.fws.gov/ecp/species/12,Endangered,Wherever found,06-02-1970
white-rayed pentachaeta,Pentachaeta bellidiflora,https://ecos.fws.gov/ecp/species/7782,Endangered,Wherever found,02-03-1995
White River spinedace,Lepidomeda albivallis,https://ecos.fws.gov/ecp/species/6900,Endangered,Wherever found,09-12-1985
White River springfish,Crenichthys baileyi baileyi,https://ecos.fws.gov/ecp/species/5633,Endangered,Wherever found,09-27-1985
White sedge,Carex albida,https://ecos.fws.gov/ecp/species/3063,Endangered,Wherever found,10-22-1997
White sturgeon,Acipenser transmontanus,https://ecos.fws.gov/ecp/species/8241,Endangered,"U.S.A. (ID, MT), Canada (B.C.), (Kootenai R. system)",09-06-1994
White-tailed laurel Pigeon,Columba junoniae,https://ecos.fws.gov/ecp/species/2052,Threatened,Wherever found,01-12-1995
White wartyback (pearlymussel),Plethobasus cicatricosus,https://ecos.fws.gov/ecp/species/2549,"Experimental Population, Non-Essential",U.S.A. (TN - specified portions of the French Broad and Holston Rivers; see 17.85(b)(1)),10-15-2007
White wartyback (pearlymussel),Plethobasus cicatricosus,https://ecos.fws.gov/ecp/species/2549,Endangered,Wherever found,06-14-1976
White-winged cotinga,Xipholena atropurpurea,https://ecos.fws.gov/ecp/species/3939,Endangered,Wherever found,06-14-1976
White-winged guan,Penelope albipennis,https://ecos.fws.gov/ecp/species/151,Endangered,Wherever found,09-28-1990
White-winged wood duck,Cairina scutulata,https://ecos.fws.gov/ecp/species/4741,Endangered,Wherever found,06-02-1970
Whooping crane,Grus americana,https://ecos.fws.gov/ecp/species/758,"Experimental Population, Non-Essential","Rocky Mountain NEP - U.S.A. (CO, ID, NM, UT, and the western  half of Wyoming)",07-21-1997
Whooping crane,Grus americana,https://ecos.fws.gov/ecp/species/758,"Experimental Population, Non-Essential",Louisiana Nonmigratory NEP - U.S.A (LA),02-03-2011
Whooping crane,Grus americana,https://ecos.fws.gov/ecp/species/758,Endangered,"Wherever found, except where listed as an experimental population",03-11-1967
Whooping crane,Grus americana,https://ecos.fws.gov/ecp/species/758,"Experimental Population, Non-Essential",Kissimmee Prairie NEP - USA (FL),01-22-1993
Whooping crane,Grus americana,https://ecos.fws.gov/ecp/species/758,"Experimental Population, Non-Essential","Eastern Migratory NEP - U.S.A. (AL, AR, FL, GA, IL, IN, IA, KY, LA, MI, MN, MS, MO, NC, OH, SC, TN, VA, WI, WV)",06-26-2001
Whorled Sunflower,Helianthus verticillatus,https://ecos.fws.gov/ecp/species/3375,Endangered,,08-01-2014
Wide-leaf warea,Warea amplexifolia,https://ecos.fws.gov/ecp/species/412,Endangered,,04-29-1987
Wild yak,Bos mutus (=grunniens m.),https://ecos.fws.gov/ecp/species/6366,Endangered,Wherever found,06-02-1970
Willamette daisy,Erigeron decumbens,https://ecos.fws.gov/ecp/species/6270,Endangered,Wherever found,01-25-2000
willowy monardella,Monardella viminea,https://ecos.fws.gov/ecp/species/250,Endangered,Wherever found,10-13-1998
Winged Mapleleaf,Quadrula fragosa,https://ecos.fws.gov/ecp/species/4127,"Experimental Population, Non-Essential",U.S.A. (AL-specified portions of the Tennessee River; see 17.85(a)(1)),06-14-2001
Winged Mapleleaf,Quadrula fragosa,https://ecos.fws.gov/ecp/species/4127,Endangered,"Wherever found, except where listed as an experimental population",06-20-1991
Winkler cactus,Pediocactus winkleri,https://ecos.fws.gov/ecp/species/4193,Threatened,Wherever found,08-20-1998
Wireweed,Polygonella basiramia,https://ecos.fws.gov/ecp/species/1718,Endangered,,01-21-1987
Wood Bison,Bison bison athabascae,https://ecos.fws.gov/ecp/species/8362,Threatened,Wherever found,06-02-1970
Wood Bison,Bison bison athabascae,https://ecos.fws.gov/ecp/species/8362,"Experimental Population, Non-Essential",U.S.A. (Alaska),05-07-2014
Woolly spider monkey,Brachyteles arachnoides,https://ecos.fws.gov/ecp/species/3238,Endangered,Wherever found,06-02-1970
Woundfin,Plagopterus argentissimus,https://ecos.fws.gov/ecp/species/49,Endangered,"Wherever found, except where listed as an experimental population",10-13-1970
Woundfin,Plagopterus argentissimus,https://ecos.fws.gov/ecp/species/49,"Experimental Population, Non-Essential","Gila R. drainage, AZ, NM",07-24-1985
Wright fishhook cactus,Sclerocactus wrightiae,https://ecos.fws.gov/ecp/species/1339,Endangered,Wherever found,10-11-1979
Wright's marsh thistle,Cirsium wrightii,https://ecos.fws.gov/ecp/species/8963,Threatened,,05-25-2023
Wyoming Toad,Anaxyrus baxteri,https://ecos.fws.gov/ecp/species/6889,Endangered,Wherever found,01-17-1984
Yacare Caiman,Caiman yacare,https://ecos.fws.gov/ecp/species/6627,Threatened,Wherever found,06-02-1970
Yadon's piperia,Piperia yadonii,https://ecos.fws.gov/ecp/species/4205,Endangered,Wherever found,08-12-1998
Yangtze Sturgeon,Acipenser dabryanus,https://ecos.fws.gov/ecp/species/9254,Endangered,Wherever found,05-26-2021
Yaqui catfish,Ictalurus pricei,https://ecos.fws.gov/ecp/species/5432,Threatened,Wherever found,08-31-1984
Yaqui chub,Gila purpurea,https://ecos.fws.gov/ecp/species/3414,Endangered,Wherever found,08-31-1984
Yarkand deer,Cervus elaphus yarkandensis,https://ecos.fws.gov/ecp/species/1932,Endangered,Wherever found,07-27-1979
Yellow-billed Cuckoo,Coccyzus americanus,https://ecos.fws.gov/ecp/species/3911,Threatened,"Western DPS: U.S.A. (AZ, CA, CO (western), ID, MT (western), NM (western), NV, OR, TX (western), UT, WA, WY (western)); Canada (British Columbia (southwestern); Mexico (Baja California, Baja California Sur, Chihuahua, Durango (western), Sinaloa, Sonora)",11-03-2014
Yellow-billed parrot,Amazona collaria,https://ecos.fws.gov/ecp/species/9025,Threatened,Wherever found,04-11-2013
Yellow-blotched map turtle,Graptemys flavimaculata,https://ecos.fws.gov/ecp/species/7730,Threatened,Wherever found,01-14-1991
Yellowcheek Darter,Etheostoma moorei,https://ecos.fws.gov/ecp/species/7871,Endangered,Wherever found,09-08-2011
Yellow-crested cockatoo,Cacatua sulphurea,https://ecos.fws.gov/ecp/species/9026,Endangered,Wherever found,06-24-2014
yellow-eyed penguin,Megadyptes antipodes,https://ecos.fws.gov/ecp/species/4608,Threatened,Wherever found,09-02-2010
yelloweye rockfish,Sebastes ruberrimus,https://ecos.fws.gov/ecp/species/9168,Threatened,Puget Sound - Georgia Basin DPS See 50 CFR 223.102,04-13-2011
Yellowfin madtom,Noturus flavipinnis,https://ecos.fws.gov/ecp/species/8565,Threatened,"Wherever found, except where listed as an experimental population",10-11-1977
Yellowfin madtom,Noturus flavipinnis,https://ecos.fws.gov/ecp/species/8565,"Experimental Population, Non-Essential",U.S.A. (TN - specified portions of the French Broad and Holston Rivers; see 17.84(e)(1)(iii)),10-15-2007
Yellowfin madtom,Noturus flavipinnis,https://ecos.fws.gov/ecp/species/8565,"Experimental Population, Non-Essential","U.S.A. (TN, VA-specified portions of the Holston River and watershed; see 17.84(e)(1)(i))",08-04-1988
Yellowfin madtom,Noturus flavipinnis,https://ecos.fws.gov/ecp/species/8565,"Experimental Population, Non-Essential",U.S.A. (TN-specified portions of the Tellico River; see 17.84(e)(1)(ii)),08-12-2002
Yellow-footed rock wallaby,Petrogale xanthopus,https://ecos.fws.gov/ecp/species/7271,Endangered,Wherever found,06-04-1973
Yellow lance,Elliptio lanceolata,https://ecos.fws.gov/ecp/species/4511,Threatened,Wherever found,05-03-2018
Yellow larkspur,Delphinium luteum,https://ecos.fws.gov/ecp/species/3578,Endangered,Wherever found,01-26-2000
Yellow monitor,Varanus flavescens,https://ecos.fws.gov/ecp/species/4256,Endangered,Wherever found,06-14-1976
Yellow-shouldered blackbird,Agelaius xanthomus,https://ecos.fws.gov/ecp/species/7383,Endangered,Wherever found,12-12-1976
Yellow-tailed woolly monkey,Lagothrix flavicauda,https://ecos.fws.gov/ecp/species/7825,Endangered,Wherever found,10-19-1976
Yelm pocket gopher,Thomomys mazama yelmensis,https://ecos.fws.gov/ecp/species/7257,Threatened,Wherever found,05-09-2014
Yosemite toad,Anaxyrus canorus,https://ecos.fws.gov/ecp/species/7255,Threatened,Wherever found,06-30-2014
Yreka phlox,Phlox hirsuta,https://ecos.fws.gov/ecp/species/8243,Endangered,Wherever found,02-03-2000
Yuma Ridgway's rail,Rallus obsoletus yumanensis,https://ecos.fws.gov/ecp/species/3505,Endangered,Wherever found,03-11-1967
Yunnan snub-nosed monkey,Rhinopithecus bieti,https://ecos.fws.gov/ecp/species/3491,Endangered,Wherever found,09-27-1990
Zanzibar red colobus monkey,Procolobus (=Colobus) pennantii (=kirki) kirki,https://ecos.fws.gov/ecp/species/8484,Endangered,Wherever found,06-02-1970
Zanzibar suni,Neotragus moschatus moschatus,https://ecos.fws.gov/ecp/species/23,Endangered,Wherever found,07-27-1979
Zapata bladderpod,Physaria thamnophila,https://ecos.fws.gov/ecp/species/7332,Endangered,Wherever found,11-22-1999
Zayante band-winged grasshopper,Trimerotropis infantilis,https://ecos.fws.gov/ecp/species/1036,Endangered,Wherever found,01-24-1997
Zuni bluehead Sucker,Catostomus discobolus yarrowi,https://ecos.fws.gov/ecp/species/3536,Endangered,Wherever found,08-25-2014
Zuni fleabane,Erigeron rhizomatus,https://ecos.fws.gov/ecp/species/5700,Threatened,Wherever found,04-26-1985
