County,Scientific Name,Common Name,Status,Category,Date,Count
Adams,Pandion haliaetus,Osprey,LT,Birds,1986-SU,1
Adams,Thryomanes bewickii,Bewick's Wren,LE,Birds,5/18/2013,1
Adams,Lanius ludovicianus,Loggerhead Shrike,LE,Birds,1989,2
Adams,Setophaga cerulea,Cerulean Warbler,LT,Birds,6/23/2012,2
Adams,Acipenser fulvescens,Lake Sturgeon,LE,"Fishes - Freshwater and Anadromous Bony, Cartilaginous; Lampreys",9/28/1966,1
Adams,Hybognathus hayi,Cypress Minnow,LE,"Fishes - Freshwater and Anadromous Bony, Cartilaginous; Lampreys",9/16/2004,1
Adams,Myotis grisescens,Gray Bat,LE,Mammals,2/8/2000,1
Adams,Myotis sodalis,Indiana Bat,LE,Mammals,5/18/2025,22
Adams,Myotis septentrionalis,Northern Long-eared Bat,LE,Mammals,6/27/2016,10
Adams,Margaritifera monodonta,Spectaclecase,LE,Freshwater Mussels,7/19/1987,1
Adams,Ellipsaria lineolata,Butterfly,LT,Freshwater Mussels,8/24/2018,4
Adams,Elliptio crassidens,Elephant-ear,LE,Freshwater Mussels,6/18/1987,1
Adams,Reginaia ebenus,Ebonyshell,LE,Freshwater Mussels,7/21/2016,3
Adams,Plethobasus cyphyus,Sheepnose,LE,Freshwater Mussels,7/19/1987,1
Adams,Viburnum molle,Arrowwood,LT,Dicots,6/20/2011,3
Adams,Trifolium reflexum,Buffalo Clover,LT,Dicots,6/2/2025,1
Adams,Mentzelia oligosperma,Stickleaf,LE,Dicots,201-,1
Adams,Delphinium carolinianum,Hill Prairie Larkspur,LE,Dicots,6/10/1974,2
Adams,Ulmus thomasii,Rock Elm,LE,Dicots,4/28/2025,1
Adams,Viola viarum,Limestone Riverbank Violet,LE,Dicots,7/24/1994,1
Adams,Carex prasina,Drooping Sedge,LT,Monocots,6/15/1989,1
Adams,Scirpus polyphyllus,Leafy Bulrush,LE,Monocots,6/15/1989,1
Adams,Melanthium virginicum,Virginia Bunchflower,LE,Monocots,6/29/1944,1
Adams,Trillium viride,Green Trillium,LE,Monocots,5/10/2002,2
Adams,Poa wolfii,Wolf's Bluegrass,LE,Monocots,5/29/2018,1
Adams,Quadrula metanevra,Monkeyface,LT,Freshwater Mussels,2009-10,2
Alexander,Hyla avivoca,Bird-voiced Treefrog,LT,Amphibians,5/8/2003,1
Alexander,Pseudacris illinoensis,Illinois Chorus Frog,LT,Amphibians,3/15/2025,8
Alexander,Gastrophryne carolinensis,Eastern Narrowmouth Toad,LT,Amphibians,7/17/2025,1
Alexander,Egretta caerulea,Little Blue Heron,LE,Birds,7/30/2006,2
Alexander,Pandion haliaetus,Osprey,LT,Birds,5/7/2024,3
Alexander,Sternula antillarum,Least Tern,LE,Birds,7/12/2016,3
Alexander,Lanius ludovicianus,Loggerhead Shrike,LE,Birds,1988,2
Alexander,Setophaga cerulea,Cerulean Warbler,LT,Birds,5/30/2021,1
Alexander,Limnothlypis swainsonii,Swainson's Warbler,LE,Birds,6/24/1993,2
Alexander,Scaphirhynchus albus,Pallid Sturgeon,LE,"Fishes - Freshwater and Anadromous Bony, Cartilaginous; Lampreys",2/17/1994,1
Alexander,Hybognathus hayi,Cypress Minnow,LE,"Fishes - Freshwater and Anadromous Bony, Cartilaginous; Lampreys",9/24/2014,2
Alexander,Miniellus boops,Bigeye Shiner,LE,"Fishes - Freshwater and Anadromous Bony, Cartilaginous; Lampreys",6/13/2024,8
Alexander,Macrhybopsis gelida,Sturgeon Chub,LE,"Fishes - Freshwater and Anadromous Bony, Cartilaginous; Lampreys",10/23/2024,2
Alexander,Moxostoma carinatum,River Redhorse,LT,"Fishes - Freshwater and Anadromous Bony, Cartilaginous; Lampreys",2006,2
Alexander,Elassoma zonatum,Banded Pygmy Sunfish,LT,"Fishes - Freshwater and Anadromous Bony, Cartilaginous; Lampreys",9/24/2014,2
Alexander,Lepomis symmetricus,Bantam Sunfish,LT,"Fishes - Freshwater and Anadromous Bony, Cartilaginous; Lampreys",5/15/1996,4
Alexander,Lepomis miniatus,Redspotted Sunfish,LT,"Fishes - Freshwater and Anadromous Bony, Cartilaginous; Lampreys",10/14/2015,3
Alexander,Crystallaria asprella,Crystal Darter,LE,"Fishes - Freshwater and Anadromous Bony, Cartilaginous; Lampreys",7/19/2019,4
Alexander,Myotis austroriparius,Southeastern Myotis,LE,Mammals,7/20/2024,6
Alexander,Myotis grisescens,Gray Bat,LE,Mammals,7/1/1991,1
Alexander,Myotis sodalis,Indiana Bat,LE,Mammals,7/24/2024,7
Alexander,Myotis septentrionalis,Northern Long-eared Bat,LE,Mammals,2/25/2024,4
Alexander,Corynorhinus rafinesquii,Rafinesque's Big-eared Bat,LE,Mammals,2010-06,2
Alexander,Macrochelys temminckii,Alligator Snapping Turtle,LE,Turtles,1892-pre,1
Alexander,Pseudemys concinna,River Cooter,LE,Turtles,6/14/2013,1
Alexander,Crotalus horridus,Timber Rattlesnake,LT,Reptiles,5/14/2024,8
Alexander,Faxonius lancifer,Shrimp Crayfish,LE,Crayfishes,8/23/2022,2
Alexander,Justicia ovata,Water Willow,LE,Dicots,8/20/1991,1
Alexander,Eryngium prostratum,Eryngo,LE,Dicots,8/6/1997,2
Alexander,Boltonia decurrens,Decurrent False Aster,LT,Dicots,9/18/2024,2
Alexander,Melothria pendula,Squirting Cucumber,LT,Dicots,9/14/2023,5
Alexander,Amorpha nitens,Smooth False Indigo,LE,Dicots,10/20/2021,1
Alexander,Cladrastis kentukea,Yellowwood,LE,Dicots,5/16/2024,1
Alexander,Quercus texana,Nuttall's Oak,LE,Dicots,4/15/2021,2
Alexander,Quercus phellos,Willow Oak,LT,Dicots,10/20/2021,1
Alexander,Quercus montana,Rock Chestnut Oak,LT,Dicots,2/10/2022,1
Alexander,Carya aquatica,Water Hickory,LE,Dicots,7/3/1993,1
Alexander,Carya pallida,Pale Hickory,LE,Dicots,2013,2
Alexander,Juglans cinerea,Butternut,LE,Dicots,5/4/1994,1
Alexander,Lysimachia radicans,Creeping Loosestrife,LE,Dicots,9/29/2021,1
Alexander,Clematis crispa,Blue Jasmine,LE,Dicots,10/28/2021,3
Alexander,Penstemon tubaeflorus,Tube Beard Tongue,LE,Dicots,5/27/2025,3
Alexander,Styrax americanus,Storax,LT,Dicots,8/24/2022,3
Alexander,Styrax grandifolius,Bigleaf Snowbell Bush,LE,Dicots,5/13/2024,1
Alexander,Planera aquatica,Water Elm,LT,Dicots,10/12/2021,3
Alexander,Urtica chamaedryoides,Nettle,LT,Dicots,3/28/2024,6
Alexander,Carex intumescens,Swollen Sedge,LT,Monocots,6/3/1996,1
Alexander,Carex nigromarginata,Black-edged Sedge,LE,Monocots,6/15/2024,2
Alexander,Carex oxylepis var. oxylepis,Sharp-scaled Sedge,LT,Monocots,5/13/2024,5
Alexander,Carex willdenowii,Willdenow's Sedge,LT,Monocots,4/30/2025,3
Alexander,Schoenoplectiella hallii,Hall's Bulrush,LT,Monocots,1993,1
Alexander,Scleria oligantha,Littlehead Nutrush,LE,Monocots,6/23/2024,2
Alexander,Cypripedium parviflorum,Small Yellow Lady's Slipper,LE,Monocots,4/30/1992,1
Alexander,Glyceria arkansana,Arkansas Mannagrass,LE,Monocots,5/24/2007,2
Alexander,Heteranthera reniformis,Mud Plantain,LE,Monocots,8/24/2022,2
Alexander,Asplenium resiliens,Black Spleenwort,LE,Leptosporangiate Ferns,3/16/2021,1
Alexander,Sceptridium biternatum,Southern Grape Fern,LE,"Adder's-tongues, Grapeferns, and Moonworts",2015,2
Alexander,Nemophila aphylla,Baby blue-eyes,LE,Dicots,3/31/2025,1
Ballard,Pandion haliaetus,Osprey,LT,Birds,7/14/2021,1
Ballard,Sternula antillarum,Least Tern,LE,Birds,6/1/2006,1
Ballard,Noturus stigmosus,Northern Madtom,LE,"Fishes - Freshwater and Anadromous Bony, Cartilaginous; Lampreys",2009-07,2
Ballard,Crystallaria asprella,Crystal Darter,LE,"Fishes - Freshwater and Anadromous Bony, Cartilaginous; Lampreys",8/27/2019,1
Ballard,Cyclonaias tuberculata,Purple Wartyback,LT,Freshwater Mussels,10/19/2016,3
Ballard,Ellipsaria lineolata,Butterfly,LT,Freshwater Mussels,8/23/2022,2
Ballard,Elliptio crassidens,Elephant-ear,LE,Freshwater Mussels,10/19/2016,1
Ballard,Eurynia dilatata,Spike,LE,Freshwater Mussels,9/15/2015,1
Ballard,Reginaia ebenus,Ebonyshell,LE,Freshwater Mussels,8/6/2017,5
Ballard,Plethobasus cooperianus,Orangefoot Pimpleback,LE,Freshwater Mussels,9/16/2015,1
Ballard,Pleurobema cordatum,Ohio Pigtoe,LE,Freshwater Mussels,10/19/2017,3
Ballard,Theliderma cylindrica,Rabbitsfoot,LE,Freshwater Mussels,8/4/2005,1
Ballard,Halesia carolina,Silverbell Tree,LE,Dicots,11/11/2020,1
Ballard,Cyperus lancastriensis,Galingale,LT,Monocots,10/4/2005,1
Ballard,Necturus maculosus,Mudpuppy,LT,Amphibians,4/1/2001,1
Ballard,Quadrula metanevra,Monkeyface,LT,Freshwater Mussels,8/15/2012,1
Benton,Poliocitellus franklinii,Franklin's Ground Squirrel,LT,Mammals,5/23/2009,1
Benton,Toxolasma lividum,Purple Lilliput,LE,Freshwater Mussels,1989-09,1
Bond,Nycticorax nycticorax,Black-crowned Night-Heron,LE,Birds,1990,1
Bond,Lanius ludovicianus,Loggerhead Shrike,LE,Birds,7/15/1998,1
Bond,Myotis sodalis,Indiana Bat,LE,Mammals,7/8/1987,1
Bond,Myotis septentrionalis,Northern Long-eared Bat,LE,Mammals,7/21/1986,1
Bond,Terrapene ornata,Ornate Box Turtle,LT,Turtles,10/17/2012,2
Bond,Sistrurus catenatus,Eastern Massasauga,LE,Reptiles,7/18/2025,1
Bond,Sabatia campestris,Prairie Rose Gentian,LE,Dicots,4/1/2009,2
Bond,Trillium viride,Green Trillium,LE,Monocots,4/25/2024,1
Bond,Spiranthes vernalis,Spring Ladies' Tresses,LE,Monocots,7/9/2014,1
Boone,Ixobrychus exilis,Least Bittern,LT,Birds,2003,1
Boone,Xanthocephalus xanthocephalus,Yellow-headed Blackbird,LE,Birds,2003,1
Boone,Lethenteron appendix,American Brook Lamprey,LT,"Fishes - Freshwater and Anadromous Bony, Cartilaginous; Lampreys",10/24/2025,5
Boone,Cottus bairdii,Mottled Sculpin,LT,"Fishes - Freshwater and Anadromous Bony, Cartilaginous; Lampreys",8/8/2024,1
Boone,Hybognathus hankinsoni,Brassy Minnow,LE,"Fishes - Freshwater and Anadromous Bony, Cartilaginous; Lampreys",10/26/2010,2
Boone,Notropis heterolepis,Blacknose Shiner,LE,"Fishes - Freshwater and Anadromous Bony, Cartilaginous; Lampreys",7/13/1965,1
Boone,Miniellus nubilus,Ozark Minnow,LT,"Fishes - Freshwater and Anadromous Bony, Cartilaginous; Lampreys",10/26/2010,1
Boone,Erimystax x-punctatus,Gravel Chub,LT,"Fishes - Freshwater and Anadromous Bony, Cartilaginous; Lampreys",9/6/2024,1
Boone,Emydoidea blandingii,Blanding's Turtle,LE,Turtles,8/2/2024,4
Boone,Eurynia dilatata,Spike,LE,Freshwater Mussels,6/26/2007,1
Boone,Asclepias lanuginosa,Wooly Milkweed,LE,Dicots,6/12/1946,1
Boone,Eurybia furcata,Forked Aster,LT,Dicots,8/19/1977,1
Boone,Minuartia patula,Slender Sandwort,LT,Dicots,5/19/2009,1
Boone,Sambucus racemosa ssp. pubens,Red-berried Elder,LE,Dicots,6/5/2024,1
Boone,Juglans cinerea,Butternut,LE,Dicots,10/9/2024,1
Boone,Synthyris bullii,Kittentails,LT,Dicots,2009-SU,1
Boone,Bombus affinis,Rusty Patched Bumble Bee,LE,Bumble Bees,8/7/2024,18
Brown,Botaurus lentiginosus,American Bittern,LE,Birds,6/7/2011,1
Brown,Ixobrychus exilis,Least Bittern,LT,Birds,5/30/2010,1
Brown,Nycticorax nycticorax,Black-crowned Night-Heron,LE,Birds,6/7/2011,1
Brown,Asio flammeus,Short-eared Owl,LE,Birds,2/19/2013,1
Brown,Antrostomus carolinensis,Chuck-will's-widow,LT,Birds,2013-007,1
Brown,Setophaga cerulea,Cerulean Warbler,LT,Birds,5/8/2021,2
Brown,Fundulus dispar,Starhead Topminnow,LT,"Fishes - Freshwater and Anadromous Bony, Cartilaginous; Lampreys",6/20/1927,1
Brown,Myotis sodalis,Indiana Bat,LE,Mammals,7/7/2023,10
Brown,Myotis septentrionalis,Northern Long-eared Bat,LE,Mammals,6/27/2016,3
Brown,Boltonia decurrens,Decurrent False Aster,LT,Dicots,9/21/2016,1
Brown,Trifolium reflexum,Buffalo Clover,LT,Dicots,1996-06,3
Brown,Agalinis skinneriana,Pale False Foxglove,LT,Dicots,8/13/2009,1
Brown,Carex prasina,Drooping Sedge,LT,Monocots,6/4/1997,1
Brown,Scirpus polyphyllus,Leafy Bulrush,LE,Monocots,1996-06,1
Brown,Melanthium virginicum,Virginia Bunchflower,LE,Monocots,7/1/1983,1
Brown,Poa wolfii,Wolf's Bluegrass,LE,Monocots,5/29/2018,4
Brown,Circus hudsonius,Northern Harrier,LE,Birds,1/10/2023,1
Brown,Rallus elegans,King Rail,LE,Birds,6/7/2011,1
Bureau,Lanius ludovicianus,Loggerhead Shrike,LE,Birds,2009-05,2
Bureau,Setophaga cerulea,Cerulean Warbler,LT,Birds,6/17/2008,1
Bureau,Xanthocephalus xanthocephalus,Yellow-headed Blackbird,LE,Birds,6/23/2002,1
Bureau,Lethenteron appendix,American Brook Lamprey,LT,"Fishes - Freshwater and Anadromous Bony, Cartilaginous; Lampreys",8/6/2019,2
Bureau,Notropis heterolepis,Blacknose Shiner,LE,"Fishes - Freshwater and Anadromous Bony, Cartilaginous; Lampreys",6/5/2007,3
Bureau,Alburnops texanus,Weed Shiner,LE,"Fishes - Freshwater and Anadromous Bony, Cartilaginous; Lampreys",8/7/2024,3
Bureau,Percopsis omiscomaycus,Trout-perch,LT,"Fishes - Freshwater and Anadromous Bony, Cartilaginous; Lampreys",2020,3
Bureau,Fundulus dispar,Starhead Topminnow,LT,"Fishes - Freshwater and Anadromous Bony, Cartilaginous; Lampreys",6/27/2007,2
Bureau,Myotis sodalis,Indiana Bat,LE,Mammals,5/2/2011,6
Bureau,Myotis septentrionalis,Northern Long-eared Bat,LE,Mammals,7/16/2017,6
Bureau,Emydoidea blandingii,Blanding's Turtle,LE,Turtles,5/16/2003,2
Bureau,Terrapene ornata,Ornate Box Turtle,LT,Turtles,5/29/2019,1
Bureau,Heterodon nasicus,Plains Hog-nosed Snake,LT,Reptiles,6/23/2006,1
Bureau,Argynnis idalia occidentalis,Western Regal Fritillary,LT,Butterflies,7/2/2009,1
Bureau,Boltonia decurrens,Decurrent False Aster,LT,Dicots,9/28/2023,2
Bureau,Helianthus giganteus,Tall Sunflower,LE,Dicots,7/5/2010,1
Bureau,Orobanche ludoviciana,Broomrape,LT,Dicots,3/9/2025,2
Bureau,Filipendula rubra,Queen-of-the-prairie,LT,Dicots,7/17/2014,1
Bureau,Pinus banksiana,Jack Pine,LE,Conifers,10/13/2011,1
Bureau,Bombus affinis,Rusty Patched Bumble Bee,LE,Bumble Bees,8/22/2020,1
Calhoun,Nycticorax nycticorax,Black-crowned Night-Heron,LE,Birds,7/23/1992,1
Calhoun,Sternula antillarum,Least Tern,LE,Birds,2017-06,1
Calhoun,Acipenser fulvescens,Lake Sturgeon,LE,"Fishes - Freshwater and Anadromous Bony, Cartilaginous; Lampreys",11/13/2024,2
Calhoun,Miniellus boops,Bigeye Shiner,LE,"Fishes - Freshwater and Anadromous Bony, Cartilaginous; Lampreys",9/27/2022,5
Calhoun,Catostomus catostomus,Longnose Sucker,LT,"Fishes - Freshwater and Anadromous Bony, Cartilaginous; Lampreys",9/4/2019,1
Calhoun,Fundulus dispar,Starhead Topminnow,LT,"Fishes - Freshwater and Anadromous Bony, Cartilaginous; Lampreys",9/30/1972,3
Calhoun,Ammocrypta clara,Western Sand Darter,LE,"Fishes - Freshwater and Anadromous Bony, Cartilaginous; Lampreys",7/25/2014,5
Calhoun,Myotis sodalis,Indiana Bat,LE,Mammals,6/23/2024,6
Calhoun,Myotis septentrionalis,Northern Long-eared Bat,LE,Mammals,6/17/2014,2
Calhoun,Terrapene ornata,Ornate Box Turtle,LT,Turtles,5/24/1994,1
Calhoun,Apalone mutica,Smooth Softshell,LT,Turtles,4/17/2004,2
Calhoun,Crotalus horridus,Timber Rattlesnake,LT,Reptiles,7/17/2018,4
Calhoun,Margaritifera monodonta,Spectaclecase,LE,Freshwater Mussels,1988,1
Calhoun,Ellipsaria lineolata,Butterfly,LT,Freshwater Mussels,10/9/2015,4
Calhoun,Reginaia ebenus,Ebonyshell,LE,Freshwater Mussels,8/18/1966,1
Calhoun,Asclepias stenophylla,Narrow-leaved Green Milkweed,LE,Dicots,6/30/2011,2
Calhoun,Asclepias lanuginosa,Wooly Milkweed,LE,Dicots,8/2/2013,1
Calhoun,Boltonia decurrens,Decurrent False Aster,LT,Dicots,10/1/1980,1
Calhoun,Phacelia gilioides,Ozark Phacelia,LE,Dicots,1997,1
Calhoun,Salvia azurea var. grandiflora,Wild Blue Sage,LT,Dicots,1981,1
Calhoun,Mentzelia oligosperma,Stickleaf,LE,Dicots,2013,1
Calhoun,Delphinium carolinianum,Hill Prairie Larkspur,LE,Dicots,5/6/2025,2
Calhoun,Agalinis skinneriana,Pale False Foxglove,LT,Dicots,2006-FA,2
Calhoun,Poa alsodes,Grove Bluegrass,LE,Monocots,1990-07,1
Calhoun,Nomia nortoni,Norton's Nomia,LT,Sweat Bees (in part),9/14/2012,1
Calhoun,Buchnera americana,Blue Hearts,LT,Dicots,6/23/2021,3
Cape Girardeau,Sternula antillarum,Least Tern,LE,Birds,7/12/2016,1
Cape Girardeau,Scaphirhynchus albus,Pallid Sturgeon,LE,"Fishes - Freshwater and Anadromous Bony, Cartilaginous; Lampreys",4/27/2015,1
Cape Girardeau,Alburnops texanus,Weed Shiner,LE,"Fishes - Freshwater and Anadromous Bony, Cartilaginous; Lampreys",2007,1
Cape Girardeau,Macrhybopsis gelida,Sturgeon Chub,LE,"Fishes - Freshwater and Anadromous Bony, Cartilaginous; Lampreys",10/23/2024,2
Cape Girardeau,Moxostoma carinatum,River Redhorse,LT,"Fishes - Freshwater and Anadromous Bony, Cartilaginous; Lampreys",7/2/2003,2
Cape Girardeau,Percopsis omiscomaycus,Trout-perch,LT,"Fishes - Freshwater and Anadromous Bony, Cartilaginous; Lampreys",6/16/1999,1
Carroll,Hemidactylium scutatum,Four-toed Salamander,LT,Amphibians,2002,1
Carroll,Ixobrychus exilis,Least Bittern,LT,Birds,6/13/2007,1
Carroll,Gallinula galeata,Common Gallinule,LE,Birds,6/12/2005,1
Carroll,Lanius ludovicianus,Loggerhead Shrike,LE,Birds,7/11/2017,2
Carroll,Setophaga cerulea,Cerulean Warbler,LT,Birds,5/5/2025,1
Carroll,Xanthocephalus xanthocephalus,Yellow-headed Blackbird,LE,Birds,6/7/2006,1
Carroll,Hybopsis amnis,Pallid Shiner,LE,"Fishes - Freshwater and Anadromous Bony, Cartilaginous; Lampreys",10/10/2024,1
Carroll,Hybognathus hankinsoni,Brassy Minnow,LE,"Fishes - Freshwater and Anadromous Bony, Cartilaginous; Lampreys",7/15/2015,2
Carroll,Notropis heterolepis,Blacknose Shiner,LE,"Fishes - Freshwater and Anadromous Bony, Cartilaginous; Lampreys",7/15/2015,1
Carroll,Alburnops texanus,Weed Shiner,LE,"Fishes - Freshwater and Anadromous Bony, Cartilaginous; Lampreys",10/18/2024,1
Carroll,Ammocrypta clara,Western Sand Darter,LE,"Fishes - Freshwater and Anadromous Bony, Cartilaginous; Lampreys",7/13/2017,3
Carroll,Myotis sodalis,Indiana Bat,LE,Mammals,8/29/2021,1
Carroll,Myotis septentrionalis,Northern Long-eared Bat,LE,Mammals,2/17/2016,2
Carroll,Canis lupus,Gray/Timber Wolf,LE,Mammals,11/19/2011,1
Carroll,Emydoidea blandingii,Blanding's Turtle,LE,Turtles,8/18/2024,4
Carroll,Terrapene ornata,Ornate Box Turtle,LT,Turtles,3/12/2025,2
Carroll,Heterodon nasicus,Plains Hog-nosed Snake,LT,Reptiles,11/13/2025,3
Carroll,Tropidoclonion lineatum,Lined Snake,LT,Reptiles,5/9/2020,1
Carroll,Crotalus horridus,Timber Rattlesnake,LT,Reptiles,8/14/2000,1
Carroll,Stygobromus iowae,Iowa Amphipod,LE,Amphipods,4/5/1997,2
Carroll,Argynnis aphrodite,Aphrodite Fritillary,LT,Butterflies,1997,1
Carroll,Argynnis idalia occidentalis,Western Regal Fritillary,LT,Butterflies,6/26/2024,3
Carroll,Ellipsaria lineolata,Butterfly,LT,Freshwater Mussels,10/5/2025,3
Carroll,Reginaia ebenus,Ebonyshell,LE,Freshwater Mussels,8/27/2019,1
Carroll,Lampsilis higginsii,Higgins Eye,LE,Freshwater Mussels,10/6/2025,3
Carroll,Eurybia furcata,Forked Aster,LT,Dicots,8/23/2024,1
Carroll,Solidago sciaphila,Cliff Goldenrod,LT,Dicots,10/6/2023,2
Carroll,Hackelia deflexa var. americana,Stickseed,LE,Dicots,6/15/2020,1
Carroll,Hudsonia tomentosa,False Heather,LE,Dicots,11/24/2025,2
Carroll,Lechea intermedia,Pinweed,LE,Dicots,3/16/1998,1
Carroll,Polanisia jamesii,James' Clammyweed,LE,Dicots,8/22/2025,1
Carroll,Sambucus racemosa ssp. pubens,Red-berried Elder,LE,Dicots,10/9/2008,1
Carroll,Juglans cinerea,Butternut,LE,Dicots,2014-07,1
Carroll,Orobanche ludoviciana,Broomrape,LT,Dicots,7/25/2024,2
Carroll,Actaea racemosa,False Bugbane,LE,Dicots,6/24/2023,1
Carroll,Actaea podocarpa,American Bugbane,LE,Dicots,2020,1
Carroll,Ceanothus herbaceus,Redroot,LE,Dicots,10/22/2004,1
Carroll,Sullivantia sullivantii,Sullivantia,LT,Dicots,10/13/2011,1
Carroll,Synthyris bullii,Kittentails,LT,Dicots,4/24/2025,4
Carroll,Penstemon grandiflorus,Large-flowered Beard Tongue,LE,Dicots,6/5/2024,2
Carroll,Viola canadensis,Canada Violet,LE,Dicots,4/22/2024,2
Carroll,Pinus banksiana,Jack Pine,LE,Conifers,9/30/2025,2
Carroll,Cyperus grayoides,Umbrella Sedge,LT,Monocots,8/1/2025,2
Carroll,Trillium erectum,Ill-scented Trillium,LE,Monocots,5/3/2024,1
Carroll,Cypripedium parviflorum,Small Yellow Lady's Slipper,LE,Monocots,1964-05,1
Carroll,Platanthera flava,Tubercled Orchid,LT,Monocots,6/13/2007,1
Carroll,Equisetum pratense,Meadow Horsetail,LT,Horsetails,9/17/2014,2
Carroll,Equisetum scirpoides,Dwarf Scouring Rush,LE,Horsetails,1978,1
Carroll,Dendrolycopodium dendroideum,Ground Pine,LE,Clubmosses,1990-05,1
Carroll,Bombus affinis,Rusty Patched Bumble Bee,LE,Bumble Bees,7/21/2025,6
Carroll,Viola rugulosa,Western Tall White Violet,LE,Dicots,4/30/2024,1
Carroll,Protandrena bancrofti,Mining Bee,LT,Other Bees,2012,1
Carroll,Flexamia grammica,Sand Reed Leafhopper,LE,"True Bugs, Cicadas, Hoppers, Aphids and Allies",7/4/1936,1
Carroll,Quadrula metanevra,Monkeyface,LT,Freshwater Mussels,10/6/2025,2
Cass,Pseudacris illinoensis,Illinois Chorus Frog,LT,Amphibians,2025,17
Cass,Botaurus lentiginosus,American Bittern,LE,Birds,5/31/1979,1
Cass,Ixobrychus exilis,Least Bittern,LT,Birds,8/1/1993,1
Cass,Gallinula galeata,Common Gallinule,LE,Birds,8/19/1998,1
Cass,Antrostomus carolinensis,Chuck-will's-widow,LT,Birds,6/18/2016,1
Cass,Lanius ludovicianus,Loggerhead Shrike,LE,Birds,8/1/1992,2
Cass,Xanthocephalus xanthocephalus,Yellow-headed Blackbird,LE,Birds,6/21/1978,1
Cass,Acipenser fulvescens,Lake Sturgeon,LE,"Fishes - Freshwater and Anadromous Bony, Cartilaginous; Lampreys",7/9/2024,2
Cass,Moxostoma carinatum,River Redhorse,LT,"Fishes - Freshwater and Anadromous Bony, Cartilaginous; Lampreys",9/26/2017,1
Cass,Percopsis omiscomaycus,Trout-perch,LT,"Fishes - Freshwater and Anadromous Bony, Cartilaginous; Lampreys",1962,1
Cass,Lepomis miniatus,Redspotted Sunfish,LT,"Fishes - Freshwater and Anadromous Bony, Cartilaginous; Lampreys",11/16/1965,1
Cass,Myotis sodalis,Indiana Bat,LE,Mammals,6/30/2023,3
Cass,Myotis septentrionalis,Northern Long-eared Bat,LE,Mammals,9/2/1998,1
Cass,Emydoidea blandingii,Blanding's Turtle,LE,Turtles,4/18/1987,3
Cass,Terrapene ornata,Ornate Box Turtle,LT,Turtles,7/27/2025,5
Cass,Kinosternon flavescens,Yellow Mud Turtle,LE,Turtles,4/25/2002,1
Cass,Apalone mutica,Smooth Softshell,LT,Turtles,5/15/2018,2
Cass,Heterodon nasicus,Plains Hog-nosed Snake,LT,Reptiles,6/24/2024,4
Cass,Argynnis idalia occidentalis,Western Regal Fritillary,LT,Butterflies,6/26/2025,3
Cass,Boltonia decurrens,Decurrent False Aster,LT,Dicots,10/17/2025,4
Cass,Silene regia,Royal Catchfly,LE,Dicots,2000,1
Cass,Hypericum adpressum,Shore St. John's Wort,LE,Dicots,7/17/1992,1
Cass,Stylisma pickeringii var. pattersonii,Patterson Bindweed,LE,Dicots,8/9/2022,2
Cass,Astragalus distortus,Bent Milk Vetch,LE,Dicots,2003,1
Cass,Polygala incarnata,Pink Milkwort,LE,Dicots,1988,1
Cass,Sanguisorba canadensis,American Burnet,LE,Dicots,9/4/1996,1
Cass,Agalinis skinneriana,Pale False Foxglove,LT,Dicots,9/11/2015,1
Cass,Echinodorus tenellus,Small Burhead,LE,Monocots,8/9/2022,4
Cass,Cyperus grayoides,Umbrella Sedge,LT,Monocots,8/9/2022,1
Cass,Fimbristylis vahlii,Vahl's Fimbry,LE,Monocots,9/29/2023,3
Cass,Schoenoplectiella hallii,Hall's Bulrush,LT,Monocots,11/6/2019,7
Cass,Circus hudsonius,Northern Harrier,LE,Birds,2/23/2017,2
Cass,Necturus maculosus,Mudpuppy,LT,Amphibians,1984,1
Cass,Buchnera americana,Blue Hearts,LT,Dicots,7/5/2023,1
Champaign,Ixobrychus exilis,Least Bittern,LT,Birds,8/1/1993,1
Champaign,Nycticorax nycticorax,Black-crowned Night-Heron,LE,Birds,2024,1
Champaign,Nyctanassa violacea,Yellow-crowned Night-Heron,LE,Birds,8/11/2014,1
Champaign,Bartramia longicauda,Upland Sandpiper,LE,Birds,6/18/2021,3
Champaign,Lanius ludovicianus,Loggerhead Shrike,LE,Birds,6/9/1991,2
Champaign,Hybopsis amnis,Pallid Shiner,LE,"Fishes - Freshwater and Anadromous Bony, Cartilaginous; Lampreys",8/18/1928,2
Champaign,Hybopsis amblops,Bigeye Chub,LT,"Fishes - Freshwater and Anadromous Bony, Cartilaginous; Lampreys",9/11/2023,9
Champaign,Ammocrypta pellucida,Eastern Sand Darter,LT,"Fishes - Freshwater and Anadromous Bony, Cartilaginous; Lampreys",9/18/2020,3
Champaign,Nothonotus camurus,Bluebreast Darter,LT,"Fishes - Freshwater and Anadromous Bony, Cartilaginous; Lampreys",6/2/2025,2
Champaign,Myotis sodalis,Indiana Bat,LE,Mammals,7/24/2015,1
Champaign,Myotis septentrionalis,Northern Long-eared Bat,LE,Mammals,6/21/2025,3
Champaign,Poliocitellus franklinii,Franklin's Ground Squirrel,LT,Mammals,2010-10,4
Champaign,Emydoidea blandingii,Blanding's Turtle,LE,Turtles,5/1/1953,1
Champaign,Faxonius placidus,Bigclaw Crayfish,LE,Crayfishes,8/14/2018,1
Champaign,Cyclonaias tuberculata,Purple Wartyback,LT,Freshwater Mussels,8/21/2024,3
Champaign,Eurynia dilatata,Spike,LE,Freshwater Mussels,9/14/2024,4
Champaign,Lampsilis fasciola,Wavy-rayed Lampmussel,LE,Freshwater Mussels,8/19/2024,7
Champaign,Simpsonaias ambigua,Salamander Mussel,LE,Freshwater Mussels,10/2/2024,1
Champaign,Phlox pilosa ssp. sangamonensis,Sangamon Phlox,LE,Dicots,5/19/2022,10
Champaign,Bombus affinis,Rusty Patched Bumble Bee,LE,Bumble Bees,4/17/2007,2
Champaign,Epioblasma rangiana,Northern Riffleshell,LE,Freshwater Mussels,2013-SU,1
Champaign,Circus hudsonius,Northern Harrier,LE,Birds,1994-SUM,1
Champaign,Necturus maculosus,Mudpuppy,LT,Amphibians,2/15/2024,3
Champaign,Quadrula metanevra,Monkeyface,LT,Freshwater Mussels,7/22/2025,6
Champaign,Cambarunio iris,Rainbow,LE,Freshwater Mussels,8/19/2024,1
Christian,Bartramia longicauda,Upland Sandpiper,LE,Birds,7/28/1979,1
Christian,Lanius ludovicianus,Loggerhead Shrike,LE,Birds,6/12/2000,1
Christian,Poliocitellus franklinii,Franklin's Ground Squirrel,LT,Mammals,6/1/2019,1
Christian,Clonophis kirtlandii,Kirtland's Snake,LT,Reptiles,5/31/2025,4
Christian,Hylotelephium telephioides,American Orpine,LT,Dicots,6/2/1948,1
Clark,Ambystoma jeffersonianum,Jefferson Salamander,LT,Amphibians,8/19/2022,10
Clark,Hybopsis amblops,Bigeye Chub,LT,"Fishes - Freshwater and Anadromous Bony, Cartilaginous; Lampreys",8/2/2016,2
Clark,Nocomis micropogon,River Chub,LE,"Fishes - Freshwater and Anadromous Bony, Cartilaginous; Lampreys",10/4/1964,1
Clark,Erimystax x-punctatus,Gravel Chub,LT,"Fishes - Freshwater and Anadromous Bony, Cartilaginous; Lampreys",11/6/1960,1
Clark,Moxostoma valenciennesi,Greater Redhorse,LE,"Fishes - Freshwater and Anadromous Bony, Cartilaginous; Lampreys",9/4/1998,1
Clark,Myotis sodalis,Indiana Bat,LE,Mammals,6/11/2015,1
Clark,Crotalus horridus,Timber Rattlesnake,LT,Reptiles,8/3/2000,1
Clark,Elliptio crassidens,Elephant-ear,LE,Freshwater Mussels,9/2/1988,2
Clark,Silene regia,Royal Catchfly,LE,Dicots,7/22/1998,1
Clark,Nomia nortoni,Norton's Nomia,LT,Sweat Bees (in part),7/14/2021,1
Clark,Quadrula metanevra,Monkeyface,LT,Freshwater Mussels,9/2/1988,2
Clay,Tympanuchus cupido,Greater Prairie-Chicken,LE,Birds,3/27/1993,2
Clay,Lanius ludovicianus,Loggerhead Shrike,LE,Birds,2022-07,6
Clay,Notropis anogenus,Pugnose Shiner,LE,"Fishes - Freshwater and Anadromous Bony, Cartilaginous; Lampreys",1940,2
Clay,Ammocrypta pellucida,Eastern Sand Darter,LT,"Fishes - Freshwater and Anadromous Bony, Cartilaginous; Lampreys",1940,1
Clay,Terrapene ornata,Ornate Box Turtle,LT,Turtles,9/27/2010,1
Clay,Faxonius stannardi,Little Wabash Crayfish,LE,Crayfishes,6/13/2023,4
Clay,Eurynia dilatata,Spike,LE,Freshwater Mussels,8/14/2012,4
Clay,Ptychobranchus fasciolaris,Kidneyshell,LE,Freshwater Mussels,8/14/2012,1
Clay,Lithasia obovata,Shawnee Rocksnail,LE,Freshwater Snails,8/15/1937,1
Clay,Silene regia,Royal Catchfly,LE,Dicots,7/28/2022,1
Clay,Sabatia campestris,Prairie Rose Gentian,LE,Dicots,7/3/2024,1
Clay,Penstemon tubaeflorus,Tube Beard Tongue,LE,Dicots,6/6/2023,1
Clay,Stenanthium gramineum,Grass-leaved Lily,LT,Monocots,6/18/2020,1
Clay,Festuca paradoxa,Cluster Fescue,LT,Monocots,6/15/1999,1
Clay,Melica mutica,Two-flowered Melic Grass,LE,Monocots,5/15/1990,1
Clay,Quadrula metanevra,Monkeyface,LT,Freshwater Mussels,9/6/2011,1
Clay,Buchnera americana,Blue Hearts,LT,Dicots,8/21/2023,1
Clinton,Acipenser fulvescens,Lake Sturgeon,LE,"Fishes - Freshwater and Anadromous Bony, Cartilaginous; Lampreys",6/21/2018,2
Clinton,Hybopsis amnis,Pallid Shiner,LE,"Fishes - Freshwater and Anadromous Bony, Cartilaginous; Lampreys",10/10/2024,1
Clinton,Notropis anogenus,Pugnose Shiner,LE,"Fishes - Freshwater and Anadromous Bony, Cartilaginous; Lampreys",1946,1
Clinton,Alburnops texanus,Weed Shiner,LE,"Fishes - Freshwater and Anadromous Bony, Cartilaginous; Lampreys",10/18/2024,1
Clinton,Ammocrypta clara,Western Sand Darter,LE,"Fishes - Freshwater and Anadromous Bony, Cartilaginous; Lampreys",8/3/2022,3
Clinton,Ellipsaria lineolata,Butterfly,LT,Freshwater Mussels,8/7/2024,4
Clinton,Lampsilis higginsii,Higgins Eye,LE,Freshwater Mussels,9/4/2024,3
Clinton,Synthyris bullii,Kittentails,LT,Dicots,4/28/1954,1
Clinton,Quadrula metanevra,Monkeyface,LT,Freshwater Mussels,8/15/2022,2
Clinton,Pandion haliaetus,Osprey,LT,Birds,5/1/2025,11
Clinton,Lanius ludovicianus,Loggerhead Shrike,LE,Birds,7/15/1998,1
Clinton,Myotis sodalis,Indiana Bat,LE,Mammals,8/3/2019,3
Clinton,Terrapene ornata,Ornate Box Turtle,LT,Turtles,5/22/2015,2
Clinton,Clonophis kirtlandii,Kirtland's Snake,LT,Reptiles,6/2/1971,1
Clinton,Sistrurus catenatus,Eastern Massasauga,LE,Reptiles,7/18/2025,2
Clinton,Eurynia dilatata,Spike,LE,Freshwater Mussels,9/12/2002,2
Clinton,Spiranthes vernalis,Spring Ladies' Tresses,LE,Monocots,7/7/2020,1
Clinton,Quadrula metanevra,Monkeyface,LT,Freshwater Mussels,10/4/1979,1
Coles,Ixobrychus exilis,Least Bittern,LT,Birds,6/26/1981,1
Coles,Gallinula galeata,Common Gallinule,LE,Birds,6/2/2004,1
Coles,Bartramia longicauda,Upland Sandpiper,LE,Birds,6/22/1999,1
Coles,Lanius ludovicianus,Loggerhead Shrike,LE,Birds,6/29/1991,1
Coles,Setophaga cerulea,Cerulean Warbler,LT,Birds,6/17/1996,1
Coles,Lethenteron appendix,American Brook Lamprey,LT,"Fishes - Freshwater and Anadromous Bony, Cartilaginous; Lampreys",9/11/1979,1
Coles,Miniellus boops,Bigeye Shiner,LE,"Fishes - Freshwater and Anadromous Bony, Cartilaginous; Lampreys",7/10/1962,1
Coles,Ammocrypta pellucida,Eastern Sand Darter,LT,"Fishes - Freshwater and Anadromous Bony, Cartilaginous; Lampreys",6/1/2021,4
Coles,Etheostoma histrio,Harlequin Darter,LE,"Fishes - Freshwater and Anadromous Bony, Cartilaginous; Lampreys",6/15/1984,1
Coles,Myotis sodalis,Indiana Bat,LE,Mammals,8/13/2018,1
Coles,Apalone mutica,Smooth Softshell,LT,Turtles,6/13/2019,1
Coles,Clonophis kirtlandii,Kirtland's Snake,LT,Reptiles,10/19/2022,3
Coles,Calephelis muticum,Swamp Metalmark,LE,Butterflies,6/7/1981,1
Coles,Eurynia dilatata,Spike,LE,Freshwater Mussels,8/26/2013,3
Coles,Epioblasma triquetra,Snuffbox,LE,Freshwater Mussels,8/4/2023,4
Coles,Ptychobranchus fasciolaris,Kidneyshell,LE,Freshwater Mussels,8/4/2023,5
Coles,Monarda clinopodia,White Bergamot,LT,Dicots,7/18/1957,1
Coles,Orobanche ludoviciana,Broomrape,LT,Dicots,2/17/1994,1
Coles,Festuca paradoxa,Cluster Fescue,LT,Monocots,6/28/2011,1
Coles,Sceptridium multifidum,Northern Grape Fern,LE,"Adder's-tongues, Grapeferns, and Moonworts",4/29/1998,1
Coles,Quadrula metanevra,Monkeyface,LT,Freshwater Mussels,8/7/2012,4
Cook,Botaurus lentiginosus,American Bittern,LE,Birds,5/14/2014,2
Cook,Ixobrychus exilis,Least Bittern,LT,Birds,5/14/2014,5
Cook,Egretta thula,Snowy Egret,LE,Birds,1987,1
Cook,Egretta caerulea,Little Blue Heron,LE,Birds,6/23/2011,3
Cook,Nycticorax nycticorax,Black-crowned Night-Heron,LE,Birds,6/28/2024,16
Cook,Nyctanassa violacea,Yellow-crowned Night-Heron,LE,Birds,7/31/2013,4
Cook,Pandion haliaetus,Osprey,LT,Birds,7/3/2024,44
Cook,Gallinula galeata,Common Gallinule,LE,Birds,7/26/2014,8
Cook,Charadrius melodus,Piping Plover,LE,Birds,7/22/2025,1
Cook,Bartramia longicauda,Upland Sandpiper,LE,Birds,6/29/1997,3
Cook,Phalaropus tricolor,Wilson's Phalarope,LE,Birds,1981,1
Cook,Chlidonias niger,Black Tern,LE,Birds,7/22/1996,5
Cook,Coccyzus erythropthalmus,Black-billed Cuckoo,LT,Birds,6/23/2011,2
Cook,Asio flammeus,Short-eared Owl,LE,Birds,2017-012-09,4
Cook,Antrostomus carolinensis,Chuck-will's-widow,LT,Birds,6/6/1988,1
Cook,Xanthocephalus xanthocephalus,Yellow-headed Blackbird,LE,Birds,6/1/2017,7
Cook,Cottus bairdii,Mottled Sculpin,LT,"Fishes - Freshwater and Anadromous Bony, Cartilaginous; Lampreys",7/20/2022,5
Cook,Acipenser fulvescens,Lake Sturgeon,LE,"Fishes - Freshwater and Anadromous Bony, Cartilaginous; Lampreys",4/17/2021,1
Cook,Coregonus artedi,Cisco,LE,"Fishes - Freshwater and Anadromous Bony, Cartilaginous; Lampreys",1959,3
Cook,Hybognathus hankinsoni,Brassy Minnow,LE,"Fishes - Freshwater and Anadromous Bony, Cartilaginous; Lampreys",10/5/1987,2
Cook,Miniellus heterodon,Blackchin Shiner,LT,"Fishes - Freshwater and Anadromous Bony, Cartilaginous; Lampreys",7/31/2018,2
Cook,Catostomus catostomus,Longnose Sucker,LT,"Fishes - Freshwater and Anadromous Bony, Cartilaginous; Lampreys",11/14/2016,5
Cook,Moxostoma carinatum,River Redhorse,LT,"Fishes - Freshwater and Anadromous Bony, Cartilaginous; Lampreys",7/19/2013,1
Cook,Percopsis omiscomaycus,Trout-perch,LT,"Fishes - Freshwater and Anadromous Bony, Cartilaginous; Lampreys",7/8/2003,4
Cook,Fundulus dispar,Starhead Topminnow,LT,"Fishes - Freshwater and Anadromous Bony, Cartilaginous; Lampreys",1980,2
Cook,Myotis septentrionalis,Northern Long-eared Bat,LE,Mammals,10/2/2017,5
Cook,Poliocitellus franklinii,Franklin's Ground Squirrel,LT,Mammals,7/24/2020,3
Cook,Clemmys guttata,Spotted Turtle,LE,Turtles,5/30/2024,5
Cook,Emydoidea blandingii,Blanding's Turtle,LE,Turtles,10/16/2024,20
Cook,Clonophis kirtlandii,Kirtland's Snake,LT,Reptiles,8/9/2023,7
Cook,Sistrurus catenatus,Eastern Massasauga,LE,Reptiles,2009,3
Cook,Tharsalea helloides,Purplish Copper,LT,Butterflies,1992,1
Cook,Calephelis muticum,Swamp Metalmark,LE,Butterflies,2013-SU,1
Cook,Argynnis aphrodite,Aphrodite Fritillary,LT,Butterflies,6/22/2012,4
Cook,Argynnis idalia occidentalis,Western Regal Fritillary,LT,Butterflies,2012,1
Cook,Papaipema eryngii,Eryngium Stem Borer,LT,Papaipema Moths,7/18/2019,1
Cook,Somatochlora hineana,Hine's Emerald Dragonfly,LE,Dragonflies and Damselflies,2024-07,4
Cook,Nannothemis bella,Elfin Skimmer,LE,Dragonflies and Damselflies,7/6/2021,1
Cook,Eurynia dilatata,Spike,LE,Freshwater Mussels,8/5/1999,1
Cook,Asclepias ovalifolia,Oval Milkweed,LE,Dicots,7/19/2018,1
Cook,Asclepias lanuginosa,Wooly Milkweed,LE,Dicots,6/1/2023,2
Cook,Eurybia furcata,Forked Aster,LT,Dicots,10/14/2024,5
Cook,Cirsium pitcheri,Pitcher's (Dune) Thistle,LE,Dicots,10/11/2024,4
Cook,Helianthus giganteus,Tall Sunflower,LE,Dicots,9/5/2004,1
Cook,Tetraneuris herbacea,Lakeside Daisy,LE,Dicots,5/9/2024,2
Cook,Cakile edentula var. lacustris,Sea Rocket,LT,Dicots,8/9/2024,5
Cook,Minuartia patula,Slender Sandwort,LT,Dicots,5/16/2024,2
Cook,Silene regia,Royal Catchfly,LE,Dicots,8/2/2024,3
Cook,Stellaria pubera,Great Chickweed,LE,Dicots,5/10/2019,1
Cook,Hypericum kalmianum,Kalm's St. John's Wort,LE,Dicots,7/22/2025,5
Cook,Lonicera dioica var. glaucescens,Red Honeysuckle,LE,Dicots,7/6/2024,1
Cook,Drosera intermedia,Narrow-leaved Sundew,LT,Dicots,8/9/2023,4
Cook,Drosera rotundifolia,Round-leaved Sundew,LE,Dicots,1993,2
Cook,Arctostaphylos uva-ursi,Bearberry,LE,Dicots,7/13/2023,3
Cook,Chamaedaphne calyculata,Leatherleaf,LT,Dicots,3/28/1987,1
Cook,Vaccinium corymbosum,Highbush Blueberry,LE,Dicots,7/17/2014,2
Cook,Vaccinium macrocarpon,Large Cranberry,LE,Dicots,3/28/1987,1
Cook,Vaccinium oxycoccos,Small Cranberry,LE,Dicots,11/2/1999,1
Cook,Euphorbia polygonifolia,Seaside Spurge,LT,Dicots,10/11/2024,5
Cook,Dalea foliosa,Leafy Prairie Clover,LE,Dicots,7/9/2024,2
Cook,Lathyrus ochroleucus,Pale Vetchling,LT,Dicots,5/30/2023,2
Cook,Lespedeza leptostachya,Prairie Bush Clover,LE,Dicots,8/30/1995,1
Cook,Vicia caroliniana,Wood Vetch,LE,Dicots,5/24/2022,1
Cook,Geranium bicknellii,Northern Cranesbill,LE,Dicots,8/29/2018,3
Cook,Juglans cinerea,Butternut,LE,Dicots,5/22/2025,4
Cook,Salvia azurea var. grandiflora,Wild Blue Sage,LT,Dicots,8/24/2021,1
Cook,Utricularia intermedia,Flat-leaved Bladderwort,LT,Dicots,6/23/2023,2
Cook,Utricularia minor,Small Bladderwort,LE,Dicots,1990,1
Cook,Comptonia peregrina,Sweetfern,LE,Dicots,7/23/2025,1
Cook,Epilobium strictum,Downy Willow Herb,LE,Dicots,8/5/1978,1
Cook,Orobanche fasciculata,Clustered Broomrape,LE,Dicots,6/13/2019,1
Cook,Persicaria careyi,Carey's Heartsease,LE,Dicots,1986,1
Cook,Plantago cordata,Heart-leaved Plantain,LE,Dicots,6/21/2008,1
Cook,Chimaphila maculata,Spotted Wintergreen,LE,Dicots,11/13/1981,1
Cook,Actaea racemosa,False Bugbane,LE,Dicots,7/25/2024,3
Cook,Amelanchier interior,Shadbush,LT,Dicots,7/5/2020,3
Cook,Filipendula rubra,Queen-of-the-prairie,LT,Dicots,7/31/2023,5
Cook,Rubus pubescens,Dwarf Raspberry,LT,Dicots,7/17/2025,6
Cook,Rubus setosus,Bristly Blackberry,LT,Dicots,1996,1
Cook,Sanguisorba canadensis,American Burnet,LE,Dicots,2014,1
Cook,Populus balsamifera,Balsam Poplar,LE,Dicots,7/27/2021,2
Cook,Salix cordata,Dune Willow,LE,Dicots,6/13/2025,1
Cook,Agalinis skinneriana,Pale False Foxglove,LT,Dicots,8/14/2024,2
Cook,Synthyris bullii,Kittentails,LT,Dicots,4/18/2023,1
Cook,Castilleja sessiliflora,Downy Yellow Painted Cup,LE,Dicots,2022-SP,1
Cook,Penstemon grandiflorus,Large-flowered Beard Tongue,LE,Dicots,7/26/2023,1
Cook,Veronica scutellata,Marsh Speedwell,LT,Dicots,8/7/2025,10
Cook,Viola canadensis,Canada Violet,LE,Dicots,5/5/2023,1
Cook,Viola blanda,Hairy White Violet,LE,Dicots,1999-04,2
Cook,Juniperus horizontalis,Trailing Juniper,LE,Conifers,6/23/2021,1
Cook,Larix laricina,Tamarack,LE,Conifers,8/24/2021,1
Cook,Pinus banksiana,Jack Pine,LE,Conifers,7/30/2024,4
Cook,Carex aurea,Golden Sedge,LT,Monocots,6/4/2025,8
Cook,Carex bromoides,Sedge,LT,Monocots,6/15/2025,8
Cook,Carex garberi,Sedge,LE,Monocots,5/24/2000,1
Cook,Carex intumescens,Swollen Sedge,LT,Monocots,7/2/2024,3
Cook,Carex pallescens,Pale Sedge,LE,Monocots,5/30/2024,1
Cook,Carex tuckermanii,Tuckerman's Sedge,LE,Monocots,6/15/2024,4
Cook,Carex viridula,Little Green Sedge,LT,Monocots,7/2/2024,2
Cook,Eleocharis olivacea,Capitate Spikerush,LE,Monocots,7/26/2024,2
Cook,Eleocharis quinqueflora,Few-flowered Spikerush,LE,Monocots,2002-06,1
Cook,Eleocharis rostellata,Beaked Spike Rush,LT,Monocots,9/3/2015,1
Cook,Rhynchospora alba,Beaked Rush,LE,Monocots,1976,1
Cook,Scirpus hattorianus,Bulrush,LE,Monocots,7/3/2012,2
Cook,Sisyrinchium montanum,Mountain Blue-eyed Grass,LE,Monocots,5/17/2024,12
Cook,Triglochin maritima,Common Bog Arrow Grass,LT,Monocots,10/11/2024,2
Cook,Triglochin palustris,Slender Bog Arrow Grass,LT,Monocots,8/14/2024,1
Cook,Medeola virginiana,Indian Cucumber Root,LE,Monocots,5/14/2025,1
Cook,Polygonatum pubescens,Downy Solomon's Seal,LE,Monocots,4/30/2025,9
Cook,Triantha glutinosa,False Asphodel,LT,Monocots,7/14/2022,3
Cook,Trillium cernuum,Nodding Trillium,LE,Monocots,5/3/2009,1
Cook,Calopogon tuberosus,Grass Pink Orchid,LE,Monocots,6/24/2024,5
Cook,Corallorhiza maculata,Spotted Coral-root Orchid,LE,Monocots,7/3/1999,1
Cook,Platanthera ciliaris,Orange Fringed Orchid,LE,Monocots,7/21/2022,1
Cook,Platanthera clavellata,Wood Orchid,LE,Monocots,7/20/2000,2
Cook,Platanthera flava,Tubercled Orchid,LT,Monocots,1999-06,2
Cook,Platanthera leucophaea,Eastern Prairie Fringed Orchid,LE,Monocots,7/12/2025,10
Cook,Platanthera psycodes,Purple Fringed Orchid,LE,Monocots,7/20/2016,1
Cook,Pogonia ophioglossoides,Snake-mouth,LE,Monocots,2014,3
Cook,Spiranthes lucida,Yellow-lipped Ladies' Tresses,LE,Monocots,7/2/2024,2
Cook,Ammophila breviligulata,Marram Grass,LT,Monocots,8/19/2023,7
Cook,Beckmannia syzigachne,American Slough Grass,LE,Monocots,7/20/2024,4
Cook,Dichanthelium boreale,Northern Panic Grass,LE,Monocots,5/29/2024,2
Cook,Elymus trachycaulus,Bearded Wheat Grass,LE,Monocots,6/25/2025,4
Cook,Poa saltuensis ssp. languida,Weak Bluegrass,LE,Monocots,6/19/2013,1
Cook,Potamogeton gramineus,Grass-leaved Pondweed,LT,Monocots,6/1/2002,1
Cook,Potamogeton praelongus,White-stemmed Pondweed,LE,Monocots,7/13/2020,1
Cook,Potamogeton robbinsii,Fern Pondweed,LE,Monocots,8/27/1987,1
Cook,Potamogeton strictifolius,Stiff Pondweed,LE,Monocots,6/5/1998,1
Cook,Sceptridium multifidum,Northern Grape Fern,LE,"Adder's-tongues, Grapeferns, and Moonworts",5/6/1992,1
Cook,Botrychium simplex,Dwarf Grape Fern,LE,"Adder's-tongues, Grapeferns, and Moonworts",7/9/1976,1
Cook,Carex formosa,Sedge,LE,Monocots,5/29/2025,7
Cook,Avenella flexuosa,Hairgrass,LE,Monocots,2003,1
Cook,Carex atlantica,Sedge,LT,Monocots,6/17/2002,1
Cook,Bombus affinis,Rusty Patched Bumble Bee,LE,Bumble Bees,8/13/2024,17
Cook,Juncus alpinoarticulatus,Richardson's Rush,LT,Monocots,7/10/2024,6
Cook,Fundulus diaphanus menona,Western Banded Killifish,LT,"Fishes - Freshwater and Anadromous Bony, Cartilaginous; Lampreys",7/19/2023,2
Cook,Circus hudsonius,Northern Harrier,LE,Birds,2/9/2018,3
Cook,Necturus maculosus,Mudpuppy,LT,Amphibians,3/26/2024,7
Cook,Dendrolycopodium hickeyi,Hickey's groundpine,LE,Clubmosses,1999-09,1
Cook,Trientalis borealis,Star-flower,LE,Dicots,5/15/2025,3
Cook,Commellus colon,Leafhopper,LE,"True Bugs, Cicadas, Hoppers, Aphids and Allies",8/10/1945,1
Cook,Macropis nuda,Naked Oil-collecting Bee,LE,Oil-collecting Bees,7/3/2025,1
Cook,Amelanchier sanguinea,Shadbush,LE,Dicots,5/12/2016,2
Cook,Rallus elegans,King Rail,LE,Birds,5/27/2021,4
Cook,Hypericum swinkianum,Swink's St. John's Wort,LE,Dicots,5/25/2024,1
Cook,Buchnera americana,Blue Hearts,LT,Dicots,8/25/2021,1
Cook,Juniperus communis,Ground Juniper,LE,Conifers,7/18/2024,5
Cook,Carex cryptolepis,Sedge,LT,Monocots,6/21/2014,1
Crawford,Ambystoma platineum,Silvery Salamander,LE,Amphibians,3/26/2020,1
Crawford,Coccyzus erythropthalmus,Black-billed Cuckoo,LT,Birds,1999-06,1
Crawford,Lanius ludovicianus,Loggerhead Shrike,LE,Birds,6/15/1998,2
Crawford,Setophaga cerulea,Cerulean Warbler,LT,Birds,6/22/2023,1
Crawford,Ichthyomyzon fossor,Northern Brook Lamprey,LE,"Fishes - Freshwater and Anadromous Bony, Cartilaginous; Lampreys",7/20/1983,1
Crawford,Hybopsis amblops,Bigeye Chub,LT,"Fishes - Freshwater and Anadromous Bony, Cartilaginous; Lampreys",8/20/2024,5
Crawford,Moxostoma carinatum,River Redhorse,LT,"Fishes - Freshwater and Anadromous Bony, Cartilaginous; Lampreys",8/28/2019,1
Crawford,Ammocrypta pellucida,Eastern Sand Darter,LT,"Fishes - Freshwater and Anadromous Bony, Cartilaginous; Lampreys",8/10/2019,4
Crawford,Apalone mutica,Smooth Softshell,LT,Turtles,8/7/2019,2
Crawford,Thamnophis saurita,Eastern Ribbon Snake,LT,Reptiles,10/3/2023,2
Crawford,Reginaia ebenus,Ebonyshell,LE,Freshwater Mussels,1999-06,1
Crawford,Iresine rhizomatosa,Bloodleaf,LE,Dicots,9/1/2016,1
Crawford,Clematis viorna,Leatherflower,LE,Dicots,5/25/2011,1
Crawford,Styrax americanus,Storax,LT,Dicots,10/5/2010,1
Crawford,Necturus maculosus,Mudpuppy,LT,Amphibians,4/10/2014,1
Crawford,Quadrula metanevra,Monkeyface,LT,Freshwater Mussels,8/17/2011,2
Crittenden,Cryptobranchus alleganiensis,Hellbender,LE,Amphibians,1956-06,1
Crittenden,Moxostoma carinatum,River Redhorse,LT,"Fishes - Freshwater and Anadromous Bony, Cartilaginous; Lampreys",8/22/2017,1
Crittenden,Potamilus capax,Fat Pocketbook,LE,Freshwater Mussels,8/28/2014,2
Crittenden,Phaeophyscia leana,Lea's Bog Lichen,LT,Lichens,8/11/2021,2
Crittenden,Hylotelephium telephioides,American Orpine,LT,Dicots,10/5/2025,1
Cumberland,Lanius ludovicianus,Loggerhead Shrike,LE,Birds,6/30/2008,2
Cumberland,Lethenteron appendix,American Brook Lamprey,LT,"Fishes - Freshwater and Anadromous Bony, Cartilaginous; Lampreys",9/10/2003,2
Cumberland,Hybopsis amblops,Bigeye Chub,LT,"Fishes - Freshwater and Anadromous Bony, Cartilaginous; Lampreys",7/23/1950,2
Cumberland,Notropis anogenus,Pugnose Shiner,LE,"Fishes - Freshwater and Anadromous Bony, Cartilaginous; Lampreys",9/5/2000,1
Cumberland,Ammocrypta pellucida,Eastern Sand Darter,LT,"Fishes - Freshwater and Anadromous Bony, Cartilaginous; Lampreys",6/22/2023,7
Cumberland,Etheostoma histrio,Harlequin Darter,LE,"Fishes - Freshwater and Anadromous Bony, Cartilaginous; Lampreys",10/19/1968,3
Cumberland,Emydoidea blandingii,Blanding's Turtle,LE,Turtles,7/3/1947,1
Cumberland,Apalone mutica,Smooth Softshell,LT,Turtles,8/9/2019,2
Cumberland,Penstemon tubaeflorus,Tube Beard Tongue,LE,Dicots,6/27/1997,1
De Witt,Lethenteron appendix,American Brook Lamprey,LT,"Fishes - Freshwater and Anadromous Bony, Cartilaginous; Lampreys",3/12/1983,1
De Witt,Clonophis kirtlandii,Kirtland's Snake,LT,Reptiles,9/9/2019,4
De Witt,Eurynia dilatata,Spike,LE,Freshwater Mussels,10/1/2009,1
De Witt,Bombus affinis,Rusty Patched Bumble Bee,LE,Bumble Bees,5/1/2007,1
De Witt,Circus hudsonius,Northern Harrier,LE,Birds,12/15/2021,1
De Witt,Quadrula metanevra,Monkeyface,LT,Freshwater Mussels,8/26/2005,2
DeKalb,Lanius ludovicianus,Loggerhead Shrike,LE,Birds,1994,2
DeKalb,Lethenteron appendix,American Brook Lamprey,LT,"Fishes - Freshwater and Anadromous Bony, Cartilaginous; Lampreys",4/1/1968,1
DeKalb,Hybognathus hankinsoni,Brassy Minnow,LE,"Fishes - Freshwater and Anadromous Bony, Cartilaginous; Lampreys",9/21/1997,1
DeKalb,Miniellus nubilus,Ozark Minnow,LT,"Fishes - Freshwater and Anadromous Bony, Cartilaginous; Lampreys",8/30/2022,2
DeKalb,Erimystax x-punctatus,Gravel Chub,LT,"Fishes - Freshwater and Anadromous Bony, Cartilaginous; Lampreys",7/13/2016,2
DeKalb,Emydoidea blandingii,Blanding's Turtle,LE,Turtles,2015-06,3
DeKalb,Clonophis kirtlandii,Kirtland's Snake,LT,Reptiles,10/8/1961,1
DeKalb,Asclepias lanuginosa,Wooly Milkweed,LE,Dicots,8/23/1976,1
DeKalb,Sambucus racemosa ssp. pubens,Red-berried Elder,LE,Dicots,1985,1
DeKalb,Filipendula rubra,Queen-of-the-prairie,LT,Dicots,7/1/2025,1
DeKalb,Carex echinata,Sedge,LE,Monocots,6/9/1971,1
DeKalb,Bombus affinis,Rusty Patched Bumble Bee,LE,Bumble Bees,8/6/2025,4
Des Moines,Alburnops texanus,Weed Shiner,LE,"Fishes - Freshwater and Anadromous Bony, Cartilaginous; Lampreys",8/21/1986,1
Des Moines,Margaritifera monodonta,Spectaclecase,LE,Freshwater Mussels,8/28/2019,1
Des Moines,Ellipsaria lineolata,Butterfly,LT,Freshwater Mussels,7/25/2020,3
Des Moines,Lampsilis higginsii,Higgins Eye,LE,Freshwater Mussels,7/25/2020,2
Des Moines,Quadrula metanevra,Monkeyface,LT,Freshwater Mussels,9/23/2021,1
Douglas,Gallinula galeata,Common Gallinule,LE,Birds,6/2/2004,1
Douglas,Myotis septentrionalis,Northern Long-eared Bat,LE,Mammals,7/18/2007,1
Douglas,Clonophis kirtlandii,Kirtland's Snake,LT,Reptiles,2007-05,3
Douglas,Eurynia dilatata,Spike,LE,Freshwater Mussels,8/12/2025,2
Douglas,Epioblasma triquetra,Snuffbox,LE,Freshwater Mussels,8/4/2023,3
Douglas,Lampsilis fasciola,Wavy-rayed Lampmussel,LE,Freshwater Mussels,8/12/2020,1
Douglas,Ptychobranchus fasciolaris,Kidneyshell,LE,Freshwater Mussels,8/23/2024,5
Douglas,Toxolasma lividum,Purple Lilliput,LE,Freshwater Mussels,8/23/2024,5
Douglas,Juglans cinerea,Butternut,LE,Dicots,9/6/1995,1
Douglas,Carex arkansana,Arkansas Sedge,LE,Monocots,7/1/2004,1
Douglas,Necturus maculosus,Mudpuppy,LT,Amphibians,6/4/2012,1
Douglas,Quadrula metanevra,Monkeyface,LT,Freshwater Mussels,8/7/2012,2
DuPage,Botaurus lentiginosus,American Bittern,LE,Birds,2008-07,1
DuPage,Ixobrychus exilis,Least Bittern,LT,Birds,2008,5
DuPage,Egretta caerulea,Little Blue Heron,LE,Birds,8/6/1995,1
DuPage,Nycticorax nycticorax,Black-crowned Night-Heron,LE,Birds,7/8/2015,23
DuPage,Nyctanassa violacea,Yellow-crowned Night-Heron,LE,Birds,1997,1
DuPage,Pandion haliaetus,Osprey,LT,Birds,5/31/2023,11
DuPage,Laterallus jamaicensis,Black Rail,LE,Birds,5/24/2000,1
DuPage,Gallinula galeata,Common Gallinule,LE,Birds,6/30/2021,7
DuPage,Bartramia longicauda,Upland Sandpiper,LE,Birds,6/24/2000,2
DuPage,Chlidonias niger,Black Tern,LE,Birds,1989,3
DuPage,Coccyzus erythropthalmus,Black-billed Cuckoo,LT,Birds,6/14/2021,7
DuPage,Asio flammeus,Short-eared Owl,LE,Birds,2016-WI,4
DuPage,Lanius ludovicianus,Loggerhead Shrike,LE,Birds,7/1/1988,1
DuPage,Xanthocephalus xanthocephalus,Yellow-headed Blackbird,LE,Birds,2008,4
DuPage,Notropis anogenus,Pugnose Shiner,LE,"Fishes - Freshwater and Anadromous Bony, Cartilaginous; Lampreys",9/30/2010,1
DuPage,Miniellus heterodon,Blackchin Shiner,LT,"Fishes - Freshwater and Anadromous Bony, Cartilaginous; Lampreys",9/30/2010,1
DuPage,Notropis heterolepis,Blacknose Shiner,LE,"Fishes - Freshwater and Anadromous Bony, Cartilaginous; Lampreys",9/30/2010,1
DuPage,Myotis septentrionalis,Northern Long-eared Bat,LE,Mammals,8/29/2023,3
DuPage,Poliocitellus franklinii,Franklin's Ground Squirrel,LT,Mammals,8/5/2006,1
DuPage,Emydoidea blandingii,Blanding's Turtle,LE,Turtles,10/16/2024,13
DuPage,Clonophis kirtlandii,Kirtland's Snake,LT,Reptiles,5/3/2021,3
DuPage,Sistrurus catenatus,Eastern Massasauga,LE,Reptiles,1995,1
DuPage,Tharsalea helloides,Purplish Copper,LT,Butterflies,2008,1
DuPage,Somatochlora hineana,Hine's Emerald Dragonfly,LE,Dragonflies and Damselflies,2024-07,1
DuPage,Eurynia dilatata,Spike,LE,Freshwater Mussels,7/15/1956,1
DuPage,Asclepias meadii,Mead's Milkweed,LE,Dicots,2011,3
DuPage,Tetraneuris herbacea,Lakeside Daisy,LE,Dicots,5/8/2024,2
DuPage,Minuartia patula,Slender Sandwort,LT,Dicots,5/16/2024,1
DuPage,Shepherdia canadensis,Buffaloberry,LE,Dicots,3/10/1980,1
DuPage,Astragalus tennesseensis,Tennessee Milk Vetch,LE,Dicots,1996,1
DuPage,Dalea foliosa,Leafy Prairie Clover,LE,Dicots,9/10/2024,5
DuPage,Lathyrus ochroleucus,Pale Vetchling,LT,Dicots,5/11/2024,1
DuPage,Lespedeza leptostachya,Prairie Bush Clover,LE,Dicots,2012-07,2
DuPage,Juglans cinerea,Butternut,LE,Dicots,10/1/2024,6
DuPage,Utricularia intermedia,Flat-leaved Bladderwort,LT,Dicots,6/10/1997,1
DuPage,Iliamna remota,Kankakee Mallow,LE,Dicots,7/12/2024,1
DuPage,Plantago cordata,Heart-leaved Plantain,LE,Dicots,6/20/2010,1
DuPage,Amelanchier interior,Shadbush,LT,Dicots,7/5/2020,2
DuPage,Filipendula rubra,Queen-of-the-prairie,LT,Dicots,6/28/2016,1
DuPage,Rubus pubescens,Dwarf Raspberry,LT,Dicots,10/28/1979,1
DuPage,Penstemon tubaeflorus,Tube Beard Tongue,LE,Dicots,6/22/2024,3
DuPage,Veronica scutellata,Marsh Speedwell,LT,Dicots,6/17/2024,6
DuPage,Ulmus thomasii,Rock Elm,LE,Dicots,2017,1
DuPage,Carex bromoides,Sedge,LT,Monocots,5/28/2024,1
DuPage,Carex tuckermanii,Tuckerman's Sedge,LE,Monocots,6/2/2024,3
DuPage,Carex viridula,Little Green Sedge,LT,Monocots,8/25/2022,5
DuPage,Scirpus hattorianus,Bulrush,LE,Monocots,7/17/2024,3
DuPage,Sisyrinchium montanum,Mountain Blue-eyed Grass,LE,Monocots,5/28/2019,1
DuPage,Melanthium virginicum,Virginia Bunchflower,LE,Monocots,7/18/2025,1
DuPage,Corallorhiza maculata,Spotted Coral-root Orchid,LE,Monocots,2010,1
DuPage,Cypripedium parviflorum,Small Yellow Lady's Slipper,LE,Monocots,5/17/2017,1
DuPage,Platanthera leucophaea,Eastern Prairie Fringed Orchid,LE,Monocots,2024,3
DuPage,Elymus trachycaulus,Bearded Wheat Grass,LE,Monocots,8/12/2009,1
DuPage,Poa wolfii,Wolf's Bluegrass,LE,Monocots,6/9/2019,1
DuPage,Sparganium emersum,Green-fruited Bur-reed,LE,Monocots,10/4/2019,1
DuPage,Isoetes butleri,Quillwort,LE,Spikemosses and Quillworts,5/31/2013,1
DuPage,Lycopodium clavatum,Running Pine,LE,Clubmosses,12/3/2001,1
DuPage,Bombus affinis,Rusty Patched Bumble Bee,LE,Bumble Bees,8/4/2025,15
DuPage,Juncus alpinoarticulatus,Richardson's Rush,LT,Monocots,6/19/2018,2
DuPage,Fundulus diaphanus menona,Western Banded Killifish,LT,"Fishes - Freshwater and Anadromous Bony, Cartilaginous; Lampreys",9/30/2010,1
DuPage,Circus hudsonius,Northern Harrier,LE,Birds,12/5/2017,2
DuPage,Mimosa nuttallii,Cat's claw,LE,Dicots,6/3/2019,1
DuPage,Colletes aestivalis,Alumroot Cellophane Bee,LE,Other Bees,6/11/2018,1
DuPage,Rallus elegans,King Rail,LE,Birds,2008,1
DuPage,Carex cryptolepis,Sedge,LT,Monocots,7/15/2021,2
Dubuque,Hybopsis amnis,Pallid Shiner,LE,"Fishes - Freshwater and Anadromous Bony, Cartilaginous; Lampreys",8/27/2024,1
Dubuque,Ammocrypta clara,Western Sand Darter,LE,"Fishes - Freshwater and Anadromous Bony, Cartilaginous; Lampreys",8/29/1963,1
Dubuque,Ellipsaria lineolata,Butterfly,LT,Freshwater Mussels,1992,1
Dubuque,Lampsilis higginsii,Higgins Eye,LE,Freshwater Mussels,1992,1
Edgar,Ambystoma jeffersonianum,Jefferson Salamander,LT,Amphibians,2/22/2018,3
Edgar,Asio flammeus,Short-eared Owl,LE,Birds,1/18/2015,1
Edgar,Setophaga cerulea,Cerulean Warbler,LT,Birds,7/10/2008,1
Edgar,Lethenteron appendix,American Brook Lamprey,LT,"Fishes - Freshwater and Anadromous Bony, Cartilaginous; Lampreys",10/5/1989,1
Edgar,Hybopsis amblops,Bigeye Chub,LT,"Fishes - Freshwater and Anadromous Bony, Cartilaginous; Lampreys",8/11/2016,4
Edgar,Miniellus boops,Bigeye Shiner,LE,"Fishes - Freshwater and Anadromous Bony, Cartilaginous; Lampreys",7/5/1962,4
Edgar,Myotis septentrionalis,Northern Long-eared Bat,LE,Mammals,6/6/2012,2
Edgar,Necturus maculosus,Mudpuppy,LT,Amphibians,2/6/2024,2
Edwards,Nyctanassa violacea,Yellow-crowned Night-Heron,LE,Birds,7/2/2020,1
Edwards,Gallinula galeata,Common Gallinule,LE,Birds,6/16/2023,1
Edwards,Lanius ludovicianus,Loggerhead Shrike,LE,Birds,6/22/2025,5
Edwards,Thamnophis saurita,Eastern Ribbon Snake,LT,Reptiles,4/23/2007,1
Edwards,Faxonius stannardi,Little Wabash Crayfish,LE,Crayfishes,8/1/1989,1
Edwards,Silene regia,Royal Catchfly,LE,Dicots,7/8/2021,1
Edwards,Melanthium virginicum,Virginia Bunchflower,LE,Monocots,6/13/2024,1
Edwards,Stenanthium gramineum,Grass-leaved Lily,LT,Monocots,6/13/2024,1
Edwards,Spiranthes vernalis,Spring Ladies' Tresses,LE,Monocots,2014,1
Edwards,Circus hudsonius,Northern Harrier,LE,Birds,12/14/2013,1
Edwards,Buchnera americana,Blue Hearts,LT,Dicots,6/13/2024,1
Effingham,Ixobrychus exilis,Least Bittern,LT,Birds,6/15/2008,2
Effingham,Tympanuchus cupido,Greater Prairie-Chicken,LE,Birds,4/16/2002,1
Effingham,Lanius ludovicianus,Loggerhead Shrike,LE,Birds,6/22/2008,3
Effingham,Hybopsis amblops,Bigeye Chub,LT,"Fishes - Freshwater and Anadromous Bony, Cartilaginous; Lampreys",7/30/1950,1
Effingham,Miniellus boops,Bigeye Shiner,LE,"Fishes - Freshwater and Anadromous Bony, Cartilaginous; Lampreys",7/30/1996,2
Effingham,Crystallaria asprella,Crystal Darter,LE,"Fishes - Freshwater and Anadromous Bony, Cartilaginous; Lampreys",1901-PRE,1
Effingham,Ammocrypta pellucida,Eastern Sand Darter,LT,"Fishes - Freshwater and Anadromous Bony, Cartilaginous; Lampreys",7/30/1950,1
Effingham,Poliocitellus franklinii,Franklin's Ground Squirrel,LT,Mammals,6/12/2007,1
Effingham,Terrapene ornata,Ornate Box Turtle,LT,Turtles,5/17/2008,1
Effingham,Clonophis kirtlandii,Kirtland's Snake,LT,Reptiles,7/25/1994,2
Effingham,Crotalus horridus,Timber Rattlesnake,LT,Reptiles,1995,2
Effingham,Faxonius stannardi,Little Wabash Crayfish,LE,Crayfishes,7/25/1989,4
Effingham,Papaipema eryngii,Eryngium Stem Borer,LT,Papaipema Moths,7/17/2019,1
Effingham,Silene regia,Royal Catchfly,LE,Dicots,7/8/2025,1
Effingham,Sabatia campestris,Prairie Rose Gentian,LE,Dicots,7/25/2025,3
Effingham,Monarda clinopodia,White Bergamot,LT,Dicots,7/13/2023,2
Effingham,Ranunculus harveyi,Harvey's Buttercup,LT,Dicots,2022-05,1
Effingham,Penstemon tubaeflorus,Tube Beard Tongue,LE,Dicots,7/8/2025,2
Effingham,Cypripedium parviflorum,Small Yellow Lady's Slipper,LE,Monocots,2009-05,1
Fayette,Ixobrychus exilis,Least Bittern,LT,Birds,6/28/2000,1
Fayette,Pandion haliaetus,Osprey,LT,Birds,6/4/2019,2
Fayette,Tympanuchus cupido,Greater Prairie-Chicken,LE,Birds,4/16/2002,1
Fayette,Coccyzus erythropthalmus,Black-billed Cuckoo,LT,Birds,7/20/2001,1
Fayette,Lanius ludovicianus,Loggerhead Shrike,LE,Birds,6/7/2005,2
Fayette,Setophaga cerulea,Cerulean Warbler,LT,Birds,5/5/2012,1
Fayette,Ammocrypta clara,Western Sand Darter,LE,"Fishes - Freshwater and Anadromous Bony, Cartilaginous; Lampreys",8/30/2017,6
Fayette,Myotis sodalis,Indiana Bat,LE,Mammals,5/22/2015,2
Fayette,Apalone mutica,Smooth Softshell,LT,Turtles,8/21/2025,3
Fayette,Clonophis kirtlandii,Kirtland's Snake,LT,Reptiles,4/3/2020,5
Fayette,Sistrurus catenatus,Eastern Massasauga,LE,Reptiles,8/10/1956,1
Fayette,Papaipema eryngii,Eryngium Stem Borer,LT,Papaipema Moths,7/14/2020,1
Fayette,Plethobasus cyphyus,Sheepnose,LE,Freshwater Mussels,8/23/1956,1
Fayette,Sabatia campestris,Prairie Rose Gentian,LE,Dicots,7/25/2025,3
Fayette,Monarda clinopodia,White Bergamot,LT,Dicots,7/17/2023,3
Fayette,Plantago cordata,Heart-leaved Plantain,LE,Dicots,10/28/2009,1
Fayette,Ranunculus harveyi,Harvey's Buttercup,LT,Dicots,2022-05,1
Fayette,Sanguisorba canadensis,American Burnet,LE,Dicots,2009,1
Fayette,Penstemon tubaeflorus,Tube Beard Tongue,LE,Dicots,6/10/2019,1
Fayette,Carex bromoides,Sedge,LT,Monocots,5/26/1985,1
Fayette,Carex prasina,Drooping Sedge,LT,Monocots,5/22/2012,1
Fayette,Melanthium virginicum,Virginia Bunchflower,LE,Monocots,2023,1
Fayette,Stenanthium gramineum,Grass-leaved Lily,LT,Monocots,7/12/2021,1
Fayette,Melica mutica,Two-flowered Melic Grass,LE,Monocots,5/15/1990,1
Fayette,Necturus maculosus,Mudpuppy,LT,Amphibians,11/4/2012,1
Fayette,Mimosa nuttallii,Cat's claw,LE,Dicots,2021-SU,1
Fayette,Anthophora walshii,Walsh's Anthophora,LT,Digger Bees,7/28/2020,1
Ford,Bartramia longicauda,Upland Sandpiper,LE,Birds,6/27/2016,2
Ford,Asio flammeus,Short-eared Owl,LE,Birds,12/19/2016,2
Ford,Miniellus boops,Bigeye Shiner,LE,"Fishes - Freshwater and Anadromous Bony, Cartilaginous; Lampreys",2020,2
Ford,Ammocrypta pellucida,Eastern Sand Darter,LT,"Fishes - Freshwater and Anadromous Bony, Cartilaginous; Lampreys",6/26/1962,1
Ford,Myotis sodalis,Indiana Bat,LE,Mammals,7/24/2015,1
Ford,Myotis septentrionalis,Northern Long-eared Bat,LE,Mammals,8/29/2014,1
Ford,Poliocitellus franklinii,Franklin's Ground Squirrel,LT,Mammals,6/5/2009,1
Ford,Clonophis kirtlandii,Kirtland's Snake,LT,Reptiles,4/18/2017,1
Ford,Papaipema eryngii,Eryngium Stem Borer,LT,Papaipema Moths,7/23/2025,1
Ford,Lampsilis fasciola,Wavy-rayed Lampmussel,LE,Freshwater Mussels,9/10/1999,1
Ford,Asclepias meadii,Mead's Milkweed,LE,Dicots,1998-03,1
Ford,Filipendula rubra,Queen-of-the-prairie,LT,Dicots,7/8/2017,1
Ford,Circus hudsonius,Northern Harrier,LE,Birds,1/2/2016,1
Ford,Andrena virginiana,Virginia Mining Bee,LE,Other Bees,7/9/2019,1
Franklin,Egretta caerulea,Little Blue Heron,LE,Birds,7/27/1998,1
Franklin,Moxostoma carinatum,River Redhorse,LT,"Fishes - Freshwater and Anadromous Bony, Cartilaginous; Lampreys",8/17/1988,1
Franklin,Myotis sodalis,Indiana Bat,LE,Mammals,6/3/2025,4
Franklin,Myotis septentrionalis,Northern Long-eared Bat,LE,Mammals,7/28/2012,2
Franklin,Pseudemys concinna,River Cooter,LE,Turtles,4/28/1985,1
Franklin,Terrapene ornata,Ornate Box Turtle,LT,Turtles,4/28/2005,1
Franklin,Matelea decipiens,Climbing Milkweed,LE,Dicots,5/14/2024,1
Franklin,Rhexia mariana,Dull Meadow Beauty,LE,Dicots,9/3/2020,1
Franklin,Actaea racemosa,False Bugbane,LE,Dicots,8/8/2001,1
Franklin,Trillium viride,Green Trillium,LE,Monocots,4/30/1982,1
Franklin,Spiranthes vernalis,Spring Ladies' Tresses,LE,Monocots,8/4/2020,1
Franklin,Potamogeton pulcher,Spotted Pondweed,LE,Monocots,10/2/1952,1
Fulton,Pseudacris illinoensis,Illinois Chorus Frog,LT,Amphibians,2025,2
Fulton,Botaurus lentiginosus,American Bittern,LE,Birds,2013,2
Fulton,Ixobrychus exilis,Least Bittern,LT,Birds,7/12/2019,2
Fulton,Nycticorax nycticorax,Black-crowned Night-Heron,LE,Birds,6/19/2019,2
Fulton,Pandion haliaetus,Osprey,LT,Birds,6/2/2025,7
Fulton,Gallinula galeata,Common Gallinule,LE,Birds,6/29/2019,2
Fulton,Bartramia longicauda,Upland Sandpiper,LE,Birds,5/22/2022,2
Fulton,Asio flammeus,Short-eared Owl,LE,Birds,4/10/2014,1
Fulton,Acipenser fulvescens,Lake Sturgeon,LE,"Fishes - Freshwater and Anadromous Bony, Cartilaginous; Lampreys",4/22/2010,1
Fulton,Alburnops chalybaeus,Ironcolor Shiner,LT,"Fishes - Freshwater and Anadromous Bony, Cartilaginous; Lampreys",7/22/2013,1
Fulton,Moxostoma carinatum,River Redhorse,LT,"Fishes - Freshwater and Anadromous Bony, Cartilaginous; Lampreys",6/15/2017,1
Fulton,Percopsis omiscomaycus,Trout-perch,LT,"Fishes - Freshwater and Anadromous Bony, Cartilaginous; Lampreys",1966,2
Fulton,Fundulus dispar,Starhead Topminnow,LT,"Fishes - Freshwater and Anadromous Bony, Cartilaginous; Lampreys",9/13/2023,4
Fulton,Lepomis miniatus,Redspotted Sunfish,LT,"Fishes - Freshwater and Anadromous Bony, Cartilaginous; Lampreys",10/29/2024,4
Fulton,Myotis sodalis,Indiana Bat,LE,Mammals,5/31/2025,17
Fulton,Myotis septentrionalis,Northern Long-eared Bat,LE,Mammals,7/25/2021,4
Fulton,Apalone mutica,Smooth Softshell,LT,Turtles,7/8/2021,2
Fulton,Reginaia ebenus,Ebonyshell,LE,Freshwater Mussels,9/5/2025,1
Fulton,Boltonia decurrens,Decurrent False Aster,LT,Dicots,6/10/2025,3
Fulton,Silene regia,Royal Catchfly,LE,Dicots,7/31/2018,1
Fulton,Trifolium reflexum,Buffalo Clover,LT,Dicots,6/22/2005,1
Fulton,Juglans cinerea,Butternut,LE,Dicots,8/26/2003,1
Fulton,Tradescantia bracteata,Prairie Spiderwort,LE,Monocots,5/20/2016,1
Fulton,Bouteloua gracilis,Blue Grama,LE,Monocots,1/2/2020,1
Fulton,Poa wolfii,Wolf's Bluegrass,LE,Monocots,5/26/2004,1
Fulton,Circus hudsonius,Northern Harrier,LE,Birds,2/22/2016,1
Fulton,Necturus maculosus,Mudpuppy,LT,Amphibians,3/11/2024,1
Fulton,Rallus elegans,King Rail,LE,Birds,5/26/1988,1
Fulton,Quadrula metanevra,Monkeyface,LT,Freshwater Mussels,9/29/2010,9
Gallatin,Sternula antillarum,Least Tern,LE,Birds,6/6/2025,1
Gallatin,Antrostomus carolinensis,Chuck-will's-widow,LT,Birds,6/9/2022,1
Gallatin,Setophaga cerulea,Cerulean Warbler,LT,Birds,6/30/2011,1
Gallatin,Erimystax x-punctatus,Gravel Chub,LT,"Fishes - Freshwater and Anadromous Bony, Cartilaginous; Lampreys",9/19/2000,1
Gallatin,Lepomis miniatus,Redspotted Sunfish,LT,"Fishes - Freshwater and Anadromous Bony, Cartilaginous; Lampreys",10/2/2019,10
Gallatin,Etheostoma histrio,Harlequin Darter,LE,"Fishes - Freshwater and Anadromous Bony, Cartilaginous; Lampreys",8/19/2019,2
Gallatin,Myotis grisescens,Gray Bat,LE,Mammals,7/25/2011,2
Gallatin,Myotis sodalis,Indiana Bat,LE,Mammals,4/9/2017,3
Gallatin,Myotis leibii,Eastern Small-footed Myotis,LT,Mammals,2019-05,1
Gallatin,Myotis septentrionalis,Northern Long-eared Bat,LE,Mammals,6/15/2016,1
Gallatin,Pseudemys concinna,River Cooter,LE,Turtles,9/1/2023,1
Gallatin,Apalone mutica,Smooth Softshell,LT,Turtles,8/9/1993,1
Gallatin,Crotalus horridus,Timber Rattlesnake,LT,Reptiles,7/18/2024,5
Gallatin,Faxonius indianensis,Indiana Crayfish,LE,Crayfishes,7/28/2021,5
Gallatin,Faxonius stannardi,Little Wabash Crayfish,LE,Crayfishes,8/22/1984,1
Gallatin,Reginaia ebenus,Ebonyshell,LE,Freshwater Mussels,9/23/2014,1
Gallatin,Potamilus capax,Fat Pocketbook,LE,Freshwater Mussels,8/23/2022,9
Gallatin,Ptychobranchus fasciolaris,Kidneyshell,LE,Freshwater Mussels,1988-07,1
Gallatin,Lithasia obovata,Shawnee Rocksnail,LE,Freshwater Snails,7/11/2012,5
Gallatin,Phaeophyscia leana,Lea's Bog Lichen,LT,Lichens,12/8/2015,11
Gallatin,Iresine rhizomatosa,Bloodleaf,LE,Dicots,9/10/2021,1
Gallatin,Hylotelephium telephioides,American Orpine,LT,Dicots,4/16/2024,4
Gallatin,Quercus montana,Rock Chestnut Oak,LT,Dicots,1999-08,1
Gallatin,Juglans cinerea,Butternut,LE,Dicots,6/24/1995,1
Gallatin,Chimaphila maculata,Spotted Wintergreen,LE,Dicots,6/11/2024,1
Gallatin,Actaea rubifolia,Black Cohosh,LE,Dicots,9/27/2018,1
Gallatin,Carex oxylepis var. oxylepis,Sharp-scaled Sedge,LT,Monocots,5/6/2022,2
Gallatin,Stenanthium gramineum,Grass-leaved Lily,LT,Monocots,7/14/2023,1
Gallatin,Cypripedium parviflorum,Small Yellow Lady's Slipper,LE,Monocots,5/6/2021,3
Gallatin,Dichanthelium yadkinense,Panic Grass,LE,Monocots,10/17/2008,1
Gallatin,Asplenium bradleyi,Bradley's Spleenwort,LE,Leptosporangiate Ferns,5/22/2024,1
Gallatin,Huperzia porophila,Cliff Clubmoss,LT,Clubmosses,3/23/2021,1
Gallatin,Sceptridium biternatum,Southern Grape Fern,LE,"Adder's-tongues, Grapeferns, and Moonworts",7/27/2022,2
Gallatin,Quadrula metanevra,Monkeyface,LT,Freshwater Mussels,9/10/1996,1
Gibson,Sternula antillarum,Least Tern,LE,Birds,7/14/2009,2
Gibson,Erimystax x-punctatus,Gravel Chub,LT,"Fishes - Freshwater and Anadromous Bony, Cartilaginous; Lampreys",1940,1
Gibson,Noturus stigmosus,Northern Madtom,LE,"Fishes - Freshwater and Anadromous Bony, Cartilaginous; Lampreys",11/5/1964,1
Gibson,Ammocrypta pellucida,Eastern Sand Darter,LT,"Fishes - Freshwater and Anadromous Bony, Cartilaginous; Lampreys",1940,1
Gibson,Etheostoma histrio,Harlequin Darter,LE,"Fishes - Freshwater and Anadromous Bony, Cartilaginous; Lampreys",8/14/2019,4
Gibson,Elliptio crassidens,Elephant-ear,LE,Freshwater Mussels,8/18/2012,3
Gibson,Reginaia ebenus,Ebonyshell,LE,Freshwater Mussels,8/15/2012,2
Gibson,Potamilus capax,Fat Pocketbook,LE,Freshwater Mussels,8/14/2024,8
Gibson,Leptoxis praerosa,Onyx Rocksnail,LE,Freshwater Snails,9/22/1997,1
Gibson,Quadrula metanevra,Monkeyface,LT,Freshwater Mussels,8/29/2021,4
Greene,Lanius ludovicianus,Loggerhead Shrike,LE,Birds,1994-SUM,2
Greene,Acipenser fulvescens,Lake Sturgeon,LE,"Fishes - Freshwater and Anadromous Bony, Cartilaginous; Lampreys",1996-04,1
Greene,Moxostoma carinatum,River Redhorse,LT,"Fishes - Freshwater and Anadromous Bony, Cartilaginous; Lampreys",8/22/2006,1
Greene,Myotis sodalis,Indiana Bat,LE,Mammals,6/1/2017,1
Greene,Myotis septentrionalis,Northern Long-eared Bat,LE,Mammals,5/16/2017,1
Greene,Apalone mutica,Smooth Softshell,LT,Turtles,1985,1
Greene,Crotalus horridus,Timber Rattlesnake,LT,Reptiles,8/22/2023,6
Greene,Hesperia metea,Cobweb Skipper,LE,Butterflies,4/26/1983,1
Greene,Boltonia decurrens,Decurrent False Aster,LT,Dicots,10/1/1980,1
Greene,Juglans cinerea,Butternut,LE,Dicots,5/23/2013,1
Greene,Polygala incarnata,Pink Milkwort,LE,Dicots,7/17/1977,1
Greene,Agalinis skinneriana,Pale False Foxglove,LT,Dicots,10/3/2002,2
Greene,Tradescantia bracteata,Prairie Spiderwort,LE,Monocots,5/21/2021,1
Greene,Necturus maculosus,Mudpuppy,LT,Amphibians,2007,1
Greene,Buchnera americana,Blue Hearts,LT,Dicots,7/17/1977,1
Grundy,Botaurus lentiginosus,American Bittern,LE,Birds,6/7/2022,1
Grundy,Ixobrychus exilis,Least Bittern,LT,Birds,6/7/2022,1
Grundy,Nycticorax nycticorax,Black-crowned Night-Heron,LE,Birds,6/27/2003,1
Grundy,Gallinula galeata,Common Gallinule,LE,Birds,7/12/1991,1
Grundy,Bartramia longicauda,Upland Sandpiper,LE,Birds,5/20/1980,1
Grundy,Asio flammeus,Short-eared Owl,LE,Birds,3/10/2016,1
Grundy,Antrostomus carolinensis,Chuck-will's-widow,LT,Birds,5/26/2012,2
Grundy,Lanius ludovicianus,Loggerhead Shrike,LE,Birds,1988,2
Grundy,Setophaga cerulea,Cerulean Warbler,LT,Birds,6/7/2022,1
Grundy,Hybopsis amnis,Pallid Shiner,LE,"Fishes - Freshwater and Anadromous Bony, Cartilaginous; Lampreys",8/29/2025,5
Grundy,Miniellus boops,Bigeye Shiner,LE,"Fishes - Freshwater and Anadromous Bony, Cartilaginous; Lampreys",6/27/1968,2
Grundy,Alburnops chalybaeus,Ironcolor Shiner,LT,"Fishes - Freshwater and Anadromous Bony, Cartilaginous; Lampreys",7/17/1986,1
Grundy,Notropis heterolepis,Blacknose Shiner,LE,"Fishes - Freshwater and Anadromous Bony, Cartilaginous; Lampreys",10/27/2022,5
Grundy,Miniellus nubilus,Ozark Minnow,LT,"Fishes - Freshwater and Anadromous Bony, Cartilaginous; Lampreys",10/13/2016,1
Grundy,Moxostoma carinatum,River Redhorse,LT,"Fishes - Freshwater and Anadromous Bony, Cartilaginous; Lampreys",6/27/2024,4
Grundy,Moxostoma valenciennesi,Greater Redhorse,LE,"Fishes - Freshwater and Anadromous Bony, Cartilaginous; Lampreys",2010,4
Grundy,Percopsis omiscomaycus,Trout-perch,LT,"Fishes - Freshwater and Anadromous Bony, Cartilaginous; Lampreys",10/22/2019,2
Grundy,Myotis septentrionalis,Northern Long-eared Bat,LE,Mammals,7/28/2005,2
Grundy,Canis lupus,Gray/Timber Wolf,LE,Mammals,2/13/2015,1
Grundy,Emydoidea blandingii,Blanding's Turtle,LE,Turtles,7/21/2023,3
Grundy,Terrapene ornata,Ornate Box Turtle,LT,Turtles,3/26/2021,1
Grundy,Aflexia rubranura,Red-tailed Prairie Leafhopper,LT,"True Bugs, Cicadas, Hoppers, Aphids and Allies",8/12/2004,1
Grundy,Tharsalea helloides,Purplish Copper,LT,Butterflies,1974,1
Grundy,Argynnis aphrodite,Aphrodite Fritillary,LT,Butterflies,2011,1
Grundy,Argynnis idalia occidentalis,Western Regal Fritillary,LT,Butterflies,2013,1
Grundy,Papaipema eryngii,Eryngium Stem Borer,LT,Papaipema Moths,7/9/2025,2
Grundy,Cyclonaias tuberculata,Purple Wartyback,LT,Freshwater Mussels,9/17/2025,2
Grundy,Eurynia dilatata,Spike,LE,Freshwater Mussels,7/7/2023,1
Grundy,Leptodea leptodon,Scaleshell,LE,Freshwater Mussels,5/14/2013,1
Grundy,Eurybia furcata,Forked Aster,LT,Dicots,8/31/1975,1
Grundy,Minuartia patula,Slender Sandwort,LT,Dicots,6/10/1997,1
Grundy,Drosera intermedia,Narrow-leaved Sundew,LT,Dicots,6/13/2019,1
Grundy,Corydalis aurea,Golden Corydalis,LE,Dicots,2021-04,1
Grundy,Monarda clinopodia,White Bergamot,LT,Dicots,10/16/1973,1
Grundy,Malvastrum hispidum,False Mallow,LE,Dicots,2001,1
Grundy,Filipendula rubra,Queen-of-the-prairie,LT,Dicots,2005-07,1
Grundy,Pinus banksiana,Jack Pine,LE,Conifers,8/11/1982,1
Grundy,Calopogon tuberosus,Grass Pink Orchid,LE,Monocots,6/25/1997,1
Grundy,Platanthera leucophaea,Eastern Prairie Fringed Orchid,LE,Monocots,2022,1
Grundy,Calopogon oklahomensis,Oklahoma grass pink orchid,LE,Monocots,6/5/2025,1
Grundy,Circus hudsonius,Northern Harrier,LE,Birds,4/16/2021,2
Grundy,Dendrolycopodium hickeyi,Hickey's groundpine,LE,Clubmosses,7/14/2025,1
Grundy,Rallus elegans,King Rail,LE,Birds,6/19/2018,1
Grundy,Cambarunio iris,Rainbow,LE,Freshwater Mussels,10/1/2025,2
Hamilton,Myotis sodalis,Indiana Bat,LE,Mammals,8/4/2017,1
Hamilton,Juglans cinerea,Butternut,LE,Dicots,2020,1
Hamilton,Styrax americanus,Storax,LT,Dicots,5/22/2022,3
Hamilton,Carex intumescens,Swollen Sedge,LT,Monocots,5/2/2022,2
Hamilton,Circus hudsonius,Northern Harrier,LE,Birds,1/30/2014,1
Hancock,Bartramia longicauda,Upland Sandpiper,LE,Birds,6/14/2016,2
Hancock,Lanius ludovicianus,Loggerhead Shrike,LE,Birds,6/10/1989,1
Hancock,Acipenser fulvescens,Lake Sturgeon,LE,"Fishes - Freshwater and Anadromous Bony, Cartilaginous; Lampreys",4/11/2024,1
Hancock,Crystallaria asprella,Crystal Darter,LE,"Fishes - Freshwater and Anadromous Bony, Cartilaginous; Lampreys",1877,1
Hancock,Myotis sodalis,Indiana Bat,LE,Mammals,6/2/2025,8
Hancock,Myotis septentrionalis,Northern Long-eared Bat,LE,Mammals,6/13/2015,1
Hancock,Apalone mutica,Smooth Softshell,LT,Turtles,10/10/2024,1
Hancock,Crotalus horridus,Timber Rattlesnake,LT,Reptiles,1994-07,1
Hancock,Margaritifera monodonta,Spectaclecase,LE,Freshwater Mussels,9/22/2005,3
Hancock,Ellipsaria lineolata,Butterfly,LT,Freshwater Mussels,7/21/2023,6
Hancock,Reginaia ebenus,Ebonyshell,LE,Freshwater Mussels,6/15/1995,1
Hancock,Plethobasus cyphyus,Sheepnose,LE,Freshwater Mussels,10/17/1992,2
Hancock,Pleurobema cordatum,Ohio Pigtoe,LE,Freshwater Mussels,9/4/2014,1
Hancock,Asclepias meadii,Mead's Milkweed,LE,Dicots,2010,1
Hancock,Agalinis skinneriana,Pale False Foxglove,LT,Dicots,10/2/2024,1
Hancock,Tradescantia bracteata,Prairie Spiderwort,LE,Monocots,5/2/2017,1
Hancock,Carex prasina,Drooping Sedge,LT,Monocots,8/4/2017,1
Hancock,Melanthium virginicum,Virginia Bunchflower,LE,Monocots,7/17/2025,4
Hancock,Platanthera leucophaea,Eastern Prairie Fringed Orchid,LE,Monocots,6/18/2001,2
Hancock,Fundulus diaphanus menona,Western Banded Killifish,LT,"Fishes - Freshwater and Anadromous Bony, Cartilaginous; Lampreys",2017-2020,1
Hancock,Necturus maculosus,Mudpuppy,LT,Amphibians,8/29/1916,1
Hancock,Protandrena bancrofti,Mining Bee,LT,Other Bees,2010,1
Hancock,Nomia nortoni,Norton's Nomia,LT,Sweat Bees (in part),9/3/2017,1
Hancock,Quadrula metanevra,Monkeyface,LT,Freshwater Mussels,7/21/2023,3
Hancock,Dieunomia nevadensis bakeri,Baker�s Nomia,LT,Sweat Bees (in part),8/12/2022,1
Hardin,Cryptobranchus alleganiensis,Hellbender,LE,Amphibians,1956-06,1
Hardin,Gastrophryne carolinensis,Eastern Narrowmouth Toad,LT,Amphibians,7/15/2022,3
Hardin,Antrostomus carolinensis,Chuck-will's-widow,LT,Birds,6/18/2022,1
Hardin,Lanius ludovicianus,Loggerhead Shrike,LE,Birds,6/8/2024,2
Hardin,Setophaga cerulea,Cerulean Warbler,LT,Birds,5/31/2023,1
Hardin,Lampetra aepyptera,Least Brook Lamprey,LT,"Fishes - Freshwater and Anadromous Bony, Cartilaginous; Lampreys",7/12/2022,3
Hardin,Alburnops texanus,Weed Shiner,LE,"Fishes - Freshwater and Anadromous Bony, Cartilaginous; Lampreys",10/18/2017,1
Hardin,Moxostoma carinatum,River Redhorse,LT,"Fishes - Freshwater and Anadromous Bony, Cartilaginous; Lampreys",8/22/2017,1
Hardin,Lepomis miniatus,Redspotted Sunfish,LT,"Fishes - Freshwater and Anadromous Bony, Cartilaginous; Lampreys",7/5/2005,1
Hardin,Myotis austroriparius,Southeastern Myotis,LE,Mammals,2/15/2019,5
Hardin,Myotis grisescens,Gray Bat,LE,Mammals,7/17/2018,6
Hardin,Myotis sodalis,Indiana Bat,LE,Mammals,2/28/2025,7
Hardin,Myotis leibii,Eastern Small-footed Myotis,LT,Mammals,8/6/2012,1
Hardin,Myotis septentrionalis,Northern Long-eared Bat,LE,Mammals,2/5/2015,6
Hardin,Pseudemys concinna,River Cooter,LE,Turtles,4/19/2022,2
Hardin,Crotalus horridus,Timber Rattlesnake,LT,Reptiles,7/18/2024,4
Hardin,Crangonyx packardi,Packard's Cave Amphipod,LE,Amphipods,1978-PRE,3
Hardin,Faxonius kentuckiensis,Kentucky Crayfish,LE,Crayfishes,7/14/2022,11
Hardin,Faxonius indianensis,Indiana Crayfish,LE,Crayfishes,7/30/2021,5
Hardin,Faxonius placidus,Bigclaw Crayfish,LE,Crayfishes,7/13/2022,2
Hardin,Reginaia ebenus,Ebonyshell,LE,Freshwater Mussels,2020,1
Hardin,Potamilus capax,Fat Pocketbook,LE,Freshwater Mussels,10/27/2020,3
Hardin,Phaeophyscia leana,Lea's Bog Lichen,LT,Lichens,8/11/2021,3
Hardin,Iresine rhizomatosa,Bloodleaf,LE,Dicots,9/2/2025,2
Hardin,Eryngium prostratum,Eryngo,LE,Dicots,5/31/2022,1
Hardin,Matelea decipiens,Climbing Milkweed,LE,Dicots,6/15/2021,2
Hardin,Silene ovata,Ovate Catchfly,LE,Dicots,8/8/2024,5
Hardin,Stellaria pubera,Great Chickweed,LE,Dicots,9/25/1998,1
Hardin,Euonymus americanus,American Strawberry Bush,LT,Dicots,10/6/2022,1
Hardin,Hylotelephium telephioides,American Orpine,LT,Dicots,10/5/2025,3
Hardin,Melothria pendula,Squirting Cucumber,LT,Dicots,8/15/2024,4
Hardin,Vaccinium stamineum,Deerberry,LE,Dicots,5/10/2024,1
Hardin,Quercus montana,Rock Chestnut Oak,LT,Dicots,2000-03,1
Hardin,Carya pallida,Pale Hickory,LE,Dicots,7/13/1992,1
Hardin,Oxalis illinoensis,Illinois Wood Sorrel,LT,Dicots,5/27/2015,2
Hardin,Dodecatheon frenchii,French's Shootingstar,LT,Dicots,4/26/1948,1
Hardin,Chimaphila maculata,Spotted Wintergreen,LE,Dicots,6/11/2024,3
Hardin,Actaea rubifolia,Black Cohosh,LE,Dicots,4/24/2025,9
Hardin,Tilia americana var. heterophylla,White Basswood,LE,Dicots,4/28/2023,1
Hardin,Carex debilis,White-edge Sedge,LE,Monocots,6/20/1954,1
Hardin,Carex nigromarginata,Black-edged Sedge,LE,Monocots,8/7/2023,2
Hardin,Carex oxylepis var. oxylepis,Sharp-scaled Sedge,LT,Monocots,5/6/2022,6
Hardin,Carex willdenowii,Willdenow's Sedge,LT,Monocots,4/28/2023,1
Hardin,Scirpus polyphyllus,Leafy Bulrush,LE,Monocots,10/6/2022,1
Hardin,Scleria oligantha,Littlehead Nutrush,LE,Monocots,7/10/2024,1
Hardin,Scleria pauciflora,Carolina Whipgrass,LE,Monocots,8/7/2024,1
Hardin,Chamaelirium luteum,Fairy Wand,LE,Monocots,5/10/2024,4
Hardin,Hexalectris spicata,Crested Coralroot Orchid,LE,Monocots,7/29/2024,2
Hardin,Dichanthelium ravenelii,Panic Grass,LE,Monocots,8/7/2023,4
Hardin,Asplenium bradleyi,Bradley's Spleenwort,LE,Leptosporangiate Ferns,5/22/2024,1
Hardin,Vandenboschia boschiana,Filmy Fern,LE,Leptosporangiate Ferns,3/3/2022,1
Hardin,Sanicula smallii,Southern Black Snakeroot,LE,Dicots,10/6/2015,1
Hardin,Necturus maculosus,Mudpuppy,LT,Amphibians,4/2/2017,1
Hardin,Micranthes virginiensis,Early Saxifrage,LE,Dicots,4/13/2021,4
Hardin,Forbesichthys papilliferus,Shawnee Hills Cavefish,LT,"Fishes - Freshwater and Anadromous Bony, Cartilaginous; Lampreys",7/14/2022,9
Henderson,Antrostomus carolinensis,Chuck-will's-widow,LT,Birds,5/16/2011,1
Henderson,Acipenser fulvescens,Lake Sturgeon,LE,"Fishes - Freshwater and Anadromous Bony, Cartilaginous; Lampreys",10/17/2023,1
Henderson,Hybognathus hankinsoni,Brassy Minnow,LE,"Fishes - Freshwater and Anadromous Bony, Cartilaginous; Lampreys",7/26/2017,1
Henderson,Alburnops texanus,Weed Shiner,LE,"Fishes - Freshwater and Anadromous Bony, Cartilaginous; Lampreys",8/21/1986,1
Henderson,Moxostoma carinatum,River Redhorse,LT,"Fishes - Freshwater and Anadromous Bony, Cartilaginous; Lampreys",8/21/2019,1
Henderson,Percopsis omiscomaycus,Trout-perch,LT,"Fishes - Freshwater and Anadromous Bony, Cartilaginous; Lampreys",6/25/1963,1
Henderson,Ammocrypta clara,Western Sand Darter,LE,"Fishes - Freshwater and Anadromous Bony, Cartilaginous; Lampreys",7/17/2015,1
Henderson,Myotis sodalis,Indiana Bat,LE,Mammals,7/12/1989,1
Henderson,Myotis septentrionalis,Northern Long-eared Bat,LE,Mammals,8/4/1997,2
Henderson,Emydoidea blandingii,Blanding's Turtle,LE,Turtles,5/7/2012,2
Henderson,Terrapene ornata,Ornate Box Turtle,LT,Turtles,9/15/1995,2
Henderson,Kinosternon flavescens,Yellow Mud Turtle,LE,Turtles,6/25/1982,3
Henderson,Heterodon nasicus,Plains Hog-nosed Snake,LT,Reptiles,8/4/1997,2
Henderson,Margaritifera monodonta,Spectaclecase,LE,Freshwater Mussels,8/28/2019,1
Henderson,Ellipsaria lineolata,Butterfly,LT,Freshwater Mussels,8/15/2023,6
Henderson,Eurynia dilatata,Spike,LE,Freshwater Mussels,8/15/2023,1
Henderson,Reginaia ebenus,Ebonyshell,LE,Freshwater Mussels,9/14/2010,1
Henderson,Lampsilis higginsii,Higgins Eye,LE,Freshwater Mussels,7/25/2020,3
Henderson,Stylisma pickeringii var. pattersonii,Patterson Bindweed,LE,Dicots,7/16/2025,1
Henderson,Salvia azurea var. grandiflora,Wild Blue Sage,LT,Dicots,1980s-MID,1
Henderson,Delphinium carolinianum,Hill Prairie Larkspur,LE,Dicots,6/6/2022,4
Henderson,Synthyris bullii,Kittentails,LT,Dicots,4/29/2025,2
Henderson,Penstemon grandiflorus,Large-flowered Beard Tongue,LE,Dicots,5/30/2025,2
Henderson,Pinus banksiana,Jack Pine,LE,Conifers,2015,1
Henderson,Carex inops ssp. heliophila,Plains Sedge,LE,Monocots,5/30/2025,1
Henderson,Anthophora walshii,Walsh's Anthophora,LT,Digger Bees,8/23/2022,1
Henderson,Quadrula metanevra,Monkeyface,LT,Freshwater Mussels,8/15/2023,4
Henderson,Polyamia rossi,Ross' Polyamia,LT,"True Bugs, Cicadas, Hoppers, Aphids and Allies",6/8/2011,1
Henry,Bartramia longicauda,Upland Sandpiper,LE,Birds,6/9/2006,2
Henry,Lanius ludovicianus,Loggerhead Shrike,LE,Birds,2009-05,2
Henry,Hybopsis amnis,Pallid Shiner,LE,"Fishes - Freshwater and Anadromous Bony, Cartilaginous; Lampreys",1925,1
Henry,Miniellus boops,Bigeye Shiner,LE,"Fishes - Freshwater and Anadromous Bony, Cartilaginous; Lampreys",8/17/1983,1
Henry,Notropis heterolepis,Blacknose Shiner,LE,"Fishes - Freshwater and Anadromous Bony, Cartilaginous; Lampreys",4/19/2007,2
Henry,Alburnops texanus,Weed Shiner,LE,"Fishes - Freshwater and Anadromous Bony, Cartilaginous; Lampreys",7/29/2014,3
Henry,Erimystax x-punctatus,Gravel Chub,LT,"Fishes - Freshwater and Anadromous Bony, Cartilaginous; Lampreys",9/15/2021,1
Henry,Fundulus dispar,Starhead Topminnow,LT,"Fishes - Freshwater and Anadromous Bony, Cartilaginous; Lampreys",6/4/2007,1
Henry,Crystallaria asprella,Crystal Darter,LE,"Fishes - Freshwater and Anadromous Bony, Cartilaginous; Lampreys",1901-PRE,1
Henry,Myotis septentrionalis,Northern Long-eared Bat,LE,Mammals,8/9/2016,4
Henry,Poliocitellus franklinii,Franklin's Ground Squirrel,LT,Mammals,8/21/2013,1
Henry,Emydoidea blandingii,Blanding's Turtle,LE,Turtles,5/21/1996,2
Henry,Terrapene ornata,Ornate Box Turtle,LT,Turtles,1997-PRE,1
Henry,Kinosternon flavescens,Yellow Mud Turtle,LE,Turtles,5/15/2018,1
Henry,Heterodon nasicus,Plains Hog-nosed Snake,LT,Reptiles,5/26/2019,1
Henry,Cyclonaias tuberculata,Purple Wartyback,LT,Freshwater Mussels,9/28/1990,1
Henry,Asclepias meadii,Mead's Milkweed,LE,Dicots,8/18/2023,1
Henry,Nothocalais cuspidata,Prairie Dandelion,LE,Dicots,5/18/1937,1
Henry,Orobanche ludoviciana,Broomrape,LT,Dicots,10/29/2024,1
Henry,Platanthera leucophaea,Eastern Prairie Fringed Orchid,LE,Monocots,7/1/2025,1
Henry,Quadrula metanevra,Monkeyface,LT,Freshwater Mussels,10/18/1988,1
Iroquois,Asio flammeus,Short-eared Owl,LE,Birds,1/15/2017,1
Iroquois,Alburnops chalybaeus,Ironcolor Shiner,LT,"Fishes - Freshwater and Anadromous Bony, Cartilaginous; Lampreys",10/6/2020,9
Iroquois,Notropis heterolepis,Blacknose Shiner,LE,"Fishes - Freshwater and Anadromous Bony, Cartilaginous; Lampreys",10/30/1962,1
Iroquois,Alburnops texanus,Weed Shiner,LE,"Fishes - Freshwater and Anadromous Bony, Cartilaginous; Lampreys",10/7/2020,10
Iroquois,Moxostoma carinatum,River Redhorse,LT,"Fishes - Freshwater and Anadromous Bony, Cartilaginous; Lampreys",7/11/2013,2
Iroquois,Fundulus dispar,Starhead Topminnow,LT,"Fishes - Freshwater and Anadromous Bony, Cartilaginous; Lampreys",11/20/2012,5
Iroquois,Emydoidea blandingii,Blanding's Turtle,LE,Turtles,12/14/2024,2
Iroquois,Terrapene ornata,Ornate Box Turtle,LT,Turtles,6/19/2025,1
Iroquois,Heterodon nasicus,Plains Hog-nosed Snake,LT,Reptiles,9/15/2009,1
Iroquois,Calephelis muticum,Swamp Metalmark,LE,Butterflies,6/28/2009,1
Iroquois,Argynnis aphrodite,Aphrodite Fritillary,LT,Butterflies,2016,1
Iroquois,Argynnis idalia occidentalis,Western Regal Fritillary,LT,Butterflies,6/6/2025,1
Iroquois,Papaipema eryngii,Eryngium Stem Borer,LT,Papaipema Moths,7/23/2025,3
Iroquois,Cyclonaias tuberculata,Purple Wartyback,LT,Freshwater Mussels,8/30/2018,5
Iroquois,Eurynia dilatata,Spike,LE,Freshwater Mussels,8/27/2025,9
Iroquois,Toxolasma lividum,Purple Lilliput,LE,Freshwater Mussels,1989-09,1
Iroquois,Helianthus giganteus,Tall Sunflower,LE,Dicots,9/8/1978,1
Iroquois,Hymenopappus scabiosaeus,Old Plainsman,LE,Dicots,6/2/2023,1
Iroquois,Hypericum adpressum,Shore St. John's Wort,LE,Dicots,7/17/2025,1
Iroquois,Drosera intermedia,Narrow-leaved Sundew,LT,Dicots,7/13/2012,1
Iroquois,Vaccinium corymbosum,Highbush Blueberry,LE,Dicots,12/15/2020,1
Iroquois,Baptisia tinctoria,Yellow Wild Indigo,LE,Dicots,10/17/2023,1
Iroquois,Polygala incarnata,Pink Milkwort,LE,Dicots,8/3/1989,1
Iroquois,Persicaria careyi,Carey's Heartsease,LE,Dicots,10/16/2020,1
Iroquois,Ranunculus rhomboideus,Prairie Buttercup,LE,Dicots,1978,1
Iroquois,Rubus setosus,Bristly Blackberry,LT,Dicots,6/10/2025,5
Iroquois,Veronica scutellata,Marsh Speedwell,LT,Dicots,6/8/2019,2
Iroquois,Valerianella umbilicata,Corn Salad,LE,Dicots,6/26/2004,1
Iroquois,Viola primulifolia,Primrose Violet,LE,Dicots,8/9/2025,1
Iroquois,Carex cumulata,Sedge,LE,Monocots,7/7/2015,2
Iroquois,Scleria pauciflora,Carolina Whipgrass,LE,Monocots,7/25/2001,1
Iroquois,Sisyrinchium atlanticum,Eastern Blue-eyed Grass,LE,Monocots,6/9/2025,2
Iroquois,Calopogon tuberosus,Grass Pink Orchid,LE,Monocots,7/7/2023,1
Iroquois,Platanthera ciliaris,Orange Fringed Orchid,LE,Monocots,8/9/2025,1
Iroquois,Platanthera clavellata,Wood Orchid,LE,Monocots,7/26/2022,1
Iroquois,Platanthera flava,Tubercled Orchid,LT,Monocots,6/13/2023,2
Iroquois,Platanthera leucophaea,Eastern Prairie Fringed Orchid,LE,Monocots,2024,1
Iroquois,Sparganium americanum,American Bur-reed,LE,Monocots,7/28/1987,1
Iroquois,Dendrolycopodium dendroideum,Ground Pine,LE,Clubmosses,4/22/2024,1
Iroquois,Circus hudsonius,Northern Harrier,LE,Birds,6/25/1994,1
Iroquois,Necturus maculosus,Mudpuppy,LT,Amphibians,7/27/2010,1
Iroquois,Dendrolycopodium hickeyi,Hickey's groundpine,LE,Clubmosses,4/8/2024,1
Iroquois,Carex straminea,Eastern Straw Sedge,LE,Monocots,6/6/1999,1
Iroquois,Nomia nortoni,Norton's Nomia,LT,Sweat Bees (in part),8/22/2020,2
Iroquois,Melissodes apicatus,Pickerelweed Long-nosed Bee,LE,Other Bees,7/2/1987,1
Iroquois,Epeolus interruptus,Interrupted Epeolus,LE,Other Bees,6/1/2018,1
Iroquois,Quadrula metanevra,Monkeyface,LT,Freshwater Mussels,9/14/2011,2
Jackson,Acipenser fulvescens,Lake Sturgeon,LE,"Fishes - Freshwater and Anadromous Bony, Cartilaginous; Lampreys",7/20/2022,1
Jackson,Hybopsis amnis,Pallid Shiner,LE,"Fishes - Freshwater and Anadromous Bony, Cartilaginous; Lampreys",10/10/2024,2
Jackson,Nocomis micropogon,River Chub,LE,"Fishes - Freshwater and Anadromous Bony, Cartilaginous; Lampreys",5/9/1972,1
Jackson,Alburnops texanus,Weed Shiner,LE,"Fishes - Freshwater and Anadromous Bony, Cartilaginous; Lampreys",10/18/2024,2
Jackson,Crystallaria asprella,Crystal Darter,LE,"Fishes - Freshwater and Anadromous Bony, Cartilaginous; Lampreys",10/4/2024,1
Jackson,Ammocrypta clara,Western Sand Darter,LE,"Fishes - Freshwater and Anadromous Bony, Cartilaginous; Lampreys",7/31/2024,4
Jackson,Ellipsaria lineolata,Butterfly,LT,Freshwater Mussels,10/17/2023,2
Jackson,Reginaia ebenus,Ebonyshell,LE,Freshwater Mussels,8/27/2019,2
Jackson,Lampsilis higginsii,Higgins Eye,LE,Freshwater Mussels,10/17/2023,1
Jackson,Quadrula metanevra,Monkeyface,LT,Freshwater Mussels,5/25/2010,2
Jackson,Hyla avivoca,Bird-voiced Treefrog,LT,Amphibians,1992-07,1
Jackson,Gastrophryne carolinensis,Eastern Narrowmouth Toad,LT,Amphibians,5/29/2021,2
Jackson,Ixobrychus exilis,Least Bittern,LT,Birds,1989-02,1
Jackson,Egretta thula,Snowy Egret,LE,Birds,8/25/2018,2
Jackson,Egretta caerulea,Little Blue Heron,LE,Birds,8/25/2018,1
Jackson,Pandion haliaetus,Osprey,LT,Birds,6/3/2021,1
Jackson,Gallinula galeata,Common Gallinule,LE,Birds,6/28/1993,1
Jackson,Antrostomus carolinensis,Chuck-will's-widow,LT,Birds,5/23/2025,4
Jackson,Lanius ludovicianus,Loggerhead Shrike,LE,Birds,8/8/1999,3
Jackson,Setophaga cerulea,Cerulean Warbler,LT,Birds,5/27/2025,7
Jackson,Limnothlypis swainsonii,Swainson's Warbler,LE,Birds,7/27/2009,3
Jackson,Miniellus boops,Bigeye Shiner,LE,"Fishes - Freshwater and Anadromous Bony, Cartilaginous; Lampreys",6/20/1988,1
Jackson,Miniellus heterodon,Blackchin Shiner,LT,"Fishes - Freshwater and Anadromous Bony, Cartilaginous; Lampreys",9/1/2016,1
Jackson,Notropis heterolepis,Blacknose Shiner,LE,"Fishes - Freshwater and Anadromous Bony, Cartilaginous; Lampreys",9/1/2016,1
Jackson,Macrhybopsis gelida,Sturgeon Chub,LE,"Fishes - Freshwater and Anadromous Bony, Cartilaginous; Lampreys",7/21/2015,1
Jackson,Moxostoma carinatum,River Redhorse,LT,"Fishes - Freshwater and Anadromous Bony, Cartilaginous; Lampreys",7/9/1997,1
Jackson,Fundulus dispar,Starhead Topminnow,LT,"Fishes - Freshwater and Anadromous Bony, Cartilaginous; Lampreys",9/1/2016,1
Jackson,Crystallaria asprella,Crystal Darter,LE,"Fishes - Freshwater and Anadromous Bony, Cartilaginous; Lampreys",4/3/2009,1
Jackson,Ammocrypta clara,Western Sand Darter,LE,"Fishes - Freshwater and Anadromous Bony, Cartilaginous; Lampreys",7/22/2008,1
Jackson,Myotis grisescens,Gray Bat,LE,Mammals,2/18/2020,1
Jackson,Myotis sodalis,Indiana Bat,LE,Mammals,2019,8
Jackson,Myotis septentrionalis,Northern Long-eared Bat,LE,Mammals,6/9/2017,5
Jackson,Corynorhinus rafinesquii,Rafinesque's Big-eared Bat,LE,Mammals,3/23/2001,1
Jackson,Macrochelys temminckii,Alligator Snapping Turtle,LE,Turtles,6/24/1960,2
Jackson,Apalone mutica,Smooth Softshell,LT,Turtles,6/6/2006,1
Jackson,Crotalus horridus,Timber Rattlesnake,LT,Reptiles,10/8/2025,14
Jackson,Faxonius placidus,Bigclaw Crayfish,LE,Crayfishes,3/7/2003,2
Jackson,Cynosciadium digitatum,Cynosciadium,LE,Dicots,6/16/2020,1
Jackson,Ptilimnium nuttallii,Mock Bishop's Weed,LE,Dicots,5/31/2022,1
Jackson,Matelea decipiens,Climbing Milkweed,LE,Dicots,5/15/2024,5
Jackson,Stellaria pubera,Great Chickweed,LE,Dicots,4/25/2025,1
Jackson,Hypericum adpressum,Shore St. John's Wort,LE,Dicots,6/27/2022,1
Jackson,Lonicera dioica var. glaucescens,Red Honeysuckle,LE,Dicots,2014,1
Jackson,Lonicera flava,Yellow Honeysuckle,LE,Dicots,4/17/2025,2
Jackson,Melothria pendula,Squirting Cucumber,LT,Dicots,5/27/2025,5
Jackson,Trifolium reflexum,Buffalo Clover,LT,Dicots,5/16/2025,3
Jackson,Quercus montana,Rock Chestnut Oak,LT,Dicots,4/22/2019,1
Jackson,Hydrolea uniflora,One-flowered Hydrolea,LE,Dicots,8/24/2022,1
Jackson,Juglans cinerea,Butternut,LE,Dicots,5/23/2025,2
Jackson,Synandra hispidula,Hairy Synandra,LT,Dicots,5/5/2024,5
Jackson,Rhexia mariana,Dull Meadow Beauty,LE,Dicots,7/19/2024,2
Jackson,Oxalis illinoensis,Illinois Wood Sorrel,LT,Dicots,5/16/2003,1
Jackson,Plantago cordata,Heart-leaved Plantain,LE,Dicots,5/25/2024,2
Jackson,Dodecatheon frenchii,French's Shootingstar,LT,Dicots,8/22/2024,9
Jackson,Lysimachia radicans,Creeping Loosestrife,LE,Dicots,8/1/2023,1
Jackson,Actaea rubifolia,Black Cohosh,LE,Dicots,8/27/2018,1
Jackson,Ranunculus harveyi,Harvey's Buttercup,LT,Dicots,4/18/2025,3
Jackson,Agalinis skinneriana,Pale False Foxglove,LT,Dicots,6/17/2025,1
Jackson,Urtica chamaedryoides,Nettle,LT,Dicots,7/21/2024,1
Jackson,Pinus echinata,Shortleaf Pine,LE,Conifers,1986-PRE,2
Jackson,Tradescantia bracteata,Prairie Spiderwort,LE,Monocots,5/12/2020,1
Jackson,Carex alata,Winged Sedge,LE,Monocots,6/24/1993,1
Jackson,Carex arkansana,Arkansas Sedge,LE,Monocots,7/11/2022,2
Jackson,Carex decomposita,Cypress-knee Sedge,LE,Monocots,6/22/2022,1
Jackson,Carex intumescens,Swollen Sedge,LT,Monocots,6/25/2018,1
Jackson,Carex nigromarginata,Black-edged Sedge,LE,Monocots,6/6/2024,3
Jackson,Carex albicans var. australis,Bellows Beak Sedge,LE,Monocots,5/16/1968,1
Jackson,Carex plantaginea,Plantain-leaved Sedge,LE,Monocots,4/17/1953,1
Jackson,Carex willdenowii,Willdenow's Sedge,LT,Monocots,7/1/2024,2
Jackson,Scleria pauciflora,Carolina Whipgrass,LE,Monocots,6/26/2025,4
Jackson,Melanthium virginicum,Virginia Bunchflower,LE,Monocots,6/10/1941,1
Jackson,Stenanthium gramineum,Grass-leaved Lily,LT,Monocots,6/10/2025,5
Jackson,Trillium viride,Green Trillium,LE,Monocots,5/16/2025,4
Jackson,Cypripedium parviflorum,Small Yellow Lady's Slipper,LE,Monocots,7/11/2021,4
Jackson,Hexalectris spicata,Crested Coralroot Orchid,LE,Monocots,7/18/2025,1
Jackson,Spiranthes vernalis,Spring Ladies' Tresses,LE,Monocots,7/25/2024,7
Jackson,Dichanthelium ravenelii,Panic Grass,LE,Monocots,9/7/2023,1
Jackson,Festuca paradoxa,Cluster Fescue,LT,Monocots,7/3/2024,2
Jackson,Glyceria arkansana,Arkansas Mannagrass,LE,Monocots,5/31/2022,2
Jackson,Poa alsodes,Grove Bluegrass,LE,Monocots,6/4/2008,1
Jackson,Torreyochloa pallida,Grass,LE,Monocots,5/25/1993,1
Jackson,Potamogeton pulcher,Spotted Pondweed,LE,Monocots,10/2/1952,1
Jackson,Asplenium bradleyi,Bradley's Spleenwort,LE,Leptosporangiate Ferns,3/12/2024,2
Jackson,Asplenium resiliens,Black Spleenwort,LE,Leptosporangiate Ferns,3/16/2021,2
Jackson,Huperzia porophila,Cliff Clubmoss,LT,Clubmosses,5/19/2020,1
Jackson,Sceptridium biternatum,Southern Grape Fern,LE,"Adder's-tongues, Grapeferns, and Moonworts",8/1/1991,4
Jackson,Flexamia albida,Leafhopper,LT,"True Bugs, Cicadas, Hoppers, Aphids and Allies",9/18/1950,1
Jackson,Forbesichthys papilliferus,Shawnee Hills Cavefish,LT,"Fishes - Freshwater and Anadromous Bony, Cartilaginous; Lampreys",4/7/2022,1
Jasper,Botaurus lentiginosus,American Bittern,LE,Birds,7/25/2013,1
Jasper,Ixobrychus exilis,Least Bittern,LT,Birds,6/2/2022,2
Jasper,Nyctanassa violacea,Yellow-crowned Night-Heron,LE,Birds,5/24/1995,1
Jasper,Tympanuchus cupido,Greater Prairie-Chicken,LE,Birds,5/19/2021,2
Jasper,Laterallus jamaicensis,Black Rail,LE,Birds,6/20/2012,1
Jasper,Bartramia longicauda,Upland Sandpiper,LE,Birds,5/22/2013,1
Jasper,Sternula antillarum,Least Tern,LE,Birds,5/31/2023,1
Jasper,Coccyzus erythropthalmus,Black-billed Cuckoo,LT,Birds,6/25/1998,1
Jasper,Asio flammeus,Short-eared Owl,LE,Birds,12/27/2017,2
Jasper,Lanius ludovicianus,Loggerhead Shrike,LE,Birds,2022-07,3
Jasper,Ammocrypta pellucida,Eastern Sand Darter,LT,"Fishes - Freshwater and Anadromous Bony, Cartilaginous; Lampreys",10/7/2020,9
Jasper,Etheostoma histrio,Harlequin Darter,LE,"Fishes - Freshwater and Anadromous Bony, Cartilaginous; Lampreys",9/18/1967,1
Jasper,Emydoidea blandingii,Blanding's Turtle,LE,Turtles,5/18/1998,1
Jasper,Terrapene ornata,Ornate Box Turtle,LT,Turtles,5/22/2024,3
Jasper,Apalone mutica,Smooth Softshell,LT,Turtles,8/31/2017,2
Jasper,Papaipema eryngii,Eryngium Stem Borer,LT,Papaipema Moths,7/28/2025,3
Jasper,Silene regia,Royal Catchfly,LE,Dicots,7/7/2023,3
Jasper,Sabatia campestris,Prairie Rose Gentian,LE,Dicots,7/28/2025,3
Jasper,Tracaulon arifolium,Halberd-leaved Tearthumb,LE,Dicots,8/14/1985,1
Jasper,Penstemon tubaeflorus,Tube Beard Tongue,LE,Dicots,7/2/2025,3
Jasper,Schoenoplectiella purshiana,Pursh's Bulrush,LE,Monocots,2012,1
Jasper,Camassia angusta,Wild Hyacinth,LE,Monocots,2/23/2022,3
Jasper,Spiranthes vernalis,Spring Ladies' Tresses,LE,Monocots,7/28/2025,3
Jasper,Festuca paradoxa,Cluster Fescue,LT,Monocots,6/30/1999,1
Jasper,Circus hudsonius,Northern Harrier,LE,Birds,6/20/2023,3
Jasper,Anthophora walshii,Walsh's Anthophora,LT,Digger Bees,2017,1
Jasper,Rallus elegans,King Rail,LE,Birds,2022-06,1
Jasper,Buchnera americana,Blue Hearts,LT,Dicots,7/1/2025,1
Jefferson,Pandion haliaetus,Osprey,LT,Birds,7/9/2023,1
Jefferson,Lanius ludovicianus,Loggerhead Shrike,LE,Birds,1989,2
Jefferson,Hybognathus hayi,Cypress Minnow,LE,"Fishes - Freshwater and Anadromous Bony, Cartilaginous; Lampreys",1940,1
Jefferson,Notropis anogenus,Pugnose Shiner,LE,"Fishes - Freshwater and Anadromous Bony, Cartilaginous; Lampreys",1940,1
Jefferson,Pseudemys concinna,River Cooter,LE,Turtles,4/28/1985,1
Jefferson,Terrapene ornata,Ornate Box Turtle,LT,Turtles,5/26/2017,1
Jefferson,Spiranthes vernalis,Spring Ladies' Tresses,LE,Monocots,6/12/2022,1
Jefferson,Miniellus boops,Bigeye Shiner,LE,"Fishes - Freshwater and Anadromous Bony, Cartilaginous; Lampreys",7/29/2013,1
Jersey,Hemidactylium scutatum,Four-toed Salamander,LT,Amphibians,7/10/2019,1
Jersey,Sternula antillarum,Least Tern,LE,Birds,7/17/2025,1
Jersey,Thryomanes bewickii,Bewick's Wren,LE,Birds,5/24/1983,1
Jersey,Acipenser fulvescens,Lake Sturgeon,LE,"Fishes - Freshwater and Anadromous Bony, Cartilaginous; Lampreys",1996-04,1
Jersey,Miniellus boops,Bigeye Shiner,LE,"Fishes - Freshwater and Anadromous Bony, Cartilaginous; Lampreys",6/18/1997,2
Jersey,Catostomus catostomus,Longnose Sucker,LT,"Fishes - Freshwater and Anadromous Bony, Cartilaginous; Lampreys",9/4/2019,1
Jersey,Fundulus dispar,Starhead Topminnow,LT,"Fishes - Freshwater and Anadromous Bony, Cartilaginous; Lampreys",6/19/1967,2
Jersey,Myotis grisescens,Gray Bat,LE,Mammals,6/20/2012,1
Jersey,Myotis sodalis,Indiana Bat,LE,Mammals,1/20/2022,8
Jersey,Myotis septentrionalis,Northern Long-eared Bat,LE,Mammals,2/19/2015,2
Jersey,Macrochelys temminckii,Alligator Snapping Turtle,LE,Turtles,1961-Pre,1
Jersey,Pantherophis emoryi,Great Plains Ratsnake,LE,Reptiles,10/11/1999,1
Jersey,Crotalus horridus,Timber Rattlesnake,LT,Reptiles,8/6/2025,8
Jersey,Ellipsaria lineolata,Butterfly,LT,Freshwater Mussels,10/1/1998,1
Jersey,Reginaia ebenus,Ebonyshell,LE,Freshwater Mussels,9/30/1998,2
Jersey,Boltonia decurrens,Decurrent False Aster,LT,Dicots,6/18/2025,3
Jersey,Draba cuneifolia,Whitlow Grass,LE,Dicots,5/1/2008,1
Jersey,Astragalus crassicarpus var. trichocalyx,Large Ground Plum,LE,Dicots,5/6/1998,1
Jersey,Juglans cinerea,Butternut,LE,Dicots,8/14/1992,1
Jersey,Agalinis skinneriana,Pale False Foxglove,LT,Dicots,8/29/2002,1
Jersey,Necturus maculosus,Mudpuppy,LT,Amphibians,2007,2
Jersey,Buchnera americana,Blue Hearts,LT,Dicots,7/26/2011,1
Jo Daviess,Hemidactylium scutatum,Four-toed Salamander,LT,Amphibians,5/7/2025,3
Jo Daviess,Bartramia longicauda,Upland Sandpiper,LE,Birds,5/6/2014,2
Jo Daviess,Coccyzus erythropthalmus,Black-billed Cuckoo,LT,Birds,1992-06,1
Jo Daviess,Antrostomus carolinensis,Chuck-will's-widow,LT,Birds,6/3/2015,1
Jo Daviess,Lanius ludovicianus,Loggerhead Shrike,LE,Birds,7/11/2017,1
Jo Daviess,Setophaga cerulea,Cerulean Warbler,LT,Birds,5/6/2024,3
Jo Daviess,Xanthocephalus xanthocephalus,Yellow-headed Blackbird,LE,Birds,7/8/1992,1
Jo Daviess,Acipenser fulvescens,Lake Sturgeon,LE,"Fishes - Freshwater and Anadromous Bony, Cartilaginous; Lampreys",7/20/2022,1
Jo Daviess,Hybopsis amnis,Pallid Shiner,LE,"Fishes - Freshwater and Anadromous Bony, Cartilaginous; Lampreys",10/10/2024,5
Jo Daviess,Hybognathus hankinsoni,Brassy Minnow,LE,"Fishes - Freshwater and Anadromous Bony, Cartilaginous; Lampreys",7/13/2015,3
Jo Daviess,Nocomis micropogon,River Chub,LE,"Fishes - Freshwater and Anadromous Bony, Cartilaginous; Lampreys",5/9/1972,1
Jo Daviess,Miniellus nubilus,Ozark Minnow,LT,"Fishes - Freshwater and Anadromous Bony, Cartilaginous; Lampreys",7/15/2015,13
Jo Daviess,Alburnops texanus,Weed Shiner,LE,"Fishes - Freshwater and Anadromous Bony, Cartilaginous; Lampreys",10/18/2024,3
Jo Daviess,Crystallaria asprella,Crystal Darter,LE,"Fishes - Freshwater and Anadromous Bony, Cartilaginous; Lampreys",10/4/2024,1
Jo Daviess,Ammocrypta clara,Western Sand Darter,LE,"Fishes - Freshwater and Anadromous Bony, Cartilaginous; Lampreys",7/31/2024,3
Jo Daviess,Myotis sodalis,Indiana Bat,LE,Mammals,2/24/2015,2
Jo Daviess,Myotis septentrionalis,Northern Long-eared Bat,LE,Mammals,1/23/2017,7
Jo Daviess,Canis lupus,Gray/Timber Wolf,LE,Mammals,3/8/2013,3
Jo Daviess,Emydoidea blandingii,Blanding's Turtle,LE,Turtles,5/9/2022,4
Jo Daviess,Terrapene ornata,Ornate Box Turtle,LT,Turtles,2016-06,1
Jo Daviess,Heterodon nasicus,Plains Hog-nosed Snake,LT,Reptiles,5/15/2023,1
Jo Daviess,Tropidoclonion lineatum,Lined Snake,LT,Reptiles,5/9/2020,1
Jo Daviess,Crotalus horridus,Timber Rattlesnake,LT,Reptiles,8/14/2024,4
Jo Daviess,Stygobromus iowae,Iowa Amphipod,LE,Amphipods,11/30/1965,1
Jo Daviess,Argynnis idalia occidentalis,Western Regal Fritillary,LT,Butterflies,6/26/2024,1
Jo Daviess,Ellipsaria lineolata,Butterfly,LT,Freshwater Mussels,10/17/2023,6
Jo Daviess,Reginaia ebenus,Ebonyshell,LE,Freshwater Mussels,8/17/2019,1
Jo Daviess,Lampsilis higginsii,Higgins Eye,LE,Freshwater Mussels,10/17/2023,2
Jo Daviess,Discus macclintocki,Iowa Pleistocene Snail,LE,Terrestrial Snails,8/31/1994,1
Jo Daviess,Adoxa moschatellina,Moschatel,LE,Dicots,5/23/1986,1
Jo Daviess,Conioselinum chinense,Hemlock Parsley,LE,Dicots,9/21/2022,1
Jo Daviess,Asclepias lanuginosa,Wooly Milkweed,LE,Dicots,1995,1
Jo Daviess,Nothocalais cuspidata,Prairie Dandelion,LE,Dicots,5/2/2023,1
Jo Daviess,Solidago sciaphila,Cliff Goldenrod,LT,Dicots,5/7/2025,8
Jo Daviess,Corylus cornuta,Beaked Hazelnut,LE,Dicots,5/31/2024,2
Jo Daviess,Hackelia deflexa var. americana,Stickseed,LE,Dicots,6/27/1995,3
Jo Daviess,Opuntia fragilis,Fragile Prickly Pear,LE,Dicots,9/16/2025,1
Jo Daviess,Hudsonia tomentosa,False Heather,LE,Dicots,9/16/2025,1
Jo Daviess,Polanisia jamesii,James' Clammyweed,LE,Dicots,8/22/2025,1
Jo Daviess,Symphoricarpos albus var. albus,Snowberry,LE,Dicots,1995,1
Jo Daviess,Lathyrus ochroleucus,Pale Vetchling,LT,Dicots,6/26/1996,2
Jo Daviess,Juglans cinerea,Butternut,LE,Dicots,4/25/2025,6
Jo Daviess,Salvia azurea var. grandiflora,Wild Blue Sage,LT,Dicots,9/16/2025,1
Jo Daviess,Mirabilis hirsuta,Hairy Umbrella-wort,LE,Dicots,7/17/2023,2
Jo Daviess,Circaea alpina,Small Enchanter's Nightshade,LE,Dicots,1987,2
Jo Daviess,Primula mistassinica,Bird's-eye Primrose,LE,Dicots,4/25/2025,1
Jo Daviess,Ceanothus herbaceus,Redroot,LE,Dicots,9/24/2025,2
Jo Daviess,Amelanchier interior,Shadbush,LT,Dicots,1995,2
Jo Daviess,Rosa acicularis,Bristly Rose,LE,Dicots,8/20/2003,2
Jo Daviess,Sullivantia sullivantii,Sullivantia,LT,Dicots,5/7/2025,3
Jo Daviess,Synthyris bullii,Kittentails,LT,Dicots,4/24/2025,2
Jo Daviess,Penstemon grandiflorus,Large-flowered Beard Tongue,LE,Dicots,7/18/2025,2
Jo Daviess,Veronica americana,American Brooklime,LE,Dicots,8/12/2021,2
Jo Daviess,Ulmus thomasii,Rock Elm,LE,Dicots,4/25/2025,1
Jo Daviess,Viola canadensis,Canada Violet,LE,Dicots,4/25/2025,3
Jo Daviess,Viola blanda,Hairy White Violet,LE,Dicots,1968,1
Jo Daviess,Pinus banksiana,Jack Pine,LE,Conifers,10/18/1996,1
Jo Daviess,Carex diandra,Sedge,LE,Monocots,9/5/1982,1
Jo Daviess,Carex inops ssp. heliophila,Plains Sedge,LE,Monocots,7/18/2023,2
Jo Daviess,Carex prasina,Drooping Sedge,LT,Monocots,6/25/1996,1
Jo Daviess,Cyperus grayoides,Umbrella Sedge,LT,Monocots,9/16/2025,1
Jo Daviess,Luzula acuminata,Hairy Woodrush,LE,Monocots,2008-FA,1
Jo Daviess,Zigadenus elegans,White Camass,LE,Monocots,6/7/2024,3
Jo Daviess,Cypripedium parviflorum,Small Yellow Lady's Slipper,LE,Monocots,5/20/2014,1
Jo Daviess,Bouteloua gracilis,Blue Grama,LE,Monocots,7/27/2020,1
Jo Daviess,Elymus trachycaulus,Bearded Wheat Grass,LE,Monocots,1997,1
Jo Daviess,Schizachne purpurascens,False Melic Grass,LE,Monocots,5/15/2019,1
Jo Daviess,Gymnocarpium dryopteris,Oak Fern,LE,Leptosporangiate Ferns,1991,1
Jo Daviess,Equisetum pratense,Meadow Horsetail,LT,Horsetails,4/24/2025,6
Jo Daviess,Equisetum scirpoides,Dwarf Scouring Rush,LE,Horsetails,8/23/1978,1
Jo Daviess,Sceptridium multifidum,Northern Grape Fern,LE,"Adder's-tongues, Grapeferns, and Moonworts",8/23/1978,1
Jo Daviess,Bombus affinis,Rusty Patched Bumble Bee,LE,Bumble Bees,8/4/2025,11
Jo Daviess,Viola rugulosa,Western Tall White Violet,LE,Dicots,5/16/2025,1
Jo Daviess,Quadrula metanevra,Monkeyface,LT,Freshwater Mussels,10/6/2025,5
Jo Daviess,Juniperus communis,Ground Juniper,LE,Conifers,6/8/1994,1
Johnson,Hyla avivoca,Bird-voiced Treefrog,LT,Amphibians,6/12/2025,7
Johnson,Nyctanassa violacea,Yellow-crowned Night-Heron,LE,Birds,6/28/2010,2
Johnson,Asio flammeus,Short-eared Owl,LE,Birds,12/19/2005,1
Johnson,Antrostomus carolinensis,Chuck-will's-widow,LT,Birds,2024-07,4
Johnson,Thryomanes bewickii,Bewick's Wren,LE,Birds,5/9/1981,2
Johnson,Lanius ludovicianus,Loggerhead Shrike,LE,Birds,1990-06,1
Johnson,Setophaga cerulea,Cerulean Warbler,LT,Birds,1993-07,1
Johnson,Limnothlypis swainsonii,Swainson's Warbler,LE,Birds,5/30/2020,2
Johnson,Lampetra aepyptera,Least Brook Lamprey,LT,"Fishes - Freshwater and Anadromous Bony, Cartilaginous; Lampreys",2005-11,1
Johnson,Hybognathus hayi,Cypress Minnow,LE,"Fishes - Freshwater and Anadromous Bony, Cartilaginous; Lampreys",11/9/1997,1
Johnson,Elassoma zonatum,Banded Pygmy Sunfish,LT,"Fishes - Freshwater and Anadromous Bony, Cartilaginous; Lampreys",10/25/2025,10
Johnson,Lepomis symmetricus,Bantam Sunfish,LT,"Fishes - Freshwater and Anadromous Bony, Cartilaginous; Lampreys",7/6/2024,1
Johnson,Myotis austroriparius,Southeastern Myotis,LE,Mammals,1/23/2021,10
Johnson,Myotis grisescens,Gray Bat,LE,Mammals,2/21/2018,3
Johnson,Myotis sodalis,Indiana Bat,LE,Mammals,6/25/2015,3
Johnson,Myotis leibii,Eastern Small-footed Myotis,LT,Mammals,6/15/2025,3
Johnson,Myotis septentrionalis,Northern Long-eared Bat,LE,Mammals,6/17/2015,5
Johnson,Corynorhinus rafinesquii,Rafinesque's Big-eared Bat,LE,Mammals,2/6/2015,3
Johnson,Pseudemys concinna,River Cooter,LE,Turtles,6/1/2021,1
Johnson,Thamnophis saurita,Eastern Ribbon Snake,LT,Reptiles,10/10/2021,3
Johnson,Crotalus horridus,Timber Rattlesnake,LT,Reptiles,8/7/2025,3
Johnson,Crangonyx packardi,Packard's Cave Amphipod,LE,Amphipods,4/19/1997,3
Johnson,Faxonius indianensis,Indiana Crayfish,LE,Crayfishes,6/18/2024,6
Johnson,Asclepias meadii,Mead's Milkweed,LE,Dicots,5/20/2015,1
Johnson,Matelea decipiens,Climbing Milkweed,LE,Dicots,8/11/2025,5
Johnson,Stellaria pubera,Great Chickweed,LE,Dicots,4/18/2022,1
Johnson,Euonymus americanus,American Strawberry Bush,LT,Dicots,7/18/2025,7
Johnson,Melothria pendula,Squirting Cucumber,LT,Dicots,8/4/2025,7
Johnson,Euphorbia spathulata,Spurge,LE,Dicots,6/1/2023,1
Johnson,Quercus phellos,Willow Oak,LT,Dicots,1987-06,1
Johnson,Bartonia paniculata,Screwstem,LE,Dicots,10/4/2024,1
Johnson,Hydrolea uniflora,One-flowered Hydrolea,LE,Dicots,8/10/2022,2
Johnson,Carya aquatica,Water Hickory,LE,Dicots,7/13/2022,3
Johnson,Juglans cinerea,Butternut,LE,Dicots,4/16/2025,1
Johnson,Monarda clinopodia,White Bergamot,LT,Dicots,7/14/2025,1
Johnson,Salvia azurea var. grandiflora,Wild Blue Sage,LT,Dicots,10/9/2024,1
Johnson,Plantago cordata,Heart-leaved Plantain,LE,Dicots,4/13/2023,1
Johnson,Dodecatheon frenchii,French's Shootingstar,LT,Dicots,6/19/2025,17
Johnson,Lysimachia radicans,Creeping Loosestrife,LE,Dicots,10/25/2024,5
Johnson,Actaea rubifolia,Black Cohosh,LE,Dicots,6/16/2025,3
Johnson,Clematis crispa,Blue Jasmine,LE,Dicots,9/14/2021,2
Johnson,Clematis viorna,Leatherflower,LE,Dicots,6/11/1969,1
Johnson,Berchemia scandens,Supple-jack,LE,Dicots,8/19/2021,1
Johnson,Styrax americanus,Storax,LT,Dicots,9/29/2025,6
Johnson,Planera aquatica,Water Elm,LT,Dicots,10/13/2022,3
Johnson,Carex bromoides,Sedge,LT,Monocots,8/10/2022,1
Johnson,Carex decomposita,Cypress-knee Sedge,LE,Monocots,10/13/2022,3
Johnson,Carex gigantea,Large Sedge,LE,Monocots,9/22/2022,2
Johnson,Carex intumescens,Swollen Sedge,LT,Monocots,9/2/2022,6
Johnson,Carex nigromarginata,Black-edged Sedge,LE,Monocots,5/1/2023,2
Johnson,Carex oxylepis var. oxylepis,Sharp-scaled Sedge,LT,Monocots,2015,5
Johnson,Carex willdenowii,Willdenow's Sedge,LT,Monocots,5/17/2024,4
Johnson,Rhynchospora glomerata,Clustered Beaked Rush,LE,Monocots,8/31/2021,1
Johnson,Scleria pauciflora,Carolina Whipgrass,LE,Monocots,10/17/2024,1
Johnson,Stenanthium gramineum,Grass-leaved Lily,LT,Monocots,6/1/2023,3
Johnson,Cypripedium parviflorum,Small Yellow Lady's Slipper,LE,Monocots,4/27/1989,1
Johnson,Platanthera flava,Tubercled Orchid,LT,Monocots,8/4/2023,6
Johnson,Spiranthes vernalis,Spring Ladies' Tresses,LE,Monocots,6/29/2023,4
Johnson,Dichanthelium joorii,Panic Grass,LE,Monocots,2008,2
Johnson,Heteranthera reniformis,Mud Plantain,LE,Monocots,11/12/2024,1
Johnson,Dennstaedtia punctilobula,Hay-scented Fern,LE,Leptosporangiate Ferns,6/9/2022,1
Johnson,Dryopteris celsa,Log Fern,LE,Leptosporangiate Ferns,7/21/2025,2
Johnson,Vandenboschia boschiana,Filmy Fern,LE,Leptosporangiate Ferns,4/23/2022,4
Johnson,Huperzia porophila,Cliff Clubmoss,LT,Clubmosses,3/18/2021,1
Johnson,Sceptridium biternatum,Southern Grape Fern,LE,"Adder's-tongues, Grapeferns, and Moonworts",11/28/2020,3
Johnson,Desmognathus conanti,Spotted Dusky Salamander,LE,Amphibians,9/28/2020,2
Johnson,Circus hudsonius,Northern Harrier,LE,Birds,2/9/2022,2
Johnson,Uvularia floridana,Florida Bellwort,LT,Monocots,2024-04-31,1
Johnson,Rallus elegans,King Rail,LE,Birds,6/25/2006,1
Johnson,Forbesichthys papilliferus,Shawnee Hills Cavefish,LT,"Fishes - Freshwater and Anadromous Bony, Cartilaginous; Lampreys",4/25/2013,2
Johnson,Phemeranthus parviflorus,Small Flower-of-an-hour,LT,Dicots,5/30/2025,7
Kane,Botaurus lentiginosus,American Bittern,LE,Birds,5/14/2020,3
Kane,Ixobrychus exilis,Least Bittern,LT,Birds,8/3/2020,5
Kane,Nycticorax nycticorax,Black-crowned Night-Heron,LE,Birds,2008,5
Kane,Pandion haliaetus,Osprey,LT,Birds,7/29/2022,5
Kane,Buteo swainsoni,Swainson's Hawk,LE,Birds,6/4/2020,11
Kane,Gallinula galeata,Common Gallinule,LE,Birds,8/28/2020,5
Kane,Phalaropus tricolor,Wilson's Phalarope,LE,Birds,6/22/2025,2
Kane,Chlidonias niger,Black Tern,LE,Birds,6/17/2002,3
Kane,Coccyzus erythropthalmus,Black-billed Cuckoo,LT,Birds,7/8/2019,3
Kane,Asio flammeus,Short-eared Owl,LE,Birds,2016-WI,1
Kane,Lanius ludovicianus,Loggerhead Shrike,LE,Birds,6/8/1989,2
Kane,Xanthocephalus xanthocephalus,Yellow-headed Blackbird,LE,Birds,6/2/2016,6
Kane,Cottus bairdii,Mottled Sculpin,LT,"Fishes - Freshwater and Anadromous Bony, Cartilaginous; Lampreys",8/14/2025,9
Kane,Hybognathus hankinsoni,Brassy Minnow,LE,"Fishes - Freshwater and Anadromous Bony, Cartilaginous; Lampreys",6/5/1998,2
Kane,Miniellus boops,Bigeye Shiner,LE,"Fishes - Freshwater and Anadromous Bony, Cartilaginous; Lampreys",8/8/2008,1
Kane,Moxostoma carinatum,River Redhorse,LT,"Fishes - Freshwater and Anadromous Bony, Cartilaginous; Lampreys",6/6/2003,3
Kane,Moxostoma valenciennesi,Greater Redhorse,LE,"Fishes - Freshwater and Anadromous Bony, Cartilaginous; Lampreys",8/14/2019,2
Kane,Fundulus dispar,Starhead Topminnow,LT,"Fishes - Freshwater and Anadromous Bony, Cartilaginous; Lampreys",7/10/2007,2
Kane,Myotis septentrionalis,Northern Long-eared Bat,LE,Mammals,8/3/2011,1
Kane,Canis lupus,Gray/Timber Wolf,LE,Mammals,12/17/2009,1
Kane,Emydoidea blandingii,Blanding's Turtle,LE,Turtles,10/16/2024,18
Kane,Tharsalea helloides,Purplish Copper,LT,Butterflies,2008,2
Kane,Calephelis muticum,Swamp Metalmark,LE,Butterflies,2013-SU,1
Kane,Nannothemis bella,Elfin Skimmer,LE,Dragonflies and Damselflies,7/6/2021,1
Kane,Cyclonaias tuberculata,Purple Wartyback,LT,Freshwater Mussels,8/17/1994,1
Kane,Eurynia dilatata,Spike,LE,Freshwater Mussels,8/30/2022,6
Kane,Asclepias lanuginosa,Wooly Milkweed,LE,Dicots,6/8/2021,2
Kane,Eurybia furcata,Forked Aster,LT,Dicots,11/3/2024,2
Kane,Alnus incana ssp. rugosa,Speckled Alder,LE,Dicots,4/4/2025,2
Kane,Silene regia,Royal Catchfly,LE,Dicots,8/1/2024,5
Kane,Lechea intermedia,Pinweed,LE,Dicots,8/22/1977,1
Kane,Symphoricarpos albus var. albus,Snowberry,LE,Dicots,7/11/2019,1
Kane,Drosera intermedia,Narrow-leaved Sundew,LT,Dicots,6/14/2023,1
Kane,Chamaedaphne calyculata,Leatherleaf,LT,Dicots,5/13/2022,1
Kane,Dalea foliosa,Leafy Prairie Clover,LE,Dicots,7/30/2024,3
Kane,Juglans cinerea,Butternut,LE,Dicots,7/27/2023,2
Kane,Salvia azurea var. grandiflora,Wild Blue Sage,LT,Dicots,9/9/2021,1
Kane,Utricularia intermedia,Flat-leaved Bladderwort,LT,Dicots,1991-06,1
Kane,Menyanthes trifoliata,Buckbean,LT,Dicots,5/11/2024,1
Kane,Actaea racemosa,False Bugbane,LE,Dicots,7/16/2024,2
Kane,Ranunculus rhomboideus,Prairie Buttercup,LE,Dicots,4/9/2024,1
Kane,Amelanchier interior,Shadbush,LT,Dicots,7/5/2021,1
Kane,Filipendula rubra,Queen-of-the-prairie,LT,Dicots,7/5/2024,2
Kane,Rubus pubescens,Dwarf Raspberry,LT,Dicots,5/8/1993,1
Kane,Synthyris bullii,Kittentails,LT,Dicots,5/28/2024,1
Kane,Castilleja sessiliflora,Downy Yellow Painted Cup,LE,Dicots,2022-SP,1
Kane,Veronica americana,American Brooklime,LE,Dicots,7/2/2001,2
Kane,Veronica scutellata,Marsh Speedwell,LT,Dicots,7/2/2001,1
Kane,Ulmus thomasii,Rock Elm,LE,Dicots,9/19/1956,1
Kane,Viola blanda,Hairy White Violet,LE,Dicots,5/13/2024,2
Kane,Pinus banksiana,Jack Pine,LE,Conifers,5/23/2024,1
Kane,Carex aurea,Golden Sedge,LT,Monocots,5/25/2024,3
Kane,Carex brunnescens,Brownish Sedge,LE,Monocots,6/6/2022,1
Kane,Carex oligosperma,Few-seeded Sedge,LE,Monocots,6/22/2002,1
Kane,Carex viridula,Little Green Sedge,LT,Monocots,5/31/2022,1
Kane,Triglochin maritima,Common Bog Arrow Grass,LT,Monocots,6/7/2024,2
Kane,Triglochin palustris,Slender Bog Arrow Grass,LT,Monocots,8/23/2024,2
Kane,Melanthium virginicum,Virginia Bunchflower,LE,Monocots,7/5/2024,1
Kane,Polygonatum pubescens,Downy Solomon's Seal,LE,Monocots,5/10/2024,1
Kane,Triantha glutinosa,False Asphodel,LT,Monocots,2002,1
Kane,Trillium cernuum,Nodding Trillium,LE,Monocots,5/23/2024,1
Kane,Trillium erectum,Ill-scented Trillium,LE,Monocots,5/14/2024,1
Kane,Zigadenus elegans,White Camass,LE,Monocots,1967-07,1
Kane,Calopogon tuberosus,Grass Pink Orchid,LE,Monocots,6/18/2024,1
Kane,Corallorhiza maculata,Spotted Coral-root Orchid,LE,Monocots,7/30/1994,1
Kane,Platanthera leucophaea,Eastern Prairie Fringed Orchid,LE,Monocots,2024,3
Kane,Spiranthes lucida,Yellow-lipped Ladies' Tresses,LE,Monocots,2005,1
Kane,Elymus trachycaulus,Bearded Wheat Grass,LE,Monocots,8/2/1991,1
Kane,Potamogeton pulcher,Spotted Pondweed,LE,Monocots,1992,1
Kane,Sparganium americanum,American Bur-reed,LE,Monocots,7/9/1980,1
Kane,Sparganium emersum,Green-fruited Bur-reed,LE,Monocots,8/18/2023,3
Kane,Botrychium campestre,Prairie moonwort,LE,"Adder's-tongues, Grapeferns, and Moonworts",5/30/2022,1
Kane,Bombus affinis,Rusty Patched Bumble Bee,LE,Bumble Bees,8/18/2025,20
Kane,Circus hudsonius,Northern Harrier,LE,Birds,12/5/2017,3
Kane,Amelanchier sanguinea,Shadbush,LE,Dicots,9/14/2017,1
Kane,Carex cryptolepis,Sedge,LT,Monocots,7/19/2007,1
Kankakee,Coccyzus erythropthalmus,Black-billed Cuckoo,LT,Birds,5/16/2015,1
Kankakee,Setophaga cerulea,Cerulean Warbler,LT,Birds,6/20/2009,1
Kankakee,Ichthyomyzon fossor,Northern Brook Lamprey,LE,"Fishes - Freshwater and Anadromous Bony, Cartilaginous; Lampreys",1991,3
Kankakee,Lethenteron appendix,American Brook Lamprey,LT,"Fishes - Freshwater and Anadromous Bony, Cartilaginous; Lampreys",7/29/2010,4
Kankakee,Cottus bairdii,Mottled Sculpin,LT,"Fishes - Freshwater and Anadromous Bony, Cartilaginous; Lampreys",8/29/2001,1
Kankakee,Hybopsis amnis,Pallid Shiner,LE,"Fishes - Freshwater and Anadromous Bony, Cartilaginous; Lampreys",9/8/2014,2
Kankakee,Hybopsis amblops,Bigeye Chub,LT,"Fishes - Freshwater and Anadromous Bony, Cartilaginous; Lampreys",5/2/2004,1
Kankakee,Hybognathus hankinsoni,Brassy Minnow,LE,"Fishes - Freshwater and Anadromous Bony, Cartilaginous; Lampreys",8/24/1994,1
Kankakee,Notropis anogenus,Pugnose Shiner,LE,"Fishes - Freshwater and Anadromous Bony, Cartilaginous; Lampreys",7/19/1977,1
Kankakee,Miniellus boops,Bigeye Shiner,LE,"Fishes - Freshwater and Anadromous Bony, Cartilaginous; Lampreys",7/13/1983,1
Kankakee,Alburnops chalybaeus,Ironcolor Shiner,LT,"Fishes - Freshwater and Anadromous Bony, Cartilaginous; Lampreys",7/26/2024,13
Kankakee,Notropis heterolepis,Blacknose Shiner,LE,"Fishes - Freshwater and Anadromous Bony, Cartilaginous; Lampreys",7/24/2014,6
Kankakee,Alburnops texanus,Weed Shiner,LE,"Fishes - Freshwater and Anadromous Bony, Cartilaginous; Lampreys",10/6/2025,13
Kankakee,Moxostoma carinatum,River Redhorse,LT,"Fishes - Freshwater and Anadromous Bony, Cartilaginous; Lampreys",9/9/2020,7
Kankakee,Fundulus dispar,Starhead Topminnow,LT,"Fishes - Freshwater and Anadromous Bony, Cartilaginous; Lampreys",7/26/2024,10
Kankakee,Ammocrypta clara,Western Sand Darter,LE,"Fishes - Freshwater and Anadromous Bony, Cartilaginous; Lampreys",7/8/2020,1
Kankakee,Myotis septentrionalis,Northern Long-eared Bat,LE,Mammals,8/14/2015,3
Kankakee,Emydoidea blandingii,Blanding's Turtle,LE,Turtles,12/14/2024,6
Kankakee,Terrapene ornata,Ornate Box Turtle,LT,Turtles,6/19/2025,6
Kankakee,Heterodon nasicus,Plains Hog-nosed Snake,LT,Reptiles,8/11/1996,1
Kankakee,Calephelis muticum,Swamp Metalmark,LE,Butterflies,6/28/2009,1
Kankakee,Argynnis idalia occidentalis,Western Regal Fritillary,LT,Butterflies,6/6/2025,2
Kankakee,Cyclonaias tuberculata,Purple Wartyback,LT,Freshwater Mussels,9/2/2025,9
Kankakee,Eurynia dilatata,Spike,LE,Freshwater Mussels,9/2/2025,7
Kankakee,Plethobasus cyphyus,Sheepnose,LE,Freshwater Mussels,7/14/2025,5
Kankakee,Simpsonaias ambigua,Salamander Mussel,LE,Freshwater Mussels,8/23/1994,3
Kankakee,Eurybia furcata,Forked Aster,LT,Dicots,8/9/1978,1
Kankakee,Hymenopappus scabiosaeus,Old Plainsman,LE,Dicots,6/2/2023,2
Kankakee,Hypericum adpressum,Shore St. John's Wort,LE,Dicots,7/17/2025,3
Kankakee,Drosera intermedia,Narrow-leaved Sundew,LT,Dicots,7/21/2018,2
Kankakee,Vaccinium corymbosum,Highbush Blueberry,LE,Dicots,5/22/2024,1
Kankakee,Baptisia tinctoria,Yellow Wild Indigo,LE,Dicots,10/17/2023,1
Kankakee,Trifolium reflexum,Buffalo Clover,LT,Dicots,1884-06-13,1
Kankakee,Capnoides sempervirens,Pink Corydalis,LE,Dicots,7/12/2025,1
Kankakee,Geranium bicknellii,Northern Cranesbill,LE,Dicots,7/31/2011,2
Kankakee,Juglans cinerea,Butternut,LE,Dicots,8/24/2004,1
Kankakee,Iliamna remota,Kankakee Mallow,LE,Dicots,2025,1
Kankakee,Comptonia peregrina,Sweetfern,LE,Dicots,10/5/2021,1
Kankakee,Polygala incarnata,Pink Milkwort,LE,Dicots,1981-SUM,1
Kankakee,Persicaria careyi,Carey's Heartsease,LE,Dicots,10/16/2020,5
Kankakee,Rubus setosus,Bristly Blackberry,LT,Dicots,7/25/2020,3
Kankakee,Penstemon grandiflorus,Large-flowered Beard Tongue,LE,Dicots,8/1/2023,1
Kankakee,Veronica scutellata,Marsh Speedwell,LT,Dicots,2008,1
Kankakee,Styrax americanus,Storax,LT,Dicots,10/4/2021,1
Kankakee,Valerianella umbilicata,Corn Salad,LE,Dicots,5/20/2023,1
Kankakee,Viola primulifolia,Primrose Violet,LE,Dicots,8/9/2025,5
Kankakee,Carex cumulata,Sedge,LE,Monocots,7/1/2020,3
Kankakee,Carex viridula,Little Green Sedge,LT,Monocots,1/1/1997,2
Kankakee,Schoenoplectiella hallii,Hall's Bulrush,LT,Monocots,10/26/1993,1
Kankakee,Scirpus hattorianus,Bulrush,LE,Monocots,7/28/1982,1
Kankakee,Schoenoplectiella purshiana,Pursh's Bulrush,LE,Monocots,2002-08,1
Kankakee,Scleria pauciflora,Carolina Whipgrass,LE,Monocots,10/5/2021,2
Kankakee,Scleria muhlenbergii,Muhlenberg's Nut Rush,LE,Monocots,8/9/2002,1
Kankakee,Sisyrinchium atlanticum,Eastern Blue-eyed Grass,LE,Monocots,6/9/2025,2
Kankakee,Platanthera ciliaris,Orange Fringed Orchid,LE,Monocots,8/9/2025,2
Kankakee,Melica mutica,Two-flowered Melic Grass,LE,Monocots,7/2/1942,1
Kankakee,Sparganium americanum,American Bur-reed,LE,Monocots,8/2/2002,1
Kankakee,Sparganium emersum,Green-fruited Bur-reed,LE,Monocots,8/15/1996,1
Kankakee,Calopogon oklahomensis,Oklahoma grass pink orchid,LE,Monocots,6/3/2025,1
Kankakee,Circus hudsonius,Northern Harrier,LE,Birds,6/25/1994,1
Kankakee,Necturus maculosus,Mudpuppy,LT,Amphibians,2016-04,2
Kankakee,Carex straminea,Eastern Straw Sedge,LE,Monocots,6/10/2018,1
Kankakee,Nomia nortoni,Norton's Nomia,LT,Sweat Bees (in part),8/17/2017,1
Kankakee,Epeolus ainsliei,Ainslie�s Epeolus,LE,Other Bees,7/17/2018,1
Kankakee,Epeolus interruptus,Interrupted Epeolus,LE,Other Bees,6/1/2018,1
Kankakee,Quadrula metanevra,Monkeyface,LT,Freshwater Mussels,9/2/2025,10
Kendall,Pandion haliaetus,Osprey,LT,Birds,8/1/2002,1
Kendall,Lanius ludovicianus,Loggerhead Shrike,LE,Birds,6/24/1985,1
Kendall,Cottus bairdii,Mottled Sculpin,LT,"Fishes - Freshwater and Anadromous Bony, Cartilaginous; Lampreys",8/13/2025,9
Kendall,Moxostoma carinatum,River Redhorse,LT,"Fishes - Freshwater and Anadromous Bony, Cartilaginous; Lampreys",8/8/2024,5
Kendall,Moxostoma valenciennesi,Greater Redhorse,LE,"Fishes - Freshwater and Anadromous Bony, Cartilaginous; Lampreys",8/8/2024,5
Kendall,Emydoidea blandingii,Blanding's Turtle,LE,Turtles,2024-09,2
Kendall,Cyclonaias tuberculata,Purple Wartyback,LT,Freshwater Mussels,7/29/2025,1
Kendall,Eurynia dilatata,Spike,LE,Freshwater Mussels,8/19/1958,2
Kendall,Eurybia furcata,Forked Aster,LT,Dicots,9/5/1983,1
Kendall,Juglans cinerea,Butternut,LE,Dicots,5/3/2012,1
Kendall,Monarda clinopodia,White Bergamot,LT,Dicots,7/7/1973,1
Kendall,Plantago cordata,Heart-leaved Plantain,LE,Dicots,4/22/1991,1
Kendall,Actaea racemosa,False Bugbane,LE,Dicots,7/29/2020,2
Kendall,Rhamnus alnifolia,Alder Buckthorn,LE,Dicots,7/20/1999,1
Kendall,Erythranthe geyeri,Yellow Monkey Flower,LE,Dicots,8/27/2016,1
Kendall,Veronica americana,American Brooklime,LE,Dicots,6/23/2005,2
Kendall,Ulmus thomasii,Rock Elm,LE,Dicots,5/31/2018,1
Kendall,Carex bromoides,Sedge,LT,Monocots,2016,2
Kendall,Eleocharis rostellata,Beaked Spike Rush,LT,Monocots,8/7/2017,1
Kendall,Scirpus hattorianus,Bulrush,LE,Monocots,2016,1
Kendall,Triglochin palustris,Slender Bog Arrow Grass,LT,Monocots,8/14/2017,1
Kendall,Cypripedium reginae,Showy Lady's Slipper,LE,Monocots,6/10/2001,1
Kendall,Bombus affinis,Rusty Patched Bumble Bee,LE,Bumble Bees,7/31/2023,3
Kendall,Quadrula metanevra,Monkeyface,LT,Freshwater Mussels,1991-08,1
Kendall,Cambarunio iris,Rainbow,LE,Freshwater Mussels,8/14/2020,1
Kenosha,Nycticorax nycticorax,Black-crowned Night-Heron,LE,Birds,6/1/2006,1
Kenosha,Sterna forsteri,Forster's Tern,LE,Birds,5/25/2005,1
Kenosha,Chlidonias niger,Black Tern,LE,Birds,6/9/2025,1
Kenosha,Cottus bairdii,Mottled Sculpin,LT,"Fishes - Freshwater and Anadromous Bony, Cartilaginous; Lampreys",7/19/2001,1
Kenosha,Notropis anogenus,Pugnose Shiner,LE,"Fishes - Freshwater and Anadromous Bony, Cartilaginous; Lampreys",9/28/2020,2
Kenosha,Miniellus heterodon,Blackchin Shiner,LT,"Fishes - Freshwater and Anadromous Bony, Cartilaginous; Lampreys",8/15/2022,2
Kenosha,Notropis heterolepis,Blacknose Shiner,LE,"Fishes - Freshwater and Anadromous Bony, Cartilaginous; Lampreys",9/28/2020,2
Kenosha,Emydoidea blandingii,Blanding's Turtle,LE,Turtles,10/22/2024,1
Kenosha,Cakile edentula var. lacustris,Sea Rocket,LT,Dicots,10/4/2024,1
Kenosha,Veronica scutellata,Marsh Speedwell,LT,Dicots,9/12/2003,1
Kenosha,Calopogon tuberosus,Grass Pink Orchid,LE,Monocots,6/19/2006,1
Kenosha,Platanthera flava,Tubercled Orchid,LT,Monocots,2017,1
Kenosha,Ammophila breviligulata,Marram Grass,LT,Monocots,8/20/2024,1
Kenosha,Potamogeton praelongus,White-stemmed Pondweed,LE,Monocots,9/15/1999,1
Kenosha,Fundulus diaphanus menona,Western Banded Killifish,LT,"Fishes - Freshwater and Anadromous Bony, Cartilaginous; Lampreys",8/15/2019,1
Knox,Hemidactylium scutatum,Four-toed Salamander,LT,Amphibians,5/1/2015,2
Knox,Bartramia longicauda,Upland Sandpiper,LE,Birds,5/18/1988,1
Knox,Setophaga cerulea,Cerulean Warbler,LT,Birds,7/6/2007,1
Knox,Hybognathus hankinsoni,Brassy Minnow,LE,"Fishes - Freshwater and Anadromous Bony, Cartilaginous; Lampreys",8/27/2015,2
Knox,Fundulus dispar,Starhead Topminnow,LT,"Fishes - Freshwater and Anadromous Bony, Cartilaginous; Lampreys",5/16/2019,1
Knox,Lepomis miniatus,Redspotted Sunfish,LT,"Fishes - Freshwater and Anadromous Bony, Cartilaginous; Lampreys",5/6/2010,1
Knox,Myotis sodalis,Indiana Bat,LE,Mammals,7/19/2022,2
Knox,Apalone mutica,Smooth Softshell,LT,Turtles,7/18/2013,1
Knox,Sistrurus catenatus,Eastern Massasauga,LE,Reptiles,2010-FA,1
Knox,Monarda clinopodia,White Bergamot,LT,Dicots,5/21/2013,1
Knox,Actaea racemosa,False Bugbane,LE,Dicots,6/28/2018,1
Knox,Melanthium virginicum,Virginia Bunchflower,LE,Monocots,1902-06,1
Knox,Trillium erectum,Ill-scented Trillium,LE,Monocots,4/27/2018,1
Knox,Quadrula metanevra,Monkeyface,LT,Freshwater Mussels,6/27/2012,10
Knox,Ichthyomyzon fossor,Northern Brook Lamprey,LE,"Fishes - Freshwater and Anadromous Bony, Cartilaginous; Lampreys",7/20/1983,1
Knox,Erimystax x-punctatus,Gravel Chub,LT,"Fishes - Freshwater and Anadromous Bony, Cartilaginous; Lampreys",11/27/1960,1
Knox,Crystallaria asprella,Crystal Darter,LE,"Fishes - Freshwater and Anadromous Bony, Cartilaginous; Lampreys",1888,1
Knox,Etheostoma histrio,Harlequin Darter,LE,"Fishes - Freshwater and Anadromous Bony, Cartilaginous; Lampreys",8/20/2019,1
Knox,Myotis sodalis,Indiana Bat,LE,Mammals,7/31/2019,1
Knox,Elliptio crassidens,Elephant-ear,LE,Freshwater Mussels,8/23/2012,5
Knox,Reginaia ebenus,Ebonyshell,LE,Freshwater Mussels,8/22/2021,3
Knox,Plethobasus cyphyus,Sheepnose,LE,Freshwater Mussels,9/9/1988,1
Knox,Potamilus capax,Fat Pocketbook,LE,Freshwater Mussels,8/14/2024,3
Knox,Iresine rhizomatosa,Bloodleaf,LE,Dicots,9/10/2020,1
Knox,Quadrula metanevra,Monkeyface,LT,Freshwater Mussels,8/22/2021,4
La Salle,Hemidactylium scutatum,Four-toed Salamander,LT,Amphibians,8/22/2024,2
La Salle,Nycticorax nycticorax,Black-crowned Night-Heron,LE,Birds,8/8/1993,1
La Salle,Bartramia longicauda,Upland Sandpiper,LE,Birds,5/28/2005,1
La Salle,Lanius ludovicianus,Loggerhead Shrike,LE,Birds,7/16/1987,1
La Salle,Setophaga cerulea,Cerulean Warbler,LT,Birds,6/16/2008,2
La Salle,Cottus bairdii,Mottled Sculpin,LT,"Fishes - Freshwater and Anadromous Bony, Cartilaginous; Lampreys",10/6/2021,2
La Salle,Acipenser fulvescens,Lake Sturgeon,LE,"Fishes - Freshwater and Anadromous Bony, Cartilaginous; Lampreys",3/21/2020,2
La Salle,Hybopsis amnis,Pallid Shiner,LE,"Fishes - Freshwater and Anadromous Bony, Cartilaginous; Lampreys",9/17/2020,2
La Salle,Notropis heterolepis,Blacknose Shiner,LE,"Fishes - Freshwater and Anadromous Bony, Cartilaginous; Lampreys",9/17/2020,4
La Salle,Alburnops texanus,Weed Shiner,LE,"Fishes - Freshwater and Anadromous Bony, Cartilaginous; Lampreys",10/14/2013,1
La Salle,Moxostoma carinatum,River Redhorse,LT,"Fishes - Freshwater and Anadromous Bony, Cartilaginous; Lampreys",8/19/2019,10
La Salle,Moxostoma valenciennesi,Greater Redhorse,LE,"Fishes - Freshwater and Anadromous Bony, Cartilaginous; Lampreys",7/7/2004,3
La Salle,Percopsis omiscomaycus,Trout-perch,LT,"Fishes - Freshwater and Anadromous Bony, Cartilaginous; Lampreys",6/30/2020,3
La Salle,Myotis grisescens,Gray Bat,LE,Mammals,11/21/2013,1
La Salle,Myotis sodalis,Indiana Bat,LE,Mammals,11/8/2024,5
La Salle,Myotis septentrionalis,Northern Long-eared Bat,LE,Mammals,11/8/2024,3
La Salle,Canis lupus,Gray/Timber Wolf,LE,Mammals,2013-12,1
La Salle,Emydoidea blandingii,Blanding's Turtle,LE,Turtles,4/28/2001,2
La Salle,Crotalus horridus,Timber Rattlesnake,LT,Reptiles,2000-07,2
La Salle,Argynnis idalia occidentalis,Western Regal Fritillary,LT,Butterflies,7/4/2003,1
La Salle,Eurynia dilatata,Spike,LE,Freshwater Mussels,8/23/2010,1
La Salle,Eurybia furcata,Forked Aster,LT,Dicots,6/11/2025,4
La Salle,Boltonia decurrens,Decurrent False Aster,LT,Dicots,10/30/2024,1
La Salle,Solidago sciaphila,Cliff Goldenrod,LT,Dicots,6/11/2025,4
La Salle,Cornus canadensis,Bunchberry,LE,Dicots,1980s,1
La Salle,Sambucus racemosa ssp. pubens,Red-berried Elder,LE,Dicots,10/16/2024,4
La Salle,Symphoricarpos albus var. albus,Snowberry,LE,Dicots,1991,1
La Salle,Corydalis aurea,Golden Corydalis,LE,Dicots,5/3/1998,1
La Salle,Capnoides sempervirens,Pink Corydalis,LE,Dicots,5/3/1998,1
La Salle,Juglans cinerea,Butternut,LE,Dicots,8/29/2022,1
La Salle,Plantago cordata,Heart-leaved Plantain,LE,Dicots,1961-06,1
La Salle,Filipendula rubra,Queen-of-the-prairie,LT,Dicots,7/6/2018,2
La Salle,Agalinis skinneriana,Pale False Foxglove,LT,Dicots,9/20/1977,1
La Salle,Veronica americana,American Brooklime,LE,Dicots,9/10/1999,1
La Salle,Valerianella umbilicata,Corn Salad,LE,Dicots,8/8/1949,1
La Salle,Pinus resinosa,Red Pine,LE,Conifers,8/28/2018,1
La Salle,Carex plantaginea,Plantain-leaved Sedge,LE,Monocots,6/11/2025,1
La Salle,Luzula acuminata,Hairy Woodrush,LE,Monocots,6/11/2025,3
La Salle,Cypripedium parviflorum,Small Yellow Lady's Slipper,LE,Monocots,5/30/1961,1
La Salle,Platanthera leucophaea,Eastern Prairie Fringed Orchid,LE,Monocots,7/9/2018,1
La Salle,Dichanthelium portoricense,Hemlock Panic Grass,LE,Monocots,8/20/1998,1
La Salle,Poa saltuensis ssp. languida,Weak Bluegrass,LE,Monocots,1995,1
La Salle,Bombus affinis,Rusty Patched Bumble Bee,LE,Bumble Bees,7/22/2024,2
La Salle,Necturus maculosus,Mudpuppy,LT,Amphibians,12/2/2021,2
La Salle,Amelanchier sanguinea,Shadbush,LE,Dicots,12/9/1998,1
La Salle,Phegopteris connectilis,Long Beech Fern,LE,Leptosporangiate Ferns,6/7/2023,1
Lake,Botaurus lentiginosus,American Bittern,LE,Birds,6/23/2021,3
Lake,Ixobrychus exilis,Least Bittern,LT,Birds,6/3/2025,8
Lake,Nycticorax nycticorax,Black-crowned Night-Heron,LE,Birds,2023,17
Lake,Pandion haliaetus,Osprey,LT,Birds,6/2/2025,18
Lake,Gallinula galeata,Common Gallinule,LE,Birds,7/10/2025,14
Lake,Charadrius melodus,Piping Plover,LE,Birds,7/25/2025,1
Lake,Bartramia longicauda,Upland Sandpiper,LE,Birds,1996-05,1
Lake,Phalaropus tricolor,Wilson's Phalarope,LE,Birds,5/14/2010,2
Lake,Sterna hirundo,Common Tern,LE,Birds,2025,3
Lake,Sterna forsteri,Forster's Tern,LE,Birds,7/31/2008,2
Lake,Chlidonias niger,Black Tern,LE,Birds,5/26/2025,9
Lake,Coccyzus erythropthalmus,Black-billed Cuckoo,LT,Birds,7/13/2022,3
Lake,Asio flammeus,Short-eared Owl,LE,Birds,12/3/2016,1
Lake,Setophaga cerulea,Cerulean Warbler,LT,Birds,5/30/2025,2
Lake,Xanthocephalus xanthocephalus,Yellow-headed Blackbird,LE,Birds,7/9/2011,16
Lake,Cottus bairdii,Mottled Sculpin,LT,"Fishes - Freshwater and Anadromous Bony, Cartilaginous; Lampreys",7/19/2001,3
Lake,Acipenser fulvescens,Lake Sturgeon,LE,"Fishes - Freshwater and Anadromous Bony, Cartilaginous; Lampreys",5/12/2017,1
Lake,Coregonus artedi,Cisco,LE,"Fishes - Freshwater and Anadromous Bony, Cartilaginous; Lampreys",2004,3
Lake,Notropis anogenus,Pugnose Shiner,LE,"Fishes - Freshwater and Anadromous Bony, Cartilaginous; Lampreys",9/28/2020,8
Lake,Miniellus heterodon,Blackchin Shiner,LT,"Fishes - Freshwater and Anadromous Bony, Cartilaginous; Lampreys",6/6/2024,24
Lake,Notropis heterolepis,Blacknose Shiner,LE,"Fishes - Freshwater and Anadromous Bony, Cartilaginous; Lampreys",5/15/2024,9
Lake,Catostomus catostomus,Longnose Sucker,LT,"Fishes - Freshwater and Anadromous Bony, Cartilaginous; Lampreys",10/31/2017,3
Lake,Percopsis omiscomaycus,Trout-perch,LT,"Fishes - Freshwater and Anadromous Bony, Cartilaginous; Lampreys",4/26/2019,2
Lake,Fundulus dispar,Starhead Topminnow,LT,"Fishes - Freshwater and Anadromous Bony, Cartilaginous; Lampreys",5/13/2021,10
Lake,Myotis septentrionalis,Northern Long-eared Bat,LE,Mammals,9/4/2023,3
Lake,Canis lupus,Gray/Timber Wolf,LE,Mammals,2/18/2005,1
Lake,Emydoidea blandingii,Blanding's Turtle,LE,Turtles,5/16/2025,21
Lake,Kinosternon flavescens,Yellow Mud Turtle,LE,Turtles,1/1/1972,1
Lake,Sistrurus catenatus,Eastern Massasauga,LE,Reptiles,1995,1
Lake,Aflexia rubranura,Red-tailed Prairie Leafhopper,LT,"True Bugs, Cicadas, Hoppers, Aphids and Allies",7/1/2020,2
Lake,Tharsalea helloides,Purplish Copper,LT,Butterflies,2008,4
Lake,Incisalia polios,Hoary Elfin,LE,Butterflies,5/6/2025,1
Lake,Argynnis aphrodite,Aphrodite Fritillary,LT,Butterflies,2021,4
Lake,Eurybia furcata,Forked Aster,LT,Dicots,7/24/2022,9
Lake,Boltonia decurrens,Decurrent False Aster,LT,Dicots,11/9/2000,1
Lake,Cirsium pitcheri,Pitcher's (Dune) Thistle,LE,Dicots,4/30/2025,1
Lake,Helianthus giganteus,Tall Sunflower,LE,Dicots,7/26/2004,1
Lake,Bidens beckii,Water Marigold,LE,Dicots,10/15/2003,3
Lake,Alnus incana ssp. rugosa,Speckled Alder,LE,Dicots,7/27/2021,2
Lake,Betula alleghaniensis,Yellow Birch,LE,Dicots,7/1/2024,3
Lake,Cakile edentula var. lacustris,Sea Rocket,LT,Dicots,10/4/2024,5
Lake,Lechea intermedia,Pinweed,LE,Dicots,8/23/2004,1
Lake,Hypericum kalmianum,Kalm's St. John's Wort,LE,Dicots,8/20/2024,5
Lake,Cornus canadensis,Bunchberry,LE,Dicots,5/19/2023,2
Lake,Lonicera dioica var. glaucescens,Red Honeysuckle,LE,Dicots,6/12/2023,5
Lake,Sambucus racemosa ssp. pubens,Red-berried Elder,LE,Dicots,7/5/1955,1
Lake,Symphoricarpos albus var. albus,Snowberry,LE,Dicots,5/26/2021,1
Lake,Hylotelephium telephioides,American Orpine,LT,Dicots,6/14/1948,1
Lake,Drosera rotundifolia,Round-leaved Sundew,LE,Dicots,8/8/2019,4
Lake,Shepherdia canadensis,Buffaloberry,LE,Dicots,6/7/2024,3
Lake,Andromeda glaucophylla,Bog Rosemary,LE,Dicots,6/28/2022,1
Lake,Arctostaphylos uva-ursi,Bearberry,LE,Dicots,5/2/2025,2
Lake,Chamaedaphne calyculata,Leatherleaf,LT,Dicots,7/1/2024,2
Lake,Vaccinium corymbosum,Highbush Blueberry,LE,Dicots,1/16/2025,2
Lake,Vaccinium macrocarpon,Large Cranberry,LE,Dicots,6/30/2022,5
Lake,Vaccinium oxycoccos,Small Cranberry,LE,Dicots,6/23/2011,3
Lake,Euphorbia polygonifolia,Seaside Spurge,LT,Dicots,8/12/2025,4
Lake,Lathyrus ochroleucus,Pale Vetchling,LT,Dicots,6/18/2024,13
Lake,Vicia caroliniana,Wood Vetch,LE,Dicots,6/13/2024,3
Lake,Geranium bicknellii,Northern Cranesbill,LE,Dicots,5/15/2024,6
Lake,Ribes hirtellum,Northern Gooseberry,LE,Dicots,2002-06,4
Lake,Juglans cinerea,Butternut,LE,Dicots,6/2/2022,4
Lake,Utricularia cornuta,Horned Bladderwort,LE,Dicots,9/21/2024,1
Lake,Utricularia intermedia,Flat-leaved Bladderwort,LT,Dicots,8/8/2024,6
Lake,Utricularia minor,Small Bladderwort,LE,Dicots,10/7/2022,4
Lake,Menyanthes trifoliata,Buckbean,LT,Dicots,6/19/2024,9
Lake,Epilobium strictum,Downy Willow Herb,LE,Dicots,7/1/2024,8
Lake,Orobanche fasciculata,Clustered Broomrape,LE,Dicots,6/15/2024,3
Lake,Actaea racemosa,False Bugbane,LE,Dicots,8/10/2021,5
Lake,Ceanothus herbaceus,Redroot,LE,Dicots,7/17/2024,2
Lake,Rhamnus alnifolia,Alder Buckthorn,LE,Dicots,1970,1
Lake,Amelanchier interior,Shadbush,LT,Dicots,6/1/2022,7
Lake,Filipendula rubra,Queen-of-the-prairie,LT,Dicots,7/4/2022,4
Lake,Rubus pubescens,Dwarf Raspberry,LT,Dicots,7/1/2024,6
Lake,Populus balsamifera,Balsam Poplar,LE,Dicots,8/12/2015,3
Lake,Salix serissima,Autumn Willow,LE,Dicots,8/13/2025,3
Lake,Salix cordata,Dune Willow,LE,Dicots,4/24/2024,1
Lake,Agalinis skinneriana,Pale False Foxglove,LT,Dicots,8/24/2024,2
Lake,Castilleja sessiliflora,Downy Yellow Painted Cup,LE,Dicots,5/24/2025,1
Lake,Penstemon grandiflorus,Large-flowered Beard Tongue,LE,Dicots,6/13/2025,1
Lake,Veronica scutellata,Marsh Speedwell,LT,Dicots,6/19/2024,10
Lake,Viola canadensis,Canada Violet,LE,Dicots,5/15/2023,1
Lake,Viola blanda,Hairy White Violet,LE,Dicots,1990-05,1
Lake,Juniperus horizontalis,Trailing Juniper,LE,Conifers,5/2/2025,1
Lake,Larix laricina,Tamarack,LE,Conifers,5/22/2025,6
Lake,Pinus banksiana,Jack Pine,LE,Conifers,2020,1
Lake,Calla palustris,Water Arum,LE,Monocots,6/21/2023,1
Lake,Carex aurea,Golden Sedge,LT,Monocots,7/11/2024,8
Lake,Carex bromoides,Sedge,LT,Monocots,6/29/2017,4
Lake,Carex brunnescens,Brownish Sedge,LE,Monocots,7/24/2019,3
Lake,Carex canescens,Hoary Sedge,LE,Monocots,6/16/2022,1
Lake,Carex chordorrhiza,Cordroot Sedge,LE,Monocots,5/28/2015,2
Lake,Carex crawfordii,Sedge,LE,Monocots,7/24/1991,1
Lake,Carex diandra,Sedge,LE,Monocots,6/29/2022,3
Lake,Carex disperma,Shortleaf Sedge,LE,Monocots,6/6/2016,4
Lake,Carex echinata,Sedge,LE,Monocots,6/12/2014,2
Lake,Carex garberi,Sedge,LE,Monocots,6/21/2020,1
Lake,Carex intumescens,Swollen Sedge,LT,Monocots,8/7/2021,1
Lake,Carex limosa,Mud Sedge,LE,Monocots,7/3/2023,3
Lake,Carex oligosperma,Few-seeded Sedge,LE,Monocots,6/23/2009,1
Lake,Carex pallescens,Pale Sedge,LE,Monocots,2022,1
Lake,Carex plantaginea,Plantain-leaved Sedge,LE,Monocots,8/11/2021,1
Lake,Carex tuckermanii,Tuckerman's Sedge,LE,Monocots,6/29/2017,3
Lake,Carex viridula,Little Green Sedge,LT,Monocots,6/10/2023,8
Lake,Eleocharis olivacea,Capitate Spikerush,LE,Monocots,9/21/2024,2
Lake,Eleocharis quinqueflora,Few-flowered Spikerush,LE,Monocots,2017,2
Lake,Eleocharis rostellata,Beaked Spike Rush,LT,Monocots,6/17/2024,3
Lake,Eriophorum gracile,Slender Cotton Sedge,LE,Monocots,5/19/2023,2
Lake,Eriophorum virginicum,Rusty Cotton Grass,LE,Monocots,8/23/2023,3
Lake,Rhynchospora alba,Beaked Rush,LE,Monocots,8/8/2024,5
Lake,Trichophorum cespitosum,Tufted Bulrush,LE,Monocots,6/29/2022,1
Lake,Scirpus hattorianus,Bulrush,LE,Monocots,10/6/2022,2
Lake,Scirpus microcarpus,Small-fruited Bulrush,LE,Monocots,7/27/2021,3
Lake,Schoenoplectiella smithii,Smith's Bulrush,LE,Monocots,7/22/2024,2
Lake,Sisyrinchium montanum,Mountain Blue-eyed Grass,LE,Monocots,2017,3
Lake,Triglochin maritima,Common Bog Arrow Grass,LT,Monocots,10/17/2024,7
Lake,Triglochin palustris,Slender Bog Arrow Grass,LT,Monocots,8/28/2024,5
Lake,Polygonatum pubescens,Downy Solomon's Seal,LE,Monocots,5/29/2024,6
Lake,Triantha glutinosa,False Asphodel,LT,Monocots,9/20/2024,2
Lake,Trillium cernuum,Nodding Trillium,LE,Monocots,6/1/2013,1
Lake,Trillium erectum,Ill-scented Trillium,LE,Monocots,5/10/2018,2
Lake,Calopogon tuberosus,Grass Pink Orchid,LE,Monocots,6/30/2024,5
Lake,Corallorhiza maculata,Spotted Coral-root Orchid,LE,Monocots,5/27/2021,1
Lake,Cypripedium parviflorum,Small Yellow Lady's Slipper,LE,Monocots,12/2/2024,5
Lake,Cypripedium reginae,Showy Lady's Slipper,LE,Monocots,5/22/2025,3
Lake,Platanthera clavellata,Wood Orchid,LE,Monocots,7/13/2024,2
Lake,Platanthera flava,Tubercled Orchid,LT,Monocots,7/4/2024,6
Lake,Platanthera leucophaea,Eastern Prairie Fringed Orchid,LE,Monocots,2024,11
Lake,Platanthera psycodes,Purple Fringed Orchid,LE,Monocots,7/26/2022,4
Lake,Pogonia ophioglossoides,Snake-mouth,LE,Monocots,6/17/2024,3
Lake,Spiranthes lucida,Yellow-lipped Ladies' Tresses,LE,Monocots,9/10/2011,1
Lake,Ammophila breviligulata,Marram Grass,LT,Monocots,8/20/2024,6
Lake,Beckmannia syzigachne,American Slough Grass,LE,Monocots,1971-08,1
Lake,Elymus trachycaulus,Bearded Wheat Grass,LE,Monocots,10/7/2022,7
Lake,Poa alsodes,Grove Bluegrass,LE,Monocots,1997,3
Lake,Poa saltuensis ssp. languida,Weak Bluegrass,LE,Monocots,6/19/1990,1
Lake,Potamogeton gramineus,Grass-leaved Pondweed,LT,Monocots,2013,11
Lake,Potamogeton praelongus,White-stemmed Pondweed,LE,Monocots,2012-08,8
Lake,Potamogeton robbinsii,Fern Pondweed,LE,Monocots,2009,5
Lake,Potamogeton strictifolius,Stiff Pondweed,LE,Monocots,8/4/2020,2
Lake,Carex formosa,Sedge,LE,Monocots,6/15/2021,2
Lake,Bombus affinis,Rusty Patched Bumble Bee,LE,Bumble Bees,7/27/2025,21
Lake,Juncus alpinoarticulatus,Richardson's Rush,LT,Monocots,9/3/2024,5
Lake,Utricularia subulata,Hair Bladderwort,LE,Dicots,10/15/2021,1
Lake,Fundulus diaphanus menona,Western Banded Killifish,LT,"Fishes - Freshwater and Anadromous Bony, Cartilaginous; Lampreys",6/28/2023,14
Lake,Circus hudsonius,Northern Harrier,LE,Birds,4/15/2021,3
Lake,Trientalis borealis,Star-flower,LE,Dicots,6/8/2023,3
Lake,Carex trisperma,Three-seeded Sedge,LE,Monocots,6/16/2022,3
Lake,Cardamine pratensis var. palustris,Cuckoo Flower,LE,Dicots,5/28/1978,2
Lake,Colletes andrewsi,Andrews� Cellophane Bee,LE,Other Bees,6/16/2014,1
Lake,Epeolus ainsliei,Ainslie�s Epeolus,LE,Other Bees,8/1/2017,1
Lake,Epeolus interruptus,Interrupted Epeolus,LE,Other Bees,6/23/2020,1
Lake,Sarracenia purpurea,Pitcher Plant,LE,Dicots,1/16/2025,6
Lake,Amelanchier sanguinea,Shadbush,LE,Dicots,6/22/2010,3
Lake,Rallus elegans,King Rail,LE,Birds,7/9/2025,5
Lake,Cambarunio iris,Rainbow,LE,Freshwater Mussels,7/14/2015,1
Lake,Juniperus communis,Ground Juniper,LE,Conifers,4/30/2025,4
Lake,Carex cryptolepis,Sedge,LT,Monocots,6/11/2013,5
Lake,Ixobrychus exilis,Least Bittern,LT,Birds,7/14/2004,1
Lake,Nycticorax nycticorax,Black-crowned Night-Heron,LE,Birds,7/29/2012,1
Lake,Gallinula galeata,Common Gallinule,LE,Birds,8/4/2012,1
Lake,Coccyzus erythropthalmus,Black-billed Cuckoo,LT,Birds,6/17/1994,1
Lake,Xanthocephalus xanthocephalus,Yellow-headed Blackbird,LE,Birds,6/8/2011,1
Lake,Ichthyomyzon fossor,Northern Brook Lamprey,LE,"Fishes - Freshwater and Anadromous Bony, Cartilaginous; Lampreys",9/10/1975,1
Lake,Alburnops chalybaeus,Ironcolor Shiner,LT,"Fishes - Freshwater and Anadromous Bony, Cartilaginous; Lampreys",8/5/2020,1
Lake,Alburnops texanus,Weed Shiner,LE,"Fishes - Freshwater and Anadromous Bony, Cartilaginous; Lampreys",7/14/2025,1
Lake,Moxostoma carinatum,River Redhorse,LT,"Fishes - Freshwater and Anadromous Bony, Cartilaginous; Lampreys",8/5/2020,1
Lake,Fundulus dispar,Starhead Topminnow,LT,"Fishes - Freshwater and Anadromous Bony, Cartilaginous; Lampreys",8/5/2020,1
Lake,Emydoidea blandingii,Blanding's Turtle,LE,Turtles,10/11/2024,1
Lake,Carex viridula,Little Green Sedge,LT,Monocots,7/2/2024,1
Lake,Eleocharis olivacea,Capitate Spikerush,LE,Monocots,8/1/1991,1
Lake,Potamogeton gramineus,Grass-leaved Pondweed,LT,Monocots,6/1/2002,1
Lake,Fundulus diaphanus menona,Western Banded Killifish,LT,"Fishes - Freshwater and Anadromous Bony, Cartilaginous; Lampreys",2020,1
Lawrence,Hemidactylium scutatum,Four-toed Salamander,LT,Amphibians,10/12/2023,1
Lawrence,Ixobrychus exilis,Least Bittern,LT,Birds,2015-06,2
Lawrence,Nycticorax nycticorax,Black-crowned Night-Heron,LE,Birds,6/5/2014,1
Lawrence,Nyctanassa violacea,Yellow-crowned Night-Heron,LE,Birds,6/5/2003,2
Lawrence,Gallinula galeata,Common Gallinule,LE,Birds,6/24/1996,1
Lawrence,Bartramia longicauda,Upland Sandpiper,LE,Birds,6/14/1985,1
Lawrence,Phalaropus tricolor,Wilson's Phalarope,LE,Birds,5/25/2013,1
Lawrence,Coccyzus erythropthalmus,Black-billed Cuckoo,LT,Birds,1999-06,1
Lawrence,Lanius ludovicianus,Loggerhead Shrike,LE,Birds,4/23/1998,2
Lawrence,Setophaga cerulea,Cerulean Warbler,LT,Birds,6/22/2023,2
Lawrence,Nocomis micropogon,River Chub,LE,"Fishes - Freshwater and Anadromous Bony, Cartilaginous; Lampreys",8/28/1964,1
Lawrence,Erimystax x-punctatus,Gravel Chub,LT,"Fishes - Freshwater and Anadromous Bony, Cartilaginous; Lampreys",11/27/1960,1
Lawrence,Lepomis miniatus,Redspotted Sunfish,LT,"Fishes - Freshwater and Anadromous Bony, Cartilaginous; Lampreys",7/14/1996,1
Lawrence,Crystallaria asprella,Crystal Darter,LE,"Fishes - Freshwater and Anadromous Bony, Cartilaginous; Lampreys",1888,1
Lawrence,Ammocrypta pellucida,Eastern Sand Darter,LT,"Fishes - Freshwater and Anadromous Bony, Cartilaginous; Lampreys",9/5/2019,2
Lawrence,Myotis sodalis,Indiana Bat,LE,Mammals,8/1/2019,3
Lawrence,Myotis septentrionalis,Northern Long-eared Bat,LE,Mammals,8/23/1988,1
Lawrence,Terrapene ornata,Ornate Box Turtle,LT,Turtles,5/28/2014,1
Lawrence,Apalone mutica,Smooth Softshell,LT,Turtles,9/4/2020,1
Lawrence,Thamnophis saurita,Eastern Ribbon Snake,LT,Reptiles,10/3/2023,4
Lawrence,Elliptio crassidens,Elephant-ear,LE,Freshwater Mussels,8/18/2011,2
Lawrence,Reginaia ebenus,Ebonyshell,LE,Freshwater Mussels,8/18/2011,2
Lawrence,Plethobasus cyphyus,Sheepnose,LE,Freshwater Mussels,9/9/1988,1
Lawrence,Lithasia obovata,Shawnee Rocksnail,LE,Freshwater Snails,1928,1
Lawrence,Iresine rhizomatosa,Bloodleaf,LE,Dicots,9/10/2020,2
Lawrence,Silene regia,Royal Catchfly,LE,Dicots,7/10/2024,4
Lawrence,Hypericum adpressum,Shore St. John's Wort,LE,Dicots,6/15/1995,1
Lawrence,Sabatia campestris,Prairie Rose Gentian,LE,Dicots,7/18/2000,1
Lawrence,Salvia azurea var. grandiflora,Wild Blue Sage,LT,Dicots,8/29/2019,1
Lawrence,Tracaulon arifolium,Halberd-leaved Tearthumb,LE,Dicots,5/21/2012,2
Lawrence,Clematis viorna,Leatherflower,LE,Dicots,6/14/2001,1
Lawrence,Penstemon tubaeflorus,Tube Beard Tongue,LE,Dicots,5/31/2022,2
Lawrence,Styrax americanus,Storax,LT,Dicots,10/31/2022,2
Lawrence,Carex alata,Winged Sedge,LE,Monocots,5/31/2018,1
Lawrence,Carex arkansana,Arkansas Sedge,LE,Monocots,7/26/2017,1
Lawrence,Carex bromoides,Sedge,LT,Monocots,5/7/2019,2
Lawrence,Carex gigantea,Large Sedge,LE,Monocots,6/15/1995,1
Lawrence,Carex prasina,Drooping Sedge,LT,Monocots,5/8/2019,1
Lawrence,Stenanthium gramineum,Grass-leaved Lily,LT,Monocots,5/31/2022,1
Lawrence,Lycopodium clavatum,Running Pine,LE,Clubmosses,8/28/1994,1
Lawrence,Rallus elegans,King Rail,LE,Birds,5/31/2023,1
Lawrence,Quadrula metanevra,Monkeyface,LT,Freshwater Mussels,9/12/1996,1
Lee,Acipenser fulvescens,Lake Sturgeon,LE,"Fishes - Freshwater and Anadromous Bony, Cartilaginous; Lampreys",4/11/2024,1
Lee,Apalone mutica,Smooth Softshell,LT,Turtles,10/10/2024,1
Lee,Margaritifera monodonta,Spectaclecase,LE,Freshwater Mussels,9/22/2005,1
Lee,Ellipsaria lineolata,Butterfly,LT,Freshwater Mussels,7/21/2023,5
Lee,Plethobasus cyphyus,Sheepnose,LE,Freshwater Mussels,10/17/1992,1
Lee,Quadrula metanevra,Monkeyface,LT,Freshwater Mussels,7/21/2023,1
Lee,Ixobrychus exilis,Least Bittern,LT,Birds,8/14/2009,1
Lee,Nycticorax nycticorax,Black-crowned Night-Heron,LE,Birds,1990,1
Lee,Laterallus jamaicensis,Black Rail,LE,Birds,7/9/1997,1
Lee,Gallinula galeata,Common Gallinule,LE,Birds,7/31/2011,1
Lee,Bartramia longicauda,Upland Sandpiper,LE,Birds,6/12/1998,1
Lee,Coccyzus erythropthalmus,Black-billed Cuckoo,LT,Birds,7/25/2007,1
Lee,Asio flammeus,Short-eared Owl,LE,Birds,2/3/2010,2
Lee,Lanius ludovicianus,Loggerhead Shrike,LE,Birds,7/4/2005,2
Lee,Xanthocephalus xanthocephalus,Yellow-headed Blackbird,LE,Birds,6/15/2002,1
Lee,Ichthyomyzon fossor,Northern Brook Lamprey,LE,"Fishes - Freshwater and Anadromous Bony, Cartilaginous; Lampreys",4/12/1998,1
Lee,Lethenteron appendix,American Brook Lamprey,LT,"Fishes - Freshwater and Anadromous Bony, Cartilaginous; Lampreys",4/16/2019,1
Lee,Hybognathus hankinsoni,Brassy Minnow,LE,"Fishes - Freshwater and Anadromous Bony, Cartilaginous; Lampreys",8/15/1972,1
Lee,Miniellus nubilus,Ozark Minnow,LT,"Fishes - Freshwater and Anadromous Bony, Cartilaginous; Lampreys",7/8/2008,1
Lee,Alburnops texanus,Weed Shiner,LE,"Fishes - Freshwater and Anadromous Bony, Cartilaginous; Lampreys",10/16/2008,1
Lee,Erimystax x-punctatus,Gravel Chub,LT,"Fishes - Freshwater and Anadromous Bony, Cartilaginous; Lampreys",9/14/2021,2
Lee,Fundulus dispar,Starhead Topminnow,LT,"Fishes - Freshwater and Anadromous Bony, Cartilaginous; Lampreys",10/16/2008,2
Lee,Myotis septentrionalis,Northern Long-eared Bat,LE,Mammals,7/23/2016,4
Lee,Emydoidea blandingii,Blanding's Turtle,LE,Turtles,11/14/2024,10
Lee,Terrapene ornata,Ornate Box Turtle,LT,Turtles,5/28/2025,7
Lee,Kinosternon flavescens,Yellow Mud Turtle,LE,Turtles,5/31/1989,2
Lee,Apalone mutica,Smooth Softshell,LT,Turtles,10/26/2009,1
Lee,Heterodon nasicus,Plains Hog-nosed Snake,LT,Reptiles,7/15/2019,3
Lee,Tharsalea helloides,Purplish Copper,LT,Butterflies,2003,1
Lee,Argynnis aphrodite,Aphrodite Fritillary,LT,Butterflies,2017,2
Lee,Argynnis idalia occidentalis,Western Regal Fritillary,LT,Butterflies,7/23/2025,4
Lee,Cyclonaias tuberculata,Purple Wartyback,LT,Freshwater Mussels,7/12/1988,1
Lee,Asclepias lanuginosa,Wooly Milkweed,LE,Dicots,12/10/1986,2
Lee,Eurybia furcata,Forked Aster,LT,Dicots,7/30/2024,2
Lee,Betula alleghaniensis,Yellow Birch,LE,Dicots,7/10/1998,1
Lee,Silene regia,Royal Catchfly,LE,Dicots,12/4/2024,1
Lee,Hudsonia tomentosa,False Heather,LE,Dicots,8/23/1988,1
Lee,Lechea intermedia,Pinweed,LE,Dicots,8/29/2022,2
Lee,Hypericum kalmianum,Kalm's St. John's Wort,LE,Dicots,6/29/2024,1
Lee,Drosera intermedia,Narrow-leaved Sundew,LT,Dicots,10/9/1989,1
Lee,Lespedeza leptostachya,Prairie Bush Clover,LE,Dicots,7/24/2024,2
Lee,Ribes hirtellum,Northern Gooseberry,LE,Dicots,8/30/1981,1
Lee,Juglans cinerea,Butternut,LE,Dicots,1997,1
Lee,Comptonia peregrina,Sweetfern,LE,Dicots,7/25/1954,1
Lee,Orobanche ludoviciana,Broomrape,LT,Dicots,9/29/2025,4
Lee,Polygala incarnata,Pink Milkwort,LE,Dicots,7/17/2023,1
Lee,Filipendula rubra,Queen-of-the-prairie,LT,Dicots,6/8/2024,3
Lee,Rubus setosus,Bristly Blackberry,LT,Dicots,7/1/1999,1
Lee,Synthyris bullii,Kittentails,LT,Dicots,4/26/2025,3
Lee,Castilleja sessiliflora,Downy Yellow Painted Cup,LE,Dicots,6/25/2024,1
Lee,Erythranthe geyeri,Yellow Monkey Flower,LE,Dicots,6/13/2023,1
Lee,Penstemon grandiflorus,Large-flowered Beard Tongue,LE,Dicots,8/11/2022,1
Lee,Carex crawfordii,Sedge,LE,Monocots,2020,1
Lee,Carex debilis,White-edge Sedge,LE,Monocots,2017,1
Lee,Scleria pauciflora,Carolina Whipgrass,LE,Monocots,8/27/1969,2
Lee,Scleria muhlenbergii,Muhlenberg's Nut Rush,LE,Monocots,7/27/1991,1
Lee,Calopogon tuberosus,Grass Pink Orchid,LE,Monocots,10/9/1989,1
Lee,Platanthera clavellata,Wood Orchid,LE,Monocots,7/6/2001,2
Lee,Platanthera flava,Tubercled Orchid,LT,Monocots,6/24/2019,4
Lee,Platanthera leucophaea,Eastern Prairie Fringed Orchid,LE,Monocots,7/7/2024,1
Lee,Sparganium americanum,American Bur-reed,LE,Monocots,10/5/2004,1
Lee,Sparganium emersum,Green-fruited Bur-reed,LE,Monocots,8/2/2023,1
Lee,Woodsia ilvensis,Rusty Woodsia,LE,Leptosporangiate Ferns,2020,1
Lee,Lycopodiella inundata,Bog Clubmoss,LE,Clubmosses,7/6/2001,2
Lee,Botrychium simplex,Dwarf Grape Fern,LE,"Adder's-tongues, Grapeferns, and Moonworts",1971,1
Lee,Bombus affinis,Rusty Patched Bumble Bee,LE,Bumble Bees,8/16/2023,4
Lee,Circus hudsonius,Northern Harrier,LE,Birds,12/16/2012,2
Lee,Andrena quintilis,Eastern Scaly Miner Bee,LE,Other Bees,6/13/2022,2
Lee,Protandrena bancrofti,Mining Bee,LT,Other Bees,7/14/2021,1
Lee,Anthophora walshii,Walsh's Anthophora,LT,Digger Bees,7/24/2015,1
Lee,Colletes aestivalis,Alumroot Cellophane Bee,LE,Other Bees,6/13/2022,1
Lee,Nomia nortoni,Norton's Nomia,LT,Sweat Bees (in part),9/18/2018,1
Lee,Macropis nuda,Naked Oil-collecting Bee,LE,Oil-collecting Bees,7/7/2021,1
Lee,Colletes andrewsi,Andrews� Cellophane Bee,LE,Other Bees,6/11/2019,1
Lee,Epeolus ainsliei,Ainslie�s Epeolus,LE,Other Bees,7/13/2021,1
Lee,Epeolus interruptus,Interrupted Epeolus,LE,Other Bees,6/22/2021,1
Lee,Botrychium matricariifolium,Daisyleaf Grape Fern,LE,"Adder's-tongues, Grapeferns, and Moonworts",7/30/2014,1
Lee,Dieunomia nevadensis bakeri,Baker�s Nomia,LT,Sweat Bees (in part),8/10/2018,1
Lewis,Ellipsaria lineolata,Butterfly,LT,Freshwater Mussels,7/21/2015,1
Lewis,Plethobasus cyphyus,Sheepnose,LE,Freshwater Mussels,8/25/1986,1
Lewis,Quadrula metanevra,Monkeyface,LT,Freshwater Mussels,8/25/1986,1
Lincoln,Acipenser fulvescens,Lake Sturgeon,LE,"Fishes - Freshwater and Anadromous Bony, Cartilaginous; Lampreys",2003,1
Lincoln,Ammocrypta clara,Western Sand Darter,LE,"Fishes - Freshwater and Anadromous Bony, Cartilaginous; Lampreys",5/24/2002,2
Lincoln,Margaritifera monodonta,Spectaclecase,LE,Freshwater Mussels,1988,1
Lincoln,Ellipsaria lineolata,Butterfly,LT,Freshwater Mussels,1999-11,1
Livingston,Bartramia longicauda,Upland Sandpiper,LE,Birds,6/22/2005,2
Livingston,Asio flammeus,Short-eared Owl,LE,Birds,2/25/2016,1
Livingston,Moxostoma carinatum,River Redhorse,LT,"Fishes - Freshwater and Anadromous Bony, Cartilaginous; Lampreys",8/26/2019,4
Livingston,Moxostoma valenciennesi,Greater Redhorse,LE,"Fishes - Freshwater and Anadromous Bony, Cartilaginous; Lampreys",8/11/2014,9
Livingston,Myotis septentrionalis,Northern Long-eared Bat,LE,Mammals,7/19/2011,3
Livingston,Poliocitellus franklinii,Franklin's Ground Squirrel,LT,Mammals,9/24/1976,1
Livingston,Papaipema eryngii,Eryngium Stem Borer,LT,Papaipema Moths,7/2/2019,1
Livingston,Eurynia dilatata,Spike,LE,Freshwater Mussels,7/24/2012,2
Livingston,Apalone mutica,Smooth Softshell,LT,Turtles,8/17/2016,1
Livingston,Faxonius placidus,Bigclaw Crayfish,LE,Crayfishes,11/2/2022,1
Livingston,Ellipsaria lineolata,Butterfly,LT,Freshwater Mussels,9/9/1998,1
Livingston,Reginaia ebenus,Ebonyshell,LE,Freshwater Mussels,9/9/1998,2
Livingston,Phaeophyscia leana,Lea's Bog Lichen,LT,Lichens,1/14/1997,1
Livingston,Quadrula metanevra,Monkeyface,LT,Freshwater Mussels,9/9/1998,1
Logan,Pseudacris illinoensis,Illinois Chorus Frog,LT,Amphibians,3/18/2010,3
Logan,Bartramia longicauda,Upland Sandpiper,LE,Birds,6/25/2016,1
Logan,Lethenteron appendix,American Brook Lamprey,LT,"Fishes - Freshwater and Anadromous Bony, Cartilaginous; Lampreys",7/14/1997,3
Logan,Myotis sodalis,Indiana Bat,LE,Mammals,8/22/2023,1
Logan,Myotis septentrionalis,Northern Long-eared Bat,LE,Mammals,6/10/1988,1
Logan,Apalone mutica,Smooth Softshell,LT,Turtles,7/16/2022,1
Logan,Salvia azurea var. grandiflora,Wild Blue Sage,LT,Dicots,9/16/2024,1
Logan,Quadrula metanevra,Monkeyface,LT,Freshwater Mussels,9/6/1997,1
Louisa,Miniellus boops,Bigeye Shiner,LE,"Fishes - Freshwater and Anadromous Bony, Cartilaginous; Lampreys",8/11/1976,1
Louisa,Margaritifera monodonta,Spectaclecase,LE,Freshwater Mussels,1988,1
Louisa,Ellipsaria lineolata,Butterfly,LT,Freshwater Mussels,9/3/2021,3
Louisa,Reginaia ebenus,Ebonyshell,LE,Freshwater Mussels,9/19/1979,1
Louisa,Lampsilis higginsii,Higgins Eye,LE,Freshwater Mussels,9/3/2021,3
Louisa,Plethobasus cyphyus,Sheepnose,LE,Freshwater Mussels,9/1/1979,1
Louisa,Quadrula metanevra,Monkeyface,LT,Freshwater Mussels,9/1/1979,1
Macon,Bartramia longicauda,Upland Sandpiper,LE,Birds,1998-08,1
Macon,Thryomanes bewickii,Bewick's Wren,LE,Birds,7/20/1991,1
Macon,Clonophis kirtlandii,Kirtland's Snake,LT,Reptiles,4/30/2024,5
Macon,Delphinium carolinianum,Hill Prairie Larkspur,LE,Dicots,6/15/1940,1
Macon,Camassia angusta,Wild Hyacinth,LE,Monocots,6/5/2025,1
Macon,Bombus affinis,Rusty Patched Bumble Bee,LE,Bumble Bees,7/4/2013,1
Macoupin,Myotis sodalis,Indiana Bat,LE,Mammals,7/19/2023,2
Macoupin,Poliocitellus franklinii,Franklin's Ground Squirrel,LT,Mammals,8/15/2009,1
Macoupin,Terrapene ornata,Ornate Box Turtle,LT,Turtles,5/1/2022,6
Macoupin,Clonophis kirtlandii,Kirtland's Snake,LT,Reptiles,10/20/2016,1
Macoupin,Silene regia,Royal Catchfly,LE,Dicots,8/27/2025,2
Macoupin,Astragalus crassicarpus var. trichocalyx,Large Ground Plum,LE,Dicots,4/24/2025,3
Macoupin,Ranunculus harveyi,Harvey's Buttercup,LT,Dicots,4/18/2012,1
Macoupin,Sisyrinchium atlanticum,Eastern Blue-eyed Grass,LE,Monocots,5/12/1997,2
Macoupin,Melanthium virginicum,Virginia Bunchflower,LE,Monocots,6/30/2022,2
Macoupin,Trillium viride,Green Trillium,LE,Monocots,11/8/2000,1
Madison,Pseudacris illinoensis,Illinois Chorus Frog,LT,Amphibians,4/6/2025,1
Madison,Ixobrychus exilis,Least Bittern,LT,Birds,6/25/2015,2
Madison,Egretta caerulea,Little Blue Heron,LE,Birds,7/27/2020,2
Madison,Nycticorax nycticorax,Black-crowned Night-Heron,LE,Birds,5/27/1992,1
Madison,Nyctanassa violacea,Yellow-crowned Night-Heron,LE,Birds,6/30/2019,1
Madison,Pandion haliaetus,Osprey,LT,Birds,6/21/2021,1
Madison,Gallinula galeata,Common Gallinule,LE,Birds,9/14/2021,2
Madison,Sternula antillarum,Least Tern,LE,Birds,7/17/2025,1
Madison,Xanthocephalus xanthocephalus,Yellow-headed Blackbird,LE,Birds,7/17/1992,1
Madison,Acipenser fulvescens,Lake Sturgeon,LE,"Fishes - Freshwater and Anadromous Bony, Cartilaginous; Lampreys",5/4/2015,2
Madison,Scaphirhynchus albus,Pallid Sturgeon,LE,"Fishes - Freshwater and Anadromous Bony, Cartilaginous; Lampreys",5/6/2015,2
Madison,Miniellus boops,Bigeye Shiner,LE,"Fishes - Freshwater and Anadromous Bony, Cartilaginous; Lampreys",6/18/1997,1
Madison,Ammocrypta clara,Western Sand Darter,LE,"Fishes - Freshwater and Anadromous Bony, Cartilaginous; Lampreys",9/13/2005,1
Madison,Myotis sodalis,Indiana Bat,LE,Mammals,2/11/2015,1
Madison,Myotis septentrionalis,Northern Long-eared Bat,LE,Mammals,2/2/2016,1
Madison,Terrapene ornata,Ornate Box Turtle,LT,Turtles,2024-FA,3
Madison,Tropidoclonion lineatum,Lined Snake,LT,Reptiles,9/10/2025,4
Madison,Crotalus horridus,Timber Rattlesnake,LT,Reptiles,9/28/1998,1
Madison,Sistrurus catenatus,Eastern Massasauga,LE,Reptiles,5/12/2001,1
Madison,Margaritifera monodonta,Spectaclecase,LE,Freshwater Mussels,12/4/2008,1
Madison,Ellipsaria lineolata,Butterfly,LT,Freshwater Mussels,9/9/2025,3
Madison,Reginaia ebenus,Ebonyshell,LE,Freshwater Mussels,6/15/1991,1
Madison,Boltonia decurrens,Decurrent False Aster,LT,Dicots,9/19/2025,2
Madison,Silene regia,Royal Catchfly,LE,Dicots,7/21/2022,2
Madison,Tradescantia bracteata,Prairie Spiderwort,LE,Monocots,11/13/2002,1
Madison,Trillium viride,Green Trillium,LE,Monocots,5/1/2024,1
Madison,Spiranthes vernalis,Spring Ladies' Tresses,LE,Monocots,7/21/2022,1
Madison,Quadrula metanevra,Monkeyface,LT,Freshwater Mussels,6/7/1989,1
Madison,Buchnera americana,Blue Hearts,LT,Dicots,8/8/1993,1
Marion,Ixobrychus exilis,Least Bittern,LT,Birds,2022-06,1
Marion,Nycticorax nycticorax,Black-crowned Night-Heron,LE,Birds,6/4/2012,1
Marion,Nyctanassa violacea,Yellow-crowned Night-Heron,LE,Birds,6/15/2007,1
Marion,Tympanuchus cupido,Greater Prairie-Chicken,LE,Birds,2018,2
Marion,Laterallus jamaicensis,Black Rail,LE,Birds,7/19/2009,1
Marion,Bartramia longicauda,Upland Sandpiper,LE,Birds,6/7/2011,2
Marion,Asio flammeus,Short-eared Owl,LE,Birds,1/19/2016,2
Marion,Antrostomus carolinensis,Chuck-will's-widow,LT,Birds,6/3/2023,1
Marion,Lanius ludovicianus,Loggerhead Shrike,LE,Birds,6/4/2021,6
Marion,Myotis sodalis,Indiana Bat,LE,Mammals,7/4/2016,2
Marion,Terrapene ornata,Ornate Box Turtle,LT,Turtles,2/23/2023,2
Marion,Papaipema eryngii,Eryngium Stem Borer,LT,Papaipema Moths,6/27/2025,3
Marion,Silene regia,Royal Catchfly,LE,Dicots,5/14/2015,2
Marion,Sabatia campestris,Prairie Rose Gentian,LE,Dicots,7/25/2025,5
Marion,Cypripedium parviflorum,Small Yellow Lady's Slipper,LE,Monocots,5/16/1967,1
Marion,Spiranthes vernalis,Spring Ladies' Tresses,LE,Monocots,6/27/2025,1
Marion,Circus hudsonius,Northern Harrier,LE,Birds,6/4/2020,2
Marion,Rallus elegans,King Rail,LE,Birds,6/11/2022,1
Marion,Hybognathus hayi,Cypress Minnow,LE,"Fishes - Freshwater and Anadromous Bony, Cartilaginous; Lampreys",9/16/2004,1
Marion,Myotis sodalis,Indiana Bat,LE,Mammals,6/15/2024,1
Marion,Margaritifera monodonta,Spectaclecase,LE,Freshwater Mussels,9/6/1996,1
Marion,Ellipsaria lineolata,Butterfly,LT,Freshwater Mussels,8/24/2018,2
Marion,Elliptio crassidens,Elephant-ear,LE,Freshwater Mussels,6/18/1987,1
Marion,Reginaia ebenus,Ebonyshell,LE,Freshwater Mussels,10/6/2008,1
Marion,Quadrula metanevra,Monkeyface,LT,Freshwater Mussels,8/17/2018,2
Marshall,Pandion haliaetus,Osprey,LT,Birds,5/7/2025,1
Marshall,Moxostoma carinatum,River Redhorse,LT,"Fishes - Freshwater and Anadromous Bony, Cartilaginous; Lampreys",2014,1
Marshall,Percopsis omiscomaycus,Trout-perch,LT,"Fishes - Freshwater and Anadromous Bony, Cartilaginous; Lampreys",7/2/2020,3
Marshall,Myotis sodalis,Indiana Bat,LE,Mammals,5/3/2011,4
Marshall,Myotis septentrionalis,Northern Long-eared Bat,LE,Mammals,7/25/2002,2
Marshall,Canis lupus,Gray/Timber Wolf,LE,Mammals,12/29/2002,1
Marshall,Boltonia decurrens,Decurrent False Aster,LT,Dicots,10/17/2024,3
Marshall,Nothocalais cuspidata,Prairie Dandelion,LE,Dicots,5/11/1999,1
Marshall,Viburnum molle,Arrowwood,LT,Dicots,8/28/2014,2
Marshall,Penstemon tubaeflorus,Tube Beard Tongue,LE,Dicots,6/22/2025,1
Mason,Pseudacris illinoensis,Illinois Chorus Frog,LT,Amphibians,2025,49
Mason,Nycticorax nycticorax,Black-crowned Night-Heron,LE,Birds,7/22/2008,2
Mason,Pandion haliaetus,Osprey,LT,Birds,2017,1
Mason,Gallinula galeata,Common Gallinule,LE,Birds,8/21/2011,1
Mason,Antrostomus carolinensis,Chuck-will's-widow,LT,Birds,6/8/1998,1
Mason,Lanius ludovicianus,Loggerhead Shrike,LE,Birds,7/1/2004,2
Mason,Xanthocephalus xanthocephalus,Yellow-headed Blackbird,LE,Birds,1994-06,1
Mason,Acipenser fulvescens,Lake Sturgeon,LE,"Fishes - Freshwater and Anadromous Bony, Cartilaginous; Lampreys",6/15/1966,1
Mason,Alburnops chalybaeus,Ironcolor Shiner,LT,"Fishes - Freshwater and Anadromous Bony, Cartilaginous; Lampreys",9/19/2023,9
Mason,Erimystax x-punctatus,Gravel Chub,LT,"Fishes - Freshwater and Anadromous Bony, Cartilaginous; Lampreys",6/19/2000,1
Mason,Moxostoma carinatum,River Redhorse,LT,"Fishes - Freshwater and Anadromous Bony, Cartilaginous; Lampreys",9/27/2017,3
Mason,Percopsis omiscomaycus,Trout-perch,LT,"Fishes - Freshwater and Anadromous Bony, Cartilaginous; Lampreys",1966,2
Mason,Fundulus dispar,Starhead Topminnow,LT,"Fishes - Freshwater and Anadromous Bony, Cartilaginous; Lampreys",9/13/2023,6
Mason,Lepomis miniatus,Redspotted Sunfish,LT,"Fishes - Freshwater and Anadromous Bony, Cartilaginous; Lampreys",6/14/2020,3
Mason,Myotis sodalis,Indiana Bat,LE,Mammals,6/27/2024,1
Mason,Myotis septentrionalis,Northern Long-eared Bat,LE,Mammals,6/15/2022,2
Mason,Macrochelys temminckii,Alligator Snapping Turtle,LE,Turtles,1961-pre,1
Mason,Emydoidea blandingii,Blanding's Turtle,LE,Turtles,6/29/2017,2
Mason,Terrapene ornata,Ornate Box Turtle,LT,Turtles,4/29/2024,6
Mason,Kinosternon flavescens,Yellow Mud Turtle,LE,Turtles,7/16/2024,4
Mason,Apalone mutica,Smooth Softshell,LT,Turtles,7/8/2021,4
Mason,Heterodon nasicus,Plains Hog-nosed Snake,LT,Reptiles,2022-08,5
Mason,Hesperia metea,Cobweb Skipper,LE,Butterflies,7/23/1985,1
Mason,Argynnis idalia occidentalis,Western Regal Fritillary,LT,Butterflies,6/16/2025,6
Mason,Reginaia ebenus,Ebonyshell,LE,Freshwater Mussels,9/5/2025,1
Mason,Boltonia decurrens,Decurrent False Aster,LT,Dicots,10/21/2024,5
Mason,Hymenopappus scabiosaeus,Old Plainsman,LE,Dicots,6/14/2017,3
Mason,Nothocalais cuspidata,Prairie Dandelion,LE,Dicots,5/7/2025,1
Mason,Physaria ludoviciana,Silvery Bladderpod,LE,Dicots,6/6/2025,1
Mason,Stylisma pickeringii var. pattersonii,Patterson Bindweed,LE,Dicots,9/1/2022,2
Mason,Astragalus distortus,Bent Milk Vetch,LE,Dicots,5/7/2025,4
Mason,Salvia azurea var. grandiflora,Wild Blue Sage,LT,Dicots,9/26/2025,2
Mason,Orobanche fasciculata,Clustered Broomrape,LE,Dicots,2000,1
Mason,Orobanche ludoviciana,Broomrape,LT,Dicots,8/26/2025,5
Mason,Tracaulon arifolium,Halberd-leaved Tearthumb,LE,Dicots,8/3/1990,1
Mason,Agalinis skinneriana,Pale False Foxglove,LT,Dicots,8/26/2025,1
Mason,Erythranthe geyeri,Yellow Monkey Flower,LE,Dicots,9/8/1977,1
Mason,Pinus banksiana,Jack Pine,LE,Conifers,6/13/1988,1
Mason,Echinodorus tenellus,Small Burhead,LE,Monocots,8/25/2010,1
Mason,Cyperus grayoides,Umbrella Sedge,LT,Monocots,8/21/2025,8
Mason,Schoenoplectiella hallii,Hall's Bulrush,LT,Monocots,10/22/2019,7
Mason,Schoenoplectiella purshiana,Pursh's Bulrush,LE,Monocots,9/13/1995,1
Mason,Cypripedium parviflorum,Small Yellow Lady's Slipper,LE,Monocots,5/21/2004,2
Mason,Platanthera flava,Tubercled Orchid,LT,Monocots,6/14/2017,1
Mason,Athysanella incongrua,Leafhopper,LE,"True Bugs, Cicadas, Hoppers, Aphids and Allies",2006-09,1
Mason,Circus hudsonius,Northern Harrier,LE,Birds,2/3/2012,1
Mason,Anthophora walshii,Walsh's Anthophora,LT,Digger Bees,7/1/1973,1
Mason,Commellus colon,Leafhopper,LE,"True Bugs, Cicadas, Hoppers, Aphids and Allies",7/12/2007,1
Mason,Flexamia grammica,Sand Reed Leafhopper,LE,"True Bugs, Cicadas, Hoppers, Aphids and Allies",8/24/2020,2
Mason,Flexamia albida,Leafhopper,LT,"True Bugs, Cicadas, Hoppers, Aphids and Allies",6/22/2021,2
Mason,Rallus elegans,King Rail,LE,Birds,7/2/1994,1
Mason,Quadrula metanevra,Monkeyface,LT,Freshwater Mussels,9/29/2010,1
Mason,Polyamia rossi,Ross' Polyamia,LT,"True Bugs, Cicadas, Hoppers, Aphids and Allies",8/24/2020,2
Mason,Dieunomia nevadensis bakeri,Baker�s Nomia,LT,Sweat Bees (in part),9/1/2022,2
Massac,Cryptobranchus alleganiensis,Hellbender,LE,Amphibians,4/15/1956,1
Massac,Hyla avivoca,Bird-voiced Treefrog,LT,Amphibians,10/30/2024,1
Massac,Gastrophryne carolinensis,Eastern Narrowmouth Toad,LT,Amphibians,6/9/2025,1
Massac,Ixobrychus exilis,Least Bittern,LT,Birds,6/18/2005,1
Massac,Nyctanassa violacea,Yellow-crowned Night-Heron,LE,Birds,7/26/1998,1
Massac,Pandion haliaetus,Osprey,LT,Birds,5/4/2022,6
Massac,Gallinula galeata,Common Gallinule,LE,Birds,6/25/2017,1
Massac,Sternula antillarum,Least Tern,LE,Birds,6/11/1996,1
Massac,Asio flammeus,Short-eared Owl,LE,Birds,12/19/2005,1
Massac,Antrostomus carolinensis,Chuck-will's-widow,LT,Birds,6/12/2022,1
Massac,Lanius ludovicianus,Loggerhead Shrike,LE,Birds,6/3/1986,1
Massac,Setophaga cerulea,Cerulean Warbler,LT,Birds,1993-07,1
Massac,Hybopsis amblops,Bigeye Chub,LT,"Fishes - Freshwater and Anadromous Bony, Cartilaginous; Lampreys",1976,1
Massac,Notropis maculatus,Taillight Shiner,LE,"Fishes - Freshwater and Anadromous Bony, Cartilaginous; Lampreys",7/19/1988,1
Massac,Noturus stigmosus,Northern Madtom,LE,"Fishes - Freshwater and Anadromous Bony, Cartilaginous; Lampreys",2009-07,1
Massac,Elassoma zonatum,Banded Pygmy Sunfish,LT,"Fishes - Freshwater and Anadromous Bony, Cartilaginous; Lampreys",2/28/2020,4
Massac,Lepomis miniatus,Redspotted Sunfish,LT,"Fishes - Freshwater and Anadromous Bony, Cartilaginous; Lampreys",7/15/1987,2
Massac,Myotis austroriparius,Southeastern Myotis,LE,Mammals,6/26/2005,1
Massac,Myotis septentrionalis,Northern Long-eared Bat,LE,Mammals,7/8/2005,1
Massac,Macrochelys temminckii,Alligator Snapping Turtle,LE,Turtles,1928-1929,1
Massac,Pseudemys concinna,River Cooter,LE,Turtles,6/2/2022,5
Massac,Thamnophis saurita,Eastern Ribbon Snake,LT,Reptiles,8/17/2020,2
Massac,Faxonius placidus,Bigclaw Crayfish,LE,Crayfishes,11/2/2022,3
Massac,Margaritifera monodonta,Spectaclecase,LE,Freshwater Mussels,8/18/1994,1
Massac,Cyclonaias tuberculata,Purple Wartyback,LT,Freshwater Mussels,8/17/2024,3
Massac,Ellipsaria lineolata,Butterfly,LT,Freshwater Mussels,8/17/2024,4
Massac,Elliptio crassidens,Elephant-ear,LE,Freshwater Mussels,8/17/2024,3
Massac,Eurynia dilatata,Spike,LE,Freshwater Mussels,8/14/2024,2
Massac,Reginaia ebenus,Ebonyshell,LE,Freshwater Mussels,11/1/2021,4
Massac,Lampsilis abrupta,Pink Mucket,LE,Freshwater Mussels,8/22/2004,1
Massac,Plethobasus cooperianus,Orangefoot Pimpleback,LE,Freshwater Mussels,7/31/2024,1
Massac,Plethobasus cyphyus,Sheepnose,LE,Freshwater Mussels,8/10/2024,3
Massac,Pleurobema cordatum,Ohio Pigtoe,LE,Freshwater Mussels,8/16/2024,2
Massac,Potamilus capax,Fat Pocketbook,LE,Freshwater Mussels,8/9/2024,3
Massac,Theliderma cylindrica,Rabbitsfoot,LE,Freshwater Mussels,7/31/2024,3
Massac,Phaeophyscia leana,Lea's Bog Lichen,LT,Lichens,5/8/2023,2
Massac,Iresine rhizomatosa,Bloodleaf,LE,Dicots,8/24/2021,1
Massac,Eryngium prostratum,Eryngo,LE,Dicots,8/8/2002,1
Massac,Matelea decipiens,Climbing Milkweed,LE,Dicots,2019,1
Massac,Helianthus angustifolius,Narrow-leaved Sunflower,LE,Dicots,9/30/2024,5
Massac,Melanthera nivea,White Melanthera,LE,Dicots,8/13/2024,2
Massac,Euonymus americanus,American Strawberry Bush,LT,Dicots,8/27/2013,2
Massac,Melothria pendula,Squirting Cucumber,LT,Dicots,5/26/2004,1
Massac,Amorpha nitens,Smooth False Indigo,LE,Dicots,6/28/2004,1
Massac,Lackeya multiflora,Boykin's Dioclea,LE,Dicots,10/2/2025,2
Massac,Quercus phellos,Willow Oak,LT,Dicots,4/18/2024,7
Massac,Carya aquatica,Water Hickory,LE,Dicots,2015,4
Massac,Rhexia mariana,Dull Meadow Beauty,LE,Dicots,9/30/2024,1
Massac,Actaea rubifolia,Black Cohosh,LE,Dicots,7/21/2023,1
Massac,Malus angustifolia,Narrow-leaved Crabapple,LE,Dicots,4/16/2024,2
Massac,Halesia carolina,Silverbell Tree,LE,Dicots,4/9/2025,2
Massac,Styrax americanus,Storax,LT,Dicots,4/18/2024,8
Massac,Tilia americana var. heterophylla,White Basswood,LE,Dicots,10/2/2005,1
Massac,Planera aquatica,Water Elm,LT,Dicots,6/11/2024,3
Massac,Carex albolutescens,Greenish-white Oval Sedge,LE,Monocots,5/22/2021,1
Massac,Carex gigantea,Large Sedge,LE,Monocots,9/29/2022,2
Massac,Carex intumescens,Swollen Sedge,LT,Monocots,7/17/2024,5
Massac,Carex reniformis,Sedge,LE,Monocots,6/9/2010,3
Massac,Cyperus lancastriensis,Galingale,LT,Monocots,9/18/2013,1
Massac,Scirpus polyphyllus,Leafy Bulrush,LE,Monocots,8/12/2024,1
Massac,Scleria pauciflora,Carolina Whipgrass,LE,Monocots,6/30/2004,1
Massac,Chamaelirium luteum,Fairy Wand,LE,Monocots,6/24/2015,2
Massac,Platanthera flava,Tubercled Orchid,LT,Monocots,7/29/2021,1
Massac,Spiranthes vernalis,Spring Ladies' Tresses,LE,Monocots,7/29/2025,1
Massac,Melica mutica,Two-flowered Melic Grass,LE,Monocots,6/11/2024,3
Massac,Nemophila aphylla,Baby blue-eyes,LE,Dicots,4/9/2025,2
Massac,Rallus elegans,King Rail,LE,Birds,6/25/2006,1
Massac,Quadrula metanevra,Monkeyface,LT,Freshwater Mussels,8/17/2024,5
Massac,Phemeranthus parviflorus,Small Flower-of-an-hour,LT,Dicots,5/6/2021,1
McCracken,Cryptobranchus alleganiensis,Hellbender,LE,Amphibians,4/15/1956,1
McCracken,Pandion haliaetus,Osprey,LT,Birds,2015,1
McCracken,Hybopsis amblops,Bigeye Chub,LT,"Fishes - Freshwater and Anadromous Bony, Cartilaginous; Lampreys",1976,1
McCracken,Noturus stigmosus,Northern Madtom,LE,"Fishes - Freshwater and Anadromous Bony, Cartilaginous; Lampreys",2009-07,1
McCracken,Macrochelys temminckii,Alligator Snapping Turtle,LE,Turtles,1928-1929,1
McCracken,Pseudemys concinna,River Cooter,LE,Turtles,6/12/2013,1
McCracken,Faxonius placidus,Bigclaw Crayfish,LE,Crayfishes,11/2/2022,2
McCracken,Margaritifera monodonta,Spectaclecase,LE,Freshwater Mussels,8/18/1994,1
McCracken,Cyclonaias tuberculata,Purple Wartyback,LT,Freshwater Mussels,8/17/2024,3
McCracken,Ellipsaria lineolata,Butterfly,LT,Freshwater Mussels,8/17/2024,3
McCracken,Elliptio crassidens,Elephant-ear,LE,Freshwater Mussels,8/17/2024,3
McCracken,Eurynia dilatata,Spike,LE,Freshwater Mussels,8/14/2024,1
McCracken,Reginaia ebenus,Ebonyshell,LE,Freshwater Mussels,11/1/2021,3
McCracken,Lampsilis abrupta,Pink Mucket,LE,Freshwater Mussels,8/22/2004,1
McCracken,Plethobasus cooperianus,Orangefoot Pimpleback,LE,Freshwater Mussels,7/31/2024,2
McCracken,Plethobasus cyphyus,Sheepnose,LE,Freshwater Mussels,8/10/2024,3
McCracken,Pleurobema cordatum,Ohio Pigtoe,LE,Freshwater Mussels,8/16/2024,3
McCracken,Potamilus capax,Fat Pocketbook,LE,Freshwater Mussels,8/9/2024,3
McCracken,Theliderma cylindrica,Rabbitsfoot,LE,Freshwater Mussels,7/31/2024,2
McCracken,Phaeophyscia leana,Lea's Bog Lichen,LT,Lichens,1991,1
McCracken,Quadrula metanevra,Monkeyface,LT,Freshwater Mussels,8/17/2024,2
Mcdonough,Bartramia longicauda,Upland Sandpiper,LE,Birds,5/9/2015,1
Mcdonough,Lanius ludovicianus,Loggerhead Shrike,LE,Birds,6/25/1988,2
Mcdonough,Myotis sodalis,Indiana Bat,LE,Mammals,8/12/2024,7
Mcdonough,Myotis septentrionalis,Northern Long-eared Bat,LE,Mammals,6/22/2002,3
Mcdonough,Tropidoclonion lineatum,Lined Snake,LT,Reptiles,10/9/2001,1
Mcdonough,Caecidotea lesliei,Isopod,LE,Isopods,5/1/2001,1
Mcdonough,Argynnis idalia occidentalis,Western Regal Fritillary,LT,Butterflies,7/4/2022,3
Mcdonough,Filipendula rubra,Queen-of-the-prairie,LT,Dicots,6/29/2020,2
Mcdonough,Pinus banksiana,Jack Pine,LE,Conifers,4/27/1968,1
Mcdonough,Tradescantia bracteata,Prairie Spiderwort,LE,Monocots,5/12/1987,2
Mcdonough,Melanthium virginicum,Virginia Bunchflower,LE,Monocots,2025,10
Mchenry,Botaurus lentiginosus,American Bittern,LE,Birds,7/22/2020,3
Mchenry,Ixobrychus exilis,Least Bittern,LT,Birds,6/3/2025,10
Mchenry,Nycticorax nycticorax,Black-crowned Night-Heron,LE,Birds,2003,4
Mchenry,Pandion haliaetus,Osprey,LT,Birds,7/7/2025,11
Mchenry,Buteo swainsoni,Swainson's Hawk,LE,Birds,7/8/2007,5
Mchenry,Gallinula galeata,Common Gallinule,LE,Birds,6/26/2024,6
Mchenry,Bartramia longicauda,Upland Sandpiper,LE,Birds,6/26/2018,2
Mchenry,Sterna forsteri,Forster's Tern,LE,Birds,5/25/2005,1
Mchenry,Chlidonias niger,Black Tern,LE,Birds,6/9/2025,6
Mchenry,Coccyzus erythropthalmus,Black-billed Cuckoo,LT,Birds,6/19/2019,5
Mchenry,Asio flammeus,Short-eared Owl,LE,Birds,1/24/2018,1
Mchenry,Xanthocephalus xanthocephalus,Yellow-headed Blackbird,LE,Birds,5/30/2025,9
Mchenry,Lethenteron appendix,American Brook Lamprey,LT,"Fishes - Freshwater and Anadromous Bony, Cartilaginous; Lampreys",10/24/2025,9
Mchenry,Cottus bairdii,Mottled Sculpin,LT,"Fishes - Freshwater and Anadromous Bony, Cartilaginous; Lampreys",11/13/2025,4
Mchenry,Hybognathus hankinsoni,Brassy Minnow,LE,"Fishes - Freshwater and Anadromous Bony, Cartilaginous; Lampreys",9/7/1999,4
Mchenry,Notropis anogenus,Pugnose Shiner,LE,"Fishes - Freshwater and Anadromous Bony, Cartilaginous; Lampreys",7/17/2019,4
Mchenry,Miniellus heterodon,Blackchin Shiner,LT,"Fishes - Freshwater and Anadromous Bony, Cartilaginous; Lampreys",8/15/2022,5
Mchenry,Notropis heterolepis,Blacknose Shiner,LE,"Fishes - Freshwater and Anadromous Bony, Cartilaginous; Lampreys",8/13/2013,6
Mchenry,Moxostoma carinatum,River Redhorse,LT,"Fishes - Freshwater and Anadromous Bony, Cartilaginous; Lampreys",9/26/1991,2
Mchenry,Fundulus dispar,Starhead Topminnow,LT,"Fishes - Freshwater and Anadromous Bony, Cartilaginous; Lampreys",7/17/2019,6
Mchenry,Myotis septentrionalis,Northern Long-eared Bat,LE,Mammals,7/21/2014,3
Mchenry,Emydoidea blandingii,Blanding's Turtle,LE,Turtles,6/17/2025,43
Mchenry,Aflexia rubranura,Red-tailed Prairie Leafhopper,LT,"True Bugs, Cicadas, Hoppers, Aphids and Allies",7/1/2020,1
Mchenry,Tharsalea helloides,Purplish Copper,LT,Butterflies,9/2/2020,10
Mchenry,Argynnis aphrodite,Aphrodite Fritillary,LT,Butterflies,2019,8
Mchenry,Nannothemis bella,Elfin Skimmer,LE,Dragonflies and Damselflies,7/22/2023,1
Mchenry,Eurynia dilatata,Spike,LE,Freshwater Mussels,9/10/2025,10
Mchenry,Asclepias lanuginosa,Wooly Milkweed,LE,Dicots,6/9/2021,3
Mchenry,Eurybia furcata,Forked Aster,LT,Dicots,7/25/2024,2
Mchenry,Helianthus giganteus,Tall Sunflower,LE,Dicots,10/8/2004,4
Mchenry,Alnus incana ssp. rugosa,Speckled Alder,LE,Dicots,5/27/2024,2
Mchenry,Lechea intermedia,Pinweed,LE,Dicots,7/23/2021,4
Mchenry,Hypericum kalmianum,Kalm's St. John's Wort,LE,Dicots,6/5/2018,1
Mchenry,Cornus canadensis,Bunchberry,LE,Dicots,5/27/1972,1
Mchenry,Drosera rotundifolia,Round-leaved Sundew,LE,Dicots,6/6/2024,2
Mchenry,Chamaedaphne calyculata,Leatherleaf,LT,Dicots,4/3/2024,3
Mchenry,Vaccinium corymbosum,Highbush Blueberry,LE,Dicots,1/16/2025,1
Mchenry,Vaccinium macrocarpon,Large Cranberry,LE,Dicots,8/22/1977,1
Mchenry,Lathyrus ochroleucus,Pale Vetchling,LT,Dicots,6/7/2024,10
Mchenry,Lespedeza leptostachya,Prairie Bush Clover,LE,Dicots,8/14/2024,2
Mchenry,Vicia caroliniana,Wood Vetch,LE,Dicots,5/22/2024,1
Mchenry,Juglans cinerea,Butternut,LE,Dicots,5/4/2023,2
Mchenry,Utricularia cornuta,Horned Bladderwort,LE,Dicots,7/3/2020,1
Mchenry,Utricularia intermedia,Flat-leaved Bladderwort,LT,Dicots,8/23/2024,6
Mchenry,Utricularia minor,Small Bladderwort,LE,Dicots,9/5/2024,2
Mchenry,Menyanthes trifoliata,Buckbean,LT,Dicots,6/6/2024,5
Mchenry,Epilobium strictum,Downy Willow Herb,LE,Dicots,6/6/2024,3
Mchenry,Actaea racemosa,False Bugbane,LE,Dicots,7/17/2023,3
Mchenry,Actaea rubifolia,Black Cohosh,LE,Dicots,8/2/2017,1
Mchenry,Ranunculus rhomboideus,Prairie Buttercup,LE,Dicots,4/23/2025,5
Mchenry,Filipendula rubra,Queen-of-the-prairie,LT,Dicots,7/27/2013,6
Mchenry,Populus balsamifera,Balsam Poplar,LE,Dicots,5/19/2022,2
Mchenry,Salix serissima,Autumn Willow,LE,Dicots,6/14/2013,1
Mchenry,Castilleja sessiliflora,Downy Yellow Painted Cup,LE,Dicots,10/8/2004,1
Mchenry,Penstemon grandiflorus,Large-flowered Beard Tongue,LE,Dicots,6/9/1963,1
Mchenry,Valeriana uliginosa,Marsh Valerian,LE,Dicots,5/23/2024,2
Mchenry,Larix laricina,Tamarack,LE,Conifers,5/22/2025,2
Mchenry,Carex aurea,Golden Sedge,LT,Monocots,6/18/1991,1
Mchenry,Carex canescens,Hoary Sedge,LE,Monocots,6/16/2022,1
Mchenry,Carex disperma,Shortleaf Sedge,LE,Monocots,6/6/2016,1
Mchenry,Carex oligosperma,Few-seeded Sedge,LE,Monocots,6/28/2022,2
Mchenry,Carex viridula,Little Green Sedge,LT,Monocots,7/22/2024,4
Mchenry,Eleocharis quinqueflora,Few-flowered Spikerush,LE,Monocots,1984-07,1
Mchenry,Eleocharis rostellata,Beaked Spike Rush,LT,Monocots,4/3/2024,6
Mchenry,Eriophorum gracile,Slender Cotton Sedge,LE,Monocots,5/17/2023,1
Mchenry,Eriophorum virginicum,Rusty Cotton Grass,LE,Monocots,11/22/2021,2
Mchenry,Rhynchospora alba,Beaked Rush,LE,Monocots,8/8/2024,3
Mchenry,Trichophorum cespitosum,Tufted Bulrush,LE,Monocots,5/2/2023,2
Mchenry,Triglochin maritima,Common Bog Arrow Grass,LT,Monocots,7/18/2024,10
Mchenry,Triglochin palustris,Slender Bog Arrow Grass,LT,Monocots,7/22/2024,6
Mchenry,Triantha glutinosa,False Asphodel,LT,Monocots,7/14/2023,5
Mchenry,Trillium cernuum,Nodding Trillium,LE,Monocots,5/30/2023,3
Mchenry,Trillium erectum,Ill-scented Trillium,LE,Monocots,5/16/2014,2
Mchenry,Calopogon tuberosus,Grass Pink Orchid,LE,Monocots,6/14/2024,5
Mchenry,Corallorhiza maculata,Spotted Coral-root Orchid,LE,Monocots,9/1/1995,2
Mchenry,Cypripedium acaule,Moccasin Flower,LE,Monocots,197--EARLY,1
Mchenry,Cypripedium parviflorum,Small Yellow Lady's Slipper,LE,Monocots,12/2/2024,7
Mchenry,Cypripedium reginae,Showy Lady's Slipper,LE,Monocots,5/22/2025,1
Mchenry,Platanthera leucophaea,Eastern Prairie Fringed Orchid,LE,Monocots,2024,4
Mchenry,Pogonia ophioglossoides,Snake-mouth,LE,Monocots,6/14/2024,4
Mchenry,Potamogeton gramineus,Grass-leaved Pondweed,LT,Monocots,7/30/1991,3
Mchenry,Potamogeton praelongus,White-stemmed Pondweed,LE,Monocots,1916-06,1
Mchenry,Potamogeton robbinsii,Fern Pondweed,LE,Monocots,7/30/1991,1
Mchenry,Sparganium emersum,Green-fruited Bur-reed,LE,Monocots,8/3/2024,3
Mchenry,Equisetum pratense,Meadow Horsetail,LT,Horsetails,9/1/2015,1
Mchenry,Bombus affinis,Rusty Patched Bumble Bee,LE,Bumble Bees,8/12/2025,32
Mchenry,Juncus alpinoarticulatus,Richardson's Rush,LT,Monocots,7/6/2024,3
Mchenry,Fundulus diaphanus menona,Western Banded Killifish,LT,"Fishes - Freshwater and Anadromous Bony, Cartilaginous; Lampreys",8/24/2019,4
Mchenry,Circus hudsonius,Northern Harrier,LE,Birds,1/4/2012,2
Mchenry,Trientalis borealis,Star-flower,LE,Dicots,6/8/2023,1
Mchenry,Carex trisperma,Three-seeded Sedge,LE,Monocots,6/16/2022,1
Mchenry,Protandrena bancrofti,Mining Bee,LT,Other Bees,7/8/2019,1
Mchenry,Colletes aestivalis,Alumroot Cellophane Bee,LE,Other Bees,6/5/2020,1
Mchenry,Cardamine pratensis var. palustris,Cuckoo Flower,LE,Dicots,6/6/2024,2
Mchenry,Sarracenia purpurea,Pitcher Plant,LE,Dicots,1/16/2025,4
Mchenry,Amelanchier sanguinea,Shadbush,LE,Dicots,5/2/2023,2
Mchenry,Rallus elegans,King Rail,LE,Birds,6/9/2022,3
Mchenry,Cambarunio iris,Rainbow,LE,Freshwater Mussels,2002-08,1
Mchenry,Carex cryptolepis,Sedge,LT,Monocots,7/5/1993,1
Mclean,Ixobrychus exilis,Least Bittern,LT,Birds,7/31/2009,1
Mclean,Pandion haliaetus,Osprey,LT,Birds,2024-05,1
Mclean,Bartramia longicauda,Upland Sandpiper,LE,Birds,7/17/2025,7
Mclean,Coccyzus erythropthalmus,Black-billed Cuckoo,LT,Birds,8/23/2018,1
Mclean,Asio flammeus,Short-eared Owl,LE,Birds,3/15/2018,3
Mclean,Lanius ludovicianus,Loggerhead Shrike,LE,Birds,7/23/2008,4
Mclean,Acipenser fulvescens,Lake Sturgeon,LE,"Fishes - Freshwater and Anadromous Bony, Cartilaginous; Lampreys",5/7/2020,1
Mclean,Myotis septentrionalis,Northern Long-eared Bat,LE,Mammals,6/13/1985,1
Mclean,Poliocitellus franklinii,Franklin's Ground Squirrel,LT,Mammals,5/2/2013,4
Mclean,Clonophis kirtlandii,Kirtland's Snake,LT,Reptiles,12/24/2023,4
Mclean,Silene regia,Royal Catchfly,LE,Dicots,8/2/2023,1
Mclean,Juglans cinerea,Butternut,LE,Dicots,10/26/2005,1
Mclean,Salvia azurea var. grandiflora,Wild Blue Sage,LT,Dicots,8/23/2021,1
Mclean,Circus hudsonius,Northern Harrier,LE,Birds,6/9/2015,1
Mclean,Necturus maculosus,Mudpuppy,LT,Amphibians,2/23/2024,8
Mclean,Quadrula metanevra,Monkeyface,LT,Freshwater Mussels,7/19/2024,2
Menard,Pseudacris illinoensis,Illinois Chorus Frog,LT,Amphibians,2025,7
Menard,Lanius ludovicianus,Loggerhead Shrike,LE,Birds,1992,2
Menard,Acipenser fulvescens,Lake Sturgeon,LE,"Fishes - Freshwater and Anadromous Bony, Cartilaginous; Lampreys",1996-03,1
Menard,Terrapene ornata,Ornate Box Turtle,LT,Turtles,6/3/2024,2
Menard,Apalone mutica,Smooth Softshell,LT,Turtles,7/16/2022,2
Menard,Argynnis idalia occidentalis,Western Regal Fritillary,LT,Butterflies,6/11/2004,2
Menard,Boltonia decurrens,Decurrent False Aster,LT,Dicots,10/28/1996,1
Menard,Orobanche ludoviciana,Broomrape,LT,Dicots,1992-PRE,1
Menard,Agalinis skinneriana,Pale False Foxglove,LT,Dicots,2001-08,1
Menard,Tradescantia bracteata,Prairie Spiderwort,LE,Monocots,2001-05,1
Menard,Cyperus grayoides,Umbrella Sedge,LT,Monocots,8/26/2003,1
Mercer,Antrostomus carolinensis,Chuck-will's-widow,LT,Birds,5/16/2011,1
Mercer,Lanius ludovicianus,Loggerhead Shrike,LE,Birds,6/28/1994,1
Mercer,Acipenser fulvescens,Lake Sturgeon,LE,"Fishes - Freshwater and Anadromous Bony, Cartilaginous; Lampreys",3/25/2025,2
Mercer,Hybopsis amnis,Pallid Shiner,LE,"Fishes - Freshwater and Anadromous Bony, Cartilaginous; Lampreys",7/22/2019,1
Mercer,Hybognathus hankinsoni,Brassy Minnow,LE,"Fishes - Freshwater and Anadromous Bony, Cartilaginous; Lampreys",7/23/1967,1
Mercer,Miniellus boops,Bigeye Shiner,LE,"Fishes - Freshwater and Anadromous Bony, Cartilaginous; Lampreys",8/11/1976,1
Mercer,Ammocrypta clara,Western Sand Darter,LE,"Fishes - Freshwater and Anadromous Bony, Cartilaginous; Lampreys",6/30/2015,1
Mercer,Myotis sodalis,Indiana Bat,LE,Mammals,6/11/2016,2
Mercer,Myotis septentrionalis,Northern Long-eared Bat,LE,Mammals,6/11/2016,2
Mercer,Terrapene ornata,Ornate Box Turtle,LT,Turtles,1990,1
Mercer,Margaritifera monodonta,Spectaclecase,LE,Freshwater Mussels,1988,1
Mercer,Ellipsaria lineolata,Butterfly,LT,Freshwater Mussels,9/3/2021,4
Mercer,Reginaia ebenus,Ebonyshell,LE,Freshwater Mussels,9/19/1979,1
Mercer,Lampsilis higginsii,Higgins Eye,LE,Freshwater Mussels,9/3/2021,3
Mercer,Plethobasus cyphyus,Sheepnose,LE,Freshwater Mussels,9/1/1979,1
Mercer,Delphinium carolinianum,Hill Prairie Larkspur,LE,Dicots,2014,1
Mercer,Quadrula metanevra,Monkeyface,LT,Freshwater Mussels,9/3/2021,3
Mississippi,Crystallaria asprella,Crystal Darter,LE,"Fishes - Freshwater and Anadromous Bony, Cartilaginous; Lampreys",8/27/2019,2
Monroe,Pseudacris illinoensis,Illinois Chorus Frog,LT,Amphibians,4/8/1999,4
Monroe,Gastrophryne carolinensis,Eastern Narrowmouth Toad,LT,Amphibians,6/9/2025,10
Monroe,Botaurus lentiginosus,American Bittern,LE,Birds,10/26/2008,1
Monroe,Ixobrychus exilis,Least Bittern,LT,Birds,5/7/2011,2
Monroe,Nycticorax nycticorax,Black-crowned Night-Heron,LE,Birds,8/27/2009,1
Monroe,Nyctanassa violacea,Yellow-crowned Night-Heron,LE,Birds,8/7/2009,1
Monroe,Gallinula galeata,Common Gallinule,LE,Birds,5/20/2020,3
Monroe,Coccyzus erythropthalmus,Black-billed Cuckoo,LT,Birds,9/22/2024,1
Monroe,Lanius ludovicianus,Loggerhead Shrike,LE,Birds,8/17/1989,4
Monroe,Setophaga cerulea,Cerulean Warbler,LT,Birds,5/11/2025,2
Monroe,Miniellus boops,Bigeye Shiner,LE,"Fishes - Freshwater and Anadromous Bony, Cartilaginous; Lampreys",7/29/2013,1
Monroe,Erimystax x-punctatus,Gravel Chub,LT,"Fishes - Freshwater and Anadromous Bony, Cartilaginous; Lampreys",7/30/1963,1
Monroe,Crystallaria asprella,Crystal Darter,LE,"Fishes - Freshwater and Anadromous Bony, Cartilaginous; Lampreys",7/11/2013,1
Monroe,Myotis grisescens,Gray Bat,LE,Mammals,7/5/2001,1
Monroe,Myotis sodalis,Indiana Bat,LE,Mammals,9/2/2016,4
Monroe,Myotis septentrionalis,Northern Long-eared Bat,LE,Mammals,2/9/2016,3
Monroe,Pantherophis emoryi,Great Plains Ratsnake,LE,Reptiles,5/28/2025,2
Monroe,Tantilla gracilis,Flat-headed Snake,LT,Reptiles,6/9/2025,4
Monroe,Crotalus horridus,Timber Rattlesnake,LT,Reptiles,8/10/2025,4
Monroe,Gammarus acherondytes,Illinois Cave Amphipod,LE,Amphipods,6/23/2025,9
Monroe,Fontigens antroecetes,Hydrobiid cave snail,LE,Other Molluscs,8/31/2025,1
Monroe,Matelea decipiens,Climbing Milkweed,LE,Dicots,5/20/2024,2
Monroe,Rudbeckia missouriensis,Missouri Orange Coneflower,LT,Dicots,10/15/2024,5
Monroe,Heliotropium tenellum,Slender Heliotrope,LE,Dicots,7/2/2024,5
Monroe,Draba cuneifolia,Whitlow Grass,LE,Dicots,3/15/2024,4
Monroe,Melothria pendula,Squirting Cucumber,LT,Dicots,7/22/2021,1
Monroe,Euphorbia spathulata,Spurge,LE,Dicots,5/18/2023,2
Monroe,Salvia azurea var. grandiflora,Wild Blue Sage,LT,Dicots,8/11/2023,1
Monroe,Mentzelia oligosperma,Stickleaf,LE,Dicots,5/16/2024,5
Monroe,Phemeranthus calycinus,Fameflower,LE,Dicots,6/3/2022,1
Monroe,Galium virgatum,Dwarf Bedstraw,LE,Dicots,7/5/2022,5
Monroe,Penstemon tubaeflorus,Tube Beard Tongue,LE,Dicots,5/30/2025,1
Monroe,Sideroxylon lanuginosum,Wooly Buckthorn,LE,Dicots,5/26/2024,3
Monroe,Pinus echinata,Shortleaf Pine,LE,Conifers,6/20/2012,1
Monroe,Carex nigromarginata,Black-edged Sedge,LE,Monocots,5/13/2011,1
Monroe,Cyperus grayoides,Umbrella Sedge,LT,Monocots,5/18/2015,1
Monroe,Cypripedium parviflorum,Small Yellow Lady's Slipper,LE,Monocots,5/2/1975,1
Monroe,Hexalectris spicata,Crested Coralroot Orchid,LE,Monocots,7/28/2025,6
Monroe,Spiranthes vernalis,Spring Ladies' Tresses,LE,Monocots,9/7/2022,1
Monroe,Pygmarrhopalites madonnensis,Madonna Cave Springtail,LE,"Diplurans, Springtails, and Proturans",12/11/1998,1
Monroe,Centruroides vittatus,Common Striped Scorpion,LE,Spiders and other Chelicerates,8/4/2025,1
Monroe,Fitchiella robertsonii,Fitch�s Elephanthopper,LT,"True Bugs, Cicadas, Hoppers, Aphids and Allies",8/13/2020,2
Monroe,Nomia nortoni,Norton's Nomia,LT,Sweat Bees (in part),7/19/2024,1
Monroe,Buchnera americana,Blue Hearts,LT,Dicots,8/4/2025,5
Monroe,Poblicia fuliginosa,Planthopper,LT,"True Bugs, Cicadas, Hoppers, Aphids and Allies",9/11/2023,1
Montgomery,Terrapene ornata,Ornate Box Turtle,LT,Turtles,4/21/2023,1
Montgomery,Clonophis kirtlandii,Kirtland's Snake,LT,Reptiles,4/25/2021,1
Montgomery,Calephelis muticum,Swamp Metalmark,LE,Butterflies,8/9/2003,1
Montgomery,Silene regia,Royal Catchfly,LE,Dicots,8/27/2025,2
Montgomery,Trifolium reflexum,Buffalo Clover,LT,Dicots,6/14/2017,1
Montgomery,Sabatia campestris,Prairie Rose Gentian,LE,Dicots,7/26/2019,1
Montgomery,Juglans cinerea,Butternut,LE,Dicots,7/29/1991,1
Montgomery,Monarda clinopodia,White Bergamot,LT,Dicots,2018,1
Montgomery,Collinsia violacea,Violet Collinsia,LE,Dicots,2020-PRE,1
Montgomery,Sisyrinchium atlanticum,Eastern Blue-eyed Grass,LE,Monocots,6/12/2002,2
Montgomery,Melanthium virginicum,Virginia Bunchflower,LE,Monocots,2022,2
Montgomery,Circus hudsonius,Northern Harrier,LE,Birds,2/15/2015,1
Morgan,Pseudacris illinoensis,Illinois Chorus Frog,LT,Amphibians,2025,5
Morgan,Bartramia longicauda,Upland Sandpiper,LE,Birds,6/22/2022,2
Morgan,Asio flammeus,Short-eared Owl,LE,Birds,2013-02,1
Morgan,Lanius ludovicianus,Loggerhead Shrike,LE,Birds,1997-06,3
Morgan,Fundulus dispar,Starhead Topminnow,LT,"Fishes - Freshwater and Anadromous Bony, Cartilaginous; Lampreys",6/20/1927,1
Morgan,Myotis sodalis,Indiana Bat,LE,Mammals,5/28/2015,1
Morgan,Terrapene ornata,Ornate Box Turtle,LT,Turtles,9/6/2025,3
Morgan,Heterodon nasicus,Plains Hog-nosed Snake,LT,Reptiles,4/23/2020,1
Morgan,Tropidoclonion lineatum,Lined Snake,LT,Reptiles,4/11/2024,1
Morgan,Argynnis idalia occidentalis,Western Regal Fritillary,LT,Butterflies,7/7/2025,2
Morgan,Reginaia ebenus,Ebonyshell,LE,Freshwater Mussels,8/14/2002,1
Morgan,Boltonia decurrens,Decurrent False Aster,LT,Dicots,10/17/2025,1
Morgan,Astragalus distortus,Bent Milk Vetch,LE,Dicots,4/10/2012,1
Morgan,Polygala incarnata,Pink Milkwort,LE,Dicots,8/9/2021,1
Morgan,Agalinis skinneriana,Pale False Foxglove,LT,Dicots,9/29/2021,3
Morgan,Schoenoplectiella hallii,Hall's Bulrush,LT,Monocots,10/12/1993,1
Morgan,Melanthium virginicum,Virginia Bunchflower,LE,Monocots,4/27/1993,1
Morgan,Circus hudsonius,Northern Harrier,LE,Birds,2/23/2017,1
Morgan,Flexamia albida,Leafhopper,LT,"True Bugs, Cicadas, Hoppers, Aphids and Allies",8/25/2020,1
Morgan,Buchnera americana,Blue Hearts,LT,Dicots,7/19/2021,1
Moultrie,Pandion haliaetus,Osprey,LT,Birds,6/17/2025,3
Moultrie,Lanius ludovicianus,Loggerhead Shrike,LE,Birds,6/19/2001,3
Moultrie,Miniellus boops,Bigeye Shiner,LE,"Fishes - Freshwater and Anadromous Bony, Cartilaginous; Lampreys",7/1/1967,3
Moultrie,Eurynia dilatata,Spike,LE,Freshwater Mussels,8/24/2017,1
Moultrie,Delphinium carolinianum,Hill Prairie Larkspur,LE,Dicots,6/15/1940,1
Muscatine,Acipenser fulvescens,Lake Sturgeon,LE,"Fishes - Freshwater and Anadromous Bony, Cartilaginous; Lampreys",7/28/2021,1
Muscatine,Margaritifera monodonta,Spectaclecase,LE,Freshwater Mussels,9/17/2010,1
Muscatine,Ellipsaria lineolata,Butterfly,LT,Freshwater Mussels,9/9/2022,3
Muscatine,Lampsilis higginsii,Higgins Eye,LE,Freshwater Mussels,9/12/2023,2
Muscatine,Quadrula metanevra,Monkeyface,LT,Freshwater Mussels,9/9/2022,4
Newton,Ichthyomyzon fossor,Northern Brook Lamprey,LE,"Fishes - Freshwater and Anadromous Bony, Cartilaginous; Lampreys",9/10/1975,1
Newton,Alburnops chalybaeus,Ironcolor Shiner,LT,"Fishes - Freshwater and Anadromous Bony, Cartilaginous; Lampreys",8/5/2020,1
Newton,Alburnops texanus,Weed Shiner,LE,"Fishes - Freshwater and Anadromous Bony, Cartilaginous; Lampreys",7/14/2025,1
Newton,Moxostoma carinatum,River Redhorse,LT,"Fishes - Freshwater and Anadromous Bony, Cartilaginous; Lampreys",8/5/2020,1
Newton,Fundulus dispar,Starhead Topminnow,LT,"Fishes - Freshwater and Anadromous Bony, Cartilaginous; Lampreys",8/5/2020,1
Newton,Emydoidea blandingii,Blanding's Turtle,LE,Turtles,12/14/2024,1
Newton,Terrapene ornata,Ornate Box Turtle,LT,Turtles,6/19/2025,1
Newton,Calephelis muticum,Swamp Metalmark,LE,Butterflies,6/28/2009,1
Newton,Circus hudsonius,Northern Harrier,LE,Birds,6/25/1994,1
Newton,Nomia nortoni,Norton's Nomia,LT,Sweat Bees (in part),8/17/2017,1
Newton,Epeolus interruptus,Interrupted Epeolus,LE,Other Bees,6/1/2018,1
Ogle,Hemidactylium scutatum,Four-toed Salamander,LT,Amphibians,5/9/2025,3
Ogle,Gallinula galeata,Common Gallinule,LE,Birds,8/7/2019,1
Ogle,Bartramia longicauda,Upland Sandpiper,LE,Birds,7/11/2006,1
Ogle,Asio flammeus,Short-eared Owl,LE,Birds,2/3/2010,1
Ogle,Lanius ludovicianus,Loggerhead Shrike,LE,Birds,7/12/2003,2
Ogle,Setophaga cerulea,Cerulean Warbler,LT,Birds,6/12/2019,1
Ogle,Lethenteron appendix,American Brook Lamprey,LT,"Fishes - Freshwater and Anadromous Bony, Cartilaginous; Lampreys",11/12/2020,2
Ogle,Hybognathus hankinsoni,Brassy Minnow,LE,"Fishes - Freshwater and Anadromous Bony, Cartilaginous; Lampreys",7/24/2013,1
Ogle,Nocomis micropogon,River Chub,LE,"Fishes - Freshwater and Anadromous Bony, Cartilaginous; Lampreys",6/19/1973,1
Ogle,Notropis heterolepis,Blacknose Shiner,LE,"Fishes - Freshwater and Anadromous Bony, Cartilaginous; Lampreys",7/6/2008,1
Ogle,Miniellus nubilus,Ozark Minnow,LT,"Fishes - Freshwater and Anadromous Bony, Cartilaginous; Lampreys",8/2/2003,1
Ogle,Erimystax x-punctatus,Gravel Chub,LT,"Fishes - Freshwater and Anadromous Bony, Cartilaginous; Lampreys",9/14/2021,7
Ogle,Myotis sodalis,Indiana Bat,LE,Mammals,4/21/2011,1
Ogle,Myotis septentrionalis,Northern Long-eared Bat,LE,Mammals,7/15/1998,1
Ogle,Emydoidea blandingii,Blanding's Turtle,LE,Turtles,9/16/2024,3
Ogle,Terrapene ornata,Ornate Box Turtle,LT,Turtles,6/30/2025,5
Ogle,Heterodon nasicus,Plains Hog-nosed Snake,LT,Reptiles,5/18/1997,3
Ogle,Argynnis idalia occidentalis,Western Regal Fritillary,LT,Butterflies,6/20/2024,1
Ogle,Cyclonaias tuberculata,Purple Wartyback,LT,Freshwater Mussels,7/12/1988,1
Ogle,Eurynia dilatata,Spike,LE,Freshwater Mussels,8/8/2018,1
Ogle,Asclepias lanuginosa,Wooly Milkweed,LE,Dicots,2024,2
Ogle,Eurybia furcata,Forked Aster,LT,Dicots,8/16/2025,5
Ogle,Helianthus giganteus,Tall Sunflower,LE,Dicots,10/5/2010,1
Ogle,Nothocalais cuspidata,Prairie Dandelion,LE,Dicots,4/26/2025,5
Ogle,Betula alleghaniensis,Yellow Birch,LE,Dicots,4/5/2024,2
Ogle,Silene regia,Royal Catchfly,LE,Dicots,12/4/2024,1
Ogle,Cornus canadensis,Bunchberry,LE,Dicots,10/1/2024,3
Ogle,Arctostaphylos uva-ursi,Bearberry,LE,Dicots,1986,1
Ogle,Lathyrus ochroleucus,Pale Vetchling,LT,Dicots,5/13/1992,1
Ogle,Lespedeza leptostachya,Prairie Bush Clover,LE,Dicots,7/24/2024,2
Ogle,Capnoides sempervirens,Pink Corydalis,LE,Dicots,4/29/1993,1
Ogle,Juglans cinerea,Butternut,LE,Dicots,9/25/2024,2
Ogle,Actaea racemosa,False Bugbane,LE,Dicots,9/19/2024,1
Ogle,Ceanothus herbaceus,Redroot,LE,Dicots,8/13/2019,2
Ogle,Filipendula rubra,Queen-of-the-prairie,LT,Dicots,5/9/2025,2
Ogle,Sorbus americana,American Mountain Ash,LE,Dicots,10/1/2024,1
Ogle,Sullivantia sullivantii,Sullivantia,LT,Dicots,9/19/2024,2
Ogle,Synthyris bullii,Kittentails,LT,Dicots,5/20/2025,10
Ogle,Castilleja sessiliflora,Downy Yellow Painted Cup,LE,Dicots,5/22/2025,3
Ogle,Penstemon grandiflorus,Large-flowered Beard Tongue,LE,Dicots,8/11/2022,1
Ogle,Veronica americana,American Brooklime,LE,Dicots,10/1/2024,1
Ogle,Carex echinata,Sedge,LE,Monocots,1994-05,1
Ogle,Luzula acuminata,Hairy Woodrush,LE,Monocots,5/7/2025,2
Ogle,Cypripedium acaule,Moccasin Flower,LE,Monocots,5/9/2025,1
Ogle,Dichanthelium boreale,Northern Panic Grass,LE,Monocots,1994-05,1
Ogle,Gymnocarpium dryopteris,Oak Fern,LE,Leptosporangiate Ferns,7/14/2013,1
Ogle,Woodsia ilvensis,Rusty Woodsia,LE,Leptosporangiate Ferns,6/28/2010,2
Ogle,Equisetum pratense,Meadow Horsetail,LT,Horsetails,5/24/2024,3
Ogle,Equisetum sylvaticum,Woodland Horsetail,LE,Horsetails,5/9/2025,2
Ogle,Lycopodium clavatum,Running Pine,LE,Clubmosses,10/5/2006,1
Ogle,Dendrolycopodium dendroideum,Ground Pine,LE,Clubmosses,6/13/1995,1
Ogle,Lycopodiella inundata,Bog Clubmoss,LE,Clubmosses,9/1/1962,1
Ogle,Bombus affinis,Rusty Patched Bumble Bee,LE,Bumble Bees,7/24/2025,7
Ogle,Circus hudsonius,Northern Harrier,LE,Birds,12/16/2012,2
Ogle,Trientalis borealis,Star-flower,LE,Dicots,5/9/2025,2
Ogle,Protandrena bancrofti,Mining Bee,LT,Other Bees,7/14/2021,1
Ogle,Anthophora walshii,Walsh's Anthophora,LT,Digger Bees,7/24/2015,1
Ogle,Colletes aestivalis,Alumroot Cellophane Bee,LE,Other Bees,6/7/2018,1
Ogle,Macropis nuda,Naked Oil-collecting Bee,LE,Oil-collecting Bees,7/7/2021,1
Ogle,Colletes andrewsi,Andrews� Cellophane Bee,LE,Other Bees,6/11/2019,1
Ogle,Epeolus ainsliei,Ainslie�s Epeolus,LE,Other Bees,7/6/2024,1
Ogle,Melissodes apicatus,Pickerelweed Long-nosed Bee,LE,Other Bees,7/6/2021,1
Ogle,Epeolus interruptus,Interrupted Epeolus,LE,Other Bees,6/22/2021,1
Ogle,Amelanchier sanguinea,Shadbush,LE,Dicots,5/30/2024,1
Ogle,Phegopteris connectilis,Long Beech Fern,LE,Leptosporangiate Ferns,9/27/2022,1
Ogle,Carex cryptolepis,Sedge,LT,Monocots,7/21/2010,1
Peoria,Ixobrychus exilis,Least Bittern,LT,Birds,6/19/2004,1
Peoria,Pandion haliaetus,Osprey,LT,Birds,2024,5
Peoria,Lanius ludovicianus,Loggerhead Shrike,LE,Birds,7/27/2006,1
Peoria,Acipenser fulvescens,Lake Sturgeon,LE,"Fishes - Freshwater and Anadromous Bony, Cartilaginous; Lampreys",6/22/2016,4
Peoria,Percopsis omiscomaycus,Trout-perch,LT,"Fishes - Freshwater and Anadromous Bony, Cartilaginous; Lampreys",1967,6
Peoria,Fundulus dispar,Starhead Topminnow,LT,"Fishes - Freshwater and Anadromous Bony, Cartilaginous; Lampreys",7/5/1989,1
Peoria,Lepomis miniatus,Redspotted Sunfish,LT,"Fishes - Freshwater and Anadromous Bony, Cartilaginous; Lampreys",10/29/2024,1
Peoria,Myotis sodalis,Indiana Bat,LE,Mammals,8/9/2017,1
Peoria,Myotis septentrionalis,Northern Long-eared Bat,LE,Mammals,6/7/2016,2
Peoria,Poliocitellus franklinii,Franklin's Ground Squirrel,LT,Mammals,7/19/2017,1
Peoria,Apalone mutica,Smooth Softshell,LT,Turtles,7/20/2021,3
Peoria,Clonophis kirtlandii,Kirtland's Snake,LT,Reptiles,6/14/2025,1
Peoria,Argynnis idalia occidentalis,Western Regal Fritillary,LT,Butterflies,7/14/1961,1
Peoria,Elliptio crassidens,Elephant-ear,LE,Freshwater Mussels,8/19/2012,1
Peoria,Reginaia ebenus,Ebonyshell,LE,Freshwater Mussels,8/4/2012,1
Peoria,Artemisia dracunculus,Dragon Wormwood,LE,Dicots,1977-SU,1
Peoria,Boltonia decurrens,Decurrent False Aster,LT,Dicots,10/17/2024,5
Peoria,Silene regia,Royal Catchfly,LE,Dicots,7/12/2025,1
Peoria,Viburnum molle,Arrowwood,LT,Dicots,7/1/2017,2
Peoria,Monarda clinopodia,White Bergamot,LT,Dicots,6/12/2021,2
Peoria,Salvia azurea var. grandiflora,Wild Blue Sage,LT,Dicots,9/23/2024,1
Peoria,Filipendula rubra,Queen-of-the-prairie,LT,Dicots,5/27/2025,2
Peoria,Agalinis skinneriana,Pale False Foxglove,LT,Dicots,7/13/2011,1
Peoria,Corallorhiza maculata,Spotted Coral-root Orchid,LE,Monocots,2007-06,1
Peoria,Cypripedium parviflorum,Small Yellow Lady's Slipper,LE,Monocots,4/28/2012,1
Peoria,Bombus affinis,Rusty Patched Bumble Bee,LE,Bumble Bees,2024-SU,9
Peoria,Rallus elegans,King Rail,LE,Birds,5/26/1988,1
Peoria,Quadrula metanevra,Monkeyface,LT,Freshwater Mussels,6/26/2012,2
Perry,Botaurus lentiginosus,American Bittern,LE,Birds,6/15/2003,1
Perry,Ixobrychus exilis,Least Bittern,LT,Birds,5/21/2024,3
Perry,Gallinula galeata,Common Gallinule,LE,Birds,5/21/2024,2
Perry,Asio flammeus,Short-eared Owl,LE,Birds,2/10/2025,3
Perry,Lanius ludovicianus,Loggerhead Shrike,LE,Birds,6/14/2017,1
Perry,Myotis sodalis,Indiana Bat,LE,Mammals,8/29/1988,1
Perry,Myotis septentrionalis,Northern Long-eared Bat,LE,Mammals,8/29/1988,1
Perry,Terrapene ornata,Ornate Box Turtle,LT,Turtles,5/13/2025,1
Perry,Crotalus horridus,Timber Rattlesnake,LT,Reptiles,7/28/1983,1
Perry,Ranunculus harveyi,Harvey's Buttercup,LT,Dicots,4/23/2015,1
Perry,Platanthera flava,Tubercled Orchid,LT,Monocots,6/25/2002,1
Perry,Spiranthes vernalis,Spring Ladies' Tresses,LE,Monocots,7/1/2025,2
Perry,Heteranthera reniformis,Mud Plantain,LE,Monocots,2020,1
Perry,Circus hudsonius,Northern Harrier,LE,Birds,3/10/2023,1
Perry,Carex opaca,Opaque Oval Sedge,LE,Monocots,5/28/2019,1
Perry,Rallus elegans,King Rail,LE,Birds,7/24/1999,1
Perry,Gastrophryne carolinensis,Eastern Narrowmouth Toad,LT,Amphibians,7/14/2013,1
Perry,Miniellus boops,Bigeye Shiner,LE,"Fishes - Freshwater and Anadromous Bony, Cartilaginous; Lampreys",6/20/1988,1
Perry,Macrhybopsis gelida,Sturgeon Chub,LE,"Fishes - Freshwater and Anadromous Bony, Cartilaginous; Lampreys",7/21/2015,2
Perry,Moxostoma carinatum,River Redhorse,LT,"Fishes - Freshwater and Anadromous Bony, Cartilaginous; Lampreys",7/9/1997,1
Perry,Crystallaria asprella,Crystal Darter,LE,"Fishes - Freshwater and Anadromous Bony, Cartilaginous; Lampreys",6/18/2018,2
Perry,Ammocrypta clara,Western Sand Darter,LE,"Fishes - Freshwater and Anadromous Bony, Cartilaginous; Lampreys",7/22/2008,1
Perry,Macrochelys temminckii,Alligator Snapping Turtle,LE,Turtles,1928-1929,1
Perry,Faxonius placidus,Bigclaw Crayfish,LE,Crayfishes,3/7/2003,2
Piatt,Coccyzus erythropthalmus,Black-billed Cuckoo,LT,Birds,2011-SU,1
Piatt,Asio flammeus,Short-eared Owl,LE,Birds,1/4/2022,1
Piatt,Lanius ludovicianus,Loggerhead Shrike,LE,Birds,5/25/2000,1
Piatt,Alburnops chalybaeus,Ironcolor Shiner,LT,"Fishes - Freshwater and Anadromous Bony, Cartilaginous; Lampreys",9/23/2017,1
Piatt,Fundulus dispar,Starhead Topminnow,LT,"Fishes - Freshwater and Anadromous Bony, Cartilaginous; Lampreys",9/24/2016,1
Piatt,Lepomis miniatus,Redspotted Sunfish,LT,"Fishes - Freshwater and Anadromous Bony, Cartilaginous; Lampreys",9/28/2019,1
Piatt,Myotis septentrionalis,Northern Long-eared Bat,LE,Mammals,7/6/1988,1
Piatt,Clonophis kirtlandii,Kirtland's Snake,LT,Reptiles,5/16/2025,3
Piatt,Sistrurus catenatus,Eastern Massasauga,LE,Reptiles,2008,1
Piatt,Phlox pilosa ssp. sangamonensis,Sangamon Phlox,LE,Dicots,6/4/2020,4
Piatt,Camassia angusta,Wild Hyacinth,LE,Monocots,6/9/2025,1
Piatt,Necturus maculosus,Mudpuppy,LT,Amphibians,4/17/2024,2
Piatt,Quadrula metanevra,Monkeyface,LT,Freshwater Mussels,8/20/1957,1
Pike,Lanius ludovicianus,Loggerhead Shrike,LE,Birds,6/23/1999,6
Pike,Acipenser fulvescens,Lake Sturgeon,LE,"Fishes - Freshwater and Anadromous Bony, Cartilaginous; Lampreys",11/13/2024,1
Pike,Miniellus boops,Bigeye Shiner,LE,"Fishes - Freshwater and Anadromous Bony, Cartilaginous; Lampreys",9/12/2017,3
Pike,Moxostoma carinatum,River Redhorse,LT,"Fishes - Freshwater and Anadromous Bony, Cartilaginous; Lampreys",10/30/2024,2
Pike,Fundulus dispar,Starhead Topminnow,LT,"Fishes - Freshwater and Anadromous Bony, Cartilaginous; Lampreys",6/20/1927,1
Pike,Ammocrypta clara,Western Sand Darter,LE,"Fishes - Freshwater and Anadromous Bony, Cartilaginous; Lampreys",6/26/1963,3
Pike,Myotis grisescens,Gray Bat,LE,Mammals,7/11/2021,4
Pike,Myotis sodalis,Indiana Bat,LE,Mammals,8/22/2025,12
Pike,Myotis septentrionalis,Northern Long-eared Bat,LE,Mammals,6/30/2014,7
Pike,Canis lupus,Gray/Timber Wolf,LE,Mammals,12/9/2005,1
Pike,Terrapene ornata,Ornate Box Turtle,LT,Turtles,5/3/2024,3
Pike,Apalone mutica,Smooth Softshell,LT,Turtles,7/12/2007,1
Pike,Crotalus horridus,Timber Rattlesnake,LT,Reptiles,5/2/2023,3
Pike,Argynnis idalia occidentalis,Western Regal Fritillary,LT,Butterflies,6/14/1999,1
Pike,Margaritifera monodonta,Spectaclecase,LE,Freshwater Mussels,10/8/2003,4
Pike,Ellipsaria lineolata,Butterfly,LT,Freshwater Mussels,9/7/2021,6
Pike,Elliptio crassidens,Elephant-ear,LE,Freshwater Mussels,7/9/1987,1
Pike,Reginaia ebenus,Ebonyshell,LE,Freshwater Mussels,8/14/2002,2
Pike,Potamilus capax,Fat Pocketbook,LE,Freshwater Mussels,8/31/1978,2
Pike,Asclepias stenophylla,Narrow-leaved Green Milkweed,LE,Dicots,7/9/2025,6
Pike,Boltonia decurrens,Decurrent False Aster,LT,Dicots,9/4/2009,1
Pike,Viburnum molle,Arrowwood,LT,Dicots,8/30/2010,2
Pike,Trifolium reflexum,Buffalo Clover,LT,Dicots,5/27/1993,1
Pike,Mentzelia oligosperma,Stickleaf,LE,Dicots,7/9/2025,6
Pike,Plantago cordata,Heart-leaved Plantain,LE,Dicots,8/8/2007,2
Pike,Clematis viorna,Leatherflower,LE,Dicots,1981-07,1
Pike,Delphinium carolinianum,Hill Prairie Larkspur,LE,Dicots,7/9/2025,5
Pike,Agalinis skinneriana,Pale False Foxglove,LT,Dicots,8/3/2011,3
Pike,Tradescantia bracteata,Prairie Spiderwort,LE,Monocots,5/7/1990,1
Pike,Corallorhiza maculata,Spotted Coral-root Orchid,LE,Monocots,5/15/2009,1
Pike,Poa wolfii,Wolf's Bluegrass,LE,Monocots,5/30/2001,1
Pike,Circus hudsonius,Northern Harrier,LE,Birds,6/29/1997,1
Pike,Quadrula metanevra,Monkeyface,LT,Freshwater Mussels,8/17/2018,4
Pike,Buchnera americana,Blue Hearts,LT,Dicots,7/14/2022,2
Pike,Poblicia fuliginosa,Planthopper,LT,"True Bugs, Cicadas, Hoppers, Aphids and Allies",9/5/2019,1
Pike,Acipenser fulvescens,Lake Sturgeon,LE,"Fishes - Freshwater and Anadromous Bony, Cartilaginous; Lampreys",11/13/2024,1
Pike,Miniellus boops,Bigeye Shiner,LE,"Fishes - Freshwater and Anadromous Bony, Cartilaginous; Lampreys",9/12/2017,2
Pike,Ammocrypta clara,Western Sand Darter,LE,"Fishes - Freshwater and Anadromous Bony, Cartilaginous; Lampreys",6/26/1963,1
Pike,Myotis grisescens,Gray Bat,LE,Mammals,7/4/2021,1
Pike,Myotis sodalis,Indiana Bat,LE,Mammals,7/16/2021,6
Pike,Apalone mutica,Smooth Softshell,LT,Turtles,7/12/2007,1
Pike,Ellipsaria lineolata,Butterfly,LT,Freshwater Mussels,10/30/2017,3
Pike,Potamilus capax,Fat Pocketbook,LE,Freshwater Mussels,1977,1
Pike,Quadrula metanevra,Monkeyface,LT,Freshwater Mussels,10/11/1999,1
Pope,Hyla avivoca,Bird-voiced Treefrog,LT,Amphibians,6/12/2025,2
Pope,Gastrophryne carolinensis,Eastern Narrowmouth Toad,LT,Amphibians,6/17/2025,3
Pope,Pandion haliaetus,Osprey,LT,Birds,6/6/2025,2
Pope,Antrostomus carolinensis,Chuck-will's-widow,LT,Birds,2024,2
Pope,Thryomanes bewickii,Bewick's Wren,LE,Birds,7/13/1990,2
Pope,Lanius ludovicianus,Loggerhead Shrike,LE,Birds,4/19/1989,1
Pope,Setophaga cerulea,Cerulean Warbler,LT,Birds,6/2/2025,2
Pope,Lampetra aepyptera,Least Brook Lamprey,LT,"Fishes - Freshwater and Anadromous Bony, Cartilaginous; Lampreys",3/28/2025,10
Pope,Notropis anogenus,Pugnose Shiner,LE,"Fishes - Freshwater and Anadromous Bony, Cartilaginous; Lampreys",10/11/2018,2
Pope,Alburnops texanus,Weed Shiner,LE,"Fishes - Freshwater and Anadromous Bony, Cartilaginous; Lampreys",10/10/2017,1
Pope,Fundulus dispar,Starhead Topminnow,LT,"Fishes - Freshwater and Anadromous Bony, Cartilaginous; Lampreys",7/18/2019,1
Pope,Elassoma zonatum,Banded Pygmy Sunfish,LT,"Fishes - Freshwater and Anadromous Bony, Cartilaginous; Lampreys",4/7/2004,4
Pope,Lepomis miniatus,Redspotted Sunfish,LT,"Fishes - Freshwater and Anadromous Bony, Cartilaginous; Lampreys",10/11/2017,2
Pope,Etheostoma histrio,Harlequin Darter,LE,"Fishes - Freshwater and Anadromous Bony, Cartilaginous; Lampreys",10/3/2019,1
Pope,Myotis austroriparius,Southeastern Myotis,LE,Mammals,9/7/2021,6
Pope,Myotis grisescens,Gray Bat,LE,Mammals,7/17/2018,2
Pope,Myotis sodalis,Indiana Bat,LE,Mammals,2/28/2025,6
Pope,Myotis leibii,Eastern Small-footed Myotis,LT,Mammals,6/15/2025,4
Pope,Myotis septentrionalis,Northern Long-eared Bat,LE,Mammals,2/6/2014,8
Pope,Corynorhinus rafinesquii,Rafinesque's Big-eared Bat,LE,Mammals,6/24/2004,1
Pope,Pseudemys concinna,River Cooter,LE,Turtles,6/16/2025,2
Pope,Apalone mutica,Smooth Softshell,LT,Turtles,8/17/2016,1
Pope,Thamnophis saurita,Eastern Ribbon Snake,LT,Reptiles,8/30/2017,2
Pope,Crotalus horridus,Timber Rattlesnake,LT,Reptiles,4/23/2025,2
Pope,Crangonyx anomalus,Anomalous Spring Amphipod,LE,Amphipods,4/15/1992,2
Pope,Crangonyx packardi,Packard's Cave Amphipod,LE,Amphipods,6/5/1976,1
Pope,Faxonius indianensis,Indiana Crayfish,LE,Crayfishes,7/14/2021,3
Pope,Faxonius placidus,Bigclaw Crayfish,LE,Crayfishes,11/2/2022,1
Pope,Hesperia metea,Cobweb Skipper,LE,Butterflies,5/16/1989,1
Pope,Reginaia ebenus,Ebonyshell,LE,Freshwater Mussels,1994,2
Pope,Potamilus capax,Fat Pocketbook,LE,Freshwater Mussels,8/19/2009,1
Pope,Toxolasma lividum,Purple Lilliput,LE,Freshwater Mussels,6/15/2010,2
Pope,Phaeophyscia leana,Lea's Bog Lichen,LT,Lichens,1/14/1997,2
Pope,Eryngium prostratum,Eryngo,LE,Dicots,10/1/1996,1
Pope,Matelea decipiens,Climbing Milkweed,LE,Dicots,10/7/2017,1
Pope,Eupatorium hyssopifolium var. laciniatum,Hyssopleaf Thoroughwort,LE,Dicots,9/26/2023,3
Pope,Helianthus angustifolius,Narrow-leaved Sunflower,LE,Dicots,9/30/2024,2
Pope,Stellaria pubera,Great Chickweed,LE,Dicots,5/5/2022,2
Pope,Euonymus americanus,American Strawberry Bush,LT,Dicots,8/11/1994,1
Pope,Lonicera flava,Yellow Honeysuckle,LE,Dicots,7/26/2021,2
Pope,Hylotelephium telephioides,American Orpine,LT,Dicots,4/23/2025,6
Pope,Melothria pendula,Squirting Cucumber,LT,Dicots,7/1/2025,14
Pope,Vaccinium stamineum,Deerberry,LE,Dicots,5/19/1962,1
Pope,Amorpha nitens,Smooth False Indigo,LE,Dicots,7/1/2025,2
Pope,Quercus phellos,Willow Oak,LT,Dicots,11/24/2021,2
Pope,Corydalis halei,Hale's Corydalis,LE,Dicots,5/7/2020,1
Pope,Bartonia paniculata,Screwstem,LE,Dicots,8/12/2024,2
Pope,Hydrolea uniflora,One-flowered Hydrolea,LE,Dicots,8/26/2022,1
Pope,Juglans cinerea,Butternut,LE,Dicots,9/20/1995,2
Pope,Salvia azurea var. grandiflora,Wild Blue Sage,LT,Dicots,8/24/2021,4
Pope,Rhexia mariana,Dull Meadow Beauty,LE,Dicots,9/30/2024,2
Pope,Oxalis illinoensis,Illinois Wood Sorrel,LT,Dicots,5/6/2025,5
Pope,Polygala incarnata,Pink Milkwort,LE,Dicots,10/11/1996,2
Pope,Plantago cordata,Heart-leaved Plantain,LE,Dicots,4/14/2021,2
Pope,Dodecatheon frenchii,French's Shootingstar,LT,Dicots,4/30/2025,5
Pope,Chimaphila maculata,Spotted Wintergreen,LE,Dicots,8/26/2013,3
Pope,Actaea rubifolia,Black Cohosh,LE,Dicots,5/6/2025,12
Pope,Berchemia scandens,Supple-jack,LE,Dicots,8/8/2021,1
Pope,Malus angustifolia,Narrow-leaved Crabapple,LE,Dicots,4/8/2025,2
Pope,Styrax americanus,Storax,LT,Dicots,5/19/2023,3
Pope,Styrax grandifolius,Bigleaf Snowbell Bush,LE,Dicots,5/21/2020,1
Pope,Planera aquatica,Water Elm,LT,Dicots,11/2/2021,1
Pope,Pinus echinata,Shortleaf Pine,LE,Conifers,4/26/2019,2
Pope,Sagittaria australis,Arrowhead,LE,Monocots,6/22/2021,1
Pope,Carex alata,Winged Sedge,LE,Monocots,5/24/2024,2
Pope,Carex albolutescens,Greenish-white Oval Sedge,LE,Monocots,5/17/1989,1
Pope,Carex bromoides,Sedge,LT,Monocots,4/19/2023,3
Pope,Carex decomposita,Cypress-knee Sedge,LE,Monocots,6/25/2025,1
Pope,Carex intumescens,Swollen Sedge,LT,Monocots,6/3/2021,3
Pope,Carex nigromarginata,Black-edged Sedge,LE,Monocots,5/23/2023,8
Pope,Carex oxylepis var. oxylepis,Sharp-scaled Sedge,LT,Monocots,6/24/2010,1
Pope,Carex albicans var. australis,Bellows Beak Sedge,LE,Monocots,5/17/2000,1
Pope,Carex prasina,Drooping Sedge,LT,Monocots,5/20/2024,1
Pope,Carex willdenowii,Willdenow's Sedge,LT,Monocots,7/20/2024,10
Pope,Cyperus lancastriensis,Galingale,LT,Monocots,7/23/1996,1
Pope,Rhynchospora glomerata,Clustered Beaked Rush,LE,Monocots,7/26/2021,2
Pope,Scirpus polyphyllus,Leafy Bulrush,LE,Monocots,8/12/2024,3
Pope,Scleria pauciflora,Carolina Whipgrass,LE,Monocots,7/2/2025,10
Pope,Chamaelirium luteum,Fairy Wand,LE,Monocots,7/24/2025,3
Pope,Stenanthium gramineum,Grass-leaved Lily,LT,Monocots,9/6/2023,8
Pope,Cypripedium parviflorum,Small Yellow Lady's Slipper,LE,Monocots,5/2/2024,1
Pope,Hexalectris spicata,Crested Coralroot Orchid,LE,Monocots,7/23/2024,2
Pope,Isotria verticillata,Whorled Pogonia,LE,Monocots,8/12/2024,2
Pope,Platanthera clavellata,Wood Orchid,LE,Monocots,7/21/2022,3
Pope,Platanthera flava,Tubercled Orchid,LT,Monocots,6/24/2015,1
Pope,Spiranthes vernalis,Spring Ladies' Tresses,LE,Monocots,7/27/2024,6
Pope,Calamagrostis porteri ssp. insperata,Hollow Reed Grass,LE,Monocots,7/10/2025,3
Pope,Dichanthelium yadkinense,Panic Grass,LE,Monocots,9/13/2024,13
Pope,Glyceria arkansana,Arkansas Mannagrass,LE,Monocots,2019,1
Pope,Poa alsodes,Grove Bluegrass,LE,Monocots,9/25/1986,1
Pope,Heteranthera reniformis,Mud Plantain,LE,Monocots,10/18/2023,6
Pope,Asplenium bradleyi,Bradley's Spleenwort,LE,Leptosporangiate Ferns,5/22/2024,2
Pope,Dennstaedtia punctilobula,Hay-scented Fern,LE,Leptosporangiate Ferns,4/30/2025,6
Pope,Vandenboschia boschiana,Filmy Fern,LE,Leptosporangiate Ferns,3/29/2022,5
Pope,Huperzia porophila,Cliff Clubmoss,LT,Clubmosses,12/30/2023,6
Pope,Sceptridium biternatum,Southern Grape Fern,LE,"Adder's-tongues, Grapeferns, and Moonworts",9/19/2023,8
Pope,Thelypteris noveboracensis,New York Fern,LE,Leptosporangiate Ferns,8/7/2024,1
Pope,Carex atlantica,Sedge,LT,Monocots,4/29/2024,2
Pope,Circus hudsonius,Northern Harrier,LE,Birds,2/28/1995,1
Pope,Ludwigia sphaerocarpa,Round-fruited Loosestrife,LE,Dicots,9/30/2020,1
Pope,Forbesichthys papilliferus,Shawnee Hills Cavefish,LT,"Fishes - Freshwater and Anadromous Bony, Cartilaginous; Lampreys",8/4/2003,2
Pope,Buchnera americana,Blue Hearts,LT,Dicots,8/3/2016,1
Pope,Phemeranthus parviflorus,Small Flower-of-an-hour,LT,Dicots,8/22/2022,4
Posey,Cryptobranchus alleganiensis,Hellbender,LE,Amphibians,8/8/1990,1
Posey,Moxostoma carinatum,River Redhorse,LT,"Fishes - Freshwater and Anadromous Bony, Cartilaginous; Lampreys",8/29/2013,1
Posey,Lepomis miniatus,Redspotted Sunfish,LT,"Fishes - Freshwater and Anadromous Bony, Cartilaginous; Lampreys",11/9/1997,1
Posey,Crystallaria asprella,Crystal Darter,LE,"Fishes - Freshwater and Anadromous Bony, Cartilaginous; Lampreys",1899,1
Posey,Etheostoma histrio,Harlequin Darter,LE,"Fishes - Freshwater and Anadromous Bony, Cartilaginous; Lampreys",9/1/2021,10
Posey,Pseudemys concinna,River Cooter,LE,Turtles,9/1/2023,2
Posey,Cyclonaias tuberculata,Purple Wartyback,LT,Freshwater Mussels,9/15/1999,1
Posey,Cyprogenia stegaria,Fanshell,LE,Freshwater Mussels,8/22/1984,1
Posey,Elliptio crassidens,Elephant-ear,LE,Freshwater Mussels,8/22/1984,1
Posey,Reginaia ebenus,Ebonyshell,LE,Freshwater Mussels,8/25/2022,3
Posey,Potamilus capax,Fat Pocketbook,LE,Freshwater Mussels,8/28/2022,10
Posey,Leptoxis praerosa,Onyx Rocksnail,LE,Freshwater Snails,8/17/2011,1
Posey,Phaeophyscia leana,Lea's Bog Lichen,LT,Lichens,1/15/2002,2
Posey,Quadrula metanevra,Monkeyface,LT,Freshwater Mussels,9/12/1996,2
Pulaski,Hyla avivoca,Bird-voiced Treefrog,LT,Amphibians,8/7/2024,2
Pulaski,Pseudacris illinoensis,Illinois Chorus Frog,LT,Amphibians,3/15/2025,2
Pulaski,Ixobrychus exilis,Least Bittern,LT,Birds,2002,1
Pulaski,Nyctanassa violacea,Yellow-crowned Night-Heron,LE,Birds,6/24/2010,2
Pulaski,Sternula antillarum,Least Tern,LE,Birds,6/30/2019,2
Pulaski,Asio flammeus,Short-eared Owl,LE,Birds,1/28/2014,2
Pulaski,Lanius ludovicianus,Loggerhead Shrike,LE,Birds,1988,1
Pulaski,Setophaga cerulea,Cerulean Warbler,LT,Birds,1993-07,1
Pulaski,Limnothlypis swainsonii,Swainson's Warbler,LE,Birds,6/24/1993,2
Pulaski,Hybopsis amnis,Pallid Shiner,LE,"Fishes - Freshwater and Anadromous Bony, Cartilaginous; Lampreys",10/5/1940,1
Pulaski,Hybognathus hayi,Cypress Minnow,LE,"Fishes - Freshwater and Anadromous Bony, Cartilaginous; Lampreys",11/9/1997,1
Pulaski,Notropis anogenus,Pugnose Shiner,LE,"Fishes - Freshwater and Anadromous Bony, Cartilaginous; Lampreys",1940,1
Pulaski,Notropis maculatus,Taillight Shiner,LE,"Fishes - Freshwater and Anadromous Bony, Cartilaginous; Lampreys",4/23/2024,1
Pulaski,Noturus stigmosus,Northern Madtom,LE,"Fishes - Freshwater and Anadromous Bony, Cartilaginous; Lampreys",2009-07,3
Pulaski,Elassoma zonatum,Banded Pygmy Sunfish,LT,"Fishes - Freshwater and Anadromous Bony, Cartilaginous; Lampreys",10/25/2025,6
Pulaski,Lepomis symmetricus,Bantam Sunfish,LT,"Fishes - Freshwater and Anadromous Bony, Cartilaginous; Lampreys",7/6/2024,1
Pulaski,Lepomis miniatus,Redspotted Sunfish,LT,"Fishes - Freshwater and Anadromous Bony, Cartilaginous; Lampreys",10/27/1979,2
Pulaski,Etheostoma histrio,Harlequin Darter,LE,"Fishes - Freshwater and Anadromous Bony, Cartilaginous; Lampreys",10/2/2017,1
Pulaski,Myotis austroriparius,Southeastern Myotis,LE,Mammals,7/11/2022,3
Pulaski,Myotis grisescens,Gray Bat,LE,Mammals,7/15/1991,1
Pulaski,Myotis sodalis,Indiana Bat,LE,Mammals,7/28/2023,3
Pulaski,Myotis septentrionalis,Northern Long-eared Bat,LE,Mammals,6/13/2013,2
Pulaski,Corynorhinus rafinesquii,Rafinesque's Big-eared Bat,LE,Mammals,7/22/2018,3
Pulaski,Pseudemys concinna,River Cooter,LE,Turtles,6/25/2020,2
Pulaski,Thamnophis saurita,Eastern Ribbon Snake,LT,Reptiles,10/10/2021,2
Pulaski,Faxonius placidus,Bigclaw Crayfish,LE,Crayfishes,1975-07,1
Pulaski,Cyclonaias tuberculata,Purple Wartyback,LT,Freshwater Mussels,10/19/2016,3
Pulaski,Ellipsaria lineolata,Butterfly,LT,Freshwater Mussels,8/23/2022,2
Pulaski,Elliptio crassidens,Elephant-ear,LE,Freshwater Mussels,10/19/2016,3
Pulaski,Eurynia dilatata,Spike,LE,Freshwater Mussels,9/15/2015,1
Pulaski,Reginaia ebenus,Ebonyshell,LE,Freshwater Mussels,8/6/2017,5
Pulaski,Plethobasus cooperianus,Orangefoot Pimpleback,LE,Freshwater Mussels,9/16/2015,2
Pulaski,Plethobasus cyphyus,Sheepnose,LE,Freshwater Mussels,9/14/2015,1
Pulaski,Pleurobema cordatum,Ohio Pigtoe,LE,Freshwater Mussels,10/19/2017,3
Pulaski,Potamilus capax,Fat Pocketbook,LE,Freshwater Mussels,8/15/2012,1
Pulaski,Theliderma cylindrica,Rabbitsfoot,LE,Freshwater Mussels,8/4/2005,1
Pulaski,Justicia ovata,Water Willow,LE,Dicots,8/9/2002,1
Pulaski,Helianthus angustifolius,Narrow-leaved Sunflower,LE,Dicots,9/17/2025,1
Pulaski,Melanthera nivea,White Melanthera,LE,Dicots,11/11/2020,1
Pulaski,Euonymus americanus,American Strawberry Bush,LT,Dicots,4/10/2020,1
Pulaski,Melothria pendula,Squirting Cucumber,LT,Dicots,6/1/2022,3
Pulaski,Quercus texana,Nuttall's Oak,LE,Dicots,10/16/2005,2
Pulaski,Quercus phellos,Willow Oak,LT,Dicots,10/16/2005,2
Pulaski,Hydrolea uniflora,One-flowered Hydrolea,LE,Dicots,10/1/2024,1
Pulaski,Carya aquatica,Water Hickory,LE,Dicots,7/13/2022,1
Pulaski,Lysimachia radicans,Creeping Loosestrife,LE,Dicots,7/13/2022,3
Pulaski,Clematis crispa,Blue Jasmine,LE,Dicots,9/29/2021,1
Pulaski,Halesia carolina,Silverbell Tree,LE,Dicots,5/10/2024,2
Pulaski,Styrax americanus,Storax,LT,Dicots,11/1/2022,4
Pulaski,Tilia americana var. heterophylla,White Basswood,LE,Dicots,5/7/2005,1
Pulaski,Planera aquatica,Water Elm,LT,Dicots,10/13/2022,4
Pulaski,Carex albolutescens,Greenish-white Oval Sedge,LE,Monocots,6/3/2015,1
Pulaski,Carex decomposita,Cypress-knee Sedge,LE,Monocots,5/25/2007,1
Pulaski,Carex gigantea,Large Sedge,LE,Monocots,7/13/2022,2
Pulaski,Carex intumescens,Swollen Sedge,LT,Monocots,10/13/2022,3
Pulaski,Carex oxylepis var. oxylepis,Sharp-scaled Sedge,LT,Monocots,6/12/2015,2
Pulaski,Carex reniformis,Sedge,LE,Monocots,6/4/2023,1
Pulaski,Cyperus lancastriensis,Galingale,LT,Monocots,10/4/2005,1
Pulaski,Stenanthium gramineum,Grass-leaved Lily,LT,Monocots,7/17/2024,1
Pulaski,Cypripedium parviflorum,Small Yellow Lady's Slipper,LE,Monocots,4/27/1989,1
Pulaski,Platanthera flava,Tubercled Orchid,LT,Monocots,8/9/2023,1
Pulaski,Spiranthes vernalis,Spring Ladies' Tresses,LE,Monocots,6/29/2023,2
Pulaski,Heteranthera reniformis,Mud Plantain,LE,Monocots,8/24/2022,1
Pulaski,Sceptridium biternatum,Southern Grape Fern,LE,"Adder's-tongues, Grapeferns, and Moonworts",3/25/1989,1
Pulaski,Desmognathus conanti,Spotted Dusky Salamander,LE,Amphibians,7/17/2024,15
Pulaski,Necturus maculosus,Mudpuppy,LT,Amphibians,4/1/2001,1
Pulaski,Rallus elegans,King Rail,LE,Birds,6/25/2006,1
Pulaski,Quadrula metanevra,Monkeyface,LT,Freshwater Mussels,8/15/2012,1
Pulaski,Forbesichthys papilliferus,Shawnee Hills Cavefish,LT,"Fishes - Freshwater and Anadromous Bony, Cartilaginous; Lampreys",5/22/2025,2
Putnam,Ixobrychus exilis,Least Bittern,LT,Birds,6/9/2017,1
Putnam,Gallinula galeata,Common Gallinule,LE,Birds,7/23/2017,1
Putnam,Phalaropus tricolor,Wilson's Phalarope,LE,Birds,6/22/2005,1
Putnam,Chlidonias niger,Black Tern,LE,Birds,6/3/2004,1
Putnam,Asio flammeus,Short-eared Owl,LE,Birds,1/7/2012,1
Putnam,Lanius ludovicianus,Loggerhead Shrike,LE,Birds,1993-SUM,1
Putnam,Xanthocephalus xanthocephalus,Yellow-headed Blackbird,LE,Birds,6/14/2015,1
Putnam,Ichthyomyzon fossor,Northern Brook Lamprey,LE,"Fishes - Freshwater and Anadromous Bony, Cartilaginous; Lampreys",4/14/2015,1
Putnam,Coregonus artedi,Cisco,LE,"Fishes - Freshwater and Anadromous Bony, Cartilaginous; Lampreys",1935-10,1
Putnam,Alburnops chalybaeus,Ironcolor Shiner,LT,"Fishes - Freshwater and Anadromous Bony, Cartilaginous; Lampreys",2016-08-PRE,1
Putnam,Percopsis omiscomaycus,Trout-perch,LT,"Fishes - Freshwater and Anadromous Bony, Cartilaginous; Lampreys",2020,4
Putnam,Fundulus dispar,Starhead Topminnow,LT,"Fishes - Freshwater and Anadromous Bony, Cartilaginous; Lampreys",11/8/2020,1
Putnam,Lepomis miniatus,Redspotted Sunfish,LT,"Fishes - Freshwater and Anadromous Bony, Cartilaginous; Lampreys",8/11/2020,1
Putnam,Myotis sodalis,Indiana Bat,LE,Mammals,5/3/2011,4
Putnam,Myotis septentrionalis,Northern Long-eared Bat,LE,Mammals,5/29/2002,1
Putnam,Heterodon nasicus,Plains Hog-nosed Snake,LT,Reptiles,1977,1
Putnam,Boltonia decurrens,Decurrent False Aster,LT,Dicots,9/28/2023,4
Putnam,Opuntia fragilis,Fragile Prickly Pear,LE,Dicots,2016-08-PRE,1
Putnam,Silene regia,Royal Catchfly,LE,Dicots,2016-08-PRE,1
Putnam,Trifolium reflexum,Buffalo Clover,LT,Dicots,6/15/2017,1
Putnam,Filipendula rubra,Queen-of-the-prairie,LT,Dicots,7/17/2014,2
Putnam,Sanguisorba canadensis,American Burnet,LE,Dicots,2016-08-PRE,1
Putnam,Erythranthe geyeri,Yellow Monkey Flower,LE,Dicots,2012-03,1
Putnam,Penstemon grandiflorus,Large-flowered Beard Tongue,LE,Dicots,2016-08-PRE,1
Putnam,Tradescantia bracteata,Prairie Spiderwort,LE,Monocots,2016-08-PRE,1
Putnam,Scirpus microcarpus,Small-fruited Bulrush,LE,Monocots,2016-08-PRE,1
Putnam,Bouteloua gracilis,Blue Grama,LE,Monocots,2016-08-PRE,1
Putnam,Sparganium americanum,American Bur-reed,LE,Monocots,8/25/1977,1
Putnam,Bombus affinis,Rusty Patched Bumble Bee,LE,Bumble Bees,8/5/2018,3
Putnam,Circus hudsonius,Northern Harrier,LE,Birds,12/15/2017,1
Putnam,Rallus elegans,King Rail,LE,Birds,6/18/2015,1
Ralls,Acipenser fulvescens,Lake Sturgeon,LE,"Fishes - Freshwater and Anadromous Bony, Cartilaginous; Lampreys",11/13/2024,1
Ralls,Margaritifera monodonta,Spectaclecase,LE,Freshwater Mussels,7/23/1986,1
Ralls,Ellipsaria lineolata,Butterfly,LT,Freshwater Mussels,9/16/1994,1
Ralls,Elliptio crassidens,Elephant-ear,LE,Freshwater Mussels,7/9/1987,1
Ralls,Reginaia ebenus,Ebonyshell,LE,Freshwater Mussels,9/16/1994,1
Ralls,Quadrula metanevra,Monkeyface,LT,Freshwater Mussels,2002-07,1
Randolph,Gastrophryne carolinensis,Eastern Narrowmouth Toad,LT,Amphibians,6/9/2025,4
Randolph,Gallinula galeata,Common Gallinule,LE,Birds,5/9/1986,1
Randolph,Sternula antillarum,Least Tern,LE,Birds,6/25/2010,1
Randolph,Asio flammeus,Short-eared Owl,LE,Birds,2/20/2015,1
Randolph,Lanius ludovicianus,Loggerhead Shrike,LE,Birds,6/30/1983,1
Randolph,Acipenser fulvescens,Lake Sturgeon,LE,"Fishes - Freshwater and Anadromous Bony, Cartilaginous; Lampreys",5/14/2015,1
Randolph,Scaphirhynchus albus,Pallid Sturgeon,LE,"Fishes - Freshwater and Anadromous Bony, Cartilaginous; Lampreys",5/14/2015,2
Randolph,Miniellus boops,Bigeye Shiner,LE,"Fishes - Freshwater and Anadromous Bony, Cartilaginous; Lampreys",8/27/2019,2
Randolph,Macrhybopsis gelida,Sturgeon Chub,LE,"Fishes - Freshwater and Anadromous Bony, Cartilaginous; Lampreys",11/3/1940,1
Randolph,Crystallaria asprella,Crystal Darter,LE,"Fishes - Freshwater and Anadromous Bony, Cartilaginous; Lampreys",6/18/2018,1
Randolph,Ammocrypta clara,Western Sand Darter,LE,"Fishes - Freshwater and Anadromous Bony, Cartilaginous; Lampreys",9/1/1989,1
Randolph,Myotis sodalis,Indiana Bat,LE,Mammals,7/16/2019,3
Randolph,Myotis septentrionalis,Northern Long-eared Bat,LE,Mammals,7/30/2002,1
Randolph,Macrochelys temminckii,Alligator Snapping Turtle,LE,Turtles,1928-1929,1
Randolph,Terrapene ornata,Ornate Box Turtle,LT,Turtles,4/30/2013,2
Randolph,Pantherophis emoryi,Great Plains Ratsnake,LE,Reptiles,5/28/2025,1
Randolph,Tantilla gracilis,Flat-headed Snake,LT,Reptiles,4/19/1958,1
Randolph,Crotalus horridus,Timber Rattlesnake,LT,Reptiles,4/22/2025,4
Randolph,Faxonius placidus,Bigclaw Crayfish,LE,Crayfishes,1981-03,2
Randolph,Ptilimnium nuttallii,Mock Bishop's Weed,LE,Dicots,7/15/1987,1
Randolph,Rudbeckia missouriensis,Missouri Orange Coneflower,LT,Dicots,7/6/2011,1
Randolph,Draba cuneifolia,Whitlow Grass,LE,Dicots,3/30/2023,1
Randolph,Lonicera flava,Yellow Honeysuckle,LE,Dicots,5/19/2023,1
Randolph,Mentzelia oligosperma,Stickleaf,LE,Dicots,2008,1
Randolph,Phemeranthus calycinus,Fameflower,LE,Dicots,7/5/2009,1
Randolph,Ranunculus harveyi,Harvey's Buttercup,LT,Dicots,4/22/2025,2
Randolph,Urtica chamaedryoides,Nettle,LT,Dicots,12/31/2021,1
Randolph,Pinus echinata,Shortleaf Pine,LE,Conifers,8/15/2017,1
Randolph,Carex albicans var. australis,Bellows Beak Sedge,LE,Monocots,6/17/1998,1
Randolph,Scleria pauciflora,Carolina Whipgrass,LE,Monocots,10/19/2023,1
Randolph,Hexalectris spicata,Crested Coralroot Orchid,LE,Monocots,7/30/2024,1
Randolph,Isotria medeoloides,Small Whorled Pogonia,LE,Monocots,5/21/1991,1
Randolph,Asplenium bradleyi,Bradley's Spleenwort,LE,Leptosporangiate Ferns,3/12/2024,2
Randolph,Huperzia porophila,Cliff Clubmoss,LT,Clubmosses,10/12/1999,1
Randolph,Centruroides vittatus,Common Striped Scorpion,LE,Spiders and other Chelicerates,10/11/2013,2
Randolph,Circus hudsonius,Northern Harrier,LE,Birds,2/7/2015,2
Richland,Nyctanassa violacea,Yellow-crowned Night-Heron,LE,Birds,7/2/2020,1
Richland,Gallinula galeata,Common Gallinule,LE,Birds,6/16/2023,1
Richland,Asio flammeus,Short-eared Owl,LE,Birds,6/30/2014,1
Richland,Lanius ludovicianus,Loggerhead Shrike,LE,Birds,2022-07,4
Richland,Ammocrypta pellucida,Eastern Sand Darter,LT,"Fishes - Freshwater and Anadromous Bony, Cartilaginous; Lampreys",8/5/2019,1
Richland,Eurynia dilatata,Spike,LE,Freshwater Mussels,10/3/1979,1
Richland,Styrax americanus,Storax,LT,Dicots,8/26/2021,1
Richland,Stenanthium gramineum,Grass-leaved Lily,LT,Monocots,6/28/2021,1
Richland,Circus hudsonius,Northern Harrier,LE,Birds,12/14/2013,1
Richland,Rallus elegans,King Rail,LE,Birds,5/18/2023,1
Rock,Erimystax x-punctatus,Gravel Chub,LT,"Fishes - Freshwater and Anadromous Bony, Cartilaginous; Lampreys",9/5/2024,1
Rock,Terrapene ornata,Ornate Box Turtle,LT,Turtles,5/16/2021,1
Rock,Alnus incana ssp. rugosa,Speckled Alder,LE,Dicots,6/12/2024,1
Rock,Lechea intermedia,Pinweed,LE,Dicots,9/4/1949,1
Rock,Bombus affinis,Rusty Patched Bumble Bee,LE,Bumble Bees,7/6/2024,1
Rock,Epeolus ainsliei,Ainslie�s Epeolus,LE,Other Bees,7/2/2018,1
Rock Island,Hemidactylium scutatum,Four-toed Salamander,LT,Amphibians,4/30/2022,3
Rock Island,Nycticorax nycticorax,Black-crowned Night-Heron,LE,Birds,10/18/1993,1
Rock Island,Nyctanassa violacea,Yellow-crowned Night-Heron,LE,Birds,1999-06,1
Rock Island,Setophaga cerulea,Cerulean Warbler,LT,Birds,6/19/2004,1
Rock Island,Xanthocephalus xanthocephalus,Yellow-headed Blackbird,LE,Birds,5/11/1995,1
Rock Island,Acipenser fulvescens,Lake Sturgeon,LE,"Fishes - Freshwater and Anadromous Bony, Cartilaginous; Lampreys",7/28/2021,4
Rock Island,Hybopsis amnis,Pallid Shiner,LE,"Fishes - Freshwater and Anadromous Bony, Cartilaginous; Lampreys",4/8/2024,5
Rock Island,Notropis anogenus,Pugnose Shiner,LE,"Fishes - Freshwater and Anadromous Bony, Cartilaginous; Lampreys",1946,1
Rock Island,Alburnops texanus,Weed Shiner,LE,"Fishes - Freshwater and Anadromous Bony, Cartilaginous; Lampreys",8/30/2023,1
Rock Island,Erimystax x-punctatus,Gravel Chub,LT,"Fishes - Freshwater and Anadromous Bony, Cartilaginous; Lampreys",9/15/2021,3
Rock Island,Moxostoma carinatum,River Redhorse,LT,"Fishes - Freshwater and Anadromous Bony, Cartilaginous; Lampreys",4/18/2017,1
Rock Island,Crystallaria asprella,Crystal Darter,LE,"Fishes - Freshwater and Anadromous Bony, Cartilaginous; Lampreys",6/9/2022,3
Rock Island,Ammocrypta clara,Western Sand Darter,LE,"Fishes - Freshwater and Anadromous Bony, Cartilaginous; Lampreys",8/2/2023,4
Rock Island,Myotis sodalis,Indiana Bat,LE,Mammals,8/5/2020,1
Rock Island,Myotis septentrionalis,Northern Long-eared Bat,LE,Mammals,8/3/2020,1
Rock Island,Emydoidea blandingii,Blanding's Turtle,LE,Turtles,2018-SU,3
Rock Island,Apalone mutica,Smooth Softshell,LT,Turtles,8/15/2021,1
Rock Island,Heterodon nasicus,Plains Hog-nosed Snake,LT,Reptiles,6/5/2025,1
Rock Island,Margaritifera monodonta,Spectaclecase,LE,Freshwater Mussels,10/9/2025,4
Rock Island,Cyclonaias tuberculata,Purple Wartyback,LT,Freshwater Mussels,9/4/2022,3
Rock Island,Ellipsaria lineolata,Butterfly,LT,Freshwater Mussels,10/17/2025,12
Rock Island,Eurynia dilatata,Spike,LE,Freshwater Mussels,2016-09,1
Rock Island,Reginaia ebenus,Ebonyshell,LE,Freshwater Mussels,2020-10,2
Rock Island,Lampsilis higginsii,Higgins Eye,LE,Freshwater Mussels,10/17/2025,7
Rock Island,Plethobasus cyphyus,Sheepnose,LE,Freshwater Mussels,9/18/2025,4
Rock Island,Toxolasma lividum,Purple Lilliput,LE,Freshwater Mussels,8/30/2018,1
Rock Island,Eurybia furcata,Forked Aster,LT,Dicots,9/30/2024,1
Rock Island,Juglans cinerea,Butternut,LE,Dicots,11/1/2024,8
Rock Island,Castilleja sessiliflora,Downy Yellow Painted Cup,LE,Dicots,5/1/2024,1
Rock Island,Valerianella umbilicata,Corn Salad,LE,Dicots,5/2/2024,1
Rock Island,Carex inops ssp. heliophila,Plains Sedge,LE,Monocots,5/3/2024,3
Rock Island,Corallorhiza maculata,Spotted Coral-root Orchid,LE,Monocots,8/29/2002,1
Rock Island,Lycopodium clavatum,Running Pine,LE,Clubmosses,1988,1
Rock Island,Bombus affinis,Rusty Patched Bumble Bee,LE,Bumble Bees,8/18/2023,4
Rock Island,Fundulus diaphanus menona,Western Banded Killifish,LT,"Fishes - Freshwater and Anadromous Bony, Cartilaginous; Lampreys",2017-2020,1
Rock Island,Necturus maculosus,Mudpuppy,LT,Amphibians,9/8/1927,1
Rock Island,Protandrena bancrofti,Mining Bee,LT,Other Bees,7/21/2024,1
Rock Island,Quadrula metanevra,Monkeyface,LT,Freshwater Mussels,9/17/2025,14
Saline,Ixobrychus exilis,Least Bittern,LT,Birds,6/30/1993,1
Saline,Asio flammeus,Short-eared Owl,LE,Birds,1992-03,1
Saline,Antrostomus carolinensis,Chuck-will's-widow,LT,Birds,7/4/2022,2
Saline,Lanius ludovicianus,Loggerhead Shrike,LE,Birds,6/20/1988,2
Saline,Myotis austroriparius,Southeastern Myotis,LE,Mammals,9/23/2021,1
Saline,Myotis sodalis,Indiana Bat,LE,Mammals,10/19/2019,2
Saline,Myotis leibii,Eastern Small-footed Myotis,LT,Mammals,10/7/2021,2
Saline,Myotis septentrionalis,Northern Long-eared Bat,LE,Mammals,2/23/2016,2
Saline,Thamnophis saurita,Eastern Ribbon Snake,LT,Reptiles,8/7/2020,1
Saline,Crotalus horridus,Timber Rattlesnake,LT,Reptiles,8/8/2025,6
Saline,Crangonyx packardi,Packard's Cave Amphipod,LE,Amphipods,8/7/2012,1
Saline,Faxonius indianensis,Indiana Crayfish,LE,Crayfishes,7/29/2021,7
Saline,Eryngium prostratum,Eryngo,LE,Dicots,9/18/1998,1
Saline,Asclepias meadii,Mead's Milkweed,LE,Dicots,2024,2
Saline,Hylotelephium telephioides,American Orpine,LT,Dicots,10/17/2024,3
Saline,Amorpha nitens,Smooth False Indigo,LE,Dicots,6/27/2025,1
Saline,Quercus montana,Rock Chestnut Oak,LT,Dicots,5/27/2025,4
Saline,Carya aquatica,Water Hickory,LE,Dicots,10/18/2023,1
Saline,Rhexia mariana,Dull Meadow Beauty,LE,Dicots,2013-08,1
Saline,Plantago cordata,Heart-leaved Plantain,LE,Dicots,6/27/2025,2
Saline,Dodecatheon frenchii,French's Shootingstar,LT,Dicots,10/30/2020,1
Saline,Actaea rubifolia,Black Cohosh,LE,Dicots,5/18/2000,1
Saline,Carex arkansana,Arkansas Sedge,LE,Monocots,6/23/2020,3
Saline,Carex intumescens,Swollen Sedge,LT,Monocots,6/29/1992,1
Saline,Carex oxylepis var. oxylepis,Sharp-scaled Sedge,LT,Monocots,7/7/1997,1
Saline,Carex willdenowii,Willdenow's Sedge,LT,Monocots,5/15/1994,1
Saline,Scleria pauciflora,Carolina Whipgrass,LE,Monocots,6/4/2025,2
Saline,Spiranthes vernalis,Spring Ladies' Tresses,LE,Monocots,7/30/2024,2
Saline,Dichanthelium ravenelii,Panic Grass,LE,Monocots,6/16/2009,1
Saline,Festuca paradoxa,Cluster Fescue,LT,Monocots,2021,4
Saline,Poa wolfii,Wolf's Bluegrass,LE,Monocots,2021,1
Saline,Asplenium bradleyi,Bradley's Spleenwort,LE,Leptosporangiate Ferns,5/22/2024,1
Saline,Sceptridium biternatum,Southern Grape Fern,LE,"Adder's-tongues, Grapeferns, and Moonworts",9/23/1997,3
Saline,Circus hudsonius,Northern Harrier,LE,Birds,1/31/2018,2
Saline,Carex opaca,Opaque Oval Sedge,LE,Monocots,5/30/2000,1
Sangamon,Ixobrychus exilis,Least Bittern,LT,Birds,7/27/1985,1
Sangamon,Nycticorax nycticorax,Black-crowned Night-Heron,LE,Birds,6/21/2014,1
Sangamon,Coccyzus erythropthalmus,Black-billed Cuckoo,LT,Birds,6/4/2022,1
Sangamon,Asio flammeus,Short-eared Owl,LE,Birds,1/12/2019,1
Sangamon,Lanius ludovicianus,Loggerhead Shrike,LE,Birds,6/30/1994,3
Sangamon,Poliocitellus franklinii,Franklin's Ground Squirrel,LT,Mammals,8/14/2022,6
Sangamon,Terrapene ornata,Ornate Box Turtle,LT,Turtles,6/30/1978,1
Sangamon,Apalone mutica,Smooth Softshell,LT,Turtles,8/20/2010,2
Sangamon,Clonophis kirtlandii,Kirtland's Snake,LT,Reptiles,10/22/2024,9
Sangamon,Tropidoclonion lineatum,Lined Snake,LT,Reptiles,7/7/2025,7
Sangamon,Silene regia,Royal Catchfly,LE,Dicots,8/12/2020,1
Sangamon,Stellaria pubera,Great Chickweed,LE,Dicots,4/22/2016,1
Sangamon,Quercus montana,Rock Chestnut Oak,LT,Dicots,2013,1
Sangamon,Monarda clinopodia,White Bergamot,LT,Dicots,7/2/2025,1
Sangamon,Plantago cordata,Heart-leaved Plantain,LE,Dicots,8/23/2007,1
Sangamon,Tradescantia bracteata,Prairie Spiderwort,LE,Monocots,5/18/2016,1
Sangamon,Melanthium virginicum,Virginia Bunchflower,LE,Monocots,6/27/1955,1
Sangamon,Circus hudsonius,Northern Harrier,LE,Birds,2/9/2018,2
Sangamon,Necturus maculosus,Mudpuppy,LT,Amphibians,4/27/2014,1
Schuyler,Moxostoma carinatum,River Redhorse,LT,"Fishes - Freshwater and Anadromous Bony, Cartilaginous; Lampreys",9/26/2017,1
Schuyler,Percopsis omiscomaycus,Trout-perch,LT,"Fishes - Freshwater and Anadromous Bony, Cartilaginous; Lampreys",1962,1
Schuyler,Myotis sodalis,Indiana Bat,LE,Mammals,7/18/2022,4
Schuyler,Myotis septentrionalis,Northern Long-eared Bat,LE,Mammals,6/22/2002,2
Schuyler,Clonophis kirtlandii,Kirtland's Snake,LT,Reptiles,8/17/2023,3
Schuyler,Boltonia decurrens,Decurrent False Aster,LT,Dicots,10/21/2024,3
Schuyler,Viburnum molle,Arrowwood,LT,Dicots,8/30/2004,1
Schuyler,Juglans cinerea,Butternut,LE,Dicots,10/4/2011,1
Schuyler,Carex prasina,Drooping Sedge,LT,Monocots,8/8/2001,1
Schuyler,Poa wolfii,Wolf's Bluegrass,LE,Monocots,5/10/1991,1
Schuyler,Sceptridium biternatum,Southern Grape Fern,LE,"Adder's-tongues, Grapeferns, and Moonworts",6/12/1995,1
Scott,Acipenser fulvescens,Lake Sturgeon,LE,"Fishes - Freshwater and Anadromous Bony, Cartilaginous; Lampreys",8/21/2020,2
Scott,Hybopsis amnis,Pallid Shiner,LE,"Fishes - Freshwater and Anadromous Bony, Cartilaginous; Lampreys",4/8/2024,1
Scott,Notropis anogenus,Pugnose Shiner,LE,"Fishes - Freshwater and Anadromous Bony, Cartilaginous; Lampreys",1946,1
Scott,Alburnops texanus,Weed Shiner,LE,"Fishes - Freshwater and Anadromous Bony, Cartilaginous; Lampreys",9/7/2022,1
Scott,Ammocrypta clara,Western Sand Darter,LE,"Fishes - Freshwater and Anadromous Bony, Cartilaginous; Lampreys",8/2/2023,1
Scott,Margaritifera monodonta,Spectaclecase,LE,Freshwater Mussels,8/12/2024,1
Scott,Ellipsaria lineolata,Butterfly,LT,Freshwater Mussels,10/17/2025,6
Scott,Lampsilis higginsii,Higgins Eye,LE,Freshwater Mussels,10/17/2025,5
Scott,Plethobasus cyphyus,Sheepnose,LE,Freshwater Mussels,8/13/2024,2
Scott,Quadrula metanevra,Monkeyface,LT,Freshwater Mussels,8/18/2024,5
Scott,Pseudacris illinoensis,Illinois Chorus Frog,LT,Amphibians,2025,10
Scott,Myotis sodalis,Indiana Bat,LE,Mammals,6/1/2017,2
Scott,Terrapene ornata,Ornate Box Turtle,LT,Turtles,5/21/2018,2
Scott,Crotalus horridus,Timber Rattlesnake,LT,Reptiles,1990s,1
Scott,Hesperia metea,Cobweb Skipper,LE,Butterflies,5/10/1979,1
Scott,Argynnis idalia occidentalis,Western Regal Fritillary,LT,Butterflies,7/7/2025,1
Scott,Reginaia ebenus,Ebonyshell,LE,Freshwater Mussels,8/6/2002,1
Scott,Boltonia decurrens,Decurrent False Aster,LT,Dicots,2021-11,2
Scott,Astragalus distortus,Bent Milk Vetch,LE,Dicots,2003,1
Scott,Tradescantia bracteata,Prairie Spiderwort,LE,Monocots,5/21/2021,1
Scott,Polyamia rossi,Ross' Polyamia,LT,"True Bugs, Cicadas, Hoppers, Aphids and Allies",8/11/2004,1
Scott,Pandion haliaetus,Osprey,LT,Birds,2019-04,1
Scott,Moxostoma carinatum,River Redhorse,LT,"Fishes - Freshwater and Anadromous Bony, Cartilaginous; Lampreys",2006,2
Scott,Lepomis miniatus,Redspotted Sunfish,LT,"Fishes - Freshwater and Anadromous Bony, Cartilaginous; Lampreys",2001,1
Scott,Crystallaria asprella,Crystal Darter,LE,"Fishes - Freshwater and Anadromous Bony, Cartilaginous; Lampreys",7/19/2019,1
Shelby,Botaurus lentiginosus,American Bittern,LE,Birds,5/14/2021,1
Shelby,Ixobrychus exilis,Least Bittern,LT,Birds,7/26/2009,1
Shelby,Nycticorax nycticorax,Black-crowned Night-Heron,LE,Birds,6/16/2011,1
Shelby,Pandion haliaetus,Osprey,LT,Birds,6/27/2025,1
Shelby,Bartramia longicauda,Upland Sandpiper,LE,Birds,6/26/1979,1
Shelby,Phalaropus tricolor,Wilson's Phalarope,LE,Birds,7/5/2008,1
Shelby,Asio flammeus,Short-eared Owl,LE,Birds,1/2/2016,1
Shelby,Lanius ludovicianus,Loggerhead Shrike,LE,Birds,6/17/1983,1
Shelby,Hybopsis amblops,Bigeye Chub,LT,"Fishes - Freshwater and Anadromous Bony, Cartilaginous; Lampreys",7/23/1950,1
Shelby,Miniellus boops,Bigeye Shiner,LE,"Fishes - Freshwater and Anadromous Bony, Cartilaginous; Lampreys",7/3/1964,4
Shelby,Ammocrypta clara,Western Sand Darter,LE,"Fishes - Freshwater and Anadromous Bony, Cartilaginous; Lampreys",8/30/2017,4
Shelby,Terrapene ornata,Ornate Box Turtle,LT,Turtles,6/12/1967,1
Shelby,Apalone mutica,Smooth Softshell,LT,Turtles,8/21/2025,1
Shelby,Clonophis kirtlandii,Kirtland's Snake,LT,Reptiles,5/12/1994,1
Shelby,Plethobasus cyphyus,Sheepnose,LE,Freshwater Mussels,8/24/2017,1
Shelby,Trifolium reflexum,Buffalo Clover,LT,Dicots,5/19/2004,1
Shelby,Monarda clinopodia,White Bergamot,LT,Dicots,7/14/2022,2
Shelby,Collinsia violacea,Violet Collinsia,LE,Dicots,5/7/2025,1
Shelby,Penstemon tubaeflorus,Tube Beard Tongue,LE,Dicots,6/27/1997,1
Shelby,Circus hudsonius,Northern Harrier,LE,Birds,2/7/2016,1
Shelby,Rallus elegans,King Rail,LE,Birds,5/14/2021,1
St. Charles,Acipenser fulvescens,Lake Sturgeon,LE,"Fishes - Freshwater and Anadromous Bony, Cartilaginous; Lampreys",2015,1
St. Charles,Scaphirhynchus albus,Pallid Sturgeon,LE,"Fishes - Freshwater and Anadromous Bony, Cartilaginous; Lampreys",1/27/2000,1
St. Charles,Miniellus boops,Bigeye Shiner,LE,"Fishes - Freshwater and Anadromous Bony, Cartilaginous; Lampreys",9/27/2022,2
St. Charles,Ammocrypta clara,Western Sand Darter,LE,"Fishes - Freshwater and Anadromous Bony, Cartilaginous; Lampreys",2000,3
St. Charles,Reginaia ebenus,Ebonyshell,LE,Freshwater Mussels,8/18/1966,1
St. Clair,Ixobrychus exilis,Least Bittern,LT,Birds,6/25/2015,2
St. Clair,Egretta thula,Snowy Egret,LE,Birds,7/8/2007,1
St. Clair,Egretta caerulea,Little Blue Heron,LE,Birds,7/27/2020,2
St. Clair,Nycticorax nycticorax,Black-crowned Night-Heron,LE,Birds,6/30/2014,2
St. Clair,Nyctanassa violacea,Yellow-crowned Night-Heron,LE,Birds,7/14/1999,2
St. Clair,Gallinula galeata,Common Gallinule,LE,Birds,6/22/2004,5
St. Clair,Asio flammeus,Short-eared Owl,LE,Birds,2/6/2016,1
St. Clair,Lanius ludovicianus,Loggerhead Shrike,LE,Birds,6/30/1983,1
St. Clair,Myotis sodalis,Indiana Bat,LE,Mammals,6/20/2014,2
St. Clair,Myotis septentrionalis,Northern Long-eared Bat,LE,Mammals,7/6/2009,1
St. Clair,Apalone mutica,Smooth Softshell,LT,Turtles,8/17/2015,1
St. Clair,Gammarus acherondytes,Illinois Cave Amphipod,LE,Amphipods,6/13/1965,1
St. Clair,Fontigens antroecetes,Hydrobiid cave snail,LE,Other Molluscs,8/31/2025,1
St. Clair,Boltonia decurrens,Decurrent False Aster,LT,Dicots,9/19/2025,1
St. Clair,Melothria pendula,Squirting Cucumber,LT,Dicots,5/14/2022,1
St. Clair,Trifolium reflexum,Buffalo Clover,LT,Dicots,7/25/1990,1
St. Clair,Sabatia campestris,Prairie Rose Gentian,LE,Dicots,7/31/2025,1
St. Clair,Salvia azurea var. grandiflora,Wild Blue Sage,LT,Dicots,8/7/2023,2
St. Clair,Malvastrum hispidum,False Mallow,LE,Dicots,8/16/2022,1
St. Clair,Penstemon tubaeflorus,Tube Beard Tongue,LE,Dicots,5/30/2025,1
St. Clair,Trillium viride,Green Trillium,LE,Monocots,5/13/1999,1
St. Clair,Circus hudsonius,Northern Harrier,LE,Birds,2/6/2016,1
St. Louis,Scaphirhynchus albus,Pallid Sturgeon,LE,"Fishes - Freshwater and Anadromous Bony, Cartilaginous; Lampreys",5/6/2015,1
St. Louis,Erimystax x-punctatus,Gravel Chub,LT,"Fishes - Freshwater and Anadromous Bony, Cartilaginous; Lampreys",7/30/1963,1
St. Louis (city),Ammocrypta clara,Western Sand Darter,LE,"Fishes - Freshwater and Anadromous Bony, Cartilaginous; Lampreys",9/13/2005,1
Stark,Bartramia longicauda,Upland Sandpiper,LE,Birds,7/8/2011,1
Stark,Lanius ludovicianus,Loggerhead Shrike,LE,Birds,5/24/2005,3
Stark,Notropis heterolepis,Blacknose Shiner,LE,"Fishes - Freshwater and Anadromous Bony, Cartilaginous; Lampreys",8/18/2010,2
Stark,Festuca paradoxa,Cluster Fescue,LT,Monocots,5/2/2011,1
Stark,Quadrula metanevra,Monkeyface,LT,Freshwater Mussels,8/3/2010,1
Ste. Genevieve,Acipenser fulvescens,Lake Sturgeon,LE,"Fishes - Freshwater and Anadromous Bony, Cartilaginous; Lampreys",5/14/2015,1
Ste. Genevieve,Scaphirhynchus albus,Pallid Sturgeon,LE,"Fishes - Freshwater and Anadromous Bony, Cartilaginous; Lampreys",5/14/2015,1
Ste. Genevieve,Miniellus boops,Bigeye Shiner,LE,"Fishes - Freshwater and Anadromous Bony, Cartilaginous; Lampreys",8/27/2019,1
Ste. Genevieve,Ammocrypta clara,Western Sand Darter,LE,"Fishes - Freshwater and Anadromous Bony, Cartilaginous; Lampreys",9/1/1989,1
Stephenson,Bartramia longicauda,Upland Sandpiper,LE,Birds,5/28/2014,1
Stephenson,Hybognathus hankinsoni,Brassy Minnow,LE,"Fishes - Freshwater and Anadromous Bony, Cartilaginous; Lampreys",9/27/2007,3
Stephenson,Notropis heterolepis,Blacknose Shiner,LE,"Fishes - Freshwater and Anadromous Bony, Cartilaginous; Lampreys",9/16/1991,1
Stephenson,Miniellus nubilus,Ozark Minnow,LT,"Fishes - Freshwater and Anadromous Bony, Cartilaginous; Lampreys",6/18/2008,3
Stephenson,Alburnops texanus,Weed Shiner,LE,"Fishes - Freshwater and Anadromous Bony, Cartilaginous; Lampreys",8/17/2017,1
Stephenson,Erimystax x-punctatus,Gravel Chub,LT,"Fishes - Freshwater and Anadromous Bony, Cartilaginous; Lampreys",9/1/2021,1
Stephenson,Myotis septentrionalis,Northern Long-eared Bat,LE,Mammals,6/23/1983,1
Stephenson,Canis lupus,Gray/Timber Wolf,LE,Mammals,12/4/2012,1
Stephenson,Emydoidea blandingii,Blanding's Turtle,LE,Turtles,6/7/2022,1
Stephenson,Eurynia dilatata,Spike,LE,Freshwater Mussels,8/1/2019,3
Stephenson,Helianthus giganteus,Tall Sunflower,LE,Dicots,8/10/2011,1
Stephenson,Betula alleghaniensis,Yellow Birch,LE,Dicots,2013,1
Stephenson,Juglans cinerea,Butternut,LE,Dicots,9/27/2023,2
Stephenson,Ranunculus rhomboideus,Prairie Buttercup,LE,Dicots,1977-SP,1
Stephenson,Sullivantia sullivantii,Sullivantia,LT,Dicots,6/17/1993,1
Stephenson,Castilleja sessiliflora,Downy Yellow Painted Cup,LE,Dicots,6/25/2020,1
Stephenson,Sceptridium multifidum,Northern Grape Fern,LE,"Adder's-tongues, Grapeferns, and Moonworts",8/24/1978,1
Stephenson,Bombus affinis,Rusty Patched Bumble Bee,LE,Bumble Bees,8/29/2019,1
Sullivan,Ichthyomyzon fossor,Northern Brook Lamprey,LE,"Fishes - Freshwater and Anadromous Bony, Cartilaginous; Lampreys",7/20/1983,1
Sullivan,Hybopsis amblops,Bigeye Chub,LT,"Fishes - Freshwater and Anadromous Bony, Cartilaginous; Lampreys",9/23/2015,1
Sullivan,Moxostoma carinatum,River Redhorse,LT,"Fishes - Freshwater and Anadromous Bony, Cartilaginous; Lampreys",8/28/2019,1
Sullivan,Elliptio crassidens,Elephant-ear,LE,Freshwater Mussels,1988-09,1
Sullivan,Reginaia ebenus,Ebonyshell,LE,Freshwater Mussels,1999-06,1
Sullivan,Quadrula metanevra,Monkeyface,LT,Freshwater Mussels,8/17/2011,2
Tazewell,Pseudacris illinoensis,Illinois Chorus Frog,LT,Amphibians,2024,9
Tazewell,Nycticorax nycticorax,Black-crowned Night-Heron,LE,Birds,6/26/2008,1
Tazewell,Pandion haliaetus,Osprey,LT,Birds,7/10/2021,2
Tazewell,Asio flammeus,Short-eared Owl,LE,Birds,2/10/2015,1
Tazewell,Antrostomus carolinensis,Chuck-will's-widow,LT,Birds,6/8/1998,1
Tazewell,Lanius ludovicianus,Loggerhead Shrike,LE,Birds,7/5/1990,2
Tazewell,Setophaga cerulea,Cerulean Warbler,LT,Birds,6/6/2010,1
Tazewell,Lethenteron appendix,American Brook Lamprey,LT,"Fishes - Freshwater and Anadromous Bony, Cartilaginous; Lampreys",7/29/1999,2
Tazewell,Acipenser fulvescens,Lake Sturgeon,LE,"Fishes - Freshwater and Anadromous Bony, Cartilaginous; Lampreys",6/22/2016,3
Tazewell,Alburnops chalybaeus,Ironcolor Shiner,LT,"Fishes - Freshwater and Anadromous Bony, Cartilaginous; Lampreys",7/1/1963,1
Tazewell,Moxostoma carinatum,River Redhorse,LT,"Fishes - Freshwater and Anadromous Bony, Cartilaginous; Lampreys",1985,1
Tazewell,Percopsis omiscomaycus,Trout-perch,LT,"Fishes - Freshwater and Anadromous Bony, Cartilaginous; Lampreys",1963,5
Tazewell,Fundulus dispar,Starhead Topminnow,LT,"Fishes - Freshwater and Anadromous Bony, Cartilaginous; Lampreys",7/21/1967,2
Tazewell,Lepomis miniatus,Redspotted Sunfish,LT,"Fishes - Freshwater and Anadromous Bony, Cartilaginous; Lampreys",10/1/2014,2
Tazewell,Terrapene ornata,Ornate Box Turtle,LT,Turtles,6/6/2008,1
Tazewell,Kinosternon flavescens,Yellow Mud Turtle,LE,Turtles,7/14/2009,4
Tazewell,Heterodon nasicus,Plains Hog-nosed Snake,LT,Reptiles,2007,1
Tazewell,Elliptio crassidens,Elephant-ear,LE,Freshwater Mussels,8/19/2012,1
Tazewell,Reginaia ebenus,Ebonyshell,LE,Freshwater Mussels,8/4/2012,1
Tazewell,Eurybia furcata,Forked Aster,LT,Dicots,1987,1
Tazewell,Boltonia decurrens,Decurrent False Aster,LT,Dicots,10/13/2017,2
Tazewell,Tetraneuris herbacea,Lakeside Daisy,LE,Dicots,5/2/2013,1
Tazewell,Polanisia jamesii,James' Clammyweed,LE,Dicots,8/31/2012,1
Tazewell,Astragalus tennesseensis,Tennessee Milk Vetch,LE,Dicots,7/21/2025,1
Tazewell,Corydalis aurea,Golden Corydalis,LE,Dicots,2021-04,1
Tazewell,Orobanche ludoviciana,Broomrape,LT,Dicots,8/15/2014,1
Tazewell,Plantago cordata,Heart-leaved Plantain,LE,Dicots,6/25/2025,1
Tazewell,Synthyris bullii,Kittentails,LT,Dicots,4/23/2020,3
Tazewell,Cypripedium parviflorum,Small Yellow Lady's Slipper,LE,Monocots,5/6/2017,2
Tazewell,Poa wolfii,Wolf's Bluegrass,LE,Monocots,5/28/1998,1
Tazewell,Bombus affinis,Rusty Patched Bumble Bee,LE,Bumble Bees,7/12/2024,1
Tazewell,Circus hudsonius,Northern Harrier,LE,Birds,2/10/2015,1
Tazewell,Necturus maculosus,Mudpuppy,LT,Amphibians,10/30/2018,1
Tazewell,Anthophora walshii,Walsh's Anthophora,LT,Digger Bees,7/1/1973,1
Union,Hyla avivoca,Bird-voiced Treefrog,LT,Amphibians,10/17/2024,3
Union,Gastrophryne carolinensis,Eastern Narrowmouth Toad,LT,Amphibians,7/19/2023,2
Union,Ixobrychus exilis,Least Bittern,LT,Birds,7/30/1993,1
Union,Egretta caerulea,Little Blue Heron,LE,Birds,5/28/2021,2
Union,Gallinula galeata,Common Gallinule,LE,Birds,7/30/1993,1
Union,Antrostomus carolinensis,Chuck-will's-widow,LT,Birds,2024-07,3
Union,Lanius ludovicianus,Loggerhead Shrike,LE,Birds,5/6/1989,1
Union,Setophaga cerulea,Cerulean Warbler,LT,Birds,5/27/2025,4
Union,Scaphirhynchus albus,Pallid Sturgeon,LE,"Fishes - Freshwater and Anadromous Bony, Cartilaginous; Lampreys",4/27/2015,1
Union,Hybognathus hayi,Cypress Minnow,LE,"Fishes - Freshwater and Anadromous Bony, Cartilaginous; Lampreys",8/19/1997,1
Union,Miniellus boops,Bigeye Shiner,LE,"Fishes - Freshwater and Anadromous Bony, Cartilaginous; Lampreys",6/21/2024,8
Union,Alburnops texanus,Weed Shiner,LE,"Fishes - Freshwater and Anadromous Bony, Cartilaginous; Lampreys",2007,1
Union,Macrhybopsis gelida,Sturgeon Chub,LE,"Fishes - Freshwater and Anadromous Bony, Cartilaginous; Lampreys",4/8/1978,1
Union,Moxostoma carinatum,River Redhorse,LT,"Fishes - Freshwater and Anadromous Bony, Cartilaginous; Lampreys",7/2/2003,1
Union,Percopsis omiscomaycus,Trout-perch,LT,"Fishes - Freshwater and Anadromous Bony, Cartilaginous; Lampreys",6/16/1999,1
Union,Fundulus dispar,Starhead Topminnow,LT,"Fishes - Freshwater and Anadromous Bony, Cartilaginous; Lampreys",11/8/2025,3
Union,Elassoma zonatum,Banded Pygmy Sunfish,LT,"Fishes - Freshwater and Anadromous Bony, Cartilaginous; Lampreys",11/8/2025,3
Union,Lepomis symmetricus,Bantam Sunfish,LT,"Fishes - Freshwater and Anadromous Bony, Cartilaginous; Lampreys",9/27/2025,4
Union,Lepomis miniatus,Redspotted Sunfish,LT,"Fishes - Freshwater and Anadromous Bony, Cartilaginous; Lampreys",8/20/2025,3
Union,Ammocrypta clara,Western Sand Darter,LE,"Fishes - Freshwater and Anadromous Bony, Cartilaginous; Lampreys",1997,1
Union,Myotis austroriparius,Southeastern Myotis,LE,Mammals,11/19/2016,3
Union,Myotis sodalis,Indiana Bat,LE,Mammals,2/25/2024,10
Union,Myotis septentrionalis,Northern Long-eared Bat,LE,Mammals,2/25/2024,9
Union,Corynorhinus rafinesquii,Rafinesque's Big-eared Bat,LE,Mammals,8/21/2013,1
Union,Macrochelys temminckii,Alligator Snapping Turtle,LE,Turtles,10/11/2022,4
Union,Nerodia cyclopion,Mississippi Green Watersnake,LT,Reptiles,10/23/2022,1
Union,Tantilla gracilis,Flat-headed Snake,LT,Reptiles,4/13/2024,1
Union,Thamnophis saurita,Eastern Ribbon Snake,LT,Reptiles,9/27/2019,1
Union,Crotalus horridus,Timber Rattlesnake,LT,Reptiles,3/30/2025,9
Union,Crangonyx packardi,Packard's Cave Amphipod,LE,Amphipods,1965-06,1
Union,Iresine rhizomatosa,Bloodleaf,LE,Dicots,9/4/2022,1
Union,Ptilimnium nuttallii,Mock Bishop's Weed,LE,Dicots,1981,1
Union,Euonymus americanus,American Strawberry Bush,LT,Dicots,7/9/1991,1
Union,Melothria pendula,Squirting Cucumber,LT,Dicots,6/4/2025,9
Union,Quercus phellos,Willow Oak,LT,Dicots,5/21/2018,2
Union,Quercus montana,Rock Chestnut Oak,LT,Dicots,1/17/2022,1
Union,Hydrolea uniflora,One-flowered Hydrolea,LE,Dicots,9/14/1977,1
Union,Carya aquatica,Water Hickory,LE,Dicots,6/27/1957,1
Union,Carya pallida,Pale Hickory,LE,Dicots,4/22/2021,3
Union,Juglans cinerea,Butternut,LE,Dicots,5/8/1991,1
Union,Monarda clinopodia,White Bergamot,LT,Dicots,7/11/1941,1
Union,Synandra hispidula,Hairy Synandra,LT,Dicots,4/27/2024,1
Union,Dodecatheon frenchii,French's Shootingstar,LT,Dicots,6/3/2025,4
Union,Lysimachia radicans,Creeping Loosestrife,LE,Dicots,8/2/2022,1
Union,Agalinis skinneriana,Pale False Foxglove,LT,Dicots,2005-10,1
Union,Styrax americanus,Storax,LT,Dicots,11/4/2021,1
Union,Urtica chamaedryoides,Nettle,LT,Dicots,4/30/2023,6
Union,Pinus echinata,Shortleaf Pine,LE,Conifers,4/22/2021,2
Union,Carex decomposita,Cypress-knee Sedge,LE,Monocots,10/4/2019,1
Union,Carex gigantea,Large Sedge,LE,Monocots,6/18/2005,1
Union,Carex intumescens,Swollen Sedge,LT,Monocots,10/4/2022,2
Union,Carex nigromarginata,Black-edged Sedge,LE,Monocots,4/23/2025,4
Union,Carex oxylepis var. oxylepis,Sharp-scaled Sedge,LT,Monocots,8/7/2013,2
Union,Carex albicans var. australis,Bellows Beak Sedge,LE,Monocots,4/19/1983,2
Union,Carex willdenowii,Willdenow's Sedge,LT,Monocots,5/26/1988,1
Union,Scleria pauciflora,Carolina Whipgrass,LE,Monocots,9/17/2024,1
Union,Trillium viride,Green Trillium,LE,Monocots,4/23/2025,2
Union,Platanthera flava,Tubercled Orchid,LT,Monocots,8/31/2023,1
Union,Spiranthes vernalis,Spring Ladies' Tresses,LE,Monocots,6/27/2024,1
Union,Dichanthelium yadkinense,Panic Grass,LE,Monocots,10/29/2024,1
Union,Dichanthelium joorii,Panic Grass,LE,Monocots,1988,1
Union,Glyceria arkansana,Arkansas Mannagrass,LE,Monocots,8/29/2013,2
Union,Torreyochloa pallida,Grass,LE,Monocots,6/18/2005,1
Union,Asplenium bradleyi,Bradley's Spleenwort,LE,Leptosporangiate Ferns,3/4/2024,2
Union,Asplenium resiliens,Black Spleenwort,LE,Leptosporangiate Ferns,3/1/2022,1
Union,Vandenboschia boschiana,Filmy Fern,LE,Leptosporangiate Ferns,2/14/2024,1
Union,Sceptridium biternatum,Southern Grape Fern,LE,"Adder's-tongues, Grapeferns, and Moonworts",10/13/1996,1
Union,Circus hudsonius,Northern Harrier,LE,Birds,12/29/2011,1
Union,Necturus maculosus,Mudpuppy,LT,Amphibians,3/14/2010,1
Union,Prostoia ozarkensis,Central Forestfly,LE,Stoneflies,3/22/2015,2
Union,Forbesichthys papilliferus,Shawnee Hills Cavefish,LT,"Fishes - Freshwater and Anadromous Bony, Cartilaginous; Lampreys",4/7/2022,9
Union,Phemeranthus parviflorus,Small Flower-of-an-hour,LT,Dicots,5/22/2024,1
Union,Etheostoma histrio,Harlequin Darter,LE,"Fishes - Freshwater and Anadromous Bony, Cartilaginous; Lampreys",9/5/2019,2
Union,Apalone mutica,Smooth Softshell,LT,Turtles,8/9/1993,1
Union,Reginaia ebenus,Ebonyshell,LE,Freshwater Mussels,9/23/2014,1
Union,Potamilus capax,Fat Pocketbook,LE,Freshwater Mussels,9/23/2014,1
Union,Lithasia obovata,Shawnee Rocksnail,LE,Freshwater Snails,9/10/2009,1
Union,Euonymus americanus,American Strawberry Bush,LT,Dicots,10/6/2022,1
Union,Carex oxylepis var. oxylepis,Sharp-scaled Sedge,LT,Monocots,5/6/2022,1
Vermilion,Ambystoma platineum,Silvery Salamander,LE,Amphibians,3/24/2022,7
Vermilion,Hemidactylium scutatum,Four-toed Salamander,LT,Amphibians,4/2/2023,1
Vermilion,Ixobrychus exilis,Least Bittern,LT,Birds,6/14/2012,2
Vermilion,Pandion haliaetus,Osprey,LT,Birds,6/17/2023,1
Vermilion,Bartramia longicauda,Upland Sandpiper,LE,Birds,7/4/1986,1
Vermilion,Asio flammeus,Short-eared Owl,LE,Birds,12/14/2014,3
Vermilion,Lethenteron appendix,American Brook Lamprey,LT,"Fishes - Freshwater and Anadromous Bony, Cartilaginous; Lampreys",1/23/2001,1
Vermilion,Cottus bairdii,Mottled Sculpin,LT,"Fishes - Freshwater and Anadromous Bony, Cartilaginous; Lampreys",7/18/2024,6
Vermilion,Hybopsis amblops,Bigeye Chub,LT,"Fishes - Freshwater and Anadromous Bony, Cartilaginous; Lampreys",8/20/2024,18
Vermilion,Nocomis micropogon,River Chub,LE,"Fishes - Freshwater and Anadromous Bony, Cartilaginous; Lampreys",5/19/2001,2
Vermilion,Miniellus boops,Bigeye Shiner,LE,"Fishes - Freshwater and Anadromous Bony, Cartilaginous; Lampreys",8/20/2020,7
Vermilion,Erimystax x-punctatus,Gravel Chub,LT,"Fishes - Freshwater and Anadromous Bony, Cartilaginous; Lampreys",9/23/2021,4
Vermilion,Moxostoma carinatum,River Redhorse,LT,"Fishes - Freshwater and Anadromous Bony, Cartilaginous; Lampreys",10/12/2020,9
Vermilion,Noturus stigmosus,Northern Madtom,LE,"Fishes - Freshwater and Anadromous Bony, Cartilaginous; Lampreys",1962-08,1
Vermilion,Ammocrypta pellucida,Eastern Sand Darter,LT,"Fishes - Freshwater and Anadromous Bony, Cartilaginous; Lampreys",8/31/2023,12
Vermilion,Nothonotus camurus,Bluebreast Darter,LT,"Fishes - Freshwater and Anadromous Bony, Cartilaginous; Lampreys",8/20/2024,18
Vermilion,Myotis austroriparius,Southeastern Myotis,LE,Mammals,1996,2
Vermilion,Myotis sodalis,Indiana Bat,LE,Mammals,8/22/2022,6
Vermilion,Myotis septentrionalis,Northern Long-eared Bat,LE,Mammals,9/2/2014,4
Vermilion,Poliocitellus franklinii,Franklin's Ground Squirrel,LT,Mammals,5/23/2009,1
Vermilion,Emydoidea blandingii,Blanding's Turtle,LE,Turtles,6/12/2018,2
Vermilion,Apalone mutica,Smooth Softshell,LT,Turtles,9/13/2012,1
Vermilion,Calephelis muticum,Swamp Metalmark,LE,Butterflies,6/18/1989,1
Vermilion,Cyclonaias tuberculata,Purple Wartyback,LT,Freshwater Mussels,9/18/2025,22
Vermilion,Reginaia ebenus,Ebonyshell,LE,Freshwater Mussels,8/30/2016,1
Vermilion,Lampsilis fasciola,Wavy-rayed Lampmussel,LE,Freshwater Mussels,9/29/2025,32
Vermilion,Pleurobema clava,Clubshell,LE,Freshwater Mussels,9/18/2025,7
Vermilion,Ptychobranchus fasciolaris,Kidneyshell,LE,Freshwater Mussels,9/18/2025,4
Vermilion,Theliderma cylindrica,Rabbitsfoot,LE,Freshwater Mussels,9/18/2025,5
Vermilion,Simpsonaias ambigua,Salamander Mussel,LE,Freshwater Mussels,11/2/2016,5
Vermilion,Toxolasma lividum,Purple Lilliput,LE,Freshwater Mussels,9/29/2025,11
Vermilion,Asclepias meadii,Mead's Milkweed,LE,Dicots,6/15/2024,1
Vermilion,Silene regia,Royal Catchfly,LE,Dicots,7/16/2015,1
Vermilion,Juglans cinerea,Butternut,LE,Dicots,7/27/1992,1
Vermilion,Monarda clinopodia,White Bergamot,LT,Dicots,7/31/2025,3
Vermilion,Filipendula rubra,Queen-of-the-prairie,LT,Dicots,7/11/2016,2
Vermilion,Viola viarum,Limestone Riverbank Violet,LE,Dicots,5/21/2023,2
Vermilion,Carex bromoides,Sedge,LT,Monocots,5/15/2012,1
Vermilion,Carex prasina,Drooping Sedge,LT,Monocots,6/14/2024,2
Vermilion,Carex willdenowii,Willdenow's Sedge,LT,Monocots,1998,1
Vermilion,Scirpus hattorianus,Bulrush,LE,Monocots,8/22/2023,1
Vermilion,Cypripedium parviflorum,Small Yellow Lady's Slipper,LE,Monocots,5/12/2025,4
Vermilion,Poa saltuensis ssp. languida,Weak Bluegrass,LE,Monocots,5/14/2012,1
Vermilion,Poa wolfii,Wolf's Bluegrass,LE,Monocots,7/14/2023,2
Vermilion,Diploperla robusta,Robust Springfly,LE,Stoneflies,5/13/2020,1
Vermilion,Epioblasma rangiana,Northern Riffleshell,LE,Freshwater Mussels,7/22/2025,5
Vermilion,Circus hudsonius,Northern Harrier,LE,Birds,6/11/1993,3
Vermilion,Nothonotus tippecanoe,Tippecanoe Darter,LT,"Fishes - Freshwater and Anadromous Bony, Cartilaginous; Lampreys",8/20/2024,3
Vermilion,Necturus maculosus,Mudpuppy,LT,Amphibians,10/10/2024,2
Vermilion,Erimystax dissimilis,Streamline Chub,LT,"Fishes - Freshwater and Anadromous Bony, Cartilaginous; Lampreys",10/11/2020,2
Vermilion,Quadrula metanevra,Monkeyface,LT,Freshwater Mussels,10/15/2025,13
Vermilion,Cambarunio iris,Rainbow,LE,Freshwater Mussels,9/29/2025,17
Vermillion,Erimystax x-punctatus,Gravel Chub,LT,"Fishes - Freshwater and Anadromous Bony, Cartilaginous; Lampreys",9/23/2021,1
Vermillion,Myotis septentrionalis,Northern Long-eared Bat,LE,Mammals,6/16/2011,1
Vigo,Ambystoma jeffersonianum,Jefferson Salamander,LT,Amphibians,3/13/2009,1
Vigo,Nocomis micropogon,River Chub,LE,"Fishes - Freshwater and Anadromous Bony, Cartilaginous; Lampreys",10/4/1964,1
Vigo,Erimystax x-punctatus,Gravel Chub,LT,"Fishes - Freshwater and Anadromous Bony, Cartilaginous; Lampreys",11/6/1960,1
Vigo,Moxostoma valenciennesi,Greater Redhorse,LE,"Fishes - Freshwater and Anadromous Bony, Cartilaginous; Lampreys",9/4/1998,1
Vigo,Elliptio crassidens,Elephant-ear,LE,Freshwater Mussels,9/2/1988,1
Vigo,Quadrula metanevra,Monkeyface,LT,Freshwater Mussels,9/2/1988,2
Wabash,Phalaropus tricolor,Wilson's Phalarope,LE,Birds,5/27/2013,1
Wabash,Sternula antillarum,Least Tern,LE,Birds,6/6/2017,4
Wabash,Chlidonias niger,Black Tern,LE,Birds,7/19/2002,1
Wabash,Lanius ludovicianus,Loggerhead Shrike,LE,Birds,4/3/2021,2
Wabash,Setophaga cerulea,Cerulean Warbler,LT,Birds,6/28/2015,1
Wabash,Limnothlypis swainsonii,Swainson's Warbler,LE,Birds,5/7/2005,1
Wabash,Erimystax x-punctatus,Gravel Chub,LT,"Fishes - Freshwater and Anadromous Bony, Cartilaginous; Lampreys",1940,1
Wabash,Noturus stigmosus,Northern Madtom,LE,"Fishes - Freshwater and Anadromous Bony, Cartilaginous; Lampreys",11/5/1964,1
Wabash,Ammocrypta pellucida,Eastern Sand Darter,LT,"Fishes - Freshwater and Anadromous Bony, Cartilaginous; Lampreys",1940,1
Wabash,Etheostoma histrio,Harlequin Darter,LE,"Fishes - Freshwater and Anadromous Bony, Cartilaginous; Lampreys",8/20/2019,4
Wabash,Macrochelys temminckii,Alligator Snapping Turtle,LE,Turtles,1887-pre,1
Wabash,Crotalus horridus,Timber Rattlesnake,LT,Reptiles,1994-SUM,1
Wabash,Elliptio crassidens,Elephant-ear,LE,Freshwater Mussels,8/23/2012,5
Wabash,Eurynia dilatata,Spike,LE,Freshwater Mussels,8/14/2012,1
Wabash,Reginaia ebenus,Ebonyshell,LE,Freshwater Mussels,8/22/2021,3
Wabash,Potamilus capax,Fat Pocketbook,LE,Freshwater Mussels,8/14/2024,9
Wabash,Leptoxis praerosa,Onyx Rocksnail,LE,Freshwater Snails,9/22/1997,1
Wabash,Lithasia obovata,Shawnee Rocksnail,LE,Freshwater Snails,9/26/1991,1
Wabash,Iresine rhizomatosa,Bloodleaf,LE,Dicots,10/8/2018,2
Wabash,Clematis crispa,Blue Jasmine,LE,Dicots,6/26/2004,1
Wabash,Quadrula metanevra,Monkeyface,LT,Freshwater Mussels,8/29/2021,6
Walworth,Gallinula galeata,Common Gallinule,LE,Birds,6/26/2024,1
Walworth,Emydoidea blandingii,Blanding's Turtle,LE,Turtles,4/17/2024,1
Walworth,Filipendula rubra,Queen-of-the-prairie,LT,Dicots,7/27/2013,1
Walworth,Bombus affinis,Rusty Patched Bumble Bee,LE,Bumble Bees,9/16/2022,1
Walworth,Cambarunio iris,Rainbow,LE,Freshwater Mussels,2002-08,1
Warren,Myotis sodalis,Indiana Bat,LE,Mammals,5/20/2024,2
Warren,Myotis septentrionalis,Northern Long-eared Bat,LE,Mammals,8/7/2011,1
Warren,Sistrurus catenatus,Eastern Massasauga,LE,Reptiles,1972,1
Warren,Melanthium virginicum,Virginia Bunchflower,LE,Monocots,7/14/2025,1
Warren,Toxolasma lividum,Purple Lilliput,LE,Freshwater Mussels,8/29/2014,1
Washington,Lanius ludovicianus,Loggerhead Shrike,LE,Birds,6/13/2000,4
Washington,Hybognathus hayi,Cypress Minnow,LE,"Fishes - Freshwater and Anadromous Bony, Cartilaginous; Lampreys",1940,2
Washington,Myotis sodalis,Indiana Bat,LE,Mammals,8/8/2006,2
Washington,Terrapene ornata,Ornate Box Turtle,LT,Turtles,5/9/2011,1
Washington,Sistrurus catenatus,Eastern Massasauga,LE,Reptiles,8/17/2022,1
Washington,Trifolium reflexum,Buffalo Clover,LT,Dicots,7/16/2025,8
Washington,Salvia azurea var. grandiflora,Wild Blue Sage,LT,Dicots,7/30/2025,1
Washington,Platanthera flava,Tubercled Orchid,LT,Monocots,6/4/2021,1
Washington,Festuca paradoxa,Cluster Fescue,LT,Monocots,6/9/2011,2
Washington,Carex opaca,Opaque Oval Sedge,LE,Monocots,8/10/2011,1
Washington,Quadrula metanevra,Monkeyface,LT,Freshwater Mussels,10/4/1979,1
Wayne,Ixobrychus exilis,Least Bittern,LT,Birds,6/16/2023,1
Wayne,Nycticorax nycticorax,Black-crowned Night-Heron,LE,Birds,7/14/2020,1
Wayne,Nyctanassa violacea,Yellow-crowned Night-Heron,LE,Birds,7/2/2020,1
Wayne,Gallinula galeata,Common Gallinule,LE,Birds,6/16/2023,1
Wayne,Lanius ludovicianus,Loggerhead Shrike,LE,Birds,7/25/2022,8
Wayne,Thamnophis saurita,Eastern Ribbon Snake,LT,Reptiles,4/23/2007,1
Wayne,Faxonius stannardi,Little Wabash Crayfish,LE,Crayfishes,10/9/1984,2
Wayne,Eurynia dilatata,Spike,LE,Freshwater Mussels,10/3/1979,1
Wayne,Reginaia ebenus,Ebonyshell,LE,Freshwater Mussels,8/8/2007,1
Wayne,Styrax americanus,Storax,LT,Dicots,10/27/2023,3
Wayne,Carex arkansana,Arkansas Sedge,LE,Monocots,7/10/2012,1
Wayne,Carex intumescens,Swollen Sedge,LT,Monocots,11/11/2021,1
Wayne,Stenanthium gramineum,Grass-leaved Lily,LT,Monocots,4/14/2011,1
Wayne,Circus hudsonius,Northern Harrier,LE,Birds,12/14/2013,1
Wayne,Rallus elegans,King Rail,LE,Birds,5/18/2023,1
White,Cryptobranchus alleganiensis,Hellbender,LE,Amphibians,8/8/1990,1
White,Tympanuchus cupido,Greater Prairie-Chicken,LE,Birds,4/16/1998,1
White,Sternula antillarum,Least Tern,LE,Birds,6/27/2006,1
White,Erimystax x-punctatus,Gravel Chub,LT,"Fishes - Freshwater and Anadromous Bony, Cartilaginous; Lampreys",9/19/2000,1
White,Moxostoma carinatum,River Redhorse,LT,"Fishes - Freshwater and Anadromous Bony, Cartilaginous; Lampreys",8/29/2013,1
White,Elassoma zonatum,Banded Pygmy Sunfish,LT,"Fishes - Freshwater and Anadromous Bony, Cartilaginous; Lampreys",1882-10-03,1
White,Lepomis miniatus,Redspotted Sunfish,LT,"Fishes - Freshwater and Anadromous Bony, Cartilaginous; Lampreys",6/23/2004,3
White,Crystallaria asprella,Crystal Darter,LE,"Fishes - Freshwater and Anadromous Bony, Cartilaginous; Lampreys",1899,1
White,Etheostoma histrio,Harlequin Darter,LE,"Fishes - Freshwater and Anadromous Bony, Cartilaginous; Lampreys",9/1/2021,9
White,Pseudemys concinna,River Cooter,LE,Turtles,9/1/2023,3
White,Apalone mutica,Smooth Softshell,LT,Turtles,8/11/2017,1
White,Faxonius indianensis,Indiana Crayfish,LE,Crayfishes,7/21/1987,1
White,Faxonius stannardi,Little Wabash Crayfish,LE,Crayfishes,9/21/2000,4
White,Cyclonaias tuberculata,Purple Wartyback,LT,Freshwater Mussels,9/15/1999,1
White,Cyprogenia stegaria,Fanshell,LE,Freshwater Mussels,8/22/1984,1
White,Elliptio crassidens,Elephant-ear,LE,Freshwater Mussels,8/22/1984,1
White,Eurynia dilatata,Spike,LE,Freshwater Mussels,7/6/1988,1
White,Reginaia ebenus,Ebonyshell,LE,Freshwater Mussels,8/25/2022,6
White,Potamilus capax,Fat Pocketbook,LE,Freshwater Mussels,8/28/2022,10
White,Ptychobranchus fasciolaris,Kidneyshell,LE,Freshwater Mussels,1988-07,1
White,Toxolasma lividum,Purple Lilliput,LE,Freshwater Mussels,9/10/2012,1
White,Leptoxis praerosa,Onyx Rocksnail,LE,Freshwater Snails,8/17/2011,1
White,Lithasia obovata,Shawnee Rocksnail,LE,Freshwater Snails,7/11/2012,4
White,Phaeophyscia leana,Lea's Bog Lichen,LT,Lichens,12/8/2015,4
White,Circus hudsonius,Northern Harrier,LE,Birds,1/30/2014,1
White,Quadrula metanevra,Monkeyface,LT,Freshwater Mussels,8/24/2021,2
Whiteside,Ixobrychus exilis,Least Bittern,LT,Birds,6/26/2013,1
Whiteside,Gallinula galeata,Common Gallinule,LE,Birds,6/24/2004,1
Whiteside,Lanius ludovicianus,Loggerhead Shrike,LE,Birds,7/4/2005,2
Whiteside,Xanthocephalus xanthocephalus,Yellow-headed Blackbird,LE,Birds,6/12/2008,1
Whiteside,Acipenser fulvescens,Lake Sturgeon,LE,"Fishes - Freshwater and Anadromous Bony, Cartilaginous; Lampreys",6/21/2018,3
Whiteside,Notropis anogenus,Pugnose Shiner,LE,"Fishes - Freshwater and Anadromous Bony, Cartilaginous; Lampreys",1946,1
Whiteside,Notropis heterolepis,Blacknose Shiner,LE,"Fishes - Freshwater and Anadromous Bony, Cartilaginous; Lampreys",8/11/1966,2
Whiteside,Alburnops texanus,Weed Shiner,LE,"Fishes - Freshwater and Anadromous Bony, Cartilaginous; Lampreys",10/18/2024,9
Whiteside,Erimystax x-punctatus,Gravel Chub,LT,"Fishes - Freshwater and Anadromous Bony, Cartilaginous; Lampreys",9/16/2021,8
Whiteside,Fundulus dispar,Starhead Topminnow,LT,"Fishes - Freshwater and Anadromous Bony, Cartilaginous; Lampreys",6/4/2007,1
Whiteside,Crystallaria asprella,Crystal Darter,LE,"Fishes - Freshwater and Anadromous Bony, Cartilaginous; Lampreys",1901,1
Whiteside,Ammocrypta clara,Western Sand Darter,LE,"Fishes - Freshwater and Anadromous Bony, Cartilaginous; Lampreys",8/3/2022,1
Whiteside,Myotis septentrionalis,Northern Long-eared Bat,LE,Mammals,8/6/2008,4
Whiteside,Poliocitellus franklinii,Franklin's Ground Squirrel,LT,Mammals,3/11/2016,1
Whiteside,Canis lupus,Gray/Timber Wolf,LE,Mammals,12/9/2012,1
Whiteside,Emydoidea blandingii,Blanding's Turtle,LE,Turtles,8/18/2024,4
Whiteside,Terrapene ornata,Ornate Box Turtle,LT,Turtles,5/28/2025,3
Whiteside,Kinosternon flavescens,Yellow Mud Turtle,LE,Turtles,5/31/1989,2
Whiteside,Apalone mutica,Smooth Softshell,LT,Turtles,7/10/2014,1
Whiteside,Heterodon nasicus,Plains Hog-nosed Snake,LT,Reptiles,2022,4
Whiteside,Argynnis idalia occidentalis,Western Regal Fritillary,LT,Butterflies,7/23/2025,2
Whiteside,Cyclonaias tuberculata,Purple Wartyback,LT,Freshwater Mussels,2001-07,1
Whiteside,Ellipsaria lineolata,Butterfly,LT,Freshwater Mussels,8/15/2022,3
Whiteside,Lampsilis higginsii,Higgins Eye,LE,Freshwater Mussels,10/3/2023,4
Whiteside,Plethobasus cyphyus,Sheepnose,LE,Freshwater Mussels,8/24/2007,1
Whiteside,Nothocalais cuspidata,Prairie Dandelion,LE,Dicots,2007-07,1
Whiteside,Opuntia fragilis,Fragile Prickly Pear,LE,Dicots,9/24/2024,1
Whiteside,Hudsonia tomentosa,False Heather,LE,Dicots,5/27/2016,1
Whiteside,Astragalus distortus,Bent Milk Vetch,LE,Dicots,5/10/1982,1
Whiteside,Salvia azurea var. grandiflora,Wild Blue Sage,LT,Dicots,9/9/2003,1
Whiteside,Orobanche ludoviciana,Broomrape,LT,Dicots,7/18/2024,4
Whiteside,Synthyris bullii,Kittentails,LT,Dicots,2011,3
Whiteside,Erythranthe geyeri,Yellow Monkey Flower,LE,Dicots,8/3/2005,1
Whiteside,Penstemon grandiflorus,Large-flowered Beard Tongue,LE,Dicots,6/5/2024,2
Whiteside,Viola canadensis,Canada Violet,LE,Dicots,1990,1
Whiteside,Pinus banksiana,Jack Pine,LE,Conifers,9/30/2025,1
Whiteside,Carex crawfordii,Sedge,LE,Monocots,2020,1
Whiteside,Carex inops ssp. heliophila,Plains Sedge,LE,Monocots,5/21/2023,2
Whiteside,Cyperus grayoides,Umbrella Sedge,LT,Monocots,8/1/2025,2
Whiteside,Bombus affinis,Rusty Patched Bumble Bee,LE,Bumble Bees,2021,1
Whiteside,Fundulus diaphanus menona,Western Banded Killifish,LT,"Fishes - Freshwater and Anadromous Bony, Cartilaginous; Lampreys",2020,1
Whiteside,Commellus colon,Leafhopper,LE,"True Bugs, Cicadas, Hoppers, Aphids and Allies",6/24/2020,1
Whiteside,Flexamia grammica,Sand Reed Leafhopper,LE,"True Bugs, Cicadas, Hoppers, Aphids and Allies",7/4/1936,1
Whiteside,Quadrula metanevra,Monkeyface,LT,Freshwater Mussels,8/15/2022,4
Whiteside,Polyamia rossi,Ross' Polyamia,LT,"True Bugs, Cicadas, Hoppers, Aphids and Allies",9/11/2006,1
Will,Hemidactylium scutatum,Four-toed Salamander,LT,Amphibians,5/3/2024,2
Will,Ixobrychus exilis,Least Bittern,LT,Birds,6/6/2022,2
Will,Nycticorax nycticorax,Black-crowned Night-Heron,LE,Birds,6/14/2017,1
Will,Pandion haliaetus,Osprey,LT,Birds,6/27/2025,8
Will,Gallinula galeata,Common Gallinule,LE,Birds,6/28/1999,3
Will,Bartramia longicauda,Upland Sandpiper,LE,Birds,6/2/2007,4
Will,Asio flammeus,Short-eared Owl,LE,Birds,1/11/2023,2
Will,Lanius ludovicianus,Loggerhead Shrike,LE,Birds,2017,3
Will,Setophaga cerulea,Cerulean Warbler,LT,Birds,6/20/2009,1
Will,Xanthocephalus xanthocephalus,Yellow-headed Blackbird,LE,Birds,5/9/1991,1
Will,Cottus bairdii,Mottled Sculpin,LT,"Fishes - Freshwater and Anadromous Bony, Cartilaginous; Lampreys",6/21/1997,1
Will,Hybopsis amnis,Pallid Shiner,LE,"Fishes - Freshwater and Anadromous Bony, Cartilaginous; Lampreys",8/29/2025,8
Will,Miniellus boops,Bigeye Shiner,LE,"Fishes - Freshwater and Anadromous Bony, Cartilaginous; Lampreys",7/13/1983,1
Will,Alburnops chalybaeus,Ironcolor Shiner,LT,"Fishes - Freshwater and Anadromous Bony, Cartilaginous; Lampreys",7/17/1986,1
Will,Miniellus heterodon,Blackchin Shiner,LT,"Fishes - Freshwater and Anadromous Bony, Cartilaginous; Lampreys",7/20/2021,3
Will,Notropis heterolepis,Blacknose Shiner,LE,"Fishes - Freshwater and Anadromous Bony, Cartilaginous; Lampreys",8/21/2014,3
Will,Alburnops texanus,Weed Shiner,LE,"Fishes - Freshwater and Anadromous Bony, Cartilaginous; Lampreys",8/30/2013,3
Will,Moxostoma carinatum,River Redhorse,LT,"Fishes - Freshwater and Anadromous Bony, Cartilaginous; Lampreys",6/25/2024,7
Will,Fundulus dispar,Starhead Topminnow,LT,"Fishes - Freshwater and Anadromous Bony, Cartilaginous; Lampreys",5/31/1989,1
Will,Ammocrypta clara,Western Sand Darter,LE,"Fishes - Freshwater and Anadromous Bony, Cartilaginous; Lampreys",11/4/2020,2
Will,Myotis septentrionalis,Northern Long-eared Bat,LE,Mammals,10/2/2017,7
Will,Poliocitellus franklinii,Franklin's Ground Squirrel,LT,Mammals,5/23/2019,3
Will,Clemmys guttata,Spotted Turtle,LE,Turtles,6/14/2024,2
Will,Emydoidea blandingii,Blanding's Turtle,LE,Turtles,10/17/2024,13
Will,Pseudemys concinna,River Cooter,LE,Turtles,6/20/2017,1
Will,Terrapene ornata,Ornate Box Turtle,LT,Turtles,5/14/2025,5
Will,Clonophis kirtlandii,Kirtland's Snake,LT,Reptiles,6/10/2024,2
Will,Sistrurus catenatus,Eastern Massasauga,LE,Reptiles,2001,1
Will,Aflexia rubranura,Red-tailed Prairie Leafhopper,LT,"True Bugs, Cicadas, Hoppers, Aphids and Allies",6/25/2020,2
Will,Tharsalea helloides,Purplish Copper,LT,Butterflies,2008,1
Will,Argynnis aphrodite,Aphrodite Fritillary,LT,Butterflies,2009,2
Will,Papaipema eryngii,Eryngium Stem Borer,LT,Papaipema Moths,7/2/2019,3
Will,Somatochlora hineana,Hine's Emerald Dragonfly,LE,Dragonflies and Damselflies,7/10/2024,7
Will,Cyclonaias tuberculata,Purple Wartyback,LT,Freshwater Mussels,7/17/2025,8
Will,Eurynia dilatata,Spike,LE,Freshwater Mussels,9/19/2024,9
Will,Epioblasma triquetra,Snuffbox,LE,Freshwater Mussels,9/12/1988,1
Will,Plethobasus cyphyus,Sheepnose,LE,Freshwater Mussels,9/19/2024,4
Will,Simpsonaias ambigua,Salamander Mussel,LE,Freshwater Mussels,9/16/2021,1
Will,Asclepias meadii,Mead's Milkweed,LE,Dicots,6/5/2023,3
Will,Eurybia furcata,Forked Aster,LT,Dicots,2019,2
Will,Boltonia decurrens,Decurrent False Aster,LT,Dicots,6/26/2014,1
Will,Tetraneuris herbacea,Lakeside Daisy,LE,Dicots,5/16/2023,2
Will,Minuartia patula,Slender Sandwort,LT,Dicots,5/24/2024,6
Will,Silene regia,Royal Catchfly,LE,Dicots,7/22/2024,2
Will,Hypericum adpressum,Shore St. John's Wort,LE,Dicots,7/19/2022,2
Will,Drosera intermedia,Narrow-leaved Sundew,LT,Dicots,7/21/2022,3
Will,Vaccinium macrocarpon,Large Cranberry,LE,Dicots,2012,2
Will,Dalea foliosa,Leafy Prairie Clover,LE,Dicots,8/6/2024,7
Will,Trifolium reflexum,Buffalo Clover,LT,Dicots,7/3/2024,2
Will,Corydalis aurea,Golden Corydalis,LE,Dicots,4/25/2012,1
Will,Geranium bicknellii,Northern Cranesbill,LE,Dicots,6/6/2013,1
Will,Juglans cinerea,Butternut,LE,Dicots,9/30/2014,2
Will,Salvia azurea var. grandiflora,Wild Blue Sage,LT,Dicots,9/17/2009,1
Will,Utricularia intermedia,Flat-leaved Bladderwort,LT,Dicots,7/14/2017,1
Will,Iliamna remota,Kankakee Mallow,LE,Dicots,8/25/2011,1
Will,Malvastrum hispidum,False Mallow,LE,Dicots,8/16/2023,3
Will,Mirabilis hirsuta,Hairy Umbrella-wort,LE,Dicots,7/1/2022,1
Will,Plantago cordata,Heart-leaved Plantain,LE,Dicots,1966-06,1
Will,Filipendula rubra,Queen-of-the-prairie,LT,Dicots,7/11/2023,4
Will,Rubus setosus,Bristly Blackberry,LT,Dicots,7/1/2022,2
Will,Sanguisorba canadensis,American Burnet,LE,Dicots,9/9/2024,5
Will,Penstemon grandiflorus,Large-flowered Beard Tongue,LE,Dicots,6/2/2021,1
Will,Veronica americana,American Brooklime,LE,Dicots,2015,1
Will,Veronica scutellata,Marsh Speedwell,LT,Dicots,9/3/2021,1
Will,Valerianella umbilicata,Corn Salad,LE,Dicots,5/31/2024,4
Will,Viola canadensis,Canada Violet,LE,Dicots,1986,1
Will,Viola primulifolia,Primrose Violet,LE,Dicots,2015,1
Will,Viola viarum,Limestone Riverbank Violet,LE,Dicots,5/31/2023,1
Will,Pinus banksiana,Jack Pine,LE,Conifers,7/27/1976,1
Will,Carex viridula,Little Green Sedge,LT,Monocots,7/4/2013,1
Will,Eleocharis rostellata,Beaked Spike Rush,LT,Monocots,7/9/2004,1
Will,Scirpus hattorianus,Bulrush,LE,Monocots,8/10/2006,2
Will,Scleria pauciflora,Carolina Whipgrass,LE,Monocots,10/24/2023,1
Will,Triglochin maritima,Common Bog Arrow Grass,LT,Monocots,5/21/1988,1
Will,Triglochin palustris,Slender Bog Arrow Grass,LT,Monocots,7/9/2004,2
Will,Luzula acuminata,Hairy Woodrush,LE,Monocots,2009,1
Will,Calopogon tuberosus,Grass Pink Orchid,LE,Monocots,6/28/2025,4
Will,Corallorhiza maculata,Spotted Coral-root Orchid,LE,Monocots,2009,3
Will,Cypripedium reginae,Showy Lady's Slipper,LE,Monocots,2010,1
Will,Platanthera clavellata,Wood Orchid,LE,Monocots,8/5/2020,2
Will,Platanthera flava,Tubercled Orchid,LT,Monocots,6/22/2022,4
Will,Platanthera leucophaea,Eastern Prairie Fringed Orchid,LE,Monocots,2024,1
Will,Spiranthes lucida,Yellow-lipped Ladies' Tresses,LE,Monocots,6/7/2011,1
Will,Beckmannia syzigachne,American Slough Grass,LE,Monocots,7/20/2004,1
Will,Dichanthelium boreale,Northern Panic Grass,LE,Monocots,2010,2
Will,Festuca paradoxa,Cluster Fescue,LT,Monocots,7/25/2024,1
Will,Potamogeton gramineus,Grass-leaved Pondweed,LT,Monocots,9/5/2024,1
Will,Isoetes butleri,Quillwort,LE,Spikemosses and Quillworts,6/20/2024,7
Will,Lycopodium clavatum,Running Pine,LE,Clubmosses,1993,1
Will,Calopogon oklahomensis,Oklahoma grass pink orchid,LE,Monocots,6/29/2025,2
Will,Gratiola quartermaniae,Hedge Hyssop,LE,Dicots,5/24/2024,1
Will,Bombus affinis,Rusty Patched Bumble Bee,LE,Bumble Bees,7/16/2024,4
Will,Juncus alpinoarticulatus,Richardson's Rush,LT,Monocots,6/28/2007,1
Will,Circus hudsonius,Northern Harrier,LE,Birds,1/29/2024,3
Will,Necturus maculosus,Mudpuppy,LT,Amphibians,8/8/2019,3
Will,Carex straminea,Eastern Straw Sedge,LE,Monocots,6/25/2015,1
Will,Rallus elegans,King Rail,LE,Birds,6/24/1993,2
Will,Quadrula metanevra,Monkeyface,LT,Freshwater Mussels,9/19/2024,5
Will,Athysanella balli,Ball�s Athysanella,LE,"True Bugs, Cicadas, Hoppers, Aphids and Allies",6/25/2020,3
Will,Hypericum swinkianum,Swink's St. John's Wort,LE,Dicots,7/23/2018,1
Williamson,Ixobrychus exilis,Least Bittern,LT,Birds,6/30/1993,1
Williamson,Nyctanassa violacea,Yellow-crowned Night-Heron,LE,Birds,2014-04,2
Williamson,Pandion haliaetus,Osprey,LT,Birds,4/1/2025,1
Williamson,Bartramia longicauda,Upland Sandpiper,LE,Birds,1987,1
Williamson,Antrostomus carolinensis,Chuck-will's-widow,LT,Birds,6/20/2022,2
Williamson,Thryomanes bewickii,Bewick's Wren,LE,Birds,6/24/1987,1
Williamson,Lanius ludovicianus,Loggerhead Shrike,LE,Birds,6/28/2022,1
Williamson,Lampetra aepyptera,Least Brook Lamprey,LT,"Fishes - Freshwater and Anadromous Bony, Cartilaginous; Lampreys",10/8/2010,1
Williamson,Myotis sodalis,Indiana Bat,LE,Mammals,7/19/2019,5
Williamson,Myotis septentrionalis,Northern Long-eared Bat,LE,Mammals,8/4/2020,2
Williamson,Crotalus horridus,Timber Rattlesnake,LT,Reptiles,6/7/1993,2
Williamson,Faxonius indianensis,Indiana Crayfish,LE,Crayfishes,6/18/2024,10
Williamson,Eryngium prostratum,Eryngo,LE,Dicots,7/11/2024,2
Williamson,Matelea decipiens,Climbing Milkweed,LE,Dicots,6/8/2022,1
Williamson,Quercus phellos,Willow Oak,LT,Dicots,9/29/2023,1
Williamson,Juglans cinerea,Butternut,LE,Dicots,6/20/2013,1
Williamson,Rhexia mariana,Dull Meadow Beauty,LE,Dicots,8/11/2022,6
Williamson,Dodecatheon frenchii,French's Shootingstar,LT,Dicots,2/14/2024,1
Williamson,Pinus echinata,Shortleaf Pine,LE,Conifers,4/29/1984,1
Williamson,Carex albolutescens,Greenish-white Oval Sedge,LE,Monocots,2018-06,1
Williamson,Carex crawfordii,Sedge,LE,Monocots,2017,1
Williamson,Carex nigromarginata,Black-edged Sedge,LE,Monocots,4/23/2025,1
Williamson,Carex albicans var. australis,Bellows Beak Sedge,LE,Monocots,4/19/1983,1
Williamson,Scleria pauciflora,Carolina Whipgrass,LE,Monocots,9/17/2024,1
Williamson,Stenanthium gramineum,Grass-leaved Lily,LT,Monocots,7/14/2023,1
Williamson,Trillium viride,Green Trillium,LE,Monocots,4/27/1987,1
Williamson,Cypripedium parviflorum,Small Yellow Lady's Slipper,LE,Monocots,4/28/2021,1
Williamson,Spiranthes vernalis,Spring Ladies' Tresses,LE,Monocots,7/2/2025,3
Williamson,Asplenium bradleyi,Bradley's Spleenwort,LE,Leptosporangiate Ferns,3/4/2024,1
Williamson,Circus hudsonius,Northern Harrier,LE,Birds,1/31/2018,1
Winnebago,Nyctanassa violacea,Yellow-crowned Night-Heron,LE,Birds,8/21/2010,1
Winnebago,Pandion haliaetus,Osprey,LT,Birds,5/28/2025,3
Winnebago,Gallinula galeata,Common Gallinule,LE,Birds,7/17/2019,1
Winnebago,Bartramia longicauda,Upland Sandpiper,LE,Birds,6/26/1988,2
Winnebago,Coccyzus erythropthalmus,Black-billed Cuckoo,LT,Birds,5/25/2017,2
Winnebago,Lanius ludovicianus,Loggerhead Shrike,LE,Birds,7/6/2005,2
Winnebago,Setophaga cerulea,Cerulean Warbler,LT,Birds,6/13/2019,2
Winnebago,Lethenteron appendix,American Brook Lamprey,LT,"Fishes - Freshwater and Anadromous Bony, Cartilaginous; Lampreys",8/21/2024,6
Winnebago,Cottus bairdii,Mottled Sculpin,LT,"Fishes - Freshwater and Anadromous Bony, Cartilaginous; Lampreys",9/4/2025,3
Winnebago,Acipenser fulvescens,Lake Sturgeon,LE,"Fishes - Freshwater and Anadromous Bony, Cartilaginous; Lampreys",2009-05,1
Winnebago,Hybognathus hankinsoni,Brassy Minnow,LE,"Fishes - Freshwater and Anadromous Bony, Cartilaginous; Lampreys",7/26/2013,6
Winnebago,Miniellus nubilus,Ozark Minnow,LT,"Fishes - Freshwater and Anadromous Bony, Cartilaginous; Lampreys",10/26/2010,4
Winnebago,Alburnops texanus,Weed Shiner,LE,"Fishes - Freshwater and Anadromous Bony, Cartilaginous; Lampreys",8/29/1963,1
Winnebago,Erimystax x-punctatus,Gravel Chub,LT,"Fishes - Freshwater and Anadromous Bony, Cartilaginous; Lampreys",9/10/2025,11
Winnebago,Moxostoma carinatum,River Redhorse,LT,"Fishes - Freshwater and Anadromous Bony, Cartilaginous; Lampreys",7/23/2018,2
Winnebago,Fundulus dispar,Starhead Topminnow,LT,"Fishes - Freshwater and Anadromous Bony, Cartilaginous; Lampreys",7/19/2011,2
Winnebago,Ammocrypta clara,Western Sand Darter,LE,"Fishes - Freshwater and Anadromous Bony, Cartilaginous; Lampreys",8/17/1968,1
Winnebago,Poliocitellus franklinii,Franklin's Ground Squirrel,LT,Mammals,1958-06,1
Winnebago,Emydoidea blandingii,Blanding's Turtle,LE,Turtles,8/20/2025,10
Winnebago,Terrapene ornata,Ornate Box Turtle,LT,Turtles,5/16/2021,2
Winnebago,Argynnis aphrodite,Aphrodite Fritillary,LT,Butterflies,2011,1
Winnebago,Argynnis idalia occidentalis,Western Regal Fritillary,LT,Butterflies,2015-SU,1
Winnebago,Somatochlora hineana,Hine's Emerald Dragonfly,LE,Dragonflies and Damselflies,7/25/2021,2
Winnebago,Cyclonaias tuberculata,Purple Wartyback,LT,Freshwater Mussels,7/19/2021,2
Winnebago,Eurynia dilatata,Spike,LE,Freshwater Mussels,8/25/2005,1
Winnebago,Asclepias lanuginosa,Wooly Milkweed,LE,Dicots,6/19/2025,4
Winnebago,Artemisia dracunculus,Dragon Wormwood,LE,Dicots,9/7/2023,3
Winnebago,Eurybia furcata,Forked Aster,LT,Dicots,9/5/2025,4
Winnebago,Helianthus giganteus,Tall Sunflower,LE,Dicots,9/10/2022,2
Winnebago,Nothocalais cuspidata,Prairie Dandelion,LE,Dicots,5/11/2017,1
Winnebago,Alnus incana ssp. rugosa,Speckled Alder,LE,Dicots,6/12/2024,1
Winnebago,Silene regia,Royal Catchfly,LE,Dicots,7/23/2021,1
Winnebago,Lechea intermedia,Pinweed,LE,Dicots,1977,2
Winnebago,Sambucus racemosa ssp. pubens,Red-berried Elder,LE,Dicots,6/5/2024,2
Winnebago,Arctostaphylos uva-ursi,Bearberry,LE,Dicots,1987,1
Winnebago,Vaccinium corymbosum,Highbush Blueberry,LE,Dicots,6/25/2024,1
Winnebago,Lespedeza leptostachya,Prairie Bush Clover,LE,Dicots,8/14/2024,4
Winnebago,Juglans cinerea,Butternut,LE,Dicots,2025-08,3
Winnebago,Comptonia peregrina,Sweetfern,LE,Dicots,10/21/1993,1
Winnebago,Chimaphila umbellata,Pipsissewa,LE,Dicots,6/12/1993,3
Winnebago,Ranunculus rhomboideus,Prairie Buttercup,LE,Dicots,3/27/2024,4
Winnebago,Ceanothus herbaceus,Redroot,LE,Dicots,9/9/2019,1
Winnebago,Amelanchier interior,Shadbush,LT,Dicots,6/12/2024,1
Winnebago,Filipendula rubra,Queen-of-the-prairie,LT,Dicots,6/21/2023,1
Winnebago,Synthyris bullii,Kittentails,LT,Dicots,5/19/2024,9
Winnebago,Castilleja sessiliflora,Downy Yellow Painted Cup,LE,Dicots,6/19/2025,2
Winnebago,Penstemon grandiflorus,Large-flowered Beard Tongue,LE,Dicots,6/2/2022,3
Winnebago,Ulmus thomasii,Rock Elm,LE,Dicots,4/18/2025,1
Winnebago,Juniperus horizontalis,Trailing Juniper,LE,Conifers,6/5/2024,1
Winnebago,Carex echinata,Sedge,LE,Monocots,7/2/1988,1
Winnebago,Carex inops ssp. heliophila,Plains Sedge,LE,Monocots,5/26/1957,3
Winnebago,Juncus vaseyi,Vasey's Rush,LE,Monocots,1994,1
Winnebago,Calopogon tuberosus,Grass Pink Orchid,LE,Monocots,11/4/1977,1
Winnebago,Corallorhiza maculata,Spotted Coral-root Orchid,LE,Monocots,1998,3
Winnebago,Cypripedium parviflorum,Small Yellow Lady's Slipper,LE,Monocots,5/21/2021,1
Winnebago,Elymus trachycaulus,Bearded Wheat Grass,LE,Monocots,9/9/2022,1
Winnebago,Sparganium americanum,American Bur-reed,LE,Monocots,6/30/1987,1
Winnebago,Sceptridium multifidum,Northern Grape Fern,LE,"Adder's-tongues, Grapeferns, and Moonworts",11/27/2024,2
Winnebago,Botrychium simplex,Dwarf Grape Fern,LE,"Adder's-tongues, Grapeferns, and Moonworts",6/12/1993,2
Winnebago,Bombus affinis,Rusty Patched Bumble Bee,LE,Bumble Bees,7/30/2025,33
Winnebago,Circus hudsonius,Northern Harrier,LE,Birds,1991-07,1
Winnebago,Necturus maculosus,Mudpuppy,LT,Amphibians,7/16/2012,1
Winnebago,Mimosa nuttallii,Cat's claw,LE,Dicots,6/23/1958,1
Winnebago,Protandrena bancrofti,Mining Bee,LT,Other Bees,7/2/2018,1
Winnebago,Colletes andrewsi,Andrews� Cellophane Bee,LE,Other Bees,6/6/2019,1
Winnebago,Epeolus ainsliei,Ainslie�s Epeolus,LE,Other Bees,7/2/2018,1
Winnebago,Flexamia albida,Leafhopper,LT,"True Bugs, Cicadas, Hoppers, Aphids and Allies",8/24/2022,1
Winnebago,Rallus elegans,King Rail,LE,Birds,6/26/1995,1
Winnebago,Botrychium matricariifolium,Daisyleaf Grape Fern,LE,"Adder's-tongues, Grapeferns, and Moonworts",6/12/1993,2
Winnebago,Juniperus communis,Ground Juniper,LE,Conifers,9/15/2023,2
Woodford,Pandion haliaetus,Osprey,LT,Birds,2021,2
Woodford,Bartramia longicauda,Upland Sandpiper,LE,Birds,7/1/2010,1
Woodford,Coccyzus erythropthalmus,Black-billed Cuckoo,LT,Birds,2020-06,1
Woodford,Lanius ludovicianus,Loggerhead Shrike,LE,Birds,6/30/2007,1
Woodford,Acipenser fulvescens,Lake Sturgeon,LE,"Fishes - Freshwater and Anadromous Bony, Cartilaginous; Lampreys",4/29/2020,1
Woodford,Percopsis omiscomaycus,Trout-perch,LT,"Fishes - Freshwater and Anadromous Bony, Cartilaginous; Lampreys",1967,2
Woodford,Fundulus dispar,Starhead Topminnow,LT,"Fishes - Freshwater and Anadromous Bony, Cartilaginous; Lampreys",7/5/1989,1
Woodford,Myotis sodalis,Indiana Bat,LE,Mammals,4/14/2011,1
Woodford,Myotis septentrionalis,Northern Long-eared Bat,LE,Mammals,6/13/1985,1
Woodford,Eurynia dilatata,Spike,LE,Freshwater Mussels,8/31/2001,1
Woodford,Boltonia decurrens,Decurrent False Aster,LT,Dicots,10/17/2024,4
Woodford,Viburnum molle,Arrowwood,LT,Dicots,9/2/1999,1
Woodford,Filipendula rubra,Queen-of-the-prairie,LT,Dicots,7/25/2013,1
Woodford,Erythranthe geyeri,Yellow Monkey Flower,LE,Dicots,6/23/1989,1
Woodford,Cypripedium reginae,Showy Lady's Slipper,LE,Monocots,6/10/1999,1
Woodford,Spiranthes lucida,Yellow-lipped Ladies' Tresses,LE,Monocots,5/25/1968,1
Woodford,Bombus affinis,Rusty Patched Bumble Bee,LE,Bumble Bees,6/28/2025,3
Woodford,Necturus maculosus,Mudpuppy,LT,Amphibians,11/7/2017,1
