County,Scientific Name,Common Name,Class,Order,Family,Federal Status,State Status,SGCN,Most Recent Observation Year
Adair,Phenacobius uranops,Stargazing Minnow,Actinopterygii,Cypriniformes,Leuciscidae,N,S,Yes,2002
Adair,Nothonotus maculatus,Spotted Darter,Actinopterygii,Perciformes,Percidae,N,T,Yes,2011
Adair,Percina macrocephala,Longhead Darter,Actinopterygii,Perciformes,Percidae,N,E,Yes,2020
Adair,Noturus exilis,Slender Madtom,Actinopterygii,Siluriformes,Ictaluridae,N,E,Yes,1962
Adair,Cryptobranchus alleganiensis alleganiensis,Eastern Hellbender,Amphibia,Caudata,Cryptobranchidae,PE,S,Yes,2025
Adair,Accipiter striatus,Sharp-shinned Hawk,Aves,Accipitriformes,Accipitridae,N,S,Yes,2010
Adair,Circus hudsonius,Northern Harrier,Aves,Accipitriformes,Accipitridae,N,T,Yes,2014
Adair,Haliaeetus leucocephalus,Bald Eagle,Aves,Accipitriformes,Accipitridae,N,S,Yes,2021
Adair,Pandion haliaetus,Osprey,Aves,Accipitriformes,Pandionidae,N,S,Yes,2014
Adair,Lophodytes cucullatus,Hooded Merganser,Aves,Anseriformes,Anatidae,N,T,Yes,2018
Adair,Actitis macularius,Spotted Sandpiper,Aves,Charadriiformes,Scolopacidae,N,E,Yes,2018
Adair,Bartramia longicauda,Upland Sandpiper,Aves,Charadriiformes,Scolopacidae,N,H,Yes,2011
Adair,Falco peregrinus,Peregrine Falcon,Aves,Falconiformes,Falconidae,N,E,Yes,2007
Adair,Fulica americana,American Coot,Aves,Gruiformes,Rallidae,N,E,No,2000
Adair,Riparia riparia,Bank Swallow,Aves,Passeriformes,Hirundinidae,N,S,Yes,2014
Adair,Lanius ludovicianus,Loggerhead Shrike,Aves,Passeriformes,Laniidae,N,S,Yes,2014
Adair,Cardellina canadensis,Canada Warbler,Aves,Passeriformes,Parulidae,N,S,Yes,2009
Adair,Vermivora chrysoptera,Golden-winged Warbler,Aves,Passeriformes,Parulidae,N,E,Yes,2013
Adair,Centronyx henslowii,Henslow's Sparrow,Aves,Passeriformes,Passerellidae,N,S,Yes,2014
Adair,Passerculus sandwichensis,Savannah Sparrow,Aves,Passeriformes,Passerellidae,N,S,Yes,2013
Adair,Sitta canadensis,Red-breasted Nuthatch,Aves,Passeriformes,Sittidae,N,E,No,2006
Adair,Cistothorus stellaris,Sedge Wren,Aves,Passeriformes,Troglodytidae,N,S,Yes,2010
Adair,Ardea alba,Great Egret,Aves,Pelecaniformes,Ardeidae,N,T,Yes,2013
Adair,Botaurus lentiginosus,American Bittern,Aves,Pelecaniformes,Ardeidae,N,H,Yes,2014
Adair,Bubulcus ibis,Cattle Egret,Aves,Pelecaniformes,Ardeidae,N,S,No,2007
Adair,Egretta caerulea,Little Blue Heron,Aves,Pelecaniformes,Ardeidae,N,E,No,2008
Adair,Nyctanassa violacea,Yellow-crowned Night-heron,Aves,Pelecaniformes,Ardeidae,N,T,Yes,2009
Adair,Nycticorax nycticorax,Black-crowned Night-heron,Aves,Pelecaniformes,Ardeidae,N,T,Yes,2013
Adair,Podilymbus podiceps,Pied-billed Grebe,Aves,Podicipediformes,Podicipedidae,N,E,Yes,2014
Adair,Asio flammeus,Short-eared Owl,Aves,Strigiformes,Strigidae,N,E,Yes,2013
Adair,Tyto furcata,American Barn Owl,Aves,Strigiformes,Tytonidae,N,S,Yes,2014
Adair,Phalacrocorax auritus,Double-crested Cormorant,Aves,Suliformes,Phalacrocoracidae,N,S,No,2008
Adair,Alasmidonta viridis,Slippershell Mussel,Bivalvia,Unionoida,Unionidae,N,S,Yes,2021
Adair,Lampsilis ovata,Pocketbook,Bivalvia,Unionoida,Unionidae,N,E,Yes,2021
Adair,Leaunio lienosus,Little Spectaclecase,Bivalvia,Unionoida,Unionidae,N,T,Yes,2007
Adair,Leaunio ortmanni,Kentucky Creekshell,Bivalvia,Unionoida,Unionidae,N,E,Yes,2021
Adair,Theliderma cylindrica,Rabbitsfoot,Bivalvia,Unionoida,Unionidae,T,E,Yes,2013
Adair,Toxolasma lividum,Purple Lilliput,Bivalvia,Unionoida,Unionidae,N,E,Yes,2021
Adair,Barbicambarus cornutus,Bottlebrush Crayfish,Malacostraca,Decapoda,Cambaridae,N,S,Yes,2021
Adair,Cambarus deweesae,Valley Flame Crayfish,Malacostraca,Decapoda,Cambaridae,N,S,Yes,2022
Adair,Lacunicambarus chimera,Crawzilla Crawdad,Malacostraca,Decapoda,Cambaridae,N,S,Yes,2001
Adair,Corynorhinus rafinesquii,Rafinesque's Big-eared Bat,Mammalia,Chiroptera,Vespertilionidae,N,S,Yes,2002
Adair,Myotis grisescens,Gray Myotis,Mammalia,Chiroptera,Vespertilionidae,E,T,Yes,2019
Adair,Myotis lucifugus,Little Brown Bat,Mammalia,Chiroptera,Vespertilionidae,N,T,Yes,2007
Adair,Myotis septentrionalis,Northern Long-Eared Bat,Mammalia,Chiroptera,Vespertilionidae,E,E,Yes,2014
Adair,Myotis sodalis,Indiana Bat,Mammalia,Chiroptera,Vespertilionidae,E,E,Yes,1976
Adair,Perimyotis subflavus,Tricolored Bat,Mammalia,Chiroptera,Vespertilionidae,PE,T,Yes,2018
Adair,Ichthyomyzon castaneus,Chestnut Lamprey,Petromyzontida,Petromyzontiformes,Petromyzontidae,N,S,Yes,2012
Adair,Ichthyomyzon greeleyi,Mountain Brook Lamprey,Petromyzontida,Petromyzontiformes,Petromyzontidae,N,T,Yes,2005
Allen,Vexillichthys atripinnis,Blackfin Sucker,Actinopterygii,Cypriniformes,Catostomidae,N,S,Yes,2019
Allen,Phenacobius uranops,Stargazing Minnow,Actinopterygii,Cypriniformes,Leuciscidae,N,S,Yes,1990
Allen,Nothonotus maculatus,Spotted Darter,Actinopterygii,Perciformes,Percidae,N,T,Yes,1986
Allen,Percina macrocephala,Longhead Darter,Actinopterygii,Perciformes,Percidae,N,E,Yes,2019
Allen,Noturus exilis,Slender Madtom,Actinopterygii,Siluriformes,Ictaluridae,N,E,Yes,1986
Allen,Cryptobranchus alleganiensis alleganiensis,Eastern Hellbender,Amphibia,Caudata,Cryptobranchidae,PE,S,Yes,2020
Allen,Accipiter striatus,Sharp-shinned Hawk,Aves,Accipitriformes,Accipitridae,N,S,Yes,2013
Allen,Circus hudsonius,Northern Harrier,Aves,Accipitriformes,Accipitridae,N,T,Yes,2013
Allen,Haliaeetus leucocephalus,Bald Eagle,Aves,Accipitriformes,Accipitridae,N,S,Yes,2021
Allen,Pandion haliaetus,Osprey,Aves,Accipitriformes,Pandionidae,N,S,Yes,2012
Allen,Lophodytes cucullatus,Hooded Merganser,Aves,Anseriformes,Anatidae,N,T,Yes,2014
Allen,Actitis macularius,Spotted Sandpiper,Aves,Charadriiformes,Scolopacidae,N,E,Yes,2011
Allen,Dolichonyx oryzivorus,Bobolink,Aves,Passeriformes,Icteridae,N,S,Yes,2010
Allen,Lanius ludovicianus,Loggerhead Shrike,Aves,Passeriformes,Laniidae,N,S,Yes,2015
Allen,Centronyx henslowii,Henslow's Sparrow,Aves,Passeriformes,Passerellidae,N,S,Yes,2015
Allen,Passerculus sandwichensis,Savannah Sparrow,Aves,Passeriformes,Passerellidae,N,S,Yes,2013
Allen,Vireo bellii,Bell's Vireo,Aves,Passeriformes,Vireonidae,N,S,Yes,2015
Allen,Ardea alba,Great Egret,Aves,Pelecaniformes,Ardeidae,N,T,Yes,2010
Allen,Bubulcus ibis,Cattle Egret,Aves,Pelecaniformes,Ardeidae,N,S,No,1998
Allen,Podilymbus podiceps,Pied-billed Grebe,Aves,Podicipediformes,Podicipedidae,N,E,Yes,2014
Allen,Tyto furcata,American Barn Owl,Aves,Strigiformes,Tytonidae,N,S,Yes,2022
Allen,Alasmidonta viridis,Slippershell Mussel,Bivalvia,Unionoida,Unionidae,N,S,Yes,1993
Allen,Cyprogenia stegaria,Fanshell,Bivalvia,Unionoida,Unionidae,E,E,Yes,1990
Allen,Elliptio crassidens,Elephantear,Bivalvia,Unionoida,Unionidae,N,S,Yes,2020
Allen,Epioblasma triquetra,Snuffbox,Bivalvia,Unionoida,Unionidae,E,E,Yes,1990
Allen,Fusconaia subrotunda,Longsolid,Bivalvia,Unionoida,Unionidae,T,T,Yes,2020
Allen,Lampsilis ovata,Pocketbook,Bivalvia,Unionoida,Unionidae,N,E,Yes,2020
Allen,Leaunio lienosus,Little Spectaclecase,Bivalvia,Unionoida,Unionidae,N,T,Yes,1927
Allen,Leaunio ortmanni,Kentucky Creekshell,Bivalvia,Unionoida,Unionidae,N,E,Yes,2021
Allen,Leaunio vanuxemensis,Mountain Creekshell,Bivalvia,Unionoida,Unionidae,N,E,Yes,1990
Allen,Ligumia recta,Black Sandshell,Bivalvia,Unionoida,Unionidae,N,S,Yes,2002
Allen,Pleurobema clava,Clubshell,Bivalvia,Unionoida,Unionidae,E,E,Yes,1993
Allen,Pleurobema rubrum,Pyramid Pigtoe,Bivalvia,Unionoida,Unionidae,PT,E,Yes,1993
Allen,Theliderma cylindrica,Rabbitsfoot,Bivalvia,Unionoida,Unionidae,T,E,Yes,1993
Allen,Toxolasma lividum,Purple Lilliput,Bivalvia,Unionoida,Unionidae,N,E,Yes,1927
Allen,Barbicambarus cornutus,Bottlebrush Crayfish,Malacostraca,Decapoda,Cambaridae,N,S,Yes,2011
Allen,Faxonius durelli,Saddle Crayfish,Malacostraca,Decapoda,Cambaridae,N,S,No,2007
Allen,Myotis grisescens,Gray Myotis,Mammalia,Chiroptera,Vespertilionidae,E,T,Yes,2018
Allen,Myotis lucifugus,Little Brown Bat,Mammalia,Chiroptera,Vespertilionidae,N,T,Yes,2006
Allen,Myotis sodalis,Indiana Bat,Mammalia,Chiroptera,Vespertilionidae,E,E,Yes,1974
Allen,Perimyotis subflavus,Tricolored Bat,Mammalia,Chiroptera,Vespertilionidae,PE,T,Yes,2006
Allen,Ichthyomyzon castaneus,Chestnut Lamprey,Petromyzontida,Petromyzontiformes,Petromyzontidae,N,S,Yes,2018
Allen,Ichthyomyzon greeleyi,Mountain Brook Lamprey,Petromyzontida,Petromyzontiformes,Petromyzontidae,N,T,Yes,1958
Allen,Lethenteron appendix,American Brook Lamprey,Petromyzontida,Petromyzontiformes,Petromyzontidae,N,T,Yes,1986
Anderson,Lithobates pipiens,Northern Leopard Frog,Amphibia,Anura,Ranidae,N,S,Yes,2008
Anderson,Cryptobranchus alleganiensis alleganiensis,Eastern Hellbender,Amphibia,Caudata,Cryptobranchidae,PE,S,Yes,1989
Anderson,Accipiter striatus,Sharp-shinned Hawk,Aves,Accipitriformes,Accipitridae,N,S,Yes,2014
Anderson,Circus hudsonius,Northern Harrier,Aves,Accipitriformes,Accipitridae,N,T,Yes,2013
Anderson,Haliaeetus leucocephalus,Bald Eagle,Aves,Accipitriformes,Accipitridae,N,S,Yes,2021
Anderson,Pandion haliaetus,Osprey,Aves,Accipitriformes,Pandionidae,N,S,Yes,2013
Anderson,Actitis macularius,Spotted Sandpiper,Aves,Charadriiformes,Scolopacidae,N,E,Yes,2014
Anderson,Riparia riparia,Bank Swallow,Aves,Passeriformes,Hirundinidae,N,S,Yes,2013
Anderson,Lanius ludovicianus,Loggerhead Shrike,Aves,Passeriformes,Laniidae,N,S,Yes,2005
Anderson,Centronyx henslowii,Henslow's Sparrow,Aves,Passeriformes,Passerellidae,N,S,Yes,2010
Anderson,Junco hyemalis,Dark-eyed Junco,Aves,Passeriformes,Passerellidae,N,S,No,2011
Anderson,Passerculus sandwichensis,Savannah Sparrow,Aves,Passeriformes,Passerellidae,N,S,Yes,2014
Anderson,Thryomanes bewickii,Bewick's Wren,Aves,Passeriformes,Troglodytidae,N,H,Yes,1996
Anderson,Empidonax minimus,Least Flycatcher,Aves,Passeriformes,Tyrannidae,N,E,Yes,2011
Anderson,Ardea alba,Great Egret,Aves,Pelecaniformes,Ardeidae,N,T,Yes,2009
Anderson,Egretta caerulea,Little Blue Heron,Aves,Pelecaniformes,Ardeidae,N,E,No,2005
Anderson,Podilymbus podiceps,Pied-billed Grebe,Aves,Podicipediformes,Podicipedidae,N,E,Yes,2013
Anderson,Phalacrocorax auritus,Double-crested Cormorant,Aves,Suliformes,Phalacrocoracidae,N,S,No,2007
Anderson,Alasmidonta viridis,Slippershell Mussel,Bivalvia,Unionoida,Unionidae,N,S,Yes,2013
Anderson,Pleurobema clava,Clubshell,Bivalvia,Unionoida,Unionidae,E,E,Yes,2013
Anderson,Mustela nivalis,Least Weasel,Mammalia,Carnivora,Mustelidae,N,S,Yes,2013
Anderson,Myotis grisescens,Gray Myotis,Mammalia,Chiroptera,Vespertilionidae,E,T,Yes,2005
Anderson,Myotis lucifugus,Little Brown Bat,Mammalia,Chiroptera,Vespertilionidae,N,T,Yes,2025
Anderson,Myotis septentrionalis,Northern Long-Eared Bat,Mammalia,Chiroptera,Vespertilionidae,E,E,Yes,2013
Anderson,Myotis sodalis,Indiana Bat,Mammalia,Chiroptera,Vespertilionidae,E,E,Yes,2013
Anderson,Perimyotis subflavus,Tricolored Bat,Mammalia,Chiroptera,Vespertilionidae,PE,T,Yes,2014
Ballard,Acipenser fulvescens,Lake Sturgeon,Actinopterygii,Acipenseriformes,Acipenseridae,N,E,Yes,1988
Ballard,Scaphirhynchus albus,Pallid Sturgeon,Actinopterygii,Acipenseriformes,Acipenseridae,E,E,Yes,1979
Ballard,Menidia audens,Mississippi Silverside,Actinopterygii,Atheriniformes,Atherinopsidae,N,T,No,2022
Ballard,Lepomis miniatus,Redspotted Sunfish,Actinopterygii,Centrarchiformes,Centrarchidae,N,T,Yes,2022
Ballard,Erimyzon sucetta,Lake Chubsucker,Actinopterygii,Cypriniformes,Catostomidae,N,T,Yes,2020
Ballard,Ictiobus niger,Black Buffalo,Actinopterygii,Cypriniformes,Catostomidae,N,S,Yes,2025
Ballard,Campostoma pullum,Finescale Stoneroller,Actinopterygii,Cypriniformes,Leuciscidae,N,S,No,2023
Ballard,Cyprinella venusta,Blacktail Shiner,Actinopterygii,Cypriniformes,Leuciscidae,N,S,Yes,2024
Ballard,Ericymba dorsalis,Bigmouth Shiner,Actinopterygii,Cypriniformes,Leuciscidae,N,S,Yes,2009
Ballard,Hudsonius hudsonius,Spottail Shiner,Actinopterygii,Cypriniformes,Leuciscidae,N,S,Yes,1986
Ballard,Hybognathus hayi,Cypress Minnow,Actinopterygii,Cypriniformes,Leuciscidae,N,E,Yes,2019
Ballard,Hybognathus placitus,Plains Minnow,Actinopterygii,Cypriniformes,Leuciscidae,N,S,Yes,1986
Ballard,Macrhybopsis gelida,Sturgeon Chub,Actinopterygii,Cypriniformes,Leuciscidae,N,E,Yes,1986
Ballard,Macrhybopsis meeki,Sicklefin Chub,Actinopterygii,Cypriniformes,Leuciscidae,N,E,Yes,1986
Ballard,Notropis maculatus,Taillight Shiner,Actinopterygii,Cypriniformes,Leuciscidae,N,T,Yes,2019
Ballard,Platygobio gracilis,Flathead Chub,Actinopterygii,Cypriniformes,Leuciscidae,N,S,Yes,1986
Ballard,Esox niger,Chain Pickerel,Actinopterygii,Esociformes,Esocidae,N,S,Yes,2004
Ballard,Atractosteus spatula,Alligator Gar,Actinopterygii,Lepisosteiformes,Lepisosteidae,N,E,Yes,1986
Ballard,Etheostoma proeliare,Cypress Darter,Actinopterygii,Perciformes,Percidae,N,T,Yes,2022
Ballard,Noturus stigmosus,Northern Madtom,Actinopterygii,Siluriformes,Ictaluridae,N,S,Yes,2016
Ballard,Lithobates areolatus circulosus,Northern Crawfish Frog,Amphibia,Anura,Ranidae,N,S,Yes,2018
Ballard,Amphiuma tridactylum,Three-toed Amphiuma,Amphibia,Caudata,Amphiumidae,N,E,Yes,1969
Ballard,Accipiter striatus,Sharp-shinned Hawk,Aves,Accipitriformes,Accipitridae,N,S,Yes,2000
Ballard,Circus hudsonius,Northern Harrier,Aves,Accipitriformes,Accipitridae,N,T,Yes,2010
Ballard,Haliaeetus leucocephalus,Bald Eagle,Aves,Accipitriformes,Accipitridae,N,S,Yes,2023
Ballard,Ictinia mississippiensis,Mississippi Kite,Aves,Accipitriformes,Accipitridae,N,S,No,2004
Ballard,Pandion haliaetus,Osprey,Aves,Accipitriformes,Pandionidae,N,S,Yes,2014
Ballard,Lophodytes cucullatus,Hooded Merganser,Aves,Anseriformes,Anatidae,N,T,Yes,2013
Ballard,Spatula clypeata,Northern Shoveler,Aves,Anseriformes,Anatidae,N,E,No,2007
Ballard,Spatula discors,Blue-winged Teal,Aves,Anseriformes,Anatidae,N,T,No,2007
Ballard,Sternula antillarum athalassos,Interior Least Tern,Aves,Charadriiformes,Laridae,N,E,Yes,2012
Ballard,Actitis macularius,Spotted Sandpiper,Aves,Charadriiformes,Scolopacidae,N,E,Yes,2013
Ballard,Bartramia longicauda,Upland Sandpiper,Aves,Charadriiformes,Scolopacidae,N,H,Yes,2010
Ballard,Falco peregrinus,Peregrine Falcon,Aves,Falconiformes,Falconidae,N,E,Yes,2013
Ballard,Fulica americana,American Coot,Aves,Gruiformes,Rallidae,N,E,No,2012
Ballard,Gallinula galeata,Common Gallinule,Aves,Gruiformes,Rallidae,N,T,Yes,2012
Ballard,Certhia americana,Brown Creeper,Aves,Passeriformes,Certhiidae,N,T,No,2009
Ballard,Corvus ossifragus,Fish Crow,Aves,Passeriformes,Corvidae,N,S,No,2009
Ballard,Dolichonyx oryzivorus,Bobolink,Aves,Passeriformes,Icteridae,N,S,Yes,2005
Ballard,Lanius ludovicianus,Loggerhead Shrike,Aves,Passeriformes,Laniidae,N,S,Yes,2015
Ballard,Chondestes grammacus,Lark Sparrow,Aves,Passeriformes,Passerellidae,N,S,No,2007
Ballard,Junco hyemalis,Dark-eyed Junco,Aves,Passeriformes,Passerellidae,N,S,No,2009
Ballard,Passerculus sandwichensis,Savannah Sparrow,Aves,Passeriformes,Passerellidae,N,S,Yes,2012
Ballard,Cistothorus stellaris,Sedge Wren,Aves,Passeriformes,Troglodytidae,N,S,Yes,2008
Ballard,Empidonax minimus,Least Flycatcher,Aves,Passeriformes,Tyrannidae,N,E,Yes,2001
Ballard,Ardea alba,Great Egret,Aves,Pelecaniformes,Ardeidae,N,T,Yes,2013
Ballard,Botaurus lentiginosus,American Bittern,Aves,Pelecaniformes,Ardeidae,N,H,Yes,2007
Ballard,Bubulcus ibis,Cattle Egret,Aves,Pelecaniformes,Ardeidae,N,S,No,2010
Ballard,Egretta caerulea,Little Blue Heron,Aves,Pelecaniformes,Ardeidae,N,E,No,2010
Ballard,Egretta thula,Snowy Egret,Aves,Pelecaniformes,Ardeidae,N,E,No,2007
Ballard,Ixobrychus exilis,Least Bittern,Aves,Pelecaniformes,Ardeidae,N,T,Yes,2012
Ballard,Nyctanassa violacea,Yellow-crowned Night-heron,Aves,Pelecaniformes,Ardeidae,N,T,Yes,2007
Ballard,Nycticorax nycticorax,Black-crowned Night-heron,Aves,Pelecaniformes,Ardeidae,N,T,Yes,2002
Ballard,Podilymbus podiceps,Pied-billed Grebe,Aves,Podicipediformes,Podicipedidae,N,E,Yes,2014
Ballard,Tyto furcata,American Barn Owl,Aves,Strigiformes,Tytonidae,N,S,Yes,2022
Ballard,Phalacrocorax auritus,Double-crested Cormorant,Aves,Suliformes,Phalacrocoracidae,N,S,No,1936
Ballard,Elliptio crassidens,Elephantear,Bivalvia,Unionoida,Unionidae,N,S,Yes,2022
Ballard,Fusconaia subrotunda,Longsolid,Bivalvia,Unionoida,Unionidae,T,T,Yes,2020
Ballard,Lampsilis abrupta,Pink Mucket,Bivalvia,Unionoida,Unionidae,E,E,Yes,2017
Ballard,Lampsilis ovata,Pocketbook,Bivalvia,Unionoida,Unionidae,N,E,Yes,2022
Ballard,Leaunio lienosus,Little Spectaclecase,Bivalvia,Unionoida,Unionidae,N,T,Yes,1991
Ballard,Ligumia recta,Black Sandshell,Bivalvia,Unionoida,Unionidae,N,S,Yes,2022
Ballard,Obovaria retusa,Ring Pink,Bivalvia,Unionoida,Unionidae,E,E,Yes,1988
Ballard,Plethobasus cooperianus,Orangefoot Pimpleback,Bivalvia,Unionoida,Unionidae,E,E,Yes,2005
Ballard,Plethobasus cyphyus,Sheepnose,Bivalvia,Unionoida,Unionidae,E,E,Yes,2017
Ballard,Pleurobema rubrum,Pyramid Pigtoe,Bivalvia,Unionoida,Unionidae,PT,E,Yes,2022
Ballard,Potamilus capax,Fat Pocketbook,Bivalvia,Unionoida,Unionidae,E,T,Yes,2009
Ballard,Potamilus purpuratus,Bleufer,Bivalvia,Unionoida,Unionidae,N,E,Yes,2022
Ballard,Theliderma cylindrica,Rabbitsfoot,Bivalvia,Unionoida,Unionidae,T,E,Yes,2005
Ballard,Macrochelys temminckii,Alligator Snapping Turtle,Chelonia,Testudines,Chelydridae,PT,E,Yes,1998
Ballard,Cambarellus shufeldtii,Cajun Dwarf Crayfish,Malacostraca,Decapoda,Cambaridae,N,S,Yes,1999
Ballard,Faxonius lancifer,Shrimp Crayfish,Malacostraca,Decapoda,Cambaridae,N,E,Yes,1984
Ballard,Faxonius palmeri palmeri,Gray-speckled Crayfish,Malacostraca,Decapoda,Cambaridae,N,E,Yes,2006
Ballard,Lacunicambarus chimera,Crawzilla Crawdad,Malacostraca,Decapoda,Cambaridae,N,S,Yes,2025
Ballard,Lacunicambarus ludovicianus,Painted Devil Crayfish,Malacostraca,Decapoda,Cambaridae,N,T,No,2025
Ballard,Procambarus viaeviridis,Vernal Crayfish,Malacostraca,Decapoda,Cambaridae,N,T,Yes,1997
Ballard,Corynorhinus rafinesquii,Rafinesque's Big-eared Bat,Mammalia,Chiroptera,Vespertilionidae,N,S,Yes,2015
Ballard,Myotis austroriparius,Southeastern Myotis,Mammalia,Chiroptera,Vespertilionidae,N,S,Yes,2015
Ballard,Myotis lucifugus,Little Brown Bat,Mammalia,Chiroptera,Vespertilionidae,N,T,Yes,2015
Ballard,Myotis septentrionalis,Northern Long-Eared Bat,Mammalia,Chiroptera,Vespertilionidae,E,E,Yes,2015
Ballard,Myotis sodalis,Indiana Bat,Mammalia,Chiroptera,Vespertilionidae,E,E,Yes,2024
Ballard,Perimyotis subflavus,Tricolored Bat,Mammalia,Chiroptera,Vespertilionidae,PE,T,Yes,2015
Ballard,Peromyscus gossypinus,Cotton Mouse,Mammalia,Rodentia,Cricetidae,N,T,Yes,1999
Ballard,Ichthyomyzon castaneus,Chestnut Lamprey,Petromyzontida,Petromyzontiformes,Petromyzontidae,N,S,Yes,2022
Ballard,Farancia abacura reinwardtii,Western Mudsnake,Reptilia,Squamata,Colubridae,N,S,Yes,2023
Ballard,Thamnophis proximus proximus,Western Ribbonsnake,Reptilia,Squamata,Colubridae,N,E,Yes,1983
Ballard,Aspidoscelis sexlineatus,Six-lined Racerunner,Reptilia,Squamata,Teiidae,N,S,Yes,1963
Barren,Vexillichthys atripinnis,Blackfin Sucker,Actinopterygii,Cypriniformes,Catostomidae,N,S,Yes,2019
Barren,Phenacobius uranops,Stargazing Minnow,Actinopterygii,Cypriniformes,Leuciscidae,N,S,Yes,1986
Barren,Percina macrocephala,Longhead Darter,Actinopterygii,Perciformes,Percidae,N,E,Yes,1986
Barren,Typhlichthys subterraneus,Southern Cavefish,Actinopterygii,Percopsiformes,Amblyopsidae,N,S,Yes,2022
Barren,Percopsis omiscomaycus,Trout-Perch,Actinopterygii,Percopsiformes,Percopsidae,N,S,Yes,1986
Barren,Cryptobranchus alleganiensis alleganiensis,Eastern Hellbender,Amphibia,Caudata,Cryptobranchidae,PE,S,Yes,2015
Barren,Accipiter striatus,Sharp-shinned Hawk,Aves,Accipitriformes,Accipitridae,N,S,Yes,2013
Barren,Circus hudsonius,Northern Harrier,Aves,Accipitriformes,Accipitridae,N,T,Yes,2012
Barren,Haliaeetus leucocephalus,Bald Eagle,Aves,Accipitriformes,Accipitridae,N,S,Yes,2021
Barren,Pandion haliaetus,Osprey,Aves,Accipitriformes,Pandionidae,N,S,Yes,2014
Barren,Lophodytes cucullatus,Hooded Merganser,Aves,Anseriformes,Anatidae,N,T,Yes,2010
Barren,Spatula discors,Blue-winged Teal,Aves,Anseriformes,Anatidae,N,T,No,2007
Barren,Actitis macularius,Spotted Sandpiper,Aves,Charadriiformes,Scolopacidae,N,E,Yes,2009
Barren,Bartramia longicauda,Upland Sandpiper,Aves,Charadriiformes,Scolopacidae,N,H,Yes,2003
Barren,Falco peregrinus,Peregrine Falcon,Aves,Falconiformes,Falconidae,N,E,Yes,2009
Barren,Certhia americana,Brown Creeper,Aves,Passeriformes,Certhiidae,N,T,No,1937
Barren,Dolichonyx oryzivorus,Bobolink,Aves,Passeriformes,Icteridae,N,S,Yes,2010
Barren,Lanius ludovicianus,Loggerhead Shrike,Aves,Passeriformes,Laniidae,N,S,Yes,2016
Barren,Setophaga fusca,Blackburnian Warbler,Aves,Passeriformes,Parulidae,N,T,No,2006
Barren,Vermivora chrysoptera,Golden-winged Warbler,Aves,Passeriformes,Parulidae,N,E,Yes,2010
Barren,Centronyx henslowii,Henslow's Sparrow,Aves,Passeriformes,Passerellidae,N,S,Yes,2014
Barren,Chondestes grammacus,Lark Sparrow,Aves,Passeriformes,Passerellidae,N,S,No,2012
Barren,Junco hyemalis,Dark-eyed Junco,Aves,Passeriformes,Passerellidae,N,S,No,1941
Barren,Passerculus sandwichensis,Savannah Sparrow,Aves,Passeriformes,Passerellidae,N,S,Yes,2014
Barren,Sitta canadensis,Red-breasted Nuthatch,Aves,Passeriformes,Sittidae,N,E,No,2001
Barren,Empidonax minimus,Least Flycatcher,Aves,Passeriformes,Tyrannidae,N,E,Yes,2007
Barren,Ardea alba,Great Egret,Aves,Pelecaniformes,Ardeidae,N,T,Yes,2014
Barren,Botaurus lentiginosus,American Bittern,Aves,Pelecaniformes,Ardeidae,N,H,Yes,2007
Barren,Bubulcus ibis,Cattle Egret,Aves,Pelecaniformes,Ardeidae,N,S,No,2009
Barren,Ixobrychus exilis,Least Bittern,Aves,Pelecaniformes,Ardeidae,N,T,Yes,2004
Barren,Nyctanassa violacea,Yellow-crowned Night-heron,Aves,Pelecaniformes,Ardeidae,N,T,Yes,1996
Barren,Nycticorax nycticorax,Black-crowned Night-heron,Aves,Pelecaniformes,Ardeidae,N,T,Yes,2012
Barren,Podilymbus podiceps,Pied-billed Grebe,Aves,Podicipediformes,Podicipedidae,N,E,Yes,2014
Barren,Asio flammeus,Short-eared Owl,Aves,Strigiformes,Strigidae,N,E,Yes,2010
Barren,Tyto furcata,American Barn Owl,Aves,Strigiformes,Tytonidae,N,S,Yes,2022
Barren,Phalacrocorax auritus,Double-crested Cormorant,Aves,Suliformes,Phalacrocoracidae,N,S,No,2007
Barren,Alasmidonta viridis,Slippershell Mussel,Bivalvia,Unionoida,Unionidae,N,S,Yes,1993
Barren,Leaunio lienosus,Little Spectaclecase,Bivalvia,Unionoida,Unionidae,N,T,Yes,1968
Barren,Leaunio ortmanni,Kentucky Creekshell,Bivalvia,Unionoida,Unionidae,N,E,Yes,1993
Barren,Barbicambarus cornutus,Bottlebrush Crayfish,Malacostraca,Decapoda,Cambaridae,N,S,Yes,2002
Barren,Cambarus friaufi,Hairy Crayfish,Malacostraca,Decapoda,Cambaridae,N,S,Yes,2010
Barren,Lacunicambarus chimera,Crawzilla Crawdad,Malacostraca,Decapoda,Cambaridae,N,S,Yes,1982
Barren,Orconectes pellucidus,Mammoth Cave Crayfish,Malacostraca,Decapoda,Cambaridae,N,S,Yes,2011
Barren,Corynorhinus rafinesquii,Rafinesque's Big-eared Bat,Mammalia,Chiroptera,Vespertilionidae,N,S,Yes,2022
Barren,Myotis grisescens,Gray Myotis,Mammalia,Chiroptera,Vespertilionidae,E,T,Yes,2025
Barren,Myotis leibii,Eastern Small-footed Myotis,Mammalia,Chiroptera,Vespertilionidae,N,T,Yes,2009
Barren,Myotis lucifugus,Little Brown Bat,Mammalia,Chiroptera,Vespertilionidae,N,T,Yes,2011
Barren,Myotis septentrionalis,Northern Long-Eared Bat,Mammalia,Chiroptera,Vespertilionidae,E,E,Yes,2016
Barren,Myotis sodalis,Indiana Bat,Mammalia,Chiroptera,Vespertilionidae,E,E,Yes,2019
Barren,Perimyotis subflavus,Tricolored Bat,Mammalia,Chiroptera,Vespertilionidae,PE,T,Yes,2025
Barren,Ichthyomyzon castaneus,Chestnut Lamprey,Petromyzontida,Petromyzontiformes,Petromyzontidae,N,S,Yes,2018
Barren,Ophisaurus attenuatus longicaudus,Eastern Slender Glass Lizard,Reptilia,Squamata,Anguidae,N,T,Yes,2004
Barren,Cemophora coccinea,Scarletsnake,Reptilia,Squamata,Colubridae,N,S,Yes,1962
Barren,Pantherophis guttatus,Red Cornsnake,Reptilia,Squamata,Colubridae,N,S,Yes,2025
Barren,Pituophis melanoleucus,Eastern Pinesnake,Reptilia,Squamata,Colubridae,N,E,Yes,1969
Barren,Plestiodon inexpectatus,Southeastern Five-lined Skink,Reptilia,Squamata,Scincidae,N,S,Yes,1971
Barren,Aspidoscelis sexlineatus,Six-lined Racerunner,Reptilia,Squamata,Teiidae,N,S,Yes,2019
Bath,Ictiobus niger,Black Buffalo,Actinopterygii,Cypriniformes,Catostomidae,N,S,Yes,2013
Bath,Percopsis omiscomaycus,Trout-Perch,Actinopterygii,Percopsiformes,Percopsidae,N,S,Yes,1986
Bath,Noturus stigmosus,Northern Madtom,Actinopterygii,Siluriformes,Ictaluridae,N,S,Yes,2022
Bath,Cryptobranchus alleganiensis alleganiensis,Eastern Hellbender,Amphibia,Caudata,Cryptobranchidae,PE,S,Yes,2020
Bath,Accipiter striatus,Sharp-shinned Hawk,Aves,Accipitriformes,Accipitridae,N,S,Yes,2013
Bath,Haliaeetus leucocephalus,Bald Eagle,Aves,Accipitriformes,Accipitridae,N,S,Yes,2025
Bath,Pandion haliaetus,Osprey,Aves,Accipitriformes,Pandionidae,N,S,Yes,2013
Bath,Lophodytes cucullatus,Hooded Merganser,Aves,Anseriformes,Anatidae,N,T,Yes,2014
Bath,Actitis macularius,Spotted Sandpiper,Aves,Charadriiformes,Scolopacidae,N,E,Yes,2014
Bath,Gallinula galeata,Common Gallinule,Aves,Gruiformes,Rallidae,N,T,Yes,1996
Bath,Certhia americana,Brown Creeper,Aves,Passeriformes,Certhiidae,N,T,No,1986
Bath,Riparia riparia,Bank Swallow,Aves,Passeriformes,Hirundinidae,N,S,Yes,2010
Bath,Dolichonyx oryzivorus,Bobolink,Aves,Passeriformes,Icteridae,N,S,Yes,2010
Bath,Lanius ludovicianus,Loggerhead Shrike,Aves,Passeriformes,Laniidae,N,S,Yes,2016
Bath,Cardellina canadensis,Canada Warbler,Aves,Passeriformes,Parulidae,N,S,Yes,2009
Bath,Vermivora chrysoptera,Golden-winged Warbler,Aves,Passeriformes,Parulidae,N,E,Yes,2011
Bath,Centronyx henslowii,Henslow's Sparrow,Aves,Passeriformes,Passerellidae,N,S,Yes,1996
Bath,Chondestes grammacus,Lark Sparrow,Aves,Passeriformes,Passerellidae,N,S,No,1996
Bath,Passerculus sandwichensis,Savannah Sparrow,Aves,Passeriformes,Passerellidae,N,S,Yes,2010
Bath,Empidonax minimus,Least Flycatcher,Aves,Passeriformes,Tyrannidae,N,E,Yes,2009
Bath,Ixobrychus exilis,Least Bittern,Aves,Pelecaniformes,Ardeidae,N,T,Yes,1996
Bath,Nyctanassa violacea,Yellow-crowned Night-heron,Aves,Pelecaniformes,Ardeidae,N,T,Yes,1996
Bath,Podilymbus podiceps,Pied-billed Grebe,Aves,Podicipediformes,Podicipedidae,N,E,Yes,2014
Bath,Tyto furcata,American Barn Owl,Aves,Strigiformes,Tytonidae,N,S,Yes,2022
Bath,Alasmidonta marginata,Elktoe,Bivalvia,Unionoida,Unionidae,N,T,Yes,2014
Bath,Alasmidonta viridis,Slippershell Mussel,Bivalvia,Unionoida,Unionidae,N,S,Yes,2016
Bath,Anodontoides ferussacianus,Cylindrical Papershell,Bivalvia,Unionoida,Unionidae,N,S,Yes,1991
Bath,Cyprogenia stegaria,Fanshell,Bivalvia,Unionoida,Unionidae,E,E,Yes,2015
Bath,Elliptio crassidens,Elephantear,Bivalvia,Unionoida,Unionidae,N,S,Yes,2006
Bath,Epioblasma triquetra,Snuffbox,Bivalvia,Unionoida,Unionidae,E,E,Yes,2010
Bath,Fusconaia subrotunda,Longsolid,Bivalvia,Unionoida,Unionidae,T,T,Yes,2022
Bath,Lampsilis abrupta,Pink Mucket,Bivalvia,Unionoida,Unionidae,E,E,Yes,1994
Bath,Lampsilis ovata,Pocketbook,Bivalvia,Unionoida,Unionidae,N,E,Yes,2014
Bath,Leaunio lienosus,Little Spectaclecase,Bivalvia,Unionoida,Unionidae,N,T,Yes,1978
Bath,Ligumia recta,Black Sandshell,Bivalvia,Unionoida,Unionidae,N,S,Yes,2022
Bath,Obovaria subrotunda,Round Hickorynut,Bivalvia,Unionoida,Unionidae,T,T,Yes,2010
Bath,Plethobasus cyphyus,Sheepnose,Bivalvia,Unionoida,Unionidae,E,E,Yes,2006
Bath,Pleurobema clava,Clubshell,Bivalvia,Unionoida,Unionidae,E,E,Yes,2016
Bath,Pleurobema rubrum,Pyramid Pigtoe,Bivalvia,Unionoida,Unionidae,PT,E,Yes,1991
Bath,Simpsonaias ambigua,Salamander Mussel,Bivalvia,Unionoida,Unionidae,N,T,Yes,1982
Bath,Toxolasma lividum,Purple Lilliput,Bivalvia,Unionoida,Unionidae,N,E,Yes,2021
Bath,Cambarus hazardi,Brawny Crayfish,Malacostraca,Decapoda,Cambaridae,N,S,Yes,1991
Bath,Corynorhinus rafinesquii,Rafinesque's Big-eared Bat,Mammalia,Chiroptera,Vespertilionidae,N,S,Yes,2007
Bath,Corynorhinus townsendii virginianus,Virginia Big-eared Bat,Mammalia,Chiroptera,Vespertilionidae,E,E,Yes,2003
Bath,Myotis leibii,Eastern Small-footed Myotis,Mammalia,Chiroptera,Vespertilionidae,N,T,Yes,2007
Bath,Myotis lucifugus,Little Brown Bat,Mammalia,Chiroptera,Vespertilionidae,N,T,Yes,2005
Bath,Myotis septentrionalis,Northern Long-Eared Bat,Mammalia,Chiroptera,Vespertilionidae,E,E,Yes,2009
Bath,Myotis sodalis,Indiana Bat,Mammalia,Chiroptera,Vespertilionidae,E,E,Yes,2001
Bath,Perimyotis subflavus,Tricolored Bat,Mammalia,Chiroptera,Vespertilionidae,PE,T,Yes,2008
Bath,Ichthyomyzon fossor,Northern Brook Lamprey,Petromyzontida,Petromyzontiformes,Petromyzontidae,N,T,Yes,1982
Bath,Thamnophis saurita saurita,Eastern Ribbonsnake,Reptilia,Squamata,Colubridae,N,S,Yes,1968
Bell,Chrosomus cumberlandensis,Blackside Dace,Actinopterygii,Cypriniformes,Leuciscidae,T,T,Yes,2025
Bell,Etheostoma sagitta,Cumberland Arrow Darter,Actinopterygii,Perciformes,Percidae,N,S,Yes,2025
Bell,Cryptobranchus alleganiensis alleganiensis,Eastern Hellbender,Amphibia,Caudata,Cryptobranchidae,PE,S,Yes,2012
Bell,Plethodon pauleyi,Yellow-spotted Woodland Salamander,Amphibia,Caudata,Plethodontidae,N,E,Yes,2025
Bell,Accipiter striatus,Sharp-shinned Hawk,Aves,Accipitriformes,Accipitridae,N,S,Yes,2011
Bell,Circus hudsonius,Northern Harrier,Aves,Accipitriformes,Accipitridae,N,T,Yes,2007
Bell,Haliaeetus leucocephalus,Bald Eagle,Aves,Accipitriformes,Accipitridae,N,S,Yes,2011
Bell,Pandion haliaetus,Osprey,Aves,Accipitriformes,Pandionidae,N,S,Yes,2011
Bell,Lophodytes cucullatus,Hooded Merganser,Aves,Anseriformes,Anatidae,N,T,Yes,2009
Bell,Falco peregrinus,Peregrine Falcon,Aves,Falconiformes,Falconidae,N,E,Yes,2011
Bell,Pheucticus ludovicianus,Rose-breasted Grosbeak,Aves,Passeriformes,Cardinalidae,N,S,No,2018
Bell,Certhia americana,Brown Creeper,Aves,Passeriformes,Certhiidae,N,T,No,2003
Bell,Corvus corax,Common Raven,Aves,Passeriformes,Corvidae,N,T,Yes,2017
Bell,Cardellina canadensis,Canada Warbler,Aves,Passeriformes,Parulidae,N,S,Yes,2012
Bell,Setophaga fusca,Blackburnian Warbler,Aves,Passeriformes,Parulidae,N,T,No,2010
Bell,Vermivora chrysoptera,Golden-winged Warbler,Aves,Passeriformes,Parulidae,N,E,Yes,2023
Bell,Centronyx henslowii,Henslow's Sparrow,Aves,Passeriformes,Passerellidae,N,S,Yes,2009
Bell,Junco hyemalis,Dark-eyed Junco,Aves,Passeriformes,Passerellidae,N,S,No,2017
Bell,Passerculus sandwichensis,Savannah Sparrow,Aves,Passeriformes,Passerellidae,N,S,Yes,2006
Bell,Sitta canadensis,Red-breasted Nuthatch,Aves,Passeriformes,Sittidae,N,E,No,1987
Bell,Empidonax minimus,Least Flycatcher,Aves,Passeriformes,Tyrannidae,N,E,Yes,2012
Bell,Podilymbus podiceps,Pied-billed Grebe,Aves,Podicipediformes,Podicipedidae,N,E,Yes,2009
Bell,Tyto furcata,American Barn Owl,Aves,Strigiformes,Tytonidae,N,S,Yes,1996
Bell,Alasmidonta viridis,Slippershell Mussel,Bivalvia,Unionoida,Unionidae,N,S,Yes,1914
Bell,Anodontoides denigratus,Cumberland Papershell,Bivalvia,Unionoida,Unionidae,N,E,Yes,1910
Bell,Anodontoides ferussacianus,Cylindrical Papershell,Bivalvia,Unionoida,Unionidae,N,S,Yes,1913
Bell,Lampsilis ovata,Pocketbook,Bivalvia,Unionoida,Unionidae,N,E,Yes,1976
Bell,Cambarus buntingi,Longclaw Crayfish,Malacostraca,Decapoda,Cambaridae,N,T,Yes,2024
Bell,Cambarus guenteri,Redbird Crayfish,Malacostraca,Decapoda,Cambaridae,N,S,Yes,2000
Bell,Cambarus hazardi,Brawny Crayfish,Malacostraca,Decapoda,Cambaridae,N,S,Yes,1992
Bell,Cambarus jezerinaci,Spiny Scale Crayfish,Malacostraca,Decapoda,Cambaridae,N,S,Yes,2024
Bell,Cambarus parvoculus,Mountain Midget Crayfish,Malacostraca,Decapoda,Cambaridae,N,S,Yes,2007
Bell,Spilogale putorius,Eastern Spotted Skunk,Mammalia,Carnivora,Mephitidae,N,S,Yes,1979
Bell,Myotis grisescens,Gray Myotis,Mammalia,Chiroptera,Vespertilionidae,E,T,Yes,2024
Bell,Myotis leibii,Eastern Small-footed Myotis,Mammalia,Chiroptera,Vespertilionidae,N,T,Yes,2025
Bell,Myotis lucifugus,Little Brown Bat,Mammalia,Chiroptera,Vespertilionidae,N,T,Yes,2026
Bell,Myotis septentrionalis,Northern Long-Eared Bat,Mammalia,Chiroptera,Vespertilionidae,E,E,Yes,2014
Bell,Perimyotis subflavus,Tricolored Bat,Mammalia,Chiroptera,Vespertilionidae,PE,T,Yes,2026
Bell,Sorex cinereus,Cinereus Shrew,Mammalia,Eulipotyphla,Soricidae,N,S,Yes,1997
Bell,Myodes gapperi maurus,Kentucky Red-backed Vole,Mammalia,Rodentia,Cricetidae,N,S,Yes,1989
Bell,Ophisaurus attenuatus longicaudus,Eastern Slender Glass Lizard,Reptilia,Squamata,Anguidae,N,T,Yes,1925
Bell,Cemophora coccinea,Scarletsnake,Reptilia,Squamata,Colubridae,N,S,Yes,1961
Bell,Plestiodon anthracinus,Coal Skink,Reptilia,Squamata,Scincidae,N,E,Yes,1925
Bell,Plestiodon inexpectatus,Southeastern Five-lined Skink,Reptilia,Squamata,Scincidae,N,S,Yes,2024
Boone,Ictiobus niger,Black Buffalo,Actinopterygii,Cypriniformes,Catostomidae,N,S,Yes,2024
Boone,Lota lota,Burbot,Actinopterygii,Gadiformes,Gadidae,N,S,Yes,1986
Boone,Lithobates pipiens,Northern Leopard Frog,Amphibia,Anura,Ranidae,N,S,Yes,2017
Boone,Cryptobranchus alleganiensis alleganiensis,Eastern Hellbender,Amphibia,Caudata,Cryptobranchidae,PE,S,Yes,1994
Boone,Plethodon cinereus,Eastern Red-backed Salamander,Amphibia,Caudata,Plethodontidae,N,S,Yes,2021
Boone,Accipiter striatus,Sharp-shinned Hawk,Aves,Accipitriformes,Accipitridae,N,S,Yes,2014
Boone,Circus hudsonius,Northern Harrier,Aves,Accipitriformes,Accipitridae,N,T,Yes,2014
Boone,Haliaeetus leucocephalus,Bald Eagle,Aves,Accipitriformes,Accipitridae,N,S,Yes,2021
Boone,Pandion haliaetus,Osprey,Aves,Accipitriformes,Pandionidae,N,S,Yes,2014
Boone,Lophodytes cucullatus,Hooded Merganser,Aves,Anseriformes,Anatidae,N,T,Yes,2014
Boone,Spatula discors,Blue-winged Teal,Aves,Anseriformes,Anatidae,N,T,No,2005
Boone,Actitis macularius,Spotted Sandpiper,Aves,Charadriiformes,Scolopacidae,N,E,Yes,2014
Boone,Bartramia longicauda,Upland Sandpiper,Aves,Charadriiformes,Scolopacidae,N,H,Yes,1982
Boone,Falco peregrinus,Peregrine Falcon,Aves,Falconiformes,Falconidae,N,E,Yes,2023
Boone,Fulica americana,American Coot,Aves,Gruiformes,Rallidae,N,E,No,2007
Boone,Gallinula galeata,Common Gallinule,Aves,Gruiformes,Rallidae,N,T,Yes,2004
Boone,Pheucticus ludovicianus,Rose-breasted Grosbeak,Aves,Passeriformes,Cardinalidae,N,S,No,2006
Boone,Certhia americana,Brown Creeper,Aves,Passeriformes,Certhiidae,N,T,No,1986
Boone,Corvus ossifragus,Fish Crow,Aves,Passeriformes,Corvidae,N,S,No,2007
Boone,Riparia riparia,Bank Swallow,Aves,Passeriformes,Hirundinidae,N,S,Yes,2013
Boone,Dolichonyx oryzivorus,Bobolink,Aves,Passeriformes,Icteridae,N,S,Yes,2008
Boone,Lanius ludovicianus,Loggerhead Shrike,Aves,Passeriformes,Laniidae,N,S,Yes,2003
Boone,Cardellina canadensis,Canada Warbler,Aves,Passeriformes,Parulidae,N,S,Yes,2013
Boone,Vermivora chrysoptera,Golden-winged Warbler,Aves,Passeriformes,Parulidae,N,E,Yes,2013
Boone,Centronyx henslowii,Henslow's Sparrow,Aves,Passeriformes,Passerellidae,N,S,Yes,1996
Boone,Junco hyemalis,Dark-eyed Junco,Aves,Passeriformes,Passerellidae,N,S,No,2006
Boone,Passerculus sandwichensis,Savannah Sparrow,Aves,Passeriformes,Passerellidae,N,S,Yes,2014
Boone,Pooecetes gramineus,Vesper Sparrow,Aves,Passeriformes,Passerellidae,N,E,No,2005
Boone,Sitta canadensis,Red-breasted Nuthatch,Aves,Passeriformes,Sittidae,N,E,No,1985
Boone,Cistothorus stellaris,Sedge Wren,Aves,Passeriformes,Troglodytidae,N,S,Yes,2006
Boone,Thryomanes bewickii,Bewick's Wren,Aves,Passeriformes,Troglodytidae,N,H,Yes,2011
Boone,Empidonax minimus,Least Flycatcher,Aves,Passeriformes,Tyrannidae,N,E,Yes,2011
Boone,Vireo bellii,Bell's Vireo,Aves,Passeriformes,Vireonidae,N,S,Yes,2008
Boone,Ardea alba,Great Egret,Aves,Pelecaniformes,Ardeidae,N,T,Yes,2013
Boone,Bubulcus ibis,Cattle Egret,Aves,Pelecaniformes,Ardeidae,N,S,No,2008
Boone,Egretta caerulea,Little Blue Heron,Aves,Pelecaniformes,Ardeidae,N,E,No,2007
Boone,Nycticorax nycticorax,Black-crowned Night-heron,Aves,Pelecaniformes,Ardeidae,N,T,Yes,2005
Boone,Podilymbus podiceps,Pied-billed Grebe,Aves,Podicipediformes,Podicipedidae,N,E,Yes,2014
Boone,Asio flammeus,Short-eared Owl,Aves,Strigiformes,Strigidae,N,E,Yes,2005
Boone,Tyto furcata,American Barn Owl,Aves,Strigiformes,Tytonidae,N,S,Yes,1996
Boone,Phalacrocorax auritus,Double-crested Cormorant,Aves,Suliformes,Phalacrocoracidae,N,S,No,2003
Boone,Cumberlandia monodonta,Spectaclecase,Bivalvia,Unionoida,Margaritiferidae,E,E,Yes,1895
Boone,Anodontoides ferussacianus,Cylindrical Papershell,Bivalvia,Unionoida,Unionidae,N,S,Yes,1989
Boone,Elliptio crassidens,Elephantear,Bivalvia,Unionoida,Unionidae,N,S,Yes,2022
Boone,Fusconaia subrotunda,Longsolid,Bivalvia,Unionoida,Unionidae,T,T,Yes,1895
Boone,Lampsilis abrupta,Pink Mucket,Bivalvia,Unionoida,Unionidae,E,E,Yes,1895
Boone,Lampsilis ovata,Pocketbook,Bivalvia,Unionoida,Unionidae,N,E,Yes,1895
Boone,Ligumia recta,Black Sandshell,Bivalvia,Unionoida,Unionidae,N,S,Yes,1900
Boone,Obovaria retusa,Ring Pink,Bivalvia,Unionoida,Unionidae,E,E,Yes,1895
Boone,Plethobasus cyphyus,Sheepnose,Bivalvia,Unionoida,Unionidae,E,E,Yes,1895
Boone,Pleurobema rubrum,Pyramid Pigtoe,Bivalvia,Unionoida,Unionidae,PT,E,Yes,1895
Boone,Theliderma cylindrica,Rabbitsfoot,Bivalvia,Unionoida,Unionidae,T,E,Yes,1895
Boone,Myotis leibii,Eastern Small-footed Myotis,Mammalia,Chiroptera,Vespertilionidae,N,T,Yes,2022
Boone,Myotis lucifugus,Little Brown Bat,Mammalia,Chiroptera,Vespertilionidae,N,T,Yes,2010
Boone,Myotis sodalis,Indiana Bat,Mammalia,Chiroptera,Vespertilionidae,E,E,Yes,2022
Boone,Perimyotis subflavus,Tricolored Bat,Mammalia,Chiroptera,Vespertilionidae,PE,T,Yes,2022
Bourbon,Lithobates pipiens,Northern Leopard Frog,Amphibia,Anura,Ranidae,N,S,Yes,2017
Bourbon,Haliaeetus leucocephalus,Bald Eagle,Aves,Accipitriformes,Accipitridae,N,S,Yes,2020
Bourbon,Dolichonyx oryzivorus,Bobolink,Aves,Passeriformes,Icteridae,N,S,Yes,2009
Bourbon,Lanius ludovicianus,Loggerhead Shrike,Aves,Passeriformes,Laniidae,N,S,Yes,2022
Bourbon,Passerculus sandwichensis,Savannah Sparrow,Aves,Passeriformes,Passerellidae,N,S,Yes,1996
Bourbon,Pooecetes gramineus,Vesper Sparrow,Aves,Passeriformes,Passerellidae,N,E,No,1996
Bourbon,Tyto furcata,American Barn Owl,Aves,Strigiformes,Tytonidae,N,S,Yes,2022
Bourbon,Alasmidonta viridis,Slippershell Mussel,Bivalvia,Unionoida,Unionidae,N,S,Yes,2025
Bourbon,Anodontoides ferussacianus,Cylindrical Papershell,Bivalvia,Unionoida,Unionidae,N,S,Yes,1991
Bourbon,Mustela nivalis,Least Weasel,Mammalia,Carnivora,Mustelidae,N,S,Yes,2014
Bourbon,Myotis lucifugus,Little Brown Bat,Mammalia,Chiroptera,Vespertilionidae,N,T,Yes,2011
Bourbon,Myotis septentrionalis,Northern Long-Eared Bat,Mammalia,Chiroptera,Vespertilionidae,E,E,Yes,2003
Boyd,Acipenser fulvescens,Lake Sturgeon,Actinopterygii,Acipenseriformes,Acipenseridae,N,E,Yes,1986
Boyd,Percopsis omiscomaycus,Trout-Perch,Actinopterygii,Percopsiformes,Percopsidae,N,S,Yes,1998
Boyd,Dryophytes versicolor,Gray Treefrog,Amphibia,Anura,Hylidae,N,S,Yes,2013
Boyd,Accipiter striatus,Sharp-shinned Hawk,Aves,Accipitriformes,Accipitridae,N,S,Yes,2014
Boyd,Circus hudsonius,Northern Harrier,Aves,Accipitriformes,Accipitridae,N,T,Yes,2007
Boyd,Haliaeetus leucocephalus,Bald Eagle,Aves,Accipitriformes,Accipitridae,N,S,Yes,2011
Boyd,Pandion haliaetus,Osprey,Aves,Accipitriformes,Pandionidae,N,S,Yes,2017
Boyd,Actitis macularius,Spotted Sandpiper,Aves,Charadriiformes,Scolopacidae,N,E,Yes,2014
Boyd,Certhia americana,Brown Creeper,Aves,Passeriformes,Certhiidae,N,T,No,2007
Boyd,Dolichonyx oryzivorus,Bobolink,Aves,Passeriformes,Icteridae,N,S,Yes,2014
Boyd,Vermivora chrysoptera,Golden-winged Warbler,Aves,Passeriformes,Parulidae,N,E,Yes,1986
Boyd,Centronyx henslowii,Henslow's Sparrow,Aves,Passeriformes,Passerellidae,N,S,Yes,2014
Boyd,Junco hyemalis,Dark-eyed Junco,Aves,Passeriformes,Passerellidae,N,S,No,2007
Boyd,Passerculus sandwichensis,Savannah Sparrow,Aves,Passeriformes,Passerellidae,N,S,Yes,2014
Boyd,Empidonax minimus,Least Flycatcher,Aves,Passeriformes,Tyrannidae,N,E,Yes,2013
Boyd,Nycticorax nycticorax,Black-crowned Night-heron,Aves,Pelecaniformes,Ardeidae,N,T,Yes,2013
Boyd,Podilymbus podiceps,Pied-billed Grebe,Aves,Podicipediformes,Podicipedidae,N,E,Yes,2014
Boyd,Asio flammeus,Short-eared Owl,Aves,Strigiformes,Strigidae,N,E,Yes,2002
Boyd,Phalacrocorax auritus,Double-crested Cormorant,Aves,Suliformes,Phalacrocoracidae,N,S,No,2007
Boyd,Leaunio lienosus,Little Spectaclecase,Bivalvia,Unionoida,Unionidae,N,T,Yes,1981
Boyd,Ligumia recta,Black Sandshell,Bivalvia,Unionoida,Unionidae,N,S,Yes,2010
Boyd,Simpsonaias ambigua,Salamander Mussel,Bivalvia,Unionoida,Unionidae,N,T,Yes,1981
Boyd,Cambarus theepiensis,Coalfields Crayfish,Malacostraca,Decapoda,Cambaridae,N,S,No,1999
Boyd,Myotis lucifugus,Little Brown Bat,Mammalia,Chiroptera,Vespertilionidae,N,T,Yes,2010
Boyd,Myotis septentrionalis,Northern Long-Eared Bat,Mammalia,Chiroptera,Vespertilionidae,E,E,Yes,2006
Boyd,Perimyotis subflavus,Tricolored Bat,Mammalia,Chiroptera,Vespertilionidae,PE,T,Yes,2010
Boyd,Lethenteron appendix,American Brook Lamprey,Petromyzontida,Petromyzontiformes,Petromyzontidae,N,T,Yes,2009
Boyle,Accipiter striatus,Sharp-shinned Hawk,Aves,Accipitriformes,Accipitridae,N,S,Yes,2007
Boyle,Circus hudsonius,Northern Harrier,Aves,Accipitriformes,Accipitridae,N,T,Yes,2007
Boyle,Haliaeetus leucocephalus,Bald Eagle,Aves,Accipitriformes,Accipitridae,N,S,Yes,2021
Boyle,Lophodytes cucullatus,Hooded Merganser,Aves,Anseriformes,Anatidae,N,T,Yes,2006
Boyle,Spatula clypeata,Northern Shoveler,Aves,Anseriformes,Anatidae,N,E,No,2007
Boyle,Spatula discors,Blue-winged Teal,Aves,Anseriformes,Anatidae,N,T,No,1975
Boyle,Actitis macularius,Spotted Sandpiper,Aves,Charadriiformes,Scolopacidae,N,E,Yes,2003
Boyle,Falco peregrinus,Peregrine Falcon,Aves,Falconiformes,Falconidae,N,E,Yes,2009
Boyle,Fulica americana,American Coot,Aves,Gruiformes,Rallidae,N,E,No,2006
Boyle,Pheucticus ludovicianus,Rose-breasted Grosbeak,Aves,Passeriformes,Cardinalidae,N,S,No,2007
Boyle,Certhia americana,Brown Creeper,Aves,Passeriformes,Certhiidae,N,T,No,2007
Boyle,Dolichonyx oryzivorus,Bobolink,Aves,Passeriformes,Icteridae,N,S,Yes,2013
Boyle,Lanius ludovicianus,Loggerhead Shrike,Aves,Passeriformes,Laniidae,N,S,Yes,2015
Boyle,Cardellina canadensis,Canada Warbler,Aves,Passeriformes,Parulidae,N,S,Yes,2011
Boyle,Vermivora chrysoptera,Golden-winged Warbler,Aves,Passeriformes,Parulidae,N,E,Yes,2011
Boyle,Centronyx henslowii,Henslow's Sparrow,Aves,Passeriformes,Passerellidae,N,S,Yes,2016
Boyle,Chondestes grammacus,Lark Sparrow,Aves,Passeriformes,Passerellidae,N,S,No,2004
Boyle,Junco hyemalis,Dark-eyed Junco,Aves,Passeriformes,Passerellidae,N,S,No,2007
Boyle,Passerculus sandwichensis,Savannah Sparrow,Aves,Passeriformes,Passerellidae,N,S,Yes,2013
Boyle,Sitta canadensis,Red-breasted Nuthatch,Aves,Passeriformes,Sittidae,N,E,No,2007
Boyle,Podilymbus podiceps,Pied-billed Grebe,Aves,Podicipediformes,Podicipedidae,N,E,Yes,2012
Boyle,Asio flammeus,Short-eared Owl,Aves,Strigiformes,Strigidae,N,E,Yes,1989
Boyle,Asio otus,Long-eared Owl,Aves,Strigiformes,Strigidae,N,E,Yes,2007
Boyle,Tyto furcata,American Barn Owl,Aves,Strigiformes,Tytonidae,N,S,Yes,2022
Boyle,Phalacrocorax auritus,Double-crested Cormorant,Aves,Suliformes,Phalacrocoracidae,N,S,No,2006
Boyle,Alasmidonta viridis,Slippershell Mussel,Bivalvia,Unionoida,Unionidae,N,S,Yes,1996
Boyle,Mustela nivalis,Least Weasel,Mammalia,Carnivora,Mustelidae,N,S,Yes,2016
Boyle,Plestiodon anthracinus,Coal Skink,Reptilia,Squamata,Scincidae,N,E,Yes,1962
Bracken,Acipenser fulvescens,Lake Sturgeon,Actinopterygii,Acipenseriformes,Acipenseridae,N,E,Yes,1986
Bracken,Ictiobus niger,Black Buffalo,Actinopterygii,Cypriniformes,Catostomidae,N,S,Yes,2025
Bracken,Hudsonius hudsonius,Spottail Shiner,Actinopterygii,Cypriniformes,Leuciscidae,N,S,Yes,2017
Bracken,Noturus stigmosus,Northern Madtom,Actinopterygii,Siluriformes,Ictaluridae,N,S,Yes,2023
Bracken,Lithobates pipiens,Northern Leopard Frog,Amphibia,Anura,Ranidae,N,S,Yes,1998
Bracken,Cryptobranchus alleganiensis alleganiensis,Eastern Hellbender,Amphibia,Caudata,Cryptobranchidae,PE,S,Yes,1989
Bracken,Accipiter striatus,Sharp-shinned Hawk,Aves,Accipitriformes,Accipitridae,N,S,Yes,2000
Bracken,Circus hudsonius,Northern Harrier,Aves,Accipitriformes,Accipitridae,N,T,Yes,2000
Bracken,Haliaeetus leucocephalus,Bald Eagle,Aves,Accipitriformes,Accipitridae,N,S,Yes,2025
Bracken,Lophodytes cucullatus,Hooded Merganser,Aves,Anseriformes,Anatidae,N,T,Yes,2013
Bracken,Falco peregrinus,Peregrine Falcon,Aves,Falconiformes,Falconidae,N,E,Yes,2008
Bracken,Riparia riparia,Bank Swallow,Aves,Passeriformes,Hirundinidae,N,S,Yes,1996
Bracken,Lanius ludovicianus,Loggerhead Shrike,Aves,Passeriformes,Laniidae,N,S,Yes,1996
Bracken,Passerculus sandwichensis,Savannah Sparrow,Aves,Passeriformes,Passerellidae,N,S,Yes,2012
Bracken,Ardea alba,Great Egret,Aves,Pelecaniformes,Ardeidae,N,T,Yes,2013
Bracken,Podilymbus podiceps,Pied-billed Grebe,Aves,Podicipediformes,Podicipedidae,N,E,Yes,2014
Bracken,Alasmidonta marginata,Elktoe,Bivalvia,Unionoida,Unionidae,N,T,Yes,2025
Bracken,Alasmidonta viridis,Slippershell Mussel,Bivalvia,Unionoida,Unionidae,N,S,Yes,2021
Bracken,Cyprogenia stegaria,Fanshell,Bivalvia,Unionoida,Unionidae,E,E,Yes,2020
Bracken,Elliptio crassidens,Elephantear,Bivalvia,Unionoida,Unionidae,N,S,Yes,2019
Bracken,Epioblasma rangiana,Northern Riffleshell,Bivalvia,Unionoida,Unionidae,E,E,Yes,2019
Bracken,Epioblasma triquetra,Snuffbox,Bivalvia,Unionoida,Unionidae,E,E,Yes,2025
Bracken,Fusconaia subrotunda,Longsolid,Bivalvia,Unionoida,Unionidae,T,T,Yes,2020
Bracken,Lampsilis abrupta,Pink Mucket,Bivalvia,Unionoida,Unionidae,E,E,Yes,2019
Bracken,Lampsilis ovata,Pocketbook,Bivalvia,Unionoida,Unionidae,N,E,Yes,2024
Bracken,Ligumia recta,Black Sandshell,Bivalvia,Unionoida,Unionidae,N,S,Yes,2025
Bracken,Obovaria subrotunda,Round Hickorynut,Bivalvia,Unionoida,Unionidae,T,T,Yes,2019
Bracken,Pleurobema clava,Clubshell,Bivalvia,Unionoida,Unionidae,E,E,Yes,2019
Bracken,Simpsonaias ambigua,Salamander Mussel,Bivalvia,Unionoida,Unionidae,N,T,Yes,2008
Bracken,Theliderma cylindrica,Rabbitsfoot,Bivalvia,Unionoida,Unionidae,T,E,Yes,2019
Bracken,Myotis lucifugus,Little Brown Bat,Mammalia,Chiroptera,Vespertilionidae,N,T,Yes,2014
Bracken,Myotis septentrionalis,Northern Long-Eared Bat,Mammalia,Chiroptera,Vespertilionidae,E,E,Yes,2007
Bracken,Myotis sodalis,Indiana Bat,Mammalia,Chiroptera,Vespertilionidae,E,E,Yes,2014
Bracken,Perimyotis subflavus,Tricolored Bat,Mammalia,Chiroptera,Vespertilionidae,PE,T,Yes,2014
Breathitt,Ammocrypta clara,Western Sand Darter,Actinopterygii,Perciformes,Percidae,N,E,Yes,1997
Breathitt,Etheostoma spilotum,Kentucky Arrow Darter,Actinopterygii,Perciformes,Percidae,T,T,Yes,2025
Breathitt,Nothonotus maculatus,Spotted Darter,Actinopterygii,Perciformes,Percidae,N,T,Yes,1986
Breathitt,Noturus stigmosus,Northern Madtom,Actinopterygii,Siluriformes,Ictaluridae,N,S,Yes,2023
Breathitt,Accipiter striatus,Sharp-shinned Hawk,Aves,Accipitriformes,Accipitridae,N,S,Yes,1996
Breathitt,Circus hudsonius,Northern Harrier,Aves,Accipitriformes,Accipitridae,N,T,Yes,2000
Breathitt,Pandion haliaetus,Osprey,Aves,Accipitriformes,Pandionidae,N,S,Yes,2000
Breathitt,Lophodytes cucullatus,Hooded Merganser,Aves,Anseriformes,Anatidae,N,T,Yes,1974
Breathitt,Actitis macularius,Spotted Sandpiper,Aves,Charadriiformes,Scolopacidae,N,E,Yes,1975
Breathitt,Falco peregrinus,Peregrine Falcon,Aves,Falconiformes,Falconidae,N,E,Yes,1972
Breathitt,Fulica americana,American Coot,Aves,Gruiformes,Rallidae,N,E,No,1978
Breathitt,Certhia americana,Brown Creeper,Aves,Passeriformes,Certhiidae,N,T,No,1977
Breathitt,Corvus corax,Common Raven,Aves,Passeriformes,Corvidae,N,T,Yes,2015
Breathitt,Centronyx henslowii,Henslow's Sparrow,Aves,Passeriformes,Passerellidae,N,S,Yes,2017
Breathitt,Junco hyemalis,Dark-eyed Junco,Aves,Passeriformes,Passerellidae,N,S,No,1979
Breathitt,Passerculus sandwichensis,Savannah Sparrow,Aves,Passeriformes,Passerellidae,N,S,Yes,1975
Breathitt,Sitta canadensis,Red-breasted Nuthatch,Aves,Passeriformes,Sittidae,N,E,No,1979
Breathitt,Podilymbus podiceps,Pied-billed Grebe,Aves,Podicipediformes,Podicipedidae,N,E,Yes,1979
Breathitt,Lampsilis ovata,Pocketbook,Bivalvia,Unionoida,Unionidae,N,E,Yes,1995
Breathitt,Obovaria subrotunda,Round Hickorynut,Bivalvia,Unionoida,Unionidae,T,T,Yes,1958
Breathitt,Simpsonaias ambigua,Salamander Mussel,Bivalvia,Unionoida,Unionidae,N,T,Yes,1959
Breathitt,Cambarus hazardi,Brawny Crayfish,Malacostraca,Decapoda,Cambaridae,N,S,Yes,2024
Breathitt,Cambarus parvoculus,Mountain Midget Crayfish,Malacostraca,Decapoda,Cambaridae,N,S,Yes,2000
Breathitt,Cambarus taylori,Cutshin Crayfish,Malacostraca,Decapoda,Cambaridae,N,S,Yes,2018
Breathitt,Faxonius sanbornii,Sanborn's Crayfish,Malacostraca,Decapoda,Cambaridae,N,S,No,1968
Breathitt,Spilogale putorius,Eastern Spotted Skunk,Mammalia,Carnivora,Mephitidae,N,S,Yes,2016
Breathitt,Corynorhinus rafinesquii,Rafinesque's Big-eared Bat,Mammalia,Chiroptera,Vespertilionidae,N,S,Yes,2018
Breathitt,Myotis leibii,Eastern Small-footed Myotis,Mammalia,Chiroptera,Vespertilionidae,N,T,Yes,2012
Breathitt,Myotis lucifugus,Little Brown Bat,Mammalia,Chiroptera,Vespertilionidae,N,T,Yes,2016
Breathitt,Myotis septentrionalis,Northern Long-Eared Bat,Mammalia,Chiroptera,Vespertilionidae,E,E,Yes,2018
Breathitt,Myotis sodalis,Indiana Bat,Mammalia,Chiroptera,Vespertilionidae,E,E,Yes,2017
Breathitt,Perimyotis subflavus,Tricolored Bat,Mammalia,Chiroptera,Vespertilionidae,PE,T,Yes,2018
Breathitt,Ichthyomyzon fossor,Northern Brook Lamprey,Petromyzontida,Petromyzontiformes,Petromyzontidae,N,T,Yes,2022
Breathitt,Lethenteron appendix,American Brook Lamprey,Petromyzontida,Petromyzontiformes,Petromyzontidae,N,T,Yes,2011
Breathitt,Plestiodon anthracinus,Coal Skink,Reptilia,Squamata,Scincidae,N,E,Yes,1955
Breckinridge,Ictiobus niger,Black Buffalo,Actinopterygii,Cypriniformes,Catostomidae,N,S,Yes,1986
Breckinridge,Amblyopsis spelaea,Northern Cavefish,Actinopterygii,Percopsiformes,Amblyopsidae,N,S,Yes,2012
Breckinridge,Dryophytes versicolor,Gray Treefrog,Amphibia,Anura,Hylidae,N,S,Yes,1998
Breckinridge,Cryptobranchus alleganiensis alleganiensis,Eastern Hellbender,Amphibia,Caudata,Cryptobranchidae,PE,S,Yes,1957
Breckinridge,Accipiter striatus,Sharp-shinned Hawk,Aves,Accipitriformes,Accipitridae,N,S,Yes,2012
Breckinridge,Circus hudsonius,Northern Harrier,Aves,Accipitriformes,Accipitridae,N,T,Yes,2013
Breckinridge,Haliaeetus leucocephalus,Bald Eagle,Aves,Accipitriformes,Accipitridae,N,S,Yes,2021
Breckinridge,Pandion haliaetus,Osprey,Aves,Accipitriformes,Pandionidae,N,S,Yes,2013
Breckinridge,Actitis macularius,Spotted Sandpiper,Aves,Charadriiformes,Scolopacidae,N,E,Yes,2013
Breckinridge,Riparia riparia,Bank Swallow,Aves,Passeriformes,Hirundinidae,N,S,Yes,1996
Breckinridge,Lanius ludovicianus,Loggerhead Shrike,Aves,Passeriformes,Laniidae,N,S,Yes,2000
Breckinridge,Centronyx henslowii,Henslow's Sparrow,Aves,Passeriformes,Passerellidae,N,S,Yes,2012
Breckinridge,Chondestes grammacus,Lark Sparrow,Aves,Passeriformes,Passerellidae,N,S,No,1996
Breckinridge,Cistothorus stellaris,Sedge Wren,Aves,Passeriformes,Troglodytidae,N,S,Yes,1996
Breckinridge,Thryomanes bewickii,Bewick's Wren,Aves,Passeriformes,Troglodytidae,N,H,Yes,1996
Breckinridge,Vireo bellii,Bell's Vireo,Aves,Passeriformes,Vireonidae,N,S,Yes,2012
Breckinridge,Ardea alba,Great Egret,Aves,Pelecaniformes,Ardeidae,N,T,Yes,2012
Breckinridge,Botaurus lentiginosus,American Bittern,Aves,Pelecaniformes,Ardeidae,N,H,Yes,2012
Breckinridge,Bubulcus ibis,Cattle Egret,Aves,Pelecaniformes,Ardeidae,N,S,No,2012
Breckinridge,Podilymbus podiceps,Pied-billed Grebe,Aves,Podicipediformes,Podicipedidae,N,E,Yes,2013
Breckinridge,Tyto furcata,American Barn Owl,Aves,Strigiformes,Tytonidae,N,S,Yes,2022
Breckinridge,Anodontoides ferussacianus,Cylindrical Papershell,Bivalvia,Unionoida,Unionidae,N,S,Yes,1980
Breckinridge,Elliptio crassidens,Elephantear,Bivalvia,Unionoida,Unionidae,N,S,Yes,1982
Breckinridge,Ligumia recta,Black Sandshell,Bivalvia,Unionoida,Unionidae,N,S,Yes,1908
Breckinridge,Simpsonaias ambigua,Salamander Mussel,Bivalvia,Unionoida,Unionidae,N,T,Yes,1993
Breckinridge,Faxonius rafinesquei,Rough River Crayfish,Malacostraca,Decapoda,Cambaridae,N,S,Yes,2002
Breckinridge,Lacunicambarus chimera,Crawzilla Crawdad,Malacostraca,Decapoda,Cambaridae,N,S,Yes,2001
Breckinridge,Orconectes inermis inermis,Ghost Crayfish,Malacostraca,Decapoda,Cambaridae,N,S,Yes,2017
Breckinridge,Corynorhinus rafinesquii,Rafinesque's Big-eared Bat,Mammalia,Chiroptera,Vespertilionidae,N,S,Yes,2023
Breckinridge,Myotis austroriparius,Southeastern Myotis,Mammalia,Chiroptera,Vespertilionidae,N,S,Yes,1998
Breckinridge,Myotis grisescens,Gray Myotis,Mammalia,Chiroptera,Vespertilionidae,E,T,Yes,2026
Breckinridge,Myotis leibii,Eastern Small-footed Myotis,Mammalia,Chiroptera,Vespertilionidae,N,T,Yes,2026
Breckinridge,Myotis lucifugus,Little Brown Bat,Mammalia,Chiroptera,Vespertilionidae,N,T,Yes,2026
Breckinridge,Myotis septentrionalis,Northern Long-Eared Bat,Mammalia,Chiroptera,Vespertilionidae,E,E,Yes,2026
Breckinridge,Myotis sodalis,Indiana Bat,Mammalia,Chiroptera,Vespertilionidae,E,E,Yes,2026
Breckinridge,Perimyotis subflavus,Tricolored Bat,Mammalia,Chiroptera,Vespertilionidae,PE,T,Yes,2026
Breckinridge,Ichthyomyzon castaneus,Chestnut Lamprey,Petromyzontida,Petromyzontiformes,Petromyzontidae,N,S,Yes,2009
Breckinridge,Aspidoscelis sexlineatus,Six-lined Racerunner,Reptilia,Squamata,Teiidae,N,S,Yes,1962
Bullitt,Ictiobus niger,Black Buffalo,Actinopterygii,Cypriniformes,Catostomidae,N,S,Yes,1986
Bullitt,Noturus stigmosus,Northern Madtom,Actinopterygii,Siluriformes,Ictaluridae,N,S,Yes,2014
Bullitt,Accipiter striatus,Sharp-shinned Hawk,Aves,Accipitriformes,Accipitridae,N,S,Yes,2012
Bullitt,Circus hudsonius,Northern Harrier,Aves,Accipitriformes,Accipitridae,N,T,Yes,2013
Bullitt,Haliaeetus leucocephalus,Bald Eagle,Aves,Accipitriformes,Accipitridae,N,S,Yes,2021
Bullitt,Pandion haliaetus,Osprey,Aves,Accipitriformes,Pandionidae,N,S,Yes,2012
Bullitt,Lophodytes cucullatus,Hooded Merganser,Aves,Anseriformes,Anatidae,N,T,Yes,2014
Bullitt,Spatula clypeata,Northern Shoveler,Aves,Anseriformes,Anatidae,N,E,No,1979
Bullitt,Actitis macularius,Spotted Sandpiper,Aves,Charadriiformes,Scolopacidae,N,E,Yes,2014
Bullitt,Falco peregrinus,Peregrine Falcon,Aves,Falconiformes,Falconidae,N,E,Yes,2012
Bullitt,Fulica americana,American Coot,Aves,Gruiformes,Rallidae,N,E,No,1983
Bullitt,Certhia americana,Brown Creeper,Aves,Passeriformes,Certhiidae,N,T,No,2010
Bullitt,Riparia riparia,Bank Swallow,Aves,Passeriformes,Hirundinidae,N,S,Yes,2011
Bullitt,Lanius ludovicianus,Loggerhead Shrike,Aves,Passeriformes,Laniidae,N,S,Yes,1986
Bullitt,Centronyx henslowii,Henslow's Sparrow,Aves,Passeriformes,Passerellidae,N,S,Yes,2014
Bullitt,Junco hyemalis,Dark-eyed Junco,Aves,Passeriformes,Passerellidae,N,S,No,2010
Bullitt,Passerculus sandwichensis,Savannah Sparrow,Aves,Passeriformes,Passerellidae,N,S,Yes,2014
Bullitt,Pooecetes gramineus,Vesper Sparrow,Aves,Passeriformes,Passerellidae,N,E,No,2005
Bullitt,Sitta canadensis,Red-breasted Nuthatch,Aves,Passeriformes,Sittidae,N,E,No,2007
Bullitt,Empidonax minimus,Least Flycatcher,Aves,Passeriformes,Tyrannidae,N,E,Yes,2010
Bullitt,Ardea alba,Great Egret,Aves,Pelecaniformes,Ardeidae,N,T,Yes,1989
Bullitt,Nyctanassa violacea,Yellow-crowned Night-heron,Aves,Pelecaniformes,Ardeidae,N,T,Yes,1996
Bullitt,Podilymbus podiceps,Pied-billed Grebe,Aves,Podicipediformes,Podicipedidae,N,E,Yes,2014
Bullitt,Asio flammeus,Short-eared Owl,Aves,Strigiformes,Strigidae,N,E,Yes,1978
Bullitt,Tyto furcata,American Barn Owl,Aves,Strigiformes,Tytonidae,N,S,Yes,1986
Bullitt,Alasmidonta viridis,Slippershell Mussel,Bivalvia,Unionoida,Unionidae,N,S,Yes,2003
Bullitt,Elliptio crassidens,Elephantear,Bivalvia,Unionoida,Unionidae,N,S,Yes,2022
Bullitt,Fusconaia subrotunda,Longsolid,Bivalvia,Unionoida,Unionidae,T,T,Yes,1980
Bullitt,Lampsilis ovata,Pocketbook,Bivalvia,Unionoida,Unionidae,N,E,Yes,1983
Bullitt,Leaunio lienosus,Little Spectaclecase,Bivalvia,Unionoida,Unionidae,N,T,Yes,1983
Bullitt,Ligumia recta,Black Sandshell,Bivalvia,Unionoida,Unionidae,N,S,Yes,2022
Bullitt,Obovaria subrotunda,Round Hickorynut,Bivalvia,Unionoida,Unionidae,T,T,Yes,1983
Bullitt,Pleurobema clava,Clubshell,Bivalvia,Unionoida,Unionidae,E,E,Yes,1993
Bullitt,Pleurobema rubrum,Pyramid Pigtoe,Bivalvia,Unionoida,Unionidae,PT,E,Yes,1983
Bullitt,Toxolasma lividum,Purple Lilliput,Bivalvia,Unionoida,Unionidae,N,E,Yes,1983
Bullitt,Faxonius jeffersoni,Louisville Crayfish,Malacostraca,Decapoda,Cambaridae,N,E,Yes,2010
Bullitt,Mustela nivalis,Least Weasel,Mammalia,Carnivora,Mustelidae,N,S,Yes,2025
Bullitt,Myotis austroriparius,Southeastern Myotis,Mammalia,Chiroptera,Vespertilionidae,N,S,Yes,2009
Bullitt,Myotis grisescens,Gray Myotis,Mammalia,Chiroptera,Vespertilionidae,E,T,Yes,2015
Bullitt,Myotis lucifugus,Little Brown Bat,Mammalia,Chiroptera,Vespertilionidae,N,T,Yes,2022
Bullitt,Myotis septentrionalis,Northern Long-Eared Bat,Mammalia,Chiroptera,Vespertilionidae,E,E,Yes,2021
Bullitt,Myotis sodalis,Indiana Bat,Mammalia,Chiroptera,Vespertilionidae,E,E,Yes,2024
Bullitt,Perimyotis subflavus,Tricolored Bat,Mammalia,Chiroptera,Vespertilionidae,PE,T,Yes,2021
Bullitt,Cemophora coccinea,Scarletsnake,Reptilia,Squamata,Colubridae,N,S,Yes,1947
Bullitt,Tantilla coronata,Southeastern Crowned Snake,Reptilia,Squamata,Colubridae,N,T,Yes,1998
Butler,Lepomis miniatus,Redspotted Sunfish,Actinopterygii,Centrarchiformes,Centrarchidae,N,T,Yes,1986
Butler,Erimyzon sucetta,Lake Chubsucker,Actinopterygii,Cypriniformes,Catostomidae,N,T,Yes,1986
Butler,Ictiobus niger,Black Buffalo,Actinopterygii,Cypriniformes,Catostomidae,N,S,Yes,2024
Butler,Hybognathus hayi,Cypress Minnow,Actinopterygii,Cypriniformes,Leuciscidae,N,E,Yes,2001
Butler,Phenacobius uranops,Stargazing Minnow,Actinopterygii,Cypriniformes,Leuciscidae,N,S,Yes,2001
Butler,Ammocrypta clara,Western Sand Darter,Actinopterygii,Perciformes,Percidae,N,E,Yes,2020
Butler,Nothonotus maculatus,Spotted Darter,Actinopterygii,Perciformes,Percidae,N,T,Yes,2019
Butler,Cryptobranchus alleganiensis alleganiensis,Eastern Hellbender,Amphibia,Caudata,Cryptobranchidae,PE,S,Yes,1972
Butler,Circus hudsonius,Northern Harrier,Aves,Accipitriformes,Accipitridae,N,T,Yes,2012
Butler,Haliaeetus leucocephalus,Bald Eagle,Aves,Accipitriformes,Accipitridae,N,S,Yes,2010
Butler,Ictinia mississippiensis,Mississippi Kite,Aves,Accipitriformes,Accipitridae,N,S,No,2007
Butler,Pheucticus ludovicianus,Rose-breasted Grosbeak,Aves,Passeriformes,Cardinalidae,N,S,No,2002
Butler,Certhia americana,Brown Creeper,Aves,Passeriformes,Certhiidae,N,T,No,2002
Butler,Dolichonyx oryzivorus,Bobolink,Aves,Passeriformes,Icteridae,N,S,Yes,2009
Butler,Lanius ludovicianus,Loggerhead Shrike,Aves,Passeriformes,Laniidae,N,S,Yes,1996
Butler,Vermivora chrysoptera,Golden-winged Warbler,Aves,Passeriformes,Parulidae,N,E,Yes,2002
Butler,Centronyx henslowii,Henslow's Sparrow,Aves,Passeriformes,Passerellidae,N,S,Yes,2015
Butler,Junco hyemalis,Dark-eyed Junco,Aves,Passeriformes,Passerellidae,N,S,No,2002
Butler,Passerculus sandwichensis,Savannah Sparrow,Aves,Passeriformes,Passerellidae,N,S,Yes,2008
Butler,Vireo bellii,Bell's Vireo,Aves,Passeriformes,Vireonidae,N,S,Yes,2013
Butler,Ardea alba,Great Egret,Aves,Pelecaniformes,Ardeidae,N,T,Yes,2005
Butler,Bubulcus ibis,Cattle Egret,Aves,Pelecaniformes,Ardeidae,N,S,No,2006
Butler,Tyto furcata,American Barn Owl,Aves,Strigiformes,Tytonidae,N,S,Yes,2005
Butler,Cumberlandia monodonta,Spectaclecase,Bivalvia,Unionoida,Margaritiferidae,E,E,Yes,2016
Butler,Cyprogenia stegaria,Fanshell,Bivalvia,Unionoida,Unionidae,E,E,Yes,2025
Butler,Elliptio crassidens,Elephantear,Bivalvia,Unionoida,Unionidae,N,S,Yes,2025
Butler,Epioblasma obliquata,Catspaw,Bivalvia,Unionoida,Unionidae,E,E,Yes,2007
Butler,Epioblasma triquetra,Snuffbox,Bivalvia,Unionoida,Unionidae,E,E,Yes,1972
Butler,Fusconaia subrotunda,Longsolid,Bivalvia,Unionoida,Unionidae,T,T,Yes,2025
Butler,Lampsilis abrupta,Pink Mucket,Bivalvia,Unionoida,Unionidae,E,E,Yes,2025
Butler,Lampsilis ovata,Pocketbook,Bivalvia,Unionoida,Unionidae,N,E,Yes,2025
Butler,Leaunio lienosus,Little Spectaclecase,Bivalvia,Unionoida,Unionidae,N,T,Yes,1987
Butler,Ligumia recta,Black Sandshell,Bivalvia,Unionoida,Unionidae,N,S,Yes,2025
Butler,Obovaria retusa,Ring Pink,Bivalvia,Unionoida,Unionidae,E,E,Yes,2013
Butler,Obovaria subrotunda,Round Hickorynut,Bivalvia,Unionoida,Unionidae,T,T,Yes,2012
Butler,Plethobasus cooperianus,Orangefoot Pimpleback,Bivalvia,Unionoida,Unionidae,E,E,Yes,2012
Butler,Plethobasus cyphyus,Sheepnose,Bivalvia,Unionoida,Unionidae,E,E,Yes,2025
Butler,Pleurobema clava,Clubshell,Bivalvia,Unionoida,Unionidae,E,E,Yes,2009
Butler,Pleurobema plenum,Rough Pigtoe,Bivalvia,Unionoida,Unionidae,E,E,Yes,2025
Butler,Pleurobema rubrum,Pyramid Pigtoe,Bivalvia,Unionoida,Unionidae,PT,E,Yes,2024
Butler,Theliderma cylindrica,Rabbitsfoot,Bivalvia,Unionoida,Unionidae,T,E,Yes,2009
Butler,Toxolasma lividum,Purple Lilliput,Bivalvia,Unionoida,Unionidae,N,E,Yes,1927
Butler,Lacunicambarus chimera,Crawzilla Crawdad,Malacostraca,Decapoda,Cambaridae,N,S,Yes,2002
Butler,Myotis grisescens,Gray Myotis,Mammalia,Chiroptera,Vespertilionidae,E,T,Yes,2005
Butler,Myotis septentrionalis,Northern Long-Eared Bat,Mammalia,Chiroptera,Vespertilionidae,E,E,Yes,2005
Butler,Perimyotis subflavus,Tricolored Bat,Mammalia,Chiroptera,Vespertilionidae,PE,T,Yes,2005
Butler,Ichthyomyzon castaneus,Chestnut Lamprey,Petromyzontida,Petromyzontiformes,Petromyzontidae,N,S,Yes,2022
Butler,Lethenteron appendix,American Brook Lamprey,Petromyzontida,Petromyzontiformes,Petromyzontidae,N,T,Yes,1981
Butler,Nerodia erythrogaster neglecta,Copperbelly Watersnake,Reptilia,Squamata,Colubridae,T,T,Yes,2017
Butler,Thamnophis saurita saurita,Eastern Ribbonsnake,Reptilia,Squamata,Colubridae,N,S,Yes,1959
Caldwell,Erimyzon sucetta,Lake Chubsucker,Actinopterygii,Cypriniformes,Catostomidae,N,T,Yes,1999
Caldwell,Lithobates areolatus circulosus,Northern Crawfish Frog,Amphibia,Anura,Ranidae,N,S,Yes,2016
Caldwell,Accipiter striatus,Sharp-shinned Hawk,Aves,Accipitriformes,Accipitridae,N,S,Yes,1999
Caldwell,Circus hudsonius,Northern Harrier,Aves,Accipitriformes,Accipitridae,N,T,Yes,2012
Caldwell,Haliaeetus leucocephalus,Bald Eagle,Aves,Accipitriformes,Accipitridae,N,S,Yes,2023
Caldwell,Lophodytes cucullatus,Hooded Merganser,Aves,Anseriformes,Anatidae,N,T,Yes,2003
Caldwell,Spatula discors,Blue-winged Teal,Aves,Anseriformes,Anatidae,N,T,No,1997
Caldwell,Actitis macularius,Spotted Sandpiper,Aves,Charadriiformes,Scolopacidae,N,E,Yes,2010
Caldwell,Lanius ludovicianus,Loggerhead Shrike,Aves,Passeriformes,Laniidae,N,S,Yes,1996
Caldwell,Centronyx henslowii,Henslow's Sparrow,Aves,Passeriformes,Passerellidae,N,S,Yes,1996
Caldwell,Thryomanes bewickii,Bewick's Wren,Aves,Passeriformes,Troglodytidae,N,H,Yes,1996
Caldwell,Bubulcus ibis,Cattle Egret,Aves,Pelecaniformes,Ardeidae,N,S,No,2010
Caldwell,Podilymbus podiceps,Pied-billed Grebe,Aves,Podicipediformes,Podicipedidae,N,E,Yes,2010
Caldwell,Tyto furcata,American Barn Owl,Aves,Strigiformes,Tytonidae,N,S,Yes,2022
Caldwell,Macrochelys temminckii,Alligator Snapping Turtle,Chelonia,Testudines,Chelydridae,PT,E,Yes,2003
Caldwell,Faxonius kentuckiensis,Kentucky Crayfish,Malacostraca,Decapoda,Cambaridae,N,T,Yes,2025
Caldwell,Lacunicambarus chimera,Crawzilla Crawdad,Malacostraca,Decapoda,Cambaridae,N,S,Yes,2001
Caldwell,Myotis grisescens,Gray Myotis,Mammalia,Chiroptera,Vespertilionidae,E,T,Yes,2007
Caldwell,Myotis lucifugus,Little Brown Bat,Mammalia,Chiroptera,Vespertilionidae,N,T,Yes,1998
Caldwell,Myotis septentrionalis,Northern Long-Eared Bat,Mammalia,Chiroptera,Vespertilionidae,E,E,Yes,2007
Caldwell,Perimyotis subflavus,Tricolored Bat,Mammalia,Chiroptera,Vespertilionidae,PE,T,Yes,2007
Caldwell,Cemophora coccinea,Scarletsnake,Reptilia,Squamata,Colubridae,N,S,Yes,1990
Caldwell,Farancia abacura reinwardtii,Western Mudsnake,Reptilia,Squamata,Colubridae,N,S,Yes,1935
Caldwell,Nerodia erythrogaster neglecta,Copperbelly Watersnake,Reptilia,Squamata,Colubridae,T,T,Yes,2013
Caldwell,Tantilla coronata,Southeastern Crowned Snake,Reptilia,Squamata,Colubridae,N,T,Yes,1972
Caldwell,Thamnophis saurita saurita,Eastern Ribbonsnake,Reptilia,Squamata,Colubridae,N,S,Yes,2001
Caldwell,Aspidoscelis sexlineatus,Six-lined Racerunner,Reptilia,Squamata,Teiidae,N,S,Yes,1994
Calloway,Menidia audens,Mississippi Silverside,Actinopterygii,Atheriniformes,Atherinopsidae,N,T,No,2017
Calloway,Lepomis marginatus,Dollar Sunfish,Actinopterygii,Centrarchiformes,Centrarchidae,N,E,Yes,2018
Calloway,Erimystax insignis,Blotched Chub,Actinopterygii,Cypriniformes,Leuciscidae,N,E,Yes,1986
Calloway,Esox niger,Chain Pickerel,Actinopterygii,Esociformes,Esocidae,N,S,Yes,2010
Calloway,Umbra limi,Central Mudminnow,Actinopterygii,Esociformes,Esocidae,N,T,Yes,2015
Calloway,Etheostoma parvipinne,Goldstripe Darter,Actinopterygii,Perciformes,Percidae,N,E,Yes,2015
Calloway,Etheostoma proeliare,Cypress Darter,Actinopterygii,Perciformes,Percidae,N,T,Yes,2015
Calloway,Noturus exilis,Slender Madtom,Actinopterygii,Siluriformes,Ictaluridae,N,E,Yes,1983
Calloway,Lithobates areolatus circulosus,Northern Crawfish Frog,Amphibia,Anura,Ranidae,N,S,Yes,2001
Calloway,Amphiuma tridactylum,Three-toed Amphiuma,Amphibia,Caudata,Amphiumidae,N,E,Yes,1963
Calloway,Cryptobranchus alleganiensis alleganiensis,Eastern Hellbender,Amphibia,Caudata,Cryptobranchidae,PE,S,Yes,1963
Calloway,Eurycea guttolineata,Three-lined Salamander,Amphibia,Caudata,Plethodontidae,N,T,Yes,2024
Calloway,Accipiter striatus,Sharp-shinned Hawk,Aves,Accipitriformes,Accipitridae,N,S,Yes,2013
Calloway,Circus hudsonius,Northern Harrier,Aves,Accipitriformes,Accipitridae,N,T,Yes,2014
Calloway,Haliaeetus leucocephalus,Bald Eagle,Aves,Accipitriformes,Accipitridae,N,S,Yes,2023
Calloway,Ictinia mississippiensis,Mississippi Kite,Aves,Accipitriformes,Accipitridae,N,S,No,2006
Calloway,Pandion haliaetus,Osprey,Aves,Accipitriformes,Pandionidae,N,S,Yes,2017
Calloway,Lophodytes cucullatus,Hooded Merganser,Aves,Anseriformes,Anatidae,N,T,Yes,2014
Calloway,Spatula clypeata,Northern Shoveler,Aves,Anseriformes,Anatidae,N,E,No,2008
Calloway,Spatula discors,Blue-winged Teal,Aves,Anseriformes,Anatidae,N,T,No,2005
Calloway,Sternula antillarum athalassos,Interior Least Tern,Aves,Charadriiformes,Laridae,N,E,Yes,2004
Calloway,Actitis macularius,Spotted Sandpiper,Aves,Charadriiformes,Scolopacidae,N,E,Yes,2014
Calloway,Bartramia longicauda,Upland Sandpiper,Aves,Charadriiformes,Scolopacidae,N,H,Yes,2007
Calloway,Falco peregrinus,Peregrine Falcon,Aves,Falconiformes,Falconidae,N,E,Yes,2007
Calloway,Fulica americana,American Coot,Aves,Gruiformes,Rallidae,N,E,No,2008
Calloway,Pheucticus ludovicianus,Rose-breasted Grosbeak,Aves,Passeriformes,Cardinalidae,N,S,No,2008
Calloway,Certhia americana,Brown Creeper,Aves,Passeriformes,Certhiidae,N,T,No,2008
Calloway,Corvus ossifragus,Fish Crow,Aves,Passeriformes,Corvidae,N,S,No,2010
Calloway,Riparia riparia,Bank Swallow,Aves,Passeriformes,Hirundinidae,N,S,Yes,2012
Calloway,Dolichonyx oryzivorus,Bobolink,Aves,Passeriformes,Icteridae,N,S,Yes,2014
Calloway,Lanius ludovicianus,Loggerhead Shrike,Aves,Passeriformes,Laniidae,N,S,Yes,2015
Calloway,Cardellina canadensis,Canada Warbler,Aves,Passeriformes,Parulidae,N,S,Yes,1999
Calloway,Vermivora chrysoptera,Golden-winged Warbler,Aves,Passeriformes,Parulidae,N,E,Yes,2007
Calloway,Centronyx henslowii,Henslow's Sparrow,Aves,Passeriformes,Passerellidae,N,S,Yes,2005
Calloway,Chondestes grammacus,Lark Sparrow,Aves,Passeriformes,Passerellidae,N,S,No,2009
Calloway,Junco hyemalis,Dark-eyed Junco,Aves,Passeriformes,Passerellidae,N,S,No,2008
Calloway,Passerculus sandwichensis,Savannah Sparrow,Aves,Passeriformes,Passerellidae,N,S,Yes,2007
Calloway,Peucaea aestivalis,Bachman's Sparrow,Aves,Passeriformes,Passerellidae,N,E,Yes,2002
Calloway,Pooecetes gramineus,Vesper Sparrow,Aves,Passeriformes,Passerellidae,N,E,No,2005
Calloway,Sitta canadensis,Red-breasted Nuthatch,Aves,Passeriformes,Sittidae,N,E,No,2008
Calloway,Thryomanes bewickii,Bewick's Wren,Aves,Passeriformes,Troglodytidae,N,H,Yes,1996
Calloway,Empidonax minimus,Least Flycatcher,Aves,Passeriformes,Tyrannidae,N,E,Yes,2014
Calloway,Vireo bellii,Bell's Vireo,Aves,Passeriformes,Vireonidae,N,S,Yes,2007
Calloway,Ardea alba,Great Egret,Aves,Pelecaniformes,Ardeidae,N,T,Yes,2014
Calloway,Bubulcus ibis,Cattle Egret,Aves,Pelecaniformes,Ardeidae,N,S,No,2016
Calloway,Egretta caerulea,Little Blue Heron,Aves,Pelecaniformes,Ardeidae,N,E,No,2008
Calloway,Egretta thula,Snowy Egret,Aves,Pelecaniformes,Ardeidae,N,E,No,2007
Calloway,Nyctanassa violacea,Yellow-crowned Night-heron,Aves,Pelecaniformes,Ardeidae,N,T,Yes,2010
Calloway,Nycticorax nycticorax,Black-crowned Night-heron,Aves,Pelecaniformes,Ardeidae,N,T,Yes,2016
Calloway,Podilymbus podiceps,Pied-billed Grebe,Aves,Podicipediformes,Podicipedidae,N,E,Yes,2014
Calloway,Tyto furcata,American Barn Owl,Aves,Strigiformes,Tytonidae,N,S,Yes,2022
Calloway,Phalacrocorax auritus,Double-crested Cormorant,Aves,Suliformes,Phalacrocoracidae,N,S,No,2007
Calloway,Elliptio crassidens,Elephantear,Bivalvia,Unionoida,Unionidae,N,S,Yes,2005
Calloway,Lampsilis ovata,Pocketbook,Bivalvia,Unionoida,Unionidae,N,E,Yes,2005
Calloway,Toxolasma lividum,Purple Lilliput,Bivalvia,Unionoida,Unionidae,N,E,Yes,2005
Calloway,Macrochelys temminckii,Alligator Snapping Turtle,Chelonia,Testudines,Chelydridae,PT,E,Yes,2004
Calloway,Faxonius burri,Blood River Crayfish,Malacostraca,Decapoda,Cambaridae,N,T,Yes,2008
Calloway,Lacunicambarus chimera,Crawzilla Crawdad,Malacostraca,Decapoda,Cambaridae,N,S,Yes,2015
Calloway,Lacunicambarus erythrodactylus,Warpaint Mudbug,Malacostraca,Decapoda,Cambaridae,N,T,No,2025
Calloway,Myotis grisescens,Gray Myotis,Mammalia,Chiroptera,Vespertilionidae,E,T,Yes,2020
Calloway,Myotis lucifugus,Little Brown Bat,Mammalia,Chiroptera,Vespertilionidae,N,T,Yes,2006
Calloway,Myotis septentrionalis,Northern Long-Eared Bat,Mammalia,Chiroptera,Vespertilionidae,E,E,Yes,2004
Calloway,Myotis sodalis,Indiana Bat,Mammalia,Chiroptera,Vespertilionidae,E,E,Yes,1991
Calloway,Perimyotis subflavus,Tricolored Bat,Mammalia,Chiroptera,Vespertilionidae,PE,T,Yes,2016
Calloway,Peromyscus gossypinus,Cotton Mouse,Mammalia,Rodentia,Cricetidae,N,T,Yes,2023
Calloway,Ichthyomyzon castaneus,Chestnut Lamprey,Petromyzontida,Petromyzontiformes,Petromyzontidae,N,S,Yes,2014
Calloway,Ichthyomyzon gagei,Southern Brook Lamprey,Petromyzontida,Petromyzontiformes,Petromyzontidae,N,E,Yes,1969
Calloway,Cemophora coccinea,Scarletsnake,Reptilia,Squamata,Colubridae,N,S,Yes,2005
Calloway,Farancia abacura reinwardtii,Western Mudsnake,Reptilia,Squamata,Colubridae,N,S,Yes,2022
Calloway,Lampropeltis elapsoides,Scarlet Kingsnake,Reptilia,Squamata,Colubridae,N,E,Yes,1960
Calloway,Pituophis melanoleucus,Eastern Pinesnake,Reptilia,Squamata,Colubridae,N,E,Yes,2024
Calloway,Tantilla coronata,Southeastern Crowned Snake,Reptilia,Squamata,Colubridae,N,T,Yes,2011
Calloway,Thamnophis saurita saurita,Eastern Ribbonsnake,Reptilia,Squamata,Colubridae,N,S,Yes,1999
Calloway,Plestiodon anthracinus,Coal Skink,Reptilia,Squamata,Scincidae,N,E,Yes,2020
Calloway,Aspidoscelis sexlineatus,Six-lined Racerunner,Reptilia,Squamata,Teiidae,N,S,Yes,2020
Calloway,Sistrurus miliarius streckeri,Western Pygmy Rattlesnake,Reptilia,Squamata,Viperidae,N,E,Yes,2025
Campbell,Acipenser fulvescens,Lake Sturgeon,Actinopterygii,Acipenseriformes,Acipenseridae,N,E,Yes,1986
Campbell,Ictiobus niger,Black Buffalo,Actinopterygii,Cypriniformes,Catostomidae,N,S,Yes,2021
Campbell,Hudsonius hudsonius,Spottail Shiner,Actinopterygii,Cypriniformes,Leuciscidae,N,S,Yes,2022
Campbell,Lithobates pipiens,Northern Leopard Frog,Amphibia,Anura,Ranidae,N,S,Yes,2015
Campbell,Cryptobranchus alleganiensis alleganiensis,Eastern Hellbender,Amphibia,Caudata,Cryptobranchidae,PE,S,Yes,2020
Campbell,Accipiter striatus,Sharp-shinned Hawk,Aves,Accipitriformes,Accipitridae,N,S,Yes,2014
Campbell,Haliaeetus leucocephalus,Bald Eagle,Aves,Accipitriformes,Accipitridae,N,S,Yes,2021
Campbell,Pandion haliaetus,Osprey,Aves,Accipitriformes,Pandionidae,N,S,Yes,2012
Campbell,Lophodytes cucullatus,Hooded Merganser,Aves,Anseriformes,Anatidae,N,T,Yes,2001
Campbell,Actitis macularius,Spotted Sandpiper,Aves,Charadriiformes,Scolopacidae,N,E,Yes,2008
Campbell,Falco peregrinus,Peregrine Falcon,Aves,Falconiformes,Falconidae,N,E,Yes,2014
Campbell,Pheucticus ludovicianus,Rose-breasted Grosbeak,Aves,Passeriformes,Cardinalidae,N,S,No,2004
Campbell,Certhia americana,Brown Creeper,Aves,Passeriformes,Certhiidae,N,T,No,2005
Campbell,Riparia riparia,Bank Swallow,Aves,Passeriformes,Hirundinidae,N,S,Yes,2012
Campbell,Lanius ludovicianus,Loggerhead Shrike,Aves,Passeriformes,Laniidae,N,S,Yes,2003
Campbell,Junco hyemalis,Dark-eyed Junco,Aves,Passeriformes,Passerellidae,N,S,No,2002
Campbell,Passerculus sandwichensis,Savannah Sparrow,Aves,Passeriformes,Passerellidae,N,S,Yes,2005
Campbell,Sitta canadensis,Red-breasted Nuthatch,Aves,Passeriformes,Sittidae,N,E,No,2005
Campbell,Ardea alba,Great Egret,Aves,Pelecaniformes,Ardeidae,N,T,Yes,2008
Campbell,Botaurus lentiginosus,American Bittern,Aves,Pelecaniformes,Ardeidae,N,H,Yes,2002
Campbell,Nycticorax nycticorax,Black-crowned Night-heron,Aves,Pelecaniformes,Ardeidae,N,T,Yes,2005
Campbell,Podilymbus podiceps,Pied-billed Grebe,Aves,Podicipediformes,Podicipedidae,N,E,Yes,2014
Campbell,Alasmidonta marginata,Elktoe,Bivalvia,Unionoida,Unionidae,N,T,Yes,2022
Campbell,Alasmidonta viridis,Slippershell Mussel,Bivalvia,Unionoida,Unionidae,N,S,Yes,1999
Campbell,Cyprogenia stegaria,Fanshell,Bivalvia,Unionoida,Unionidae,E,E,Yes,2024
Campbell,Elliptio crassidens,Elephantear,Bivalvia,Unionoida,Unionidae,N,S,Yes,2016
Campbell,Epioblasma obliquata,Catspaw,Bivalvia,Unionoida,Unionidae,E,E,Yes,2020
Campbell,Epioblasma rangiana,Northern Riffleshell,Bivalvia,Unionoida,Unionidae,E,E,Yes,2016
Campbell,Fusconaia subrotunda,Longsolid,Bivalvia,Unionoida,Unionidae,T,T,Yes,1990
Campbell,Lampsilis abrupta,Pink Mucket,Bivalvia,Unionoida,Unionidae,E,E,Yes,2022
Campbell,Lampsilis ovata,Pocketbook,Bivalvia,Unionoida,Unionidae,N,E,Yes,2016
Campbell,Ligumia recta,Black Sandshell,Bivalvia,Unionoida,Unionidae,N,S,Yes,2024
Campbell,Obovaria retusa,Ring Pink,Bivalvia,Unionoida,Unionidae,E,E,Yes,1984
Campbell,Plethobasus cyphyus,Sheepnose,Bivalvia,Unionoida,Unionidae,E,E,Yes,2014
Campbell,Pleurobema clava,Clubshell,Bivalvia,Unionoida,Unionidae,E,E,Yes,2022
Campbell,Simpsonaias ambigua,Salamander Mussel,Bivalvia,Unionoida,Unionidae,N,T,Yes,2015
Campbell,Myotis lucifugus,Little Brown Bat,Mammalia,Chiroptera,Vespertilionidae,N,T,Yes,2002
Campbell,Myotis septentrionalis,Northern Long-Eared Bat,Mammalia,Chiroptera,Vespertilionidae,E,E,Yes,2002
Carlisle,Menidia audens,Mississippi Silverside,Actinopterygii,Atheriniformes,Atherinopsidae,N,T,No,2019
Carlisle,Lepomis marginatus,Dollar Sunfish,Actinopterygii,Centrarchiformes,Centrarchidae,N,E,Yes,2019
Carlisle,Lepomis miniatus,Redspotted Sunfish,Actinopterygii,Centrarchiformes,Centrarchidae,N,T,Yes,2023
Carlisle,Erimyzon sucetta,Lake Chubsucker,Actinopterygii,Cypriniformes,Catostomidae,N,T,Yes,2020
Carlisle,Ictiobus niger,Black Buffalo,Actinopterygii,Cypriniformes,Catostomidae,N,S,Yes,2019
Carlisle,Campostoma pullum,Finescale Stoneroller,Actinopterygii,Cypriniformes,Leuciscidae,N,S,No,2024
Carlisle,Cyprinella venusta,Blacktail Shiner,Actinopterygii,Cypriniformes,Leuciscidae,N,S,Yes,2025
Carlisle,Ericymba dorsalis,Bigmouth Shiner,Actinopterygii,Cypriniformes,Leuciscidae,N,S,Yes,2024
Carlisle,Hybognathus hayi,Cypress Minnow,Actinopterygii,Cypriniformes,Leuciscidae,N,E,Yes,2019
Carlisle,Notropis maculatus,Taillight Shiner,Actinopterygii,Cypriniformes,Leuciscidae,N,T,Yes,2020
Carlisle,Esox niger,Chain Pickerel,Actinopterygii,Esociformes,Esocidae,N,S,Yes,2005
Carlisle,Umbra limi,Central Mudminnow,Actinopterygii,Esociformes,Esocidae,N,T,Yes,2020
Carlisle,Etheostoma proeliare,Cypress Darter,Actinopterygii,Perciformes,Percidae,N,T,Yes,2023
Carlisle,Lithobates areolatus circulosus,Northern Crawfish Frog,Amphibia,Anura,Ranidae,N,S,Yes,1991
Carlisle,Circus hudsonius,Northern Harrier,Aves,Accipitriformes,Accipitridae,N,T,Yes,2007
Carlisle,Haliaeetus leucocephalus,Bald Eagle,Aves,Accipitriformes,Accipitridae,N,S,Yes,2021
Carlisle,Ictinia mississippiensis,Mississippi Kite,Aves,Accipitriformes,Accipitridae,N,S,No,2007
Carlisle,Lophodytes cucullatus,Hooded Merganser,Aves,Anseriformes,Anatidae,N,T,Yes,2006
Carlisle,Spatula discors,Blue-winged Teal,Aves,Anseriformes,Anatidae,N,T,No,2000
Carlisle,Sternula antillarum athalassos,Interior Least Tern,Aves,Charadriiformes,Laridae,N,E,Yes,2018
Carlisle,Actitis macularius,Spotted Sandpiper,Aves,Charadriiformes,Scolopacidae,N,E,Yes,2013
Carlisle,Gallinula galeata,Common Gallinule,Aves,Gruiformes,Rallidae,N,T,Yes,1996
Carlisle,Rallus elegans,King Rail,Aves,Gruiformes,Rallidae,N,E,Yes,2012
Carlisle,Corvus ossifragus,Fish Crow,Aves,Passeriformes,Corvidae,N,S,No,2007
Carlisle,Riparia riparia,Bank Swallow,Aves,Passeriformes,Hirundinidae,N,S,Yes,2010
Carlisle,Lanius ludovicianus,Loggerhead Shrike,Aves,Passeriformes,Laniidae,N,S,Yes,2006
Carlisle,Setophaga fusca,Blackburnian Warbler,Aves,Passeriformes,Parulidae,N,T,No,2007
Carlisle,Vermivora chrysoptera,Golden-winged Warbler,Aves,Passeriformes,Parulidae,N,E,Yes,2007
Carlisle,Passerculus sandwichensis,Savannah Sparrow,Aves,Passeriformes,Passerellidae,N,S,Yes,2013
Carlisle,Cistothorus stellaris,Sedge Wren,Aves,Passeriformes,Troglodytidae,N,S,Yes,2007
Carlisle,Empidonax minimus,Least Flycatcher,Aves,Passeriformes,Tyrannidae,N,E,Yes,2001
Carlisle,Ardea alba,Great Egret,Aves,Pelecaniformes,Ardeidae,N,T,Yes,2013
Carlisle,Botaurus lentiginosus,American Bittern,Aves,Pelecaniformes,Ardeidae,N,H,Yes,2013
Carlisle,Egretta caerulea,Little Blue Heron,Aves,Pelecaniformes,Ardeidae,N,E,No,2002
Carlisle,Egretta thula,Snowy Egret,Aves,Pelecaniformes,Ardeidae,N,E,No,2002
Carlisle,Ixobrychus exilis,Least Bittern,Aves,Pelecaniformes,Ardeidae,N,T,Yes,2012
Carlisle,Nyctanassa violacea,Yellow-crowned Night-heron,Aves,Pelecaniformes,Ardeidae,N,T,Yes,2013
Carlisle,Tyto furcata,American Barn Owl,Aves,Strigiformes,Tytonidae,N,S,Yes,2022
Carlisle,Leaunio lienosus,Little Spectaclecase,Bivalvia,Unionoida,Unionidae,N,T,Yes,1995
Carlisle,Potamilus capax,Fat Pocketbook,Bivalvia,Unionoida,Unionidae,E,T,Yes,2001
Carlisle,Potamilus purpuratus,Bleufer,Bivalvia,Unionoida,Unionidae,N,E,Yes,1997
Carlisle,Toxolasma texasiense,Texas Lilliput,Bivalvia,Unionoida,Unionidae,N,T,Yes,2012
Carlisle,Macrochelys temminckii,Alligator Snapping Turtle,Chelonia,Testudines,Chelydridae,PT,E,Yes,1979
Carlisle,Cambarellus shufeldtii,Cajun Dwarf Crayfish,Malacostraca,Decapoda,Cambaridae,N,S,Yes,2003
Carlisle,Faxonius lancifer,Shrimp Crayfish,Malacostraca,Decapoda,Cambaridae,N,E,Yes,2005
Carlisle,Faxonius palmeri palmeri,Gray-speckled Crayfish,Malacostraca,Decapoda,Cambaridae,N,E,Yes,2005
Carlisle,Lacunicambarus chimera,Crawzilla Crawdad,Malacostraca,Decapoda,Cambaridae,N,S,Yes,2003
Carlisle,Lacunicambarus ludovicianus,Painted Devil Crayfish,Malacostraca,Decapoda,Cambaridae,N,T,No,2006
Carlisle,Corynorhinus rafinesquii,Rafinesque's Big-eared Bat,Mammalia,Chiroptera,Vespertilionidae,N,S,Yes,2009
Carlisle,Myotis austroriparius,Southeastern Myotis,Mammalia,Chiroptera,Vespertilionidae,N,S,Yes,1991
Carlisle,Myotis septentrionalis,Northern Long-Eared Bat,Mammalia,Chiroptera,Vespertilionidae,E,E,Yes,1992
Carlisle,Myotis sodalis,Indiana Bat,Mammalia,Chiroptera,Vespertilionidae,E,E,Yes,1992
Carlisle,Perimyotis subflavus,Tricolored Bat,Mammalia,Chiroptera,Vespertilionidae,PE,T,Yes,2004
Carlisle,Peromyscus gossypinus,Cotton Mouse,Mammalia,Rodentia,Cricetidae,N,T,Yes,1999
Carlisle,Ichthyomyzon castaneus,Chestnut Lamprey,Petromyzontida,Petromyzontiformes,Petromyzontidae,N,S,Yes,1986
Carlisle,Farancia abacura reinwardtii,Western Mudsnake,Reptilia,Squamata,Colubridae,N,S,Yes,2020
Carlisle,Nerodia fasciata confluens,Broad-banded Watersnake,Reptilia,Squamata,Colubridae,N,E,Yes,2024
Carlisle,Thamnophis saurita saurita,Eastern Ribbonsnake,Reptilia,Squamata,Colubridae,N,S,Yes,2006
Carlisle,Aspidoscelis sexlineatus,Six-lined Racerunner,Reptilia,Squamata,Teiidae,N,S,Yes,2003
Carroll,Ictiobus niger,Black Buffalo,Actinopterygii,Cypriniformes,Catostomidae,N,S,Yes,2021
Carroll,Lithobates pipiens,Northern Leopard Frog,Amphibia,Anura,Ranidae,N,S,Yes,2014
Carroll,Cryptobranchus alleganiensis alleganiensis,Eastern Hellbender,Amphibia,Caudata,Cryptobranchidae,PE,S,Yes,1891
Carroll,Circus hudsonius,Northern Harrier,Aves,Accipitriformes,Accipitridae,N,T,Yes,2010
Carroll,Haliaeetus leucocephalus,Bald Eagle,Aves,Accipitriformes,Accipitridae,N,S,Yes,2021
Carroll,Actitis macularius,Spotted Sandpiper,Aves,Charadriiformes,Scolopacidae,N,E,Yes,1998
Carroll,Falco peregrinus,Peregrine Falcon,Aves,Falconiformes,Falconidae,N,E,Yes,2023
Carroll,Riparia riparia,Bank Swallow,Aves,Passeriformes,Hirundinidae,N,S,Yes,1996
Carroll,Ardea alba,Great Egret,Aves,Pelecaniformes,Ardeidae,N,T,Yes,2010
Carroll,Alasmidonta viridis,Slippershell Mussel,Bivalvia,Unionoida,Unionidae,N,S,Yes,2025
Carroll,Anodontoides ferussacianus,Cylindrical Papershell,Bivalvia,Unionoida,Unionidae,N,S,Yes,1964
Carroll,Elliptio crassidens,Elephantear,Bivalvia,Unionoida,Unionidae,N,S,Yes,2019
Carroll,Epioblasma triquetra,Snuffbox,Bivalvia,Unionoida,Unionidae,E,E,Yes,2025
Carroll,Fusconaia subrotunda,Longsolid,Bivalvia,Unionoida,Unionidae,T,T,Yes,2016
Carroll,Lampsilis abrupta,Pink Mucket,Bivalvia,Unionoida,Unionidae,E,E,Yes,1980
Carroll,Lampsilis ovata,Pocketbook,Bivalvia,Unionoida,Unionidae,N,E,Yes,2024
Carroll,Ligumia recta,Black Sandshell,Bivalvia,Unionoida,Unionidae,N,S,Yes,2025
Carroll,Plethobasus cyphyus,Sheepnose,Bivalvia,Unionoida,Unionidae,E,E,Yes,2019
Carroll,Pleurobema clava,Clubshell,Bivalvia,Unionoida,Unionidae,E,E,Yes,2025
Carroll,Myotis sodalis,Indiana Bat,Mammalia,Chiroptera,Vespertilionidae,E,E,Yes,2010
Carter,Percopsis omiscomaycus,Trout-Perch,Actinopterygii,Percopsiformes,Percopsidae,N,S,Yes,2024
Carter,Lithobates pipiens,Northern Leopard Frog,Amphibia,Anura,Ranidae,N,S,Yes,1987
Carter,Cryptobranchus alleganiensis alleganiensis,Eastern Hellbender,Amphibia,Caudata,Cryptobranchidae,PE,S,Yes,2020
Carter,Accipiter striatus,Sharp-shinned Hawk,Aves,Accipitriformes,Accipitridae,N,S,Yes,2013
Carter,Haliaeetus leucocephalus,Bald Eagle,Aves,Accipitriformes,Accipitridae,N,S,Yes,2022
Carter,Pandion haliaetus,Osprey,Aves,Accipitriformes,Pandionidae,N,S,Yes,2012
Carter,Lophodytes cucullatus,Hooded Merganser,Aves,Anseriformes,Anatidae,N,T,Yes,2013
Carter,Actitis macularius,Spotted Sandpiper,Aves,Charadriiformes,Scolopacidae,N,E,Yes,2013
Carter,Pheucticus ludovicianus,Rose-breasted Grosbeak,Aves,Passeriformes,Cardinalidae,N,S,No,2016
Carter,Corvus corax,Common Raven,Aves,Passeriformes,Corvidae,N,T,Yes,2008
Carter,Vermivora chrysoptera,Golden-winged Warbler,Aves,Passeriformes,Parulidae,N,E,Yes,2007
Carter,Centronyx henslowii,Henslow's Sparrow,Aves,Passeriformes,Passerellidae,N,S,Yes,1996
Carter,Junco hyemalis,Dark-eyed Junco,Aves,Passeriformes,Passerellidae,N,S,No,2008
Carter,Passerculus sandwichensis,Savannah Sparrow,Aves,Passeriformes,Passerellidae,N,S,Yes,2013
Carter,Podilymbus podiceps,Pied-billed Grebe,Aves,Podicipediformes,Podicipedidae,N,E,Yes,2014
Carter,Cyprogenia stegaria,Fanshell,Bivalvia,Unionoida,Unionidae,E,E,Yes,1977
Carter,Epioblasma triquetra,Snuffbox,Bivalvia,Unionoida,Unionidae,E,E,Yes,2007
Carter,Lasmigona compressa,Creek Heelsplitter,Bivalvia,Unionoida,Unionidae,N,E,Yes,1988
Carter,Leaunio lienosus,Little Spectaclecase,Bivalvia,Unionoida,Unionidae,N,T,Yes,1978
Carter,Obovaria subrotunda,Round Hickorynut,Bivalvia,Unionoida,Unionidae,T,T,Yes,1988
Carter,Simpsonaias ambigua,Salamander Mussel,Bivalvia,Unionoida,Unionidae,N,T,Yes,1981
Carter,Cambarus hazardi,Brawny Crayfish,Malacostraca,Decapoda,Cambaridae,N,S,Yes,2024
Carter,Cambarus sciotensis,Teays River Crayfish,Malacostraca,Decapoda,Cambaridae,N,S,Yes,2002
Carter,Cambarus theepiensis,Coalfields Crayfish,Malacostraca,Decapoda,Cambaridae,N,S,No,1999
Carter,Faxonius sanbornii,Sanborn's Crayfish,Malacostraca,Decapoda,Cambaridae,N,S,No,2024
Carter,Corynorhinus rafinesquii,Rafinesque's Big-eared Bat,Mammalia,Chiroptera,Vespertilionidae,N,S,Yes,1987
Carter,Myotis grisescens,Gray Myotis,Mammalia,Chiroptera,Vespertilionidae,E,T,Yes,2024
Carter,Myotis leibii,Eastern Small-footed Myotis,Mammalia,Chiroptera,Vespertilionidae,N,T,Yes,2024
Carter,Myotis lucifugus,Little Brown Bat,Mammalia,Chiroptera,Vespertilionidae,N,T,Yes,2026
Carter,Myotis septentrionalis,Northern Long-Eared Bat,Mammalia,Chiroptera,Vespertilionidae,E,E,Yes,2026
Carter,Myotis sodalis,Indiana Bat,Mammalia,Chiroptera,Vespertilionidae,E,E,Yes,2026
Carter,Perimyotis subflavus,Tricolored Bat,Mammalia,Chiroptera,Vespertilionidae,PE,T,Yes,2026
Carter,Ichthyomyzon fossor,Northern Brook Lamprey,Petromyzontida,Petromyzontiformes,Petromyzontidae,N,T,Yes,1998
Carter,Lethenteron appendix,American Brook Lamprey,Petromyzontida,Petromyzontiformes,Petromyzontidae,N,T,Yes,1986
Casey,Phenacobius uranops,Stargazing Minnow,Actinopterygii,Cypriniformes,Leuciscidae,N,S,Yes,2021
Casey,Percina macrocephala,Longhead Darter,Actinopterygii,Perciformes,Percidae,N,E,Yes,1986
Casey,Percopsis omiscomaycus,Trout-Perch,Actinopterygii,Percopsiformes,Percopsidae,N,S,Yes,1986
Casey,Cryptobranchus alleganiensis alleganiensis,Eastern Hellbender,Amphibia,Caudata,Cryptobranchidae,PE,S,Yes,2023
Casey,Accipiter striatus,Sharp-shinned Hawk,Aves,Accipitriformes,Accipitridae,N,S,Yes,1961
Casey,Circus hudsonius,Northern Harrier,Aves,Accipitriformes,Accipitridae,N,T,Yes,2013
Casey,Haliaeetus leucocephalus,Bald Eagle,Aves,Accipitriformes,Accipitridae,N,S,Yes,2022
Casey,Pandion haliaetus,Osprey,Aves,Accipitriformes,Pandionidae,N,S,Yes,2011
Casey,Lanius ludovicianus,Loggerhead Shrike,Aves,Passeriformes,Laniidae,N,S,Yes,2004
Casey,Thryomanes bewickii,Bewick's Wren,Aves,Passeriformes,Troglodytidae,N,H,Yes,1996
Casey,Ardea alba,Great Egret,Aves,Pelecaniformes,Ardeidae,N,T,Yes,2013
Casey,Tyto furcata,American Barn Owl,Aves,Strigiformes,Tytonidae,N,S,Yes,2022
Casey,Epioblasma triquetra,Snuffbox,Bivalvia,Unionoida,Unionidae,E,E,Yes,1925
Casey,Leaunio lienosus,Little Spectaclecase,Bivalvia,Unionoida,Unionidae,N,T,Yes,1964
Casey,Simpsonaias ambigua,Salamander Mussel,Bivalvia,Unionoida,Unionidae,N,T,Yes,1988
Casey,Myotis lucifugus,Little Brown Bat,Mammalia,Chiroptera,Vespertilionidae,N,T,Yes,2005
Casey,Myotis septentrionalis,Northern Long-Eared Bat,Mammalia,Chiroptera,Vespertilionidae,E,E,Yes,2010
Casey,Perimyotis subflavus,Tricolored Bat,Mammalia,Chiroptera,Vespertilionidae,PE,T,Yes,2015
Christian,Lepomis miniatus,Redspotted Sunfish,Actinopterygii,Centrarchiformes,Centrarchidae,N,T,Yes,2016
Christian,Etheostoma tecumsehi,Shawnee Darter,Actinopterygii,Perciformes,Percidae,N,S,Yes,2022
Christian,Nothonotus microlepidus,Smallscale Darter,Actinopterygii,Perciformes,Percidae,N,E,Yes,2017
Christian,Typhlichthys subterraneus,Southern Cavefish,Actinopterygii,Percopsiformes,Amblyopsidae,N,S,Yes,1978
Christian,Lithobates areolatus circulosus,Northern Crawfish Frog,Amphibia,Anura,Ranidae,N,S,Yes,2013
Christian,Cryptobranchus alleganiensis alleganiensis,Eastern Hellbender,Amphibia,Caudata,Cryptobranchidae,PE,S,Yes,1981
Christian,Accipiter striatus,Sharp-shinned Hawk,Aves,Accipitriformes,Accipitridae,N,S,Yes,2011
Christian,Circus hudsonius,Northern Harrier,Aves,Accipitriformes,Accipitridae,N,T,Yes,2013
Christian,Haliaeetus leucocephalus,Bald Eagle,Aves,Accipitriformes,Accipitridae,N,S,Yes,2019
Christian,Pandion haliaetus,Osprey,Aves,Accipitriformes,Pandionidae,N,S,Yes,2014
Christian,Lophodytes cucullatus,Hooded Merganser,Aves,Anseriformes,Anatidae,N,T,Yes,2013
Christian,Spatula clypeata,Northern Shoveler,Aves,Anseriformes,Anatidae,N,E,No,2008
Christian,Spatula discors,Blue-winged Teal,Aves,Anseriformes,Anatidae,N,T,No,2008
Christian,Actitis macularius,Spotted Sandpiper,Aves,Charadriiformes,Scolopacidae,N,E,Yes,2013
Christian,Bartramia longicauda,Upland Sandpiper,Aves,Charadriiformes,Scolopacidae,N,H,Yes,2011
Christian,Falco peregrinus,Peregrine Falcon,Aves,Falconiformes,Falconidae,N,E,Yes,2013
Christian,Fulica americana,American Coot,Aves,Gruiformes,Rallidae,N,E,No,2008
Christian,Gallinula galeata,Common Gallinule,Aves,Gruiformes,Rallidae,N,T,Yes,2011
Christian,Certhia americana,Brown Creeper,Aves,Passeriformes,Certhiidae,N,T,No,2007
Christian,Riparia riparia,Bank Swallow,Aves,Passeriformes,Hirundinidae,N,S,Yes,2012
Christian,Dolichonyx oryzivorus,Bobolink,Aves,Passeriformes,Icteridae,N,S,Yes,2015
Christian,Lanius ludovicianus,Loggerhead Shrike,Aves,Passeriformes,Laniidae,N,S,Yes,2016
Christian,Centronyx henslowii,Henslow's Sparrow,Aves,Passeriformes,Passerellidae,N,S,Yes,2013
Christian,Chondestes grammacus,Lark Sparrow,Aves,Passeriformes,Passerellidae,N,S,No,2008
Christian,Junco hyemalis,Dark-eyed Junco,Aves,Passeriformes,Passerellidae,N,S,No,2007
Christian,Passerculus sandwichensis,Savannah Sparrow,Aves,Passeriformes,Passerellidae,N,S,Yes,2013
Christian,Pooecetes gramineus,Vesper Sparrow,Aves,Passeriformes,Passerellidae,N,E,No,1993
Christian,Sitta canadensis,Red-breasted Nuthatch,Aves,Passeriformes,Sittidae,N,E,No,2000
Christian,Cistothorus stellaris,Sedge Wren,Aves,Passeriformes,Troglodytidae,N,S,Yes,2003
Christian,Thryomanes bewickii,Bewick's Wren,Aves,Passeriformes,Troglodytidae,N,H,Yes,1996
Christian,Vireo bellii,Bell's Vireo,Aves,Passeriformes,Vireonidae,N,S,Yes,2010
Christian,Ardea alba,Great Egret,Aves,Pelecaniformes,Ardeidae,N,T,Yes,2013
Christian,Bubulcus ibis,Cattle Egret,Aves,Pelecaniformes,Ardeidae,N,S,No,2002
Christian,Podilymbus podiceps,Pied-billed Grebe,Aves,Podicipediformes,Podicipedidae,N,E,Yes,2013
Christian,Asio flammeus,Short-eared Owl,Aves,Strigiformes,Strigidae,N,E,Yes,2003
Christian,Tyto furcata,American Barn Owl,Aves,Strigiformes,Tytonidae,N,S,Yes,2022
Christian,Alasmidonta viridis,Slippershell Mussel,Bivalvia,Unionoida,Unionidae,N,S,Yes,1971
Christian,Anodontoides ferussacianus,Cylindrical Papershell,Bivalvia,Unionoida,Unionidae,N,S,Yes,1993
Christian,Cambarunio taeniatus,Painted Creekshell,Bivalvia,Unionoida,Unionidae,N,S,Yes,2019
Christian,Elliptio crassidens,Elephantear,Bivalvia,Unionoida,Unionidae,N,S,Yes,1981
Christian,Lampsilis ovata,Pocketbook,Bivalvia,Unionoida,Unionidae,N,E,Yes,1981
Christian,Leaunio pataecus,Dwarf Rainbow,Bivalvia,Unionoida,Unionidae,N,E,Yes,2022
Christian,Leaunio vanuxemensis,Mountain Creekshell,Bivalvia,Unionoida,Unionidae,N,E,Yes,2022
Christian,Medionidus conradicus,Cumberland Moccasinshell,Bivalvia,Unionoida,Unionidae,N,E,Yes,1971
Christian,Toxolasma lividum,Purple Lilliput,Bivalvia,Unionoida,Unionidae,N,E,Yes,2022
Christian,Cambarus friaufi,Hairy Crayfish,Malacostraca,Decapoda,Cambaridae,N,S,Yes,2001
Christian,Faxonius kentuckiensis,Kentucky Crayfish,Malacostraca,Decapoda,Cambaridae,N,T,Yes,2005
Christian,Lacunicambarus chimera,Crawzilla Crawdad,Malacostraca,Decapoda,Cambaridae,N,S,Yes,2025
Christian,Myotis austroriparius,Southeastern Myotis,Mammalia,Chiroptera,Vespertilionidae,N,S,Yes,2021
Christian,Myotis grisescens,Gray Myotis,Mammalia,Chiroptera,Vespertilionidae,E,T,Yes,2024
Christian,Myotis lucifugus,Little Brown Bat,Mammalia,Chiroptera,Vespertilionidae,N,T,Yes,2015
Christian,Myotis septentrionalis,Northern Long-Eared Bat,Mammalia,Chiroptera,Vespertilionidae,E,E,Yes,2014
Christian,Myotis sodalis,Indiana Bat,Mammalia,Chiroptera,Vespertilionidae,E,E,Yes,2013
Christian,Perimyotis subflavus,Tricolored Bat,Mammalia,Chiroptera,Vespertilionidae,PE,T,Yes,2021
Christian,Cemophora coccinea,Scarletsnake,Reptilia,Squamata,Colubridae,N,S,Yes,2021
Christian,Nerodia erythrogaster neglecta,Copperbelly Watersnake,Reptilia,Squamata,Colubridae,T,T,Yes,2014
Christian,Tantilla coronata,Southeastern Crowned Snake,Reptilia,Squamata,Colubridae,N,T,Yes,1970
Christian,Thamnophis saurita saurita,Eastern Ribbonsnake,Reptilia,Squamata,Colubridae,N,S,Yes,2012
Christian,Aspidoscelis sexlineatus,Six-lined Racerunner,Reptilia,Squamata,Teiidae,N,S,Yes,1970
Clark,Accipiter striatus,Sharp-shinned Hawk,Aves,Accipitriformes,Accipitridae,N,S,Yes,2000
Clark,Haliaeetus leucocephalus,Bald Eagle,Aves,Accipitriformes,Accipitridae,N,S,Yes,2016
Clark,Lophodytes cucullatus,Hooded Merganser,Aves,Anseriformes,Anatidae,N,T,Yes,1999
Clark,Actitis macularius,Spotted Sandpiper,Aves,Charadriiformes,Scolopacidae,N,E,Yes,2011
Clark,Gallinula galeata,Common Gallinule,Aves,Gruiformes,Rallidae,N,T,Yes,2004
Clark,Riparia riparia,Bank Swallow,Aves,Passeriformes,Hirundinidae,N,S,Yes,2012
Clark,Dolichonyx oryzivorus,Bobolink,Aves,Passeriformes,Icteridae,N,S,Yes,2007
Clark,Lanius ludovicianus,Loggerhead Shrike,Aves,Passeriformes,Laniidae,N,S,Yes,1996
Clark,Vermivora chrysoptera,Golden-winged Warbler,Aves,Passeriformes,Parulidae,N,E,Yes,2007
Clark,Nycticorax nycticorax,Black-crowned Night-heron,Aves,Pelecaniformes,Ardeidae,N,T,Yes,2007
Clark,Podilymbus podiceps,Pied-billed Grebe,Aves,Podicipediformes,Podicipedidae,N,E,Yes,2012
Clark,Tyto furcata,American Barn Owl,Aves,Strigiformes,Tytonidae,N,S,Yes,2022
Clark,Alasmidonta viridis,Slippershell Mussel,Bivalvia,Unionoida,Unionidae,N,S,Yes,1993
Clark,Anodontoides ferussacianus,Cylindrical Papershell,Bivalvia,Unionoida,Unionidae,N,S,Yes,1991
Clark,Leaunio lienosus,Little Spectaclecase,Bivalvia,Unionoida,Unionidae,N,T,Yes,1983
Clark,Cambarus hazardi,Brawny Crayfish,Malacostraca,Decapoda,Cambaridae,N,S,Yes,2005
Clark,Mustela nivalis,Least Weasel,Mammalia,Carnivora,Mustelidae,N,S,Yes,1999
Clark,Myotis grisescens,Gray Myotis,Mammalia,Chiroptera,Vespertilionidae,E,T,Yes,2006
Clark,Myotis lucifugus,Little Brown Bat,Mammalia,Chiroptera,Vespertilionidae,N,T,Yes,2014
Clark,Myotis septentrionalis,Northern Long-Eared Bat,Mammalia,Chiroptera,Vespertilionidae,E,E,Yes,2012
Clark,Perimyotis subflavus,Tricolored Bat,Mammalia,Chiroptera,Vespertilionidae,PE,T,Yes,2012
Clark,Cemophora coccinea,Scarletsnake,Reptilia,Squamata,Colubridae,N,S,Yes,2006
Clay,Etheostoma spilotum,Kentucky Arrow Darter,Actinopterygii,Perciformes,Percidae,T,T,Yes,2025
Clay,Percina macrocephala,Longhead Darter,Actinopterygii,Perciformes,Percidae,N,E,Yes,1978
Clay,Cryptobranchus alleganiensis alleganiensis,Eastern Hellbender,Amphibia,Caudata,Cryptobranchidae,PE,S,Yes,2020
Clay,Accipiter striatus,Sharp-shinned Hawk,Aves,Accipitriformes,Accipitridae,N,S,Yes,2017
Clay,Haliaeetus leucocephalus,Bald Eagle,Aves,Accipitriformes,Accipitridae,N,S,Yes,2017
Clay,Cardellina canadensis,Canada Warbler,Aves,Passeriformes,Parulidae,N,S,Yes,2013
Clay,Ardea alba,Great Egret,Aves,Pelecaniformes,Ardeidae,N,T,Yes,2008
Clay,Podilymbus podiceps,Pied-billed Grebe,Aves,Podicipediformes,Podicipedidae,N,E,Yes,2008
Clay,Alasmidonta viridis,Slippershell Mussel,Bivalvia,Unionoida,Unionidae,N,S,Yes,1992
Clay,Anodontoides denigratus,Cumberland Papershell,Bivalvia,Unionoida,Unionidae,N,E,Yes,1998
Clay,Epioblasma triquetra,Snuffbox,Bivalvia,Unionoida,Unionidae,E,E,Yes,2022
Clay,Fusconaia subrotunda,Longsolid,Bivalvia,Unionoida,Unionidae,T,T,Yes,2009
Clay,Lampsilis ovata,Pocketbook,Bivalvia,Unionoida,Unionidae,N,E,Yes,1966
Clay,Leaunio lienosus,Little Spectaclecase,Bivalvia,Unionoida,Unionidae,N,T,Yes,2009
Clay,Obovaria subrotunda,Round Hickorynut,Bivalvia,Unionoida,Unionidae,T,T,Yes,2019
Clay,Theliderma cylindrica,Rabbitsfoot,Bivalvia,Unionoida,Unionidae,T,E,Yes,2009
Clay,Cambarus guenteri,Redbird Crayfish,Malacostraca,Decapoda,Cambaridae,N,S,Yes,2014
Clay,Cambarus hazardi,Brawny Crayfish,Malacostraca,Decapoda,Cambaridae,N,S,Yes,1997
Clay,Cambarus jezerinaci,Spiny Scale Crayfish,Malacostraca,Decapoda,Cambaridae,N,S,Yes,2024
Clay,Cambarus parvoculus,Mountain Midget Crayfish,Malacostraca,Decapoda,Cambaridae,N,S,Yes,2000
Clay,Spilogale putorius,Eastern Spotted Skunk,Mammalia,Carnivora,Mephitidae,N,S,Yes,2016
Clay,Corynorhinus rafinesquii,Rafinesque's Big-eared Bat,Mammalia,Chiroptera,Vespertilionidae,N,S,Yes,1992
Clay,Myotis leibii,Eastern Small-footed Myotis,Mammalia,Chiroptera,Vespertilionidae,N,T,Yes,2007
Clay,Myotis lucifugus,Little Brown Bat,Mammalia,Chiroptera,Vespertilionidae,N,T,Yes,2012
Clay,Myotis septentrionalis,Northern Long-Eared Bat,Mammalia,Chiroptera,Vespertilionidae,E,E,Yes,2013
Clay,Myotis sodalis,Indiana Bat,Mammalia,Chiroptera,Vespertilionidae,E,E,Yes,2007
Clay,Perimyotis subflavus,Tricolored Bat,Mammalia,Chiroptera,Vespertilionidae,PE,T,Yes,2013
Clay,Ichthyomyzon fossor,Northern Brook Lamprey,Petromyzontida,Petromyzontiformes,Petromyzontidae,N,T,Yes,2023
Clay,Lethenteron appendix,American Brook Lamprey,Petromyzontida,Petromyzontiformes,Petromyzontidae,N,T,Yes,2018
Clay,Plestiodon anthracinus,Coal Skink,Reptilia,Squamata,Scincidae,N,E,Yes,1992
Clinton,Acipenser fulvescens,Lake Sturgeon,Actinopterygii,Acipenseriformes,Acipenseridae,N,E,Yes,2010
Clinton,Accipiter striatus,Sharp-shinned Hawk,Aves,Accipitriformes,Accipitridae,N,S,Yes,1996
Clinton,Circus hudsonius,Northern Harrier,Aves,Accipitriformes,Accipitridae,N,T,Yes,2013
Clinton,Haliaeetus leucocephalus,Bald Eagle,Aves,Accipitriformes,Accipitridae,N,S,Yes,2025
Clinton,Pandion haliaetus,Osprey,Aves,Accipitriformes,Pandionidae,N,S,Yes,2012
Clinton,Dolichonyx oryzivorus,Bobolink,Aves,Passeriformes,Icteridae,N,S,Yes,2008
Clinton,Lanius ludovicianus,Loggerhead Shrike,Aves,Passeriformes,Laniidae,N,S,Yes,1996
Clinton,Podilymbus podiceps,Pied-billed Grebe,Aves,Podicipediformes,Podicipedidae,N,E,Yes,2012
Clinton,Tyto furcata,American Barn Owl,Aves,Strigiformes,Tytonidae,N,S,Yes,2022
Clinton,Dromus dromas,Dromedary Pearlymussel,Bivalvia,Unionoida,Unionidae,E,E,Yes,1911
Clinton,Elliptio crassidens,Elephantear,Bivalvia,Unionoida,Unionidae,N,S,Yes,1925
Clinton,Epioblasma capsaeformis,Oyster Mussel,Bivalvia,Unionoida,Unionidae,E,E,Yes,1911
Clinton,Lampsilis ovata,Pocketbook,Bivalvia,Unionoida,Unionidae,N,E,Yes,1911
Clinton,Ligumia recta,Black Sandshell,Bivalvia,Unionoida,Unionidae,N,S,Yes,1930
Clinton,Obovaria retusa,Ring Pink,Bivalvia,Unionoida,Unionidae,E,E,Yes,2007
Clinton,Obovaria subrotunda,Round Hickorynut,Bivalvia,Unionoida,Unionidae,T,T,Yes,1930
Clinton,Pleurobema plenum,Rough Pigtoe,Bivalvia,Unionoida,Unionidae,E,E,Yes,1911
Clinton,Pleurobema rubrum,Pyramid Pigtoe,Bivalvia,Unionoida,Unionidae,PT,E,Yes,1911
Clinton,Ptychobranchus subtentus,Fluted Kidneyshell,Bivalvia,Unionoida,Unionidae,E,E,Yes,1911
Clinton,Cambarus Deweesae,Valley Flame Crayfish,Malacostraca,Decapoda,Cambaridae,N,S,Yes,2024
Clinton,Corynorhinus rafinesquii,Rafinesque's Big-eared Bat,Mammalia,Chiroptera,Vespertilionidae,N,S,Yes,2025
Clinton,Myotis grisescens,Gray Myotis,Mammalia,Chiroptera,Vespertilionidae,E,T,Yes,2023
Clinton,Myotis leibii,Eastern Small-footed Myotis,Mammalia,Chiroptera,Vespertilionidae,N,T,Yes,2005
Clinton,Myotis lucifugus,Little Brown Bat,Mammalia,Chiroptera,Vespertilionidae,N,T,Yes,2010
Clinton,Myotis septentrionalis,Northern Long-Eared Bat,Mammalia,Chiroptera,Vespertilionidae,E,E,Yes,2010
Clinton,Myotis sodalis,Indiana Bat,Mammalia,Chiroptera,Vespertilionidae,E,E,Yes,2023
Clinton,Perimyotis subflavus,Tricolored Bat,Mammalia,Chiroptera,Vespertilionidae,PE,T,Yes,2025
Crittenden,Acipenser fulvescens,Lake Sturgeon,Actinopterygii,Acipenseriformes,Acipenseridae,N,E,Yes,1986
Crittenden,Menidia audens,Mississippi Silverside,Actinopterygii,Atheriniformes,Atherinopsidae,N,T,No,2012
Crittenden,Ictiobus niger,Black Buffalo,Actinopterygii,Cypriniformes,Catostomidae,N,S,Yes,2021
Crittenden,Lithobates areolatus circulosus,Northern Crawfish Frog,Amphibia,Anura,Ranidae,N,S,Yes,2016
Crittenden,Cryptobranchus alleganiensis alleganiensis,Eastern Hellbender,Amphibia,Caudata,Cryptobranchidae,PE,S,Yes,1961
Crittenden,Accipiter striatus,Sharp-shinned Hawk,Aves,Accipitriformes,Accipitridae,N,S,Yes,1945
Crittenden,Circus hudsonius,Northern Harrier,Aves,Accipitriformes,Accipitridae,N,T,Yes,2000
Crittenden,Haliaeetus leucocephalus,Bald Eagle,Aves,Accipitriformes,Accipitridae,N,S,Yes,2023
Crittenden,Ictinia mississippiensis,Mississippi Kite,Aves,Accipitriformes,Accipitridae,N,S,No,2014
Crittenden,Actitis macularius,Spotted Sandpiper,Aves,Charadriiformes,Scolopacidae,N,E,Yes,2014
Crittenden,Falco peregrinus,Peregrine Falcon,Aves,Falconiformes,Falconidae,N,E,Yes,2009
Crittenden,Fulica americana,American Coot,Aves,Gruiformes,Rallidae,N,E,No,1945
Crittenden,Riparia riparia,Bank Swallow,Aves,Passeriformes,Hirundinidae,N,S,Yes,2009
Crittenden,Dolichonyx oryzivorus,Bobolink,Aves,Passeriformes,Icteridae,N,S,Yes,2014
Crittenden,Lanius ludovicianus,Loggerhead Shrike,Aves,Passeriformes,Laniidae,N,S,Yes,1996
Crittenden,Vermivora chrysoptera,Golden-winged Warbler,Aves,Passeriformes,Parulidae,N,E,Yes,2009
Crittenden,Centronyx henslowii,Henslow's Sparrow,Aves,Passeriformes,Passerellidae,N,S,Yes,2020
Crittenden,Junco hyemalis,Dark-eyed Junco,Aves,Passeriformes,Passerellidae,N,S,No,1945
Crittenden,Passerculus sandwichensis,Savannah Sparrow,Aves,Passeriformes,Passerellidae,N,S,Yes,2014
Crittenden,Vireo bellii,Bell's Vireo,Aves,Passeriformes,Vireonidae,N,S,Yes,1996
Crittenden,Nycticorax nycticorax,Black-crowned Night-heron,Aves,Pelecaniformes,Ardeidae,N,T,Yes,1933
Crittenden,Podilymbus podiceps,Pied-billed Grebe,Aves,Podicipediformes,Podicipedidae,N,E,Yes,2009
Crittenden,Asio otus,Long-eared Owl,Aves,Strigiformes,Strigidae,N,E,Yes,1960
Crittenden,Tyto furcata,American Barn Owl,Aves,Strigiformes,Tytonidae,N,S,Yes,2022
Crittenden,Elliptio crassidens,Elephantear,Bivalvia,Unionoida,Unionidae,N,S,Yes,2008
Crittenden,Lampsilis ovata,Pocketbook,Bivalvia,Unionoida,Unionidae,N,E,Yes,1927
Crittenden,Potamilus capax,Fat Pocketbook,Bivalvia,Unionoida,Unionidae,E,T,Yes,2010
Crittenden,Theliderma cylindrica,Rabbitsfoot,Bivalvia,Unionoida,Unionidae,T,E,Yes,2010
Crittenden,Toxolasma texasiense,Texas Lilliput,Bivalvia,Unionoida,Unionidae,N,T,Yes,1975
Crittenden,Faxonius bisectus,Crittenden Crayfish,Malacostraca,Decapoda,Cambaridae,N,T,Yes,2024
Crittenden,Faxonius kentuckiensis,Kentucky Crayfish,Malacostraca,Decapoda,Cambaridae,N,T,Yes,2024
Crittenden,Faxonius margorectus,Livingston Crayfish,Malacostraca,Decapoda,Cambaridae,N,S,Yes,2001
Crittenden,Lacunicambarus chimera,Crawzilla Crawdad,Malacostraca,Decapoda,Cambaridae,N,S,Yes,2024
Crittenden,Myotis grisescens,Gray Myotis,Mammalia,Chiroptera,Vespertilionidae,E,T,Yes,2007
Crittenden,Myotis lucifugus,Little Brown Bat,Mammalia,Chiroptera,Vespertilionidae,N,T,Yes,2023
Crittenden,Myotis septentrionalis,Northern Long-Eared Bat,Mammalia,Chiroptera,Vespertilionidae,E,E,Yes,1957
Crittenden,Perimyotis subflavus,Tricolored Bat,Mammalia,Chiroptera,Vespertilionidae,PE,T,Yes,2007
Crittenden,Nerodia erythrogaster neglecta,Copperbelly Watersnake,Reptilia,Squamata,Colubridae,T,T,Yes,2014
Cumberland,Acipenser fulvescens,Lake Sturgeon,Actinopterygii,Acipenseriformes,Acipenseridae,N,E,Yes,2017
Cumberland,Erimystax insignis,Blotched Chub,Actinopterygii,Cypriniformes,Leuciscidae,N,E,Yes,1986
Cumberland,Miniellus albizonatus,Palezone Shiner,Actinopterygii,Cypriniformes,Leuciscidae,E,E,Yes,1986
Cumberland,Paranotropis sp. cf. spectrunculus,Sawfin Shiner,Actinopterygii,Cypriniformes,Leuciscidae,N,E,Yes,1956
Cumberland,Cryptobranchus alleganiensis alleganiensis,Eastern Hellbender,Amphibia,Caudata,Cryptobranchidae,PE,S,Yes,2020
Cumberland,Accipiter striatus,Sharp-shinned Hawk,Aves,Accipitriformes,Accipitridae,N,S,Yes,2008
Cumberland,Circus hudsonius,Northern Harrier,Aves,Accipitriformes,Accipitridae,N,T,Yes,1999
Cumberland,Haliaeetus leucocephalus,Bald Eagle,Aves,Accipitriformes,Accipitridae,N,S,Yes,2022
Cumberland,Pandion haliaetus,Osprey,Aves,Accipitriformes,Pandionidae,N,S,Yes,2009
Cumberland,Lophodytes cucullatus,Hooded Merganser,Aves,Anseriformes,Anatidae,N,T,Yes,2008
Cumberland,Fulica americana,American Coot,Aves,Gruiformes,Rallidae,N,E,No,2006
Cumberland,Certhia americana,Brown Creeper,Aves,Passeriformes,Certhiidae,N,T,No,1963
Cumberland,Lanius ludovicianus,Loggerhead Shrike,Aves,Passeriformes,Laniidae,N,S,Yes,1996
Cumberland,Junco hyemalis,Dark-eyed Junco,Aves,Passeriformes,Passerellidae,N,S,No,2011
Cumberland,Podilymbus podiceps,Pied-billed Grebe,Aves,Podicipediformes,Podicipedidae,N,E,Yes,2012
Cumberland,Tyto furcata,American Barn Owl,Aves,Strigiformes,Tytonidae,N,S,Yes,2019
Cumberland,Cumberlandia monodonta,Spectaclecase,Bivalvia,Unionoida,Margaritiferidae,E,E,Yes,1982
Cumberland,Alasmidonta marginata,Elktoe,Bivalvia,Unionoida,Unionidae,N,T,Yes,1947
Cumberland,Cyprogenia stegaria,Fanshell,Bivalvia,Unionoida,Unionidae,E,E,Yes,1982
Cumberland,Dromus dromas,Dromedary Pearlymussel,Bivalvia,Unionoida,Unionidae,E,E,Yes,1982
Cumberland,Elliptio crassidens,Elephantear,Bivalvia,Unionoida,Unionidae,N,S,Yes,1982
Cumberland,Epioblasma brevidens,Cumberlandian Combshell,Bivalvia,Unionoida,Unionidae,E,E,Yes,1947
Cumberland,Epioblasma capsaeformis,Oyster Mussel,Bivalvia,Unionoida,Unionidae,E,E,Yes,1947
Cumberland,Epioblasma obliquata,Catspaw,Bivalvia,Unionoida,Unionidae,E,E,Yes,1962
Cumberland,Epioblasma triquetra,Snuffbox,Bivalvia,Unionoida,Unionidae,E,E,Yes,1948
Cumberland,Fusconaia subrotunda,Longsolid,Bivalvia,Unionoida,Unionidae,T,T,Yes,1947
Cumberland,Lampsilis abrupta,Pink Mucket,Bivalvia,Unionoida,Unionidae,E,E,Yes,1982
Cumberland,Lampsilis ovata,Pocketbook,Bivalvia,Unionoida,Unionidae,N,E,Yes,1948
Cumberland,Ligumia recta,Black Sandshell,Bivalvia,Unionoida,Unionidae,N,S,Yes,1947
Cumberland,Obovaria retusa,Ring Pink,Bivalvia,Unionoida,Unionidae,E,E,Yes,1947
Cumberland,Obovaria subrotunda,Round Hickorynut,Bivalvia,Unionoida,Unionidae,T,T,Yes,1947
Cumberland,Plethobasus cooperianus,Orangefoot Pimpleback,Bivalvia,Unionoida,Unionidae,E,E,Yes,1947
Cumberland,Plethobasus cyphyus,Sheepnose,Bivalvia,Unionoida,Unionidae,E,E,Yes,1947
Cumberland,Pleurobema plenum,Rough Pigtoe,Bivalvia,Unionoida,Unionidae,E,E,Yes,1947
Cumberland,Pleurobema rubrum,Pyramid Pigtoe,Bivalvia,Unionoida,Unionidae,PT,E,Yes,1947
Cumberland,Theliderma cylindrica,Rabbitsfoot,Bivalvia,Unionoida,Unionidae,T,E,Yes,1962
Cumberland,Venustaconcha troostensis,Cumberland Bean,Bivalvia,Unionoida,Unionidae,E,E,Yes,1947
Cumberland,Cambarus Deweesae,Valley Flame Crayfish,Malacostraca,Decapoda,Cambaridae,N,S,Yes,2024
Cumberland,Faxonius durelli,Saddle Crayfish,Malacostraca,Decapoda,Cambaridae,N,S,No,2005
Cumberland,Myotis grisescens,Gray Myotis,Mammalia,Chiroptera,Vespertilionidae,E,T,Yes,2011
Cumberland,Myotis leibii,Eastern Small-footed Myotis,Mammalia,Chiroptera,Vespertilionidae,N,T,Yes,2007
Cumberland,Myotis septentrionalis,Northern Long-Eared Bat,Mammalia,Chiroptera,Vespertilionidae,E,E,Yes,2011
Cumberland,Perimyotis subflavus,Tricolored Bat,Mammalia,Chiroptera,Vespertilionidae,PE,T,Yes,2007
Cumberland,Lethenteron appendix,American Brook Lamprey,Petromyzontida,Petromyzontiformes,Petromyzontidae,N,T,Yes,2015
Daviess,Ictiobus niger,Black Buffalo,Actinopterygii,Cypriniformes,Catostomidae,N,S,Yes,2025
Daviess,Hybognathus hayi,Cypress Minnow,Actinopterygii,Cypriniformes,Leuciscidae,N,E,Yes,1986
Daviess,Lithobates areolatus circulosus,Northern Crawfish Frog,Amphibia,Anura,Ranidae,N,S,Yes,1967
Daviess,Accipiter striatus,Sharp-shinned Hawk,Aves,Accipitriformes,Accipitridae,N,S,Yes,2013
Daviess,Circus hudsonius,Northern Harrier,Aves,Accipitriformes,Accipitridae,N,T,Yes,2008
Daviess,Haliaeetus leucocephalus,Bald Eagle,Aves,Accipitriformes,Accipitridae,N,S,Yes,2023
Daviess,Pandion haliaetus,Osprey,Aves,Accipitriformes,Pandionidae,N,S,Yes,2007
Daviess,Sternula antillarum athalassos,Interior Least Tern,Aves,Charadriiformes,Laridae,N,E,Yes,2011
Daviess,Falco peregrinus,Peregrine Falcon,Aves,Falconiformes,Falconidae,N,E,Yes,2019
Daviess,Pheucticus ludovicianus,Rose-breasted Grosbeak,Aves,Passeriformes,Cardinalidae,N,S,No,1996
Daviess,Corvus ossifragus,Fish Crow,Aves,Passeriformes,Corvidae,N,S,No,1996
Daviess,Riparia riparia,Bank Swallow,Aves,Passeriformes,Hirundinidae,N,S,Yes,1996
Daviess,Lanius ludovicianus,Loggerhead Shrike,Aves,Passeriformes,Laniidae,N,S,Yes,1996
Daviess,Vermivora chrysoptera,Golden-winged Warbler,Aves,Passeriformes,Parulidae,N,E,Yes,2006
Daviess,Passerculus sandwichensis,Savannah Sparrow,Aves,Passeriformes,Passerellidae,N,S,Yes,2008
Daviess,Sitta canadensis,Red-breasted Nuthatch,Aves,Passeriformes,Sittidae,N,E,No,2007
Daviess,Ardea alba,Great Egret,Aves,Pelecaniformes,Ardeidae,N,T,Yes,2000
Daviess,Botaurus lentiginosus,American Bittern,Aves,Pelecaniformes,Ardeidae,N,H,Yes,2001
Daviess,Asio otus,Long-eared Owl,Aves,Strigiformes,Strigidae,N,E,Yes,1955
Daviess,Tyto furcata,American Barn Owl,Aves,Strigiformes,Tytonidae,N,S,Yes,2022
Daviess,Elliptio crassidens,Elephantear,Bivalvia,Unionoida,Unionidae,N,S,Yes,2025
Daviess,Fusconaia subrotunda,Longsolid,Bivalvia,Unionoida,Unionidae,T,T,Yes,2008
Daviess,Lampsilis ovata,Pocketbook,Bivalvia,Unionoida,Unionidae,N,E,Yes,2025
Daviess,Ligumia recta,Black Sandshell,Bivalvia,Unionoida,Unionidae,N,S,Yes,2025
Daviess,Plethobasus cyphyus,Sheepnose,Bivalvia,Unionoida,Unionidae,E,E,Yes,2025
Daviess,Pleurobema clava,Clubshell,Bivalvia,Unionoida,Unionidae,E,E,Yes,2024
Daviess,Pleurobema rubrum,Pyramid Pigtoe,Bivalvia,Unionoida,Unionidae,PT,E,Yes,2015
Daviess,Potamilus capax,Fat Pocketbook,Bivalvia,Unionoida,Unionidae,E,T,Yes,2024
Daviess,Theliderma cylindrica,Rabbitsfoot,Bivalvia,Unionoida,Unionidae,T,E,Yes,1993
Daviess,Faxonius rafinesquei,Rough River Crayfish,Malacostraca,Decapoda,Cambaridae,N,S,Yes,2002
Daviess,Lacunicambarus chimera,Crawzilla Crawdad,Malacostraca,Decapoda,Cambaridae,N,S,Yes,2024
Daviess,Myotis lucifugus,Little Brown Bat,Mammalia,Chiroptera,Vespertilionidae,N,T,Yes,2007
Daviess,Myotis sodalis,Indiana Bat,Mammalia,Chiroptera,Vespertilionidae,E,E,Yes,1981
Daviess,Perimyotis subflavus,Tricolored Bat,Mammalia,Chiroptera,Vespertilionidae,PE,T,Yes,2014
Daviess,Farancia abacura reinwardtii,Western Mudsnake,Reptilia,Squamata,Colubridae,N,S,Yes,1960
Daviess,Nerodia erythrogaster neglecta,Copperbelly Watersnake,Reptilia,Squamata,Colubridae,T,T,Yes,2025
Daviess,Thamnophis saurita saurita,Eastern Ribbonsnake,Reptilia,Squamata,Colubridae,N,S,Yes,2007
Edmonson,Phenacobius uranops,Stargazing Minnow,Actinopterygii,Cypriniformes,Leuciscidae,N,S,Yes,2023
Edmonson,Ammocrypta clara,Western Sand Darter,Actinopterygii,Perciformes,Percidae,N,E,Yes,2023
Edmonson,Nothonotus maculatus,Spotted Darter,Actinopterygii,Perciformes,Percidae,N,T,Yes,2020
Edmonson,Amblyopsis spelaea,Northern Cavefish,Actinopterygii,Percopsiformes,Amblyopsidae,N,S,Yes,2010
Edmonson,Typhlichthys subterraneus,Southern Cavefish,Actinopterygii,Percopsiformes,Amblyopsidae,N,S,Yes,2014
Edmonson,Cryptobranchus alleganiensis alleganiensis,Eastern Hellbender,Amphibia,Caudata,Cryptobranchidae,PE,S,Yes,2017
Edmonson,Accipiter striatus,Sharp-shinned Hawk,Aves,Accipitriformes,Accipitridae,N,S,Yes,2009
Edmonson,Circus hudsonius,Northern Harrier,Aves,Accipitriformes,Accipitridae,N,T,Yes,1983
Edmonson,Haliaeetus leucocephalus,Bald Eagle,Aves,Accipitriformes,Accipitridae,N,S,Yes,2021
Edmonson,Pandion haliaetus,Osprey,Aves,Accipitriformes,Pandionidae,N,S,Yes,2014
Edmonson,Lophodytes cucullatus,Hooded Merganser,Aves,Anseriformes,Anatidae,N,T,Yes,2004
Edmonson,Actitis macularius,Spotted Sandpiper,Aves,Charadriiformes,Scolopacidae,N,E,Yes,2009
Edmonson,Certhia americana,Brown Creeper,Aves,Passeriformes,Certhiidae,N,T,No,2006
Edmonson,Lanius ludovicianus,Loggerhead Shrike,Aves,Passeriformes,Laniidae,N,S,Yes,2014
Edmonson,Cardellina canadensis,Canada Warbler,Aves,Passeriformes,Parulidae,N,S,Yes,2008
Edmonson,Vermivora chrysoptera,Golden-winged Warbler,Aves,Passeriformes,Parulidae,N,E,Yes,2012
Edmonson,Junco hyemalis,Dark-eyed Junco,Aves,Passeriformes,Passerellidae,N,S,No,1961
Edmonson,Passerculus sandwichensis,Savannah Sparrow,Aves,Passeriformes,Passerellidae,N,S,Yes,2011
Edmonson,Sitta canadensis,Red-breasted Nuthatch,Aves,Passeriformes,Sittidae,N,E,No,2005
Edmonson,Cistothorus stellaris,Sedge Wren,Aves,Passeriformes,Troglodytidae,N,S,Yes,1961
Edmonson,Thryomanes bewickii,Bewick's Wren,Aves,Passeriformes,Troglodytidae,N,H,Yes,1996
Edmonson,Empidonax minimus,Least Flycatcher,Aves,Passeriformes,Tyrannidae,N,E,Yes,2014
Edmonson,Podilymbus podiceps,Pied-billed Grebe,Aves,Podicipediformes,Podicipedidae,N,E,Yes,2014
Edmonson,Asio flammeus,Short-eared Owl,Aves,Strigiformes,Strigidae,N,E,Yes,1935
Edmonson,Tyto furcata,American Barn Owl,Aves,Strigiformes,Tytonidae,N,S,Yes,2019
Edmonson,Cumberlandia monodonta,Spectaclecase,Bivalvia,Unionoida,Margaritiferidae,E,E,Yes,2019
Edmonson,Alasmidonta marginata,Elktoe,Bivalvia,Unionoida,Unionidae,N,T,Yes,2024
Edmonson,Alasmidonta viridis,Slippershell Mussel,Bivalvia,Unionoida,Unionidae,N,S,Yes,1961
Edmonson,Cyprogenia stegaria,Fanshell,Bivalvia,Unionoida,Unionidae,E,E,Yes,2025
Edmonson,Elliptio crassidens,Elephantear,Bivalvia,Unionoida,Unionidae,N,S,Yes,2024
Edmonson,Epioblasma obliquata,Catspaw,Bivalvia,Unionoida,Unionidae,E,E,Yes,2025
Edmonson,Epioblasma rangiana,Northern Riffleshell,Bivalvia,Unionoida,Unionidae,E,E,Yes,1989
Edmonson,Epioblasma triquetra,Snuffbox,Bivalvia,Unionoida,Unionidae,E,E,Yes,2018
Edmonson,Fusconaia subrotunda,Longsolid,Bivalvia,Unionoida,Unionidae,T,T,Yes,2025
Edmonson,Lampsilis abrupta,Pink Mucket,Bivalvia,Unionoida,Unionidae,E,E,Yes,2025
Edmonson,Lampsilis ovata,Pocketbook,Bivalvia,Unionoida,Unionidae,N,E,Yes,2025
Edmonson,Leaunio lienosus,Little Spectaclecase,Bivalvia,Unionoida,Unionidae,N,T,Yes,1961
Edmonson,Leaunio ortmanni,Kentucky Creekshell,Bivalvia,Unionoida,Unionidae,N,E,Yes,2025
Edmonson,Ligumia recta,Black Sandshell,Bivalvia,Unionoida,Unionidae,N,S,Yes,2025
Edmonson,Obovaria retusa,Ring Pink,Bivalvia,Unionoida,Unionidae,E,E,Yes,2021
Edmonson,Obovaria subrotunda,Round Hickorynut,Bivalvia,Unionoida,Unionidae,T,T,Yes,2017
Edmonson,Pegias fabula,Littlewing Pearlymussel,Bivalvia,Unionoida,Unionidae,E,E,Yes,2023
Edmonson,Plethobasus cyphyus,Sheepnose,Bivalvia,Unionoida,Unionidae,E,E,Yes,2024
Edmonson,Pleurobema clava,Clubshell,Bivalvia,Unionoida,Unionidae,E,E,Yes,2021
Edmonson,Pleurobema plenum,Rough Pigtoe,Bivalvia,Unionoida,Unionidae,E,E,Yes,2024
Edmonson,Pleurobema rubrum,Pyramid Pigtoe,Bivalvia,Unionoida,Unionidae,PT,E,Yes,2024
Edmonson,Theliderma cylindrica,Rabbitsfoot,Bivalvia,Unionoida,Unionidae,T,E,Yes,1989
Edmonson,Lacunicambarus chimera,Crawzilla Crawdad,Malacostraca,Decapoda,Cambaridae,N,S,Yes,2024
Edmonson,Orconectes pellucidus,Mammoth Cave Crayfish,Malacostraca,Decapoda,Cambaridae,N,S,Yes,2014
Edmonson,Corynorhinus rafinesquii,Rafinesque's Big-eared Bat,Mammalia,Chiroptera,Vespertilionidae,N,S,Yes,2025
Edmonson,Myotis austroriparius,Southeastern Myotis,Mammalia,Chiroptera,Vespertilionidae,N,S,Yes,1994
Edmonson,Myotis grisescens,Gray Myotis,Mammalia,Chiroptera,Vespertilionidae,E,T,Yes,2026
Edmonson,Myotis leibii,Eastern Small-footed Myotis,Mammalia,Chiroptera,Vespertilionidae,N,T,Yes,2025
Edmonson,Myotis lucifugus,Little Brown Bat,Mammalia,Chiroptera,Vespertilionidae,N,T,Yes,2026
Edmonson,Myotis septentrionalis,Northern Long-Eared Bat,Mammalia,Chiroptera,Vespertilionidae,E,E,Yes,2025
Edmonson,Myotis sodalis,Indiana Bat,Mammalia,Chiroptera,Vespertilionidae,E,E,Yes,2026
Edmonson,Perimyotis subflavus,Tricolored Bat,Mammalia,Chiroptera,Vespertilionidae,PE,T,Yes,2026
Edmonson,Ichthyomyzon castaneus,Chestnut Lamprey,Petromyzontida,Petromyzontiformes,Petromyzontidae,N,S,Yes,2022
Edmonson,Lethenteron appendix,American Brook Lamprey,Petromyzontida,Petromyzontiformes,Petromyzontidae,N,T,Yes,2020
Edmonson,Ophisaurus attenuatus longicaudus,Eastern Slender Glass Lizard,Reptilia,Squamata,Anguidae,N,T,Yes,2024
Edmonson,Cemophora coccinea,Scarletsnake,Reptilia,Squamata,Colubridae,N,S,Yes,1969
Edmonson,Lampropeltis elapsoides,Scarlet Kingsnake,Reptilia,Squamata,Colubridae,N,E,Yes,1934
Edmonson,Pantherophis guttatus,Red Cornsnake,Reptilia,Squamata,Colubridae,N,S,Yes,2025
Edmonson,Pituophis melanoleucus,Eastern Pinesnake,Reptilia,Squamata,Colubridae,N,E,Yes,2014
Edmonson,Tantilla coronata,Southeastern Crowned Snake,Reptilia,Squamata,Colubridae,N,T,Yes,1970
Edmonson,Plestiodon anthracinus,Coal Skink,Reptilia,Squamata,Scincidae,N,E,Yes,2006
Edmonson,Plestiodon inexpectatus,Southeastern Five-lined Skink,Reptilia,Squamata,Scincidae,N,S,Yes,2001
Edmonson,Aspidoscelis sexlineatus,Six-lined Racerunner,Reptilia,Squamata,Teiidae,N,S,Yes,2010
Elliott,Percopsis omiscomaycus,Trout-Perch,Actinopterygii,Percopsiformes,Percopsidae,N,S,Yes,2024
Elliott,Accipiter striatus,Sharp-shinned Hawk,Aves,Accipitriformes,Accipitridae,N,S,Yes,2014
Elliott,Haliaeetus leucocephalus,Bald Eagle,Aves,Accipitriformes,Accipitridae,N,S,Yes,1994
Elliott,Sternula antillarum athalassos,Interior Least Tern,Aves,Charadriiformes,Laridae,N,E,Yes,2008
Elliott,Actitis macularius,Spotted Sandpiper,Aves,Charadriiformes,Scolopacidae,N,E,Yes,2010
Elliott,Falco peregrinus,Peregrine Falcon,Aves,Falconiformes,Falconidae,N,E,Yes,2006
Elliott,Junco hyemalis,Dark-eyed Junco,Aves,Passeriformes,Passerellidae,N,S,No,2006
Elliott,Ardea alba,Great Egret,Aves,Pelecaniformes,Ardeidae,N,T,Yes,2007
Elliott,Bubulcus ibis,Cattle Egret,Aves,Pelecaniformes,Ardeidae,N,S,No,2006
Elliott,Phalacrocorax auritus,Double-crested Cormorant,Aves,Suliformes,Phalacrocoracidae,N,S,No,2008
Elliott,Leaunio lienosus,Little Spectaclecase,Bivalvia,Unionoida,Unionidae,N,T,Yes,1985
Elliott,Obovaria subrotunda,Round Hickorynut,Bivalvia,Unionoida,Unionidae,T,T,Yes,1965
Elliott,Cambarus hazardi,Brawny Crayfish,Malacostraca,Decapoda,Cambaridae,N,S,Yes,2024
Elliott,Cambarus theepiensis,Coalfields Crayfish,Malacostraca,Decapoda,Cambaridae,N,S,No,2007
Elliott,Mustela nivalis,Least Weasel,Mammalia,Carnivora,Mustelidae,N,S,Yes,1992
Elliott,Corynorhinus rafinesquii,Rafinesque's Big-eared Bat,Mammalia,Chiroptera,Vespertilionidae,N,S,Yes,2003
Elliott,Myotis leibii,Eastern Small-footed Myotis,Mammalia,Chiroptera,Vespertilionidae,N,T,Yes,2012
Elliott,Myotis lucifugus,Little Brown Bat,Mammalia,Chiroptera,Vespertilionidae,N,T,Yes,2025
Elliott,Myotis septentrionalis,Northern Long-Eared Bat,Mammalia,Chiroptera,Vespertilionidae,E,E,Yes,2025
Elliott,Myotis sodalis,Indiana Bat,Mammalia,Chiroptera,Vespertilionidae,E,E,Yes,2025
Elliott,Perimyotis subflavus,Tricolored Bat,Mammalia,Chiroptera,Vespertilionidae,PE,T,Yes,2025
Elliott,Ichthyomyzon fossor,Northern Brook Lamprey,Petromyzontida,Petromyzontiformes,Petromyzontidae,N,T,Yes,2020
Estill,Cryptobranchus alleganiensis alleganiensis,Eastern Hellbender,Amphibia,Caudata,Cryptobranchidae,PE,S,Yes,2020
Estill,Tyto furcata,American Barn Owl,Aves,Strigiformes,Tytonidae,N,S,Yes,2018
Estill,Alasmidonta viridis,Slippershell Mussel,Bivalvia,Unionoida,Unionidae,N,S,Yes,1967
Estill,Cyprogenia stegaria,Fanshell,Bivalvia,Unionoida,Unionidae,E,E,Yes,1967
Estill,Epioblasma triquetra,Snuffbox,Bivalvia,Unionoida,Unionidae,E,E,Yes,1967
Estill,Lampsilis ovata,Pocketbook,Bivalvia,Unionoida,Unionidae,N,E,Yes,1967
Estill,Leaunio lienosus,Little Spectaclecase,Bivalvia,Unionoida,Unionidae,N,T,Yes,1966
Estill,Ligumia recta,Black Sandshell,Bivalvia,Unionoida,Unionidae,N,S,Yes,1967
Estill,Obovaria subrotunda,Round Hickorynut,Bivalvia,Unionoida,Unionidae,T,T,Yes,2003
Estill,Cambarus guenteri,Redbird Crayfish,Malacostraca,Decapoda,Cambaridae,N,S,Yes,1978
Estill,Cambarus hazardi,Brawny Crayfish,Malacostraca,Decapoda,Cambaridae,N,S,Yes,2005
Estill,Spilogale putorius,Eastern Spotted Skunk,Mammalia,Carnivora,Mephitidae,N,S,Yes,2025
Estill,Corynorhinus rafinesquii,Rafinesque's Big-eared Bat,Mammalia,Chiroptera,Vespertilionidae,N,S,Yes,2025
Estill,Corynorhinus townsendii virginianus,Virginia Big-eared Bat,Mammalia,Chiroptera,Vespertilionidae,E,E,Yes,2026
Estill,Myotis leibii,Eastern Small-footed Myotis,Mammalia,Chiroptera,Vespertilionidae,N,T,Yes,2022
Estill,Myotis lucifugus,Little Brown Bat,Mammalia,Chiroptera,Vespertilionidae,N,T,Yes,2025
Estill,Myotis septentrionalis,Northern Long-Eared Bat,Mammalia,Chiroptera,Vespertilionidae,E,E,Yes,2023
Estill,Myotis sodalis,Indiana Bat,Mammalia,Chiroptera,Vespertilionidae,E,E,Yes,2025
Estill,Perimyotis subflavus,Tricolored Bat,Mammalia,Chiroptera,Vespertilionidae,PE,T,Yes,2026
Estill,Ichthyomyzon fossor,Northern Brook Lamprey,Petromyzontida,Petromyzontiformes,Petromyzontidae,N,T,Yes,1998
Fayette,Lithobates pipiens,Northern Leopard Frog,Amphibia,Anura,Ranidae,N,S,Yes,1985
Fayette,Accipiter striatus,Sharp-shinned Hawk,Aves,Accipitriformes,Accipitridae,N,S,Yes,2014
Fayette,Circus hudsonius,Northern Harrier,Aves,Accipitriformes,Accipitridae,N,T,Yes,2014
Fayette,Haliaeetus leucocephalus,Bald Eagle,Aves,Accipitriformes,Accipitridae,N,S,Yes,2021
Fayette,Ictinia mississippiensis,Mississippi Kite,Aves,Accipitriformes,Accipitridae,N,S,No,2006
Fayette,Pandion haliaetus,Osprey,Aves,Accipitriformes,Pandionidae,N,S,Yes,2017
Fayette,Lophodytes cucullatus,Hooded Merganser,Aves,Anseriformes,Anatidae,N,T,Yes,2014
Fayette,Spatula clypeata,Northern Shoveler,Aves,Anseriformes,Anatidae,N,E,No,2006
Fayette,Spatula discors,Blue-winged Teal,Aves,Anseriformes,Anatidae,N,T,No,2006
Fayette,Actitis macularius,Spotted Sandpiper,Aves,Charadriiformes,Scolopacidae,N,E,Yes,2014
Fayette,Falco peregrinus,Peregrine Falcon,Aves,Falconiformes,Falconidae,N,E,Yes,2023
Fayette,Fulica americana,American Coot,Aves,Gruiformes,Rallidae,N,E,No,1996
Fayette,Gallinula galeata,Common Gallinule,Aves,Gruiformes,Rallidae,N,T,Yes,2005
Fayette,Certhia americana,Brown Creeper,Aves,Passeriformes,Certhiidae,N,T,No,1985
Fayette,Riparia riparia,Bank Swallow,Aves,Passeriformes,Hirundinidae,N,S,Yes,2011
Fayette,Dolichonyx oryzivorus,Bobolink,Aves,Passeriformes,Icteridae,N,S,Yes,2013
Fayette,Lanius ludovicianus,Loggerhead Shrike,Aves,Passeriformes,Laniidae,N,S,Yes,2014
Fayette,Cardellina canadensis,Canada Warbler,Aves,Passeriformes,Parulidae,N,S,Yes,2014
Fayette,Vermivora chrysoptera,Golden-winged Warbler,Aves,Passeriformes,Parulidae,N,E,Yes,2013
Fayette,Centronyx henslowii,Henslow's Sparrow,Aves,Passeriformes,Passerellidae,N,S,Yes,2014
Fayette,Junco hyemalis,Dark-eyed Junco,Aves,Passeriformes,Passerellidae,N,S,No,2008
Fayette,Passerculus sandwichensis,Savannah Sparrow,Aves,Passeriformes,Passerellidae,N,S,Yes,2014
Fayette,Sitta canadensis,Red-breasted Nuthatch,Aves,Passeriformes,Sittidae,N,E,No,2005
Fayette,Empidonax minimus,Least Flycatcher,Aves,Passeriformes,Tyrannidae,N,E,Yes,2014
Fayette,Ardea alba,Great Egret,Aves,Pelecaniformes,Ardeidae,N,T,Yes,2014
Fayette,Botaurus lentiginosus,American Bittern,Aves,Pelecaniformes,Ardeidae,N,H,Yes,2010
Fayette,Nyctanassa violacea,Yellow-crowned Night-heron,Aves,Pelecaniformes,Ardeidae,N,T,Yes,2010
Fayette,Nycticorax nycticorax,Black-crowned Night-heron,Aves,Pelecaniformes,Ardeidae,N,T,Yes,2013
Fayette,Podilymbus podiceps,Pied-billed Grebe,Aves,Podicipediformes,Podicipedidae,N,E,Yes,2014
Fayette,Asio flammeus,Short-eared Owl,Aves,Strigiformes,Strigidae,N,E,Yes,2014
Fayette,Tyto furcata,American Barn Owl,Aves,Strigiformes,Tytonidae,N,S,Yes,2022
Fayette,Phalacrocorax auritus,Double-crested Cormorant,Aves,Suliformes,Phalacrocoracidae,N,S,No,2007
Fayette,Alasmidonta viridis,Slippershell Mussel,Bivalvia,Unionoida,Unionidae,N,S,Yes,2014
Fayette,Mustela nivalis,Least Weasel,Mammalia,Carnivora,Mustelidae,N,S,Yes,2016
Fayette,Myotis grisescens,Gray Myotis,Mammalia,Chiroptera,Vespertilionidae,E,T,Yes,2015
Fayette,Myotis lucifugus,Little Brown Bat,Mammalia,Chiroptera,Vespertilionidae,N,T,Yes,2015
Fayette,Myotis septentrionalis,Northern Long-Eared Bat,Mammalia,Chiroptera,Vespertilionidae,E,E,Yes,2005
Fayette,Myotis sodalis,Indiana Bat,Mammalia,Chiroptera,Vespertilionidae,E,E,Yes,1980
Fayette,Perimyotis subflavus,Tricolored Bat,Mammalia,Chiroptera,Vespertilionidae,PE,T,Yes,2006
Fleming,Noturus stigmosus,Northern Madtom,Actinopterygii,Siluriformes,Ictaluridae,N,S,Yes,2009
Fleming,Lithobates pipiens,Northern Leopard Frog,Amphibia,Anura,Ranidae,N,S,Yes,1970
Fleming,Cryptobranchus alleganiensis alleganiensis,Eastern Hellbender,Amphibia,Caudata,Cryptobranchidae,PE,S,Yes,2012
Fleming,Accipiter striatus,Sharp-shinned Hawk,Aves,Accipitriformes,Accipitridae,N,S,Yes,2012
Fleming,Circus hudsonius,Northern Harrier,Aves,Accipitriformes,Accipitridae,N,T,Yes,2013
Fleming,Haliaeetus leucocephalus,Bald Eagle,Aves,Accipitriformes,Accipitridae,N,S,Yes,2013
Fleming,Pandion haliaetus,Osprey,Aves,Accipitriformes,Pandionidae,N,S,Yes,2012
Fleming,Lophodytes cucullatus,Hooded Merganser,Aves,Anseriformes,Anatidae,N,T,Yes,2014
Fleming,Riparia riparia,Bank Swallow,Aves,Passeriformes,Hirundinidae,N,S,Yes,2011
Fleming,Dolichonyx oryzivorus,Bobolink,Aves,Passeriformes,Icteridae,N,S,Yes,2006
Fleming,Lanius ludovicianus,Loggerhead Shrike,Aves,Passeriformes,Laniidae,N,S,Yes,1996
Fleming,Ardea alba,Great Egret,Aves,Pelecaniformes,Ardeidae,N,T,Yes,2012
Fleming,Nycticorax nycticorax,Black-crowned Night-heron,Aves,Pelecaniformes,Ardeidae,N,T,Yes,2012
Fleming,Podilymbus podiceps,Pied-billed Grebe,Aves,Podicipediformes,Podicipedidae,N,E,Yes,2014
Fleming,Tyto furcata,American Barn Owl,Aves,Strigiformes,Tytonidae,N,S,Yes,2010
Fleming,Alasmidonta marginata,Elktoe,Bivalvia,Unionoida,Unionidae,N,T,Yes,2007
Fleming,Alasmidonta viridis,Slippershell Mussel,Bivalvia,Unionoida,Unionidae,N,S,Yes,2017
Fleming,Cyprogenia stegaria,Fanshell,Bivalvia,Unionoida,Unionidae,E,E,Yes,2019
Fleming,Elliptio crassidens,Elephantear,Bivalvia,Unionoida,Unionidae,N,S,Yes,2019
Fleming,Epioblasma obliquata,Catspaw,Bivalvia,Unionoida,Unionidae,E,E,Yes,2019
Fleming,Epioblasma rangiana,Northern Riffleshell,Bivalvia,Unionoida,Unionidae,E,E,Yes,2019
Fleming,Epioblasma triquetra,Snuffbox,Bivalvia,Unionoida,Unionidae,E,E,Yes,2019
Fleming,Fusconaia subrotunda,Longsolid,Bivalvia,Unionoida,Unionidae,T,T,Yes,2025
Fleming,Lampsilis abrupta,Pink Mucket,Bivalvia,Unionoida,Unionidae,E,E,Yes,2019
Fleming,Ligumia recta,Black Sandshell,Bivalvia,Unionoida,Unionidae,N,S,Yes,2019
Fleming,Medionidus conradicus,Cumberland Moccasinshell,Bivalvia,Unionoida,Unionidae,N,E,Yes,1983
Fleming,Obovaria subrotunda,Round Hickorynut,Bivalvia,Unionoida,Unionidae,T,T,Yes,2019
Fleming,Plethobasus cyphyus,Sheepnose,Bivalvia,Unionoida,Unionidae,E,E,Yes,2019
Fleming,Pleurobema clava,Clubshell,Bivalvia,Unionoida,Unionidae,E,E,Yes,2019
Fleming,Pleurobema plenum,Rough Pigtoe,Bivalvia,Unionoida,Unionidae,E,E,Yes,2019
Fleming,Pleurobema rubrum,Pyramid Pigtoe,Bivalvia,Unionoida,Unionidae,PT,E,Yes,1991
Fleming,Theliderma cylindrica,Rabbitsfoot,Bivalvia,Unionoida,Unionidae,T,E,Yes,2025
Fleming,Mustela nivalis,Least Weasel,Mammalia,Carnivora,Mustelidae,N,S,Yes,2007
Fleming,Myotis lucifugus,Little Brown Bat,Mammalia,Chiroptera,Vespertilionidae,N,T,Yes,1997
Fleming,Myotis septentrionalis,Northern Long-Eared Bat,Mammalia,Chiroptera,Vespertilionidae,E,E,Yes,2009
Fleming,Perimyotis subflavus,Tricolored Bat,Mammalia,Chiroptera,Vespertilionidae,PE,T,Yes,2004
Floyd,Ammocrypta clara,Western Sand Darter,Actinopterygii,Perciformes,Percidae,N,E,Yes,1956
Floyd,Percopsis omiscomaycus,Trout-Perch,Actinopterygii,Percopsiformes,Percopsidae,N,S,Yes,2007
Floyd,Plethodon pauleyi,Yellow-spotted Woodland Salamander,Amphibia,Caudata,Plethodontidae,N,E,Yes,2026
Floyd,Circus hudsonius,Northern Harrier,Aves,Accipitriformes,Accipitridae,N,T,Yes,2010
Floyd,Pandion haliaetus,Osprey,Aves,Accipitriformes,Pandionidae,N,S,Yes,2012
Floyd,Actitis macularius,Spotted Sandpiper,Aves,Charadriiformes,Scolopacidae,N,E,Yes,2010
Floyd,Falco peregrinus,Peregrine Falcon,Aves,Falconiformes,Falconidae,N,E,Yes,1999
Floyd,Corvus corax,Common Raven,Aves,Passeriformes,Corvidae,N,T,Yes,2015
Floyd,Centronyx henslowii,Henslow's Sparrow,Aves,Passeriformes,Passerellidae,N,S,Yes,2010
Floyd,Passerculus sandwichensis,Savannah Sparrow,Aves,Passeriformes,Passerellidae,N,S,Yes,2010
Floyd,Nycticorax nycticorax,Black-crowned Night-heron,Aves,Pelecaniformes,Ardeidae,N,T,Yes,1956
Floyd,Podilymbus podiceps,Pied-billed Grebe,Aves,Podicipediformes,Podicipedidae,N,E,Yes,2011
Floyd,Elliptio crassidens,Elephantear,Bivalvia,Unionoida,Unionidae,N,S,Yes,1911
Floyd,Fusconaia subrotunda,Longsolid,Bivalvia,Unionoida,Unionidae,T,T,Yes,1963
Floyd,Ligumia recta,Black Sandshell,Bivalvia,Unionoida,Unionidae,N,S,Yes,1911
Floyd,Obovaria subrotunda,Round Hickorynut,Bivalvia,Unionoida,Unionidae,T,T,Yes,1963
Floyd,Pleurobema rubrum,Pyramid Pigtoe,Bivalvia,Unionoida,Unionidae,PT,E,Yes,1909
Floyd,Theliderma cylindrica,Rabbitsfoot,Bivalvia,Unionoida,Unionidae,T,E,Yes,1909
Floyd,Cambarus callainus,Big Sandy Crayfish,Malacostraca,Decapoda,Cambaridae,T,T,Yes,2009
Floyd,Cambarus hazardi,Brawny Crayfish,Malacostraca,Decapoda,Cambaridae,N,S,Yes,2001
Floyd,Cambarus theepiensis,Coalfields Crayfish,Malacostraca,Decapoda,Cambaridae,N,S,No,2020
Floyd,Corynorhinus rafinesquii,Rafinesque's Big-eared Bat,Mammalia,Chiroptera,Vespertilionidae,N,S,Yes,2008
Floyd,Myotis leibii,Eastern Small-footed Myotis,Mammalia,Chiroptera,Vespertilionidae,N,T,Yes,2019
Floyd,Myotis lucifugus,Little Brown Bat,Mammalia,Chiroptera,Vespertilionidae,N,T,Yes,2011
Floyd,Myotis septentrionalis,Northern Long-Eared Bat,Mammalia,Chiroptera,Vespertilionidae,E,E,Yes,2023
Floyd,Myotis sodalis,Indiana Bat,Mammalia,Chiroptera,Vespertilionidae,E,E,Yes,2006
Floyd,Perimyotis subflavus,Tricolored Bat,Mammalia,Chiroptera,Vespertilionidae,PE,T,Yes,2022
Floyd,Ichthyomyzon fossor,Northern Brook Lamprey,Petromyzontida,Petromyzontiformes,Petromyzontidae,N,T,Yes,1999
Floyd,Lethenteron appendix,American Brook Lamprey,Petromyzontida,Petromyzontiformes,Petromyzontidae,N,T,Yes,1986
Floyd,Lampropeltis elapsoides,Scarlet Kingsnake,Reptilia,Squamata,Colubridae,N,E,Yes,1939
Franklin,Ictiobus niger,Black Buffalo,Actinopterygii,Cypriniformes,Catostomidae,N,S,Yes,1998
Franklin,Nocomis biguttatus,Hornyhead Chub,Actinopterygii,Cypriniformes,Leuciscidae,N,S,Yes,1999
Franklin,Lithobates pipiens,Northern Leopard Frog,Amphibia,Anura,Ranidae,N,S,Yes,2018
Franklin,Cryptobranchus alleganiensis alleganiensis,Eastern Hellbender,Amphibia,Caudata,Cryptobranchidae,PE,S,Yes,1988
Franklin,Accipiter striatus,Sharp-shinned Hawk,Aves,Accipitriformes,Accipitridae,N,S,Yes,2014
Franklin,Circus hudsonius,Northern Harrier,Aves,Accipitriformes,Accipitridae,N,T,Yes,2014
Franklin,Haliaeetus leucocephalus,Bald Eagle,Aves,Accipitriformes,Accipitridae,N,S,Yes,2021
Franklin,Pandion haliaetus,Osprey,Aves,Accipitriformes,Pandionidae,N,S,Yes,2012
Franklin,Lophodytes cucullatus,Hooded Merganser,Aves,Anseriformes,Anatidae,N,T,Yes,2013
Franklin,Spatula clypeata,Northern Shoveler,Aves,Anseriformes,Anatidae,N,E,No,2019
Franklin,Spatula discors,Blue-winged Teal,Aves,Anseriformes,Anatidae,N,T,No,1975
Franklin,Actitis macularius,Spotted Sandpiper,Aves,Charadriiformes,Scolopacidae,N,E,Yes,2014
Franklin,Falco peregrinus,Peregrine Falcon,Aves,Falconiformes,Falconidae,N,E,Yes,2023
Franklin,Fulica americana,American Coot,Aves,Gruiformes,Rallidae,N,E,No,2018
Franklin,Pheucticus ludovicianus,Rose-breasted Grosbeak,Aves,Passeriformes,Cardinalidae,N,S,No,2020
Franklin,Certhia americana,Brown Creeper,Aves,Passeriformes,Certhiidae,N,T,No,2012
Franklin,Lanius ludovicianus,Loggerhead Shrike,Aves,Passeriformes,Laniidae,N,S,Yes,2016
Franklin,Setophaga fusca,Blackburnian Warbler,Aves,Passeriformes,Parulidae,N,T,No,2011
Franklin,Vermivora chrysoptera,Golden-winged Warbler,Aves,Passeriformes,Parulidae,N,E,Yes,2013
Franklin,Centronyx henslowii,Henslow's Sparrow,Aves,Passeriformes,Passerellidae,N,S,Yes,2014
Franklin,Junco hyemalis,Dark-eyed Junco,Aves,Passeriformes,Passerellidae,N,S,No,2012
Franklin,Passerculus sandwichensis,Savannah Sparrow,Aves,Passeriformes,Passerellidae,N,S,Yes,1981
Franklin,Sitta canadensis,Red-breasted Nuthatch,Aves,Passeriformes,Sittidae,N,E,No,2012
Franklin,Thryomanes bewickii,Bewick's Wren,Aves,Passeriformes,Troglodytidae,N,H,Yes,1996
Franklin,Empidonax minimus,Least Flycatcher,Aves,Passeriformes,Tyrannidae,N,E,Yes,2014
Franklin,Ardea alba,Great Egret,Aves,Pelecaniformes,Ardeidae,N,T,Yes,2013
Franklin,Nyctanassa violacea,Yellow-crowned Night-heron,Aves,Pelecaniformes,Ardeidae,N,T,Yes,2021
Franklin,Nycticorax nycticorax,Black-crowned Night-heron,Aves,Pelecaniformes,Ardeidae,N,T,Yes,1984
Franklin,Podilymbus podiceps,Pied-billed Grebe,Aves,Podicipediformes,Podicipedidae,N,E,Yes,2017
Franklin,Asio otus,Long-eared Owl,Aves,Strigiformes,Strigidae,N,E,Yes,1973
Franklin,Tyto furcata,American Barn Owl,Aves,Strigiformes,Tytonidae,N,S,Yes,2022
Franklin,Alasmidonta marginata,Elktoe,Bivalvia,Unionoida,Unionidae,N,T,Yes,1982
Franklin,Alasmidonta viridis,Slippershell Mussel,Bivalvia,Unionoida,Unionidae,N,S,Yes,2002
Franklin,Lampsilis ovata,Pocketbook,Bivalvia,Unionoida,Unionidae,N,E,Yes,1950
Franklin,Macrochelys temminckii,Alligator Snapping Turtle,Chelonia,Testudines,Chelydridae,PT,E,Yes,2018
Franklin,Mustela nivalis,Least Weasel,Mammalia,Carnivora,Mustelidae,N,S,Yes,2023
Franklin,Myotis grisescens,Gray Myotis,Mammalia,Chiroptera,Vespertilionidae,E,T,Yes,2021
Franklin,Myotis lucifugus,Little Brown Bat,Mammalia,Chiroptera,Vespertilionidae,N,T,Yes,2013
Franklin,Myotis septentrionalis,Northern Long-Eared Bat,Mammalia,Chiroptera,Vespertilionidae,E,E,Yes,1978
Franklin,Myotis sodalis,Indiana Bat,Mammalia,Chiroptera,Vespertilionidae,E,E,Yes,1987
Franklin,Perimyotis subflavus,Tricolored Bat,Mammalia,Chiroptera,Vespertilionidae,PE,T,Yes,2018
Fulton,Acipenser fulvescens,Lake Sturgeon,Actinopterygii,Acipenseriformes,Acipenseridae,N,E,Yes,1986
Fulton,Menidia audens,Mississippi Silverside,Actinopterygii,Atheriniformes,Atherinopsidae,N,T,No,2025
Fulton,Lepomis marginatus,Dollar Sunfish,Actinopterygii,Centrarchiformes,Centrarchidae,N,E,Yes,2023
Fulton,Lepomis miniatus,Redspotted Sunfish,Actinopterygii,Centrarchiformes,Centrarchidae,N,T,Yes,2023
Fulton,Erimyzon sucetta,Lake Chubsucker,Actinopterygii,Cypriniformes,Catostomidae,N,T,Yes,2000
Fulton,Ictiobus niger,Black Buffalo,Actinopterygii,Cypriniformes,Catostomidae,N,S,Yes,2019
Fulton,Cyprinella venusta,Blacktail Shiner,Actinopterygii,Cypriniformes,Leuciscidae,N,S,Yes,2023
Fulton,Hybognathus hayi,Cypress Minnow,Actinopterygii,Cypriniformes,Leuciscidae,N,E,Yes,1986
Fulton,Notropis maculatus,Taillight Shiner,Actinopterygii,Cypriniformes,Leuciscidae,N,T,Yes,2023
Fulton,Platygobio gracilis,Flathead Chub,Actinopterygii,Cypriniformes,Leuciscidae,N,S,Yes,1986
Fulton,Fundulus chrysotus,Golden Topminnow,Actinopterygii,Cyprinodontiformes,Fundulidae,N,E,Yes,2022
Fulton,Fundulus dispar,Starhead Topminnow,Actinopterygii,Cyprinodontiformes,Fundulidae,N,E,Yes,2022
Fulton,Esox niger,Chain Pickerel,Actinopterygii,Esociformes,Esocidae,N,S,Yes,1986
Fulton,Umbra limi,Central Mudminnow,Actinopterygii,Esociformes,Esocidae,N,T,Yes,2022
Fulton,Atractosteus spatula,Alligator Gar,Actinopterygii,Lepisosteiformes,Lepisosteidae,N,E,Yes,1986
Fulton,Etheostoma chienense,Relict Darter,Actinopterygii,Perciformes,Percidae,T,E,Yes,2023
Fulton,Etheostoma fusiforme,Swamp Darter,Actinopterygii,Perciformes,Percidae,N,E,Yes,2022
Fulton,Etheostoma proeliare,Cypress Darter,Actinopterygii,Perciformes,Percidae,N,T,Yes,2023
Fulton,Lithobates areolatus circulosus,Northern Crawfish Frog,Amphibia,Anura,Ranidae,N,S,Yes,1963
Fulton,Lithobates blairi,Plains Leopard Frog,Amphibia,Anura,Ranidae,N,E,Yes,2019
Fulton,Amphiuma tridactylum,Three-toed Amphiuma,Amphibia,Caudata,Amphiumidae,N,E,Yes,2024
Fulton,Circus hudsonius,Northern Harrier,Aves,Accipitriformes,Accipitridae,N,T,Yes,2014
Fulton,Haliaeetus leucocephalus,Bald Eagle,Aves,Accipitriformes,Accipitridae,N,S,Yes,2023
Fulton,Ictinia mississippiensis,Mississippi Kite,Aves,Accipitriformes,Accipitridae,N,S,No,2013
Fulton,Pandion haliaetus,Osprey,Aves,Accipitriformes,Pandionidae,N,S,Yes,2013
Fulton,Lophodytes cucullatus,Hooded Merganser,Aves,Anseriformes,Anatidae,N,T,Yes,2015
Fulton,Spatula clypeata,Northern Shoveler,Aves,Anseriformes,Anatidae,N,E,No,2007
Fulton,Spatula discors,Blue-winged Teal,Aves,Anseriformes,Anatidae,N,T,No,2008
Fulton,Sternula antillarum athalassos,Interior Least Tern,Aves,Charadriiformes,Laridae,N,E,Yes,2020
Fulton,Actitis macularius,Spotted Sandpiper,Aves,Charadriiformes,Scolopacidae,N,E,Yes,2014
Fulton,Bartramia longicauda,Upland Sandpiper,Aves,Charadriiformes,Scolopacidae,N,H,Yes,2013
Fulton,Falco peregrinus,Peregrine Falcon,Aves,Falconiformes,Falconidae,N,E,Yes,2009
Fulton,Fulica americana,American Coot,Aves,Gruiformes,Rallidae,N,E,No,2015
Fulton,Gallinula galeata,Common Gallinule,Aves,Gruiformes,Rallidae,N,T,Yes,2012
Fulton,Rallus elegans,King Rail,Aves,Gruiformes,Rallidae,N,E,Yes,1997
Fulton,Pheucticus ludovicianus,Rose-breasted Grosbeak,Aves,Passeriformes,Cardinalidae,N,S,No,2002
Fulton,Corvus ossifragus,Fish Crow,Aves,Passeriformes,Corvidae,N,S,No,2007
Fulton,Riparia riparia,Bank Swallow,Aves,Passeriformes,Hirundinidae,N,S,Yes,2013
Fulton,Dolichonyx oryzivorus,Bobolink,Aves,Passeriformes,Icteridae,N,S,Yes,2014
Fulton,Lanius ludovicianus,Loggerhead Shrike,Aves,Passeriformes,Laniidae,N,S,Yes,2016
Fulton,Chondestes grammacus,Lark Sparrow,Aves,Passeriformes,Passerellidae,N,S,No,2007
Fulton,Passerculus sandwichensis,Savannah Sparrow,Aves,Passeriformes,Passerellidae,N,S,Yes,2014
Fulton,Pooecetes gramineus,Vesper Sparrow,Aves,Passeriformes,Passerellidae,N,E,No,2006
Fulton,Cistothorus stellaris,Sedge Wren,Aves,Passeriformes,Troglodytidae,N,S,Yes,2013
Fulton,Empidonax minimus,Least Flycatcher,Aves,Passeriformes,Tyrannidae,N,E,Yes,2006
Fulton,Vireo bellii,Bell's Vireo,Aves,Passeriformes,Vireonidae,N,S,Yes,2008
Fulton,Ardea alba,Great Egret,Aves,Pelecaniformes,Ardeidae,N,T,Yes,2015
Fulton,Botaurus lentiginosus,American Bittern,Aves,Pelecaniformes,Ardeidae,N,H,Yes,2012
Fulton,Bubulcus ibis,Cattle Egret,Aves,Pelecaniformes,Ardeidae,N,S,No,2013
Fulton,Egretta caerulea,Little Blue Heron,Aves,Pelecaniformes,Ardeidae,N,E,No,2008
Fulton,Egretta thula,Snowy Egret,Aves,Pelecaniformes,Ardeidae,N,E,No,2017
Fulton,Ixobrychus exilis,Least Bittern,Aves,Pelecaniformes,Ardeidae,N,T,Yes,2007
Fulton,Nyctanassa violacea,Yellow-crowned Night-heron,Aves,Pelecaniformes,Ardeidae,N,T,Yes,2010
Fulton,Nycticorax nycticorax,Black-crowned Night-heron,Aves,Pelecaniformes,Ardeidae,N,T,Yes,2013
Fulton,Podilymbus podiceps,Pied-billed Grebe,Aves,Podicipediformes,Podicipedidae,N,E,Yes,2014
Fulton,Asio flammeus,Short-eared Owl,Aves,Strigiformes,Strigidae,N,E,Yes,2011
Fulton,Tyto furcata,American Barn Owl,Aves,Strigiformes,Tytonidae,N,S,Yes,2013
Fulton,Phalacrocorax auritus,Double-crested Cormorant,Aves,Suliformes,Phalacrocoracidae,N,S,No,2017
Fulton,Leaunio lienosus,Little Spectaclecase,Bivalvia,Unionoida,Unionidae,N,T,Yes,2009
Fulton,Macrochelys temminckii,Alligator Snapping Turtle,Chelonia,Testudines,Chelydridae,PT,E,Yes,1975
Fulton,Chrysemys dorsalis,Southern Painted Turtle,Chelonia,Testudines,Emydidae,N,T,Yes,2023
Fulton,Lacunicambarus chimera,Crawzilla Crawdad,Malacostraca,Decapoda,Cambaridae,N,S,Yes,2006
Fulton,Lacunicambarus erythrodactylus,Warpaint Mudbug,Malacostraca,Decapoda,Cambaridae,N,T,No,2025
Fulton,Lacunicambarus ludovicianus,Painted Devil Crayfish,Malacostraca,Decapoda,Cambaridae,N,T,No,2025
Fulton,Corynorhinus rafinesquii,Rafinesque's Big-eared Bat,Mammalia,Chiroptera,Vespertilionidae,N,S,Yes,2016
Fulton,Myotis austroriparius,Southeastern Myotis,Mammalia,Chiroptera,Vespertilionidae,N,S,Yes,2016
Fulton,Myotis sodalis,Indiana Bat,Mammalia,Chiroptera,Vespertilionidae,E,E,Yes,2016
Fulton,Perimyotis subflavus,Tricolored Bat,Mammalia,Chiroptera,Vespertilionidae,PE,T,Yes,2017
Fulton,Peromyscus gossypinus,Cotton Mouse,Mammalia,Rodentia,Cricetidae,N,T,Yes,1938
Fulton,Ichthyomyzon castaneus,Chestnut Lamprey,Petromyzontida,Petromyzontiformes,Petromyzontidae,N,S,Yes,1986
Fulton,Farancia abacura reinwardtii,Western Mudsnake,Reptilia,Squamata,Colubridae,N,S,Yes,2023
Fulton,Nerodia cyclopion,Mississippi Green Watersnake,Reptilia,Squamata,Colubridae,N,E,Yes,2008
Fulton,Nerodia fasciata confluens,Broad-banded Watersnake,Reptilia,Squamata,Colubridae,N,E,Yes,2024
Fulton,Thamnophis proximus proximus,Western Ribbonsnake,Reptilia,Squamata,Colubridae,N,E,Yes,2024
Fulton,Aspidoscelis sexlineatus,Six-lined Racerunner,Reptilia,Squamata,Teiidae,N,S,Yes,1990
Gallatin,Ictiobus niger,Black Buffalo,Actinopterygii,Cypriniformes,Catostomidae,N,S,Yes,2021
Gallatin,Lithobates pipiens,Northern Leopard Frog,Amphibia,Anura,Ranidae,N,S,Yes,1960
Gallatin,Accipiter striatus,Sharp-shinned Hawk,Aves,Accipitriformes,Accipitridae,N,S,Yes,2011
Gallatin,Circus hudsonius,Northern Harrier,Aves,Accipitriformes,Accipitridae,N,T,Yes,2014
Gallatin,Haliaeetus leucocephalus,Bald Eagle,Aves,Accipitriformes,Accipitridae,N,S,Yes,2021
Gallatin,Pandion haliaetus,Osprey,Aves,Accipitriformes,Pandionidae,N,S,Yes,2008
Gallatin,Lophodytes cucullatus,Hooded Merganser,Aves,Anseriformes,Anatidae,N,T,Yes,2014
Gallatin,Falco peregrinus,Peregrine Falcon,Aves,Falconiformes,Falconidae,N,E,Yes,2023
Gallatin,Lanius ludovicianus,Loggerhead Shrike,Aves,Passeriformes,Laniidae,N,S,Yes,1996
Gallatin,Ardea alba,Great Egret,Aves,Pelecaniformes,Ardeidae,N,T,Yes,2002
Gallatin,Bubulcus ibis,Cattle Egret,Aves,Pelecaniformes,Ardeidae,N,S,No,2007
Gallatin,Nycticorax nycticorax,Black-crowned Night-heron,Aves,Pelecaniformes,Ardeidae,N,T,Yes,2007
Gallatin,Podilymbus podiceps,Pied-billed Grebe,Aves,Podicipediformes,Podicipedidae,N,E,Yes,2002
Gallatin,Alasmidonta viridis,Slippershell Mussel,Bivalvia,Unionoida,Unionidae,N,S,Yes,2025
Gallatin,Anodontoides ferussacianus,Cylindrical Papershell,Bivalvia,Unionoida,Unionidae,N,S,Yes,1981
Gallatin,Elliptio crassidens,Elephantear,Bivalvia,Unionoida,Unionidae,N,S,Yes,1994
Gallatin,Pleurobema clava,Clubshell,Bivalvia,Unionoida,Unionidae,E,E,Yes,2019
Gallatin,Simpsonaias ambigua,Salamander Mussel,Bivalvia,Unionoida,Unionidae,N,T,Yes,1990
Garrard,Ictiobus niger,Black Buffalo,Actinopterygii,Cypriniformes,Catostomidae,N,S,Yes,2011
Garrard,Accipiter striatus,Sharp-shinned Hawk,Aves,Accipitriformes,Accipitridae,N,S,Yes,2014
Garrard,Haliaeetus leucocephalus,Bald Eagle,Aves,Accipitriformes,Accipitridae,N,S,Yes,2019
Garrard,Falco peregrinus,Peregrine Falcon,Aves,Falconiformes,Falconidae,N,E,Yes,2023
Garrard,Dolichonyx oryzivorus,Bobolink,Aves,Passeriformes,Icteridae,N,S,Yes,2012
Garrard,Lanius ludovicianus,Loggerhead Shrike,Aves,Passeriformes,Laniidae,N,S,Yes,2005
Garrard,Centronyx henslowii,Henslow's Sparrow,Aves,Passeriformes,Passerellidae,N,S,Yes,2008
Garrard,Passerculus sandwichensis,Savannah Sparrow,Aves,Passeriformes,Passerellidae,N,S,Yes,2012
Garrard,Empidonax minimus,Least Flycatcher,Aves,Passeriformes,Tyrannidae,N,E,Yes,2014
Garrard,Tyto furcata,American Barn Owl,Aves,Strigiformes,Tytonidae,N,S,Yes,2022
Garrard,Alasmidonta viridis,Slippershell Mussel,Bivalvia,Unionoida,Unionidae,N,S,Yes,1998
Garrard,Fusconaia subrotunda,Longsolid,Bivalvia,Unionoida,Unionidae,T,T,Yes,1996
Garrard,Plethobasus cyphyus,Sheepnose,Bivalvia,Unionoida,Unionidae,E,E,Yes,1996
Garrard,Pleurobema clava,Clubshell,Bivalvia,Unionoida,Unionidae,E,E,Yes,1999
Garrard,Myotis grisescens,Gray Myotis,Mammalia,Chiroptera,Vespertilionidae,E,T,Yes,2008
Garrard,Myotis lucifugus,Little Brown Bat,Mammalia,Chiroptera,Vespertilionidae,N,T,Yes,2008
Garrard,Perimyotis subflavus,Tricolored Bat,Mammalia,Chiroptera,Vespertilionidae,PE,T,Yes,2013
Garrard,Plestiodon anthracinus,Coal Skink,Reptilia,Squamata,Scincidae,N,E,Yes,2019
Grant,Lithobates pipiens,Northern Leopard Frog,Amphibia,Anura,Ranidae,N,S,Yes,2008
Grant,Accipiter striatus,Sharp-shinned Hawk,Aves,Accipitriformes,Accipitridae,N,S,Yes,2011
Grant,Circus hudsonius,Northern Harrier,Aves,Accipitriformes,Accipitridae,N,T,Yes,1974
Grant,Haliaeetus leucocephalus,Bald Eagle,Aves,Accipitriformes,Accipitridae,N,S,Yes,2021
Grant,Lophodytes cucullatus,Hooded Merganser,Aves,Anseriformes,Anatidae,N,T,Yes,2010
Grant,Actitis macularius,Spotted Sandpiper,Aves,Charadriiformes,Scolopacidae,N,E,Yes,2011
Grant,Certhia americana,Brown Creeper,Aves,Passeriformes,Certhiidae,N,T,No,2007
Grant,Lanius ludovicianus,Loggerhead Shrike,Aves,Passeriformes,Laniidae,N,S,Yes,1996
Grant,Centronyx henslowii,Henslow's Sparrow,Aves,Passeriformes,Passerellidae,N,S,Yes,2010
Grant,Passerculus sandwichensis,Savannah Sparrow,Aves,Passeriformes,Passerellidae,N,S,Yes,2013
Grant,Cistothorus stellaris,Sedge Wren,Aves,Passeriformes,Troglodytidae,N,S,Yes,2005
Grant,Thryomanes bewickii,Bewick's Wren,Aves,Passeriformes,Troglodytidae,N,H,Yes,1996
Grant,Nycticorax nycticorax,Black-crowned Night-heron,Aves,Pelecaniformes,Ardeidae,N,T,Yes,2011
Grant,Podilymbus podiceps,Pied-billed Grebe,Aves,Podicipediformes,Podicipedidae,N,E,Yes,2012
Grant,Asio otus,Long-eared Owl,Aves,Strigiformes,Strigidae,N,E,Yes,1987
Grant,Tyto furcata,American Barn Owl,Aves,Strigiformes,Tytonidae,N,S,Yes,2014
Grant,Alasmidonta viridis,Slippershell Mussel,Bivalvia,Unionoida,Unionidae,N,S,Yes,2021
Grant,Anodontoides ferussacianus,Cylindrical Papershell,Bivalvia,Unionoida,Unionidae,N,S,Yes,2006
Grant,Simpsonaias ambigua,Salamander Mussel,Bivalvia,Unionoida,Unionidae,N,T,Yes,1986
Grant,Myotis septentrionalis,Northern Long-Eared Bat,Mammalia,Chiroptera,Vespertilionidae,E,E,Yes,2006
Grant,Myotis sodalis,Indiana Bat,Mammalia,Chiroptera,Vespertilionidae,E,E,Yes,2014
Grant,Perimyotis subflavus,Tricolored Bat,Mammalia,Chiroptera,Vespertilionidae,PE,T,Yes,2006
Graves,Lepomis marginatus,Dollar Sunfish,Actinopterygii,Centrarchiformes,Centrarchidae,N,E,Yes,2023
Graves,Lepomis miniatus,Redspotted Sunfish,Actinopterygii,Centrarchiformes,Centrarchidae,N,T,Yes,2025
Graves,Erimyzon sucetta,Lake Chubsucker,Actinopterygii,Cypriniformes,Catostomidae,N,T,Yes,2015
Graves,Moxostoma poecilurum,Blacktail Redhorse,Actinopterygii,Cypriniformes,Catostomidae,N,E,Yes,2023
Graves,Campostoma pullum,Finescale Stoneroller,Actinopterygii,Cypriniformes,Leuciscidae,N,S,No,2021
Graves,Cyprinella camura,Bluntface Shiner,Actinopterygii,Cypriniformes,Leuciscidae,N,E,Yes,2025
Graves,Cyprinella venusta,Blacktail Shiner,Actinopterygii,Cypriniformes,Leuciscidae,N,S,Yes,2025
Graves,Ericymba dorsalis,Bigmouth Shiner,Actinopterygii,Cypriniformes,Leuciscidae,N,S,Yes,2021
Graves,Hybognathus hayi,Cypress Minnow,Actinopterygii,Cypriniformes,Leuciscidae,N,E,Yes,2018
Graves,Notropis maculatus,Taillight Shiner,Actinopterygii,Cypriniformes,Leuciscidae,N,T,Yes,2007
Graves,Umbra limi,Central Mudminnow,Actinopterygii,Esociformes,Esocidae,N,T,Yes,2021
Graves,Etheostoma chienense,Relict Darter,Actinopterygii,Perciformes,Percidae,T,E,Yes,2023
Graves,Etheostoma lynceum,Brighteye Darter,Actinopterygii,Perciformes,Percidae,N,E,Yes,2025
Graves,Etheostoma parvipinne,Goldstripe Darter,Actinopterygii,Perciformes,Percidae,N,E,Yes,2022
Graves,Etheostoma proeliare,Cypress Darter,Actinopterygii,Perciformes,Percidae,N,T,Yes,2016
Graves,Etheostoma pyrrhogaster,Firebelly Darter,Actinopterygii,Perciformes,Percidae,N,E,Yes,2023
Graves,Etheostoma swaini,Gulf Darter,Actinopterygii,Perciformes,Percidae,N,E,Yes,2025
Graves,Etheostoma xanthovum,Clarks Darter,Actinopterygii,Perciformes,Percidae,N,S,No,2022
Graves,Noturus hildebrandi,Least Madtom,Actinopterygii,Siluriformes,Ictaluridae,N,E,Yes,2025
Graves,Noturus phaeus,Brown Madtom,Actinopterygii,Siluriformes,Ictaluridae,N,E,Yes,2025
Graves,Lithobates areolatus circulosus,Northern Crawfish Frog,Amphibia,Anura,Ranidae,N,S,Yes,2014
Graves,Amphiuma tridactylum,Three-toed Amphiuma,Amphibia,Caudata,Amphiumidae,N,E,Yes,2024
Graves,Eurycea guttolineata,Three-lined Salamander,Amphibia,Caudata,Plethodontidae,N,T,Yes,2020
Graves,Haliaeetus leucocephalus,Bald Eagle,Aves,Accipitriformes,Accipitridae,N,S,Yes,2017
Graves,Ictinia mississippiensis,Mississippi Kite,Aves,Accipitriformes,Accipitridae,N,S,No,2004
Graves,Spatula discors,Blue-winged Teal,Aves,Anseriformes,Anatidae,N,T,No,1996
Graves,Gallinula galeata,Common Gallinule,Aves,Gruiformes,Rallidae,N,T,Yes,2004
Graves,Corvus ossifragus,Fish Crow,Aves,Passeriformes,Corvidae,N,S,No,2009
Graves,Riparia riparia,Bank Swallow,Aves,Passeriformes,Hirundinidae,N,S,Yes,2007
Graves,Lanius ludovicianus,Loggerhead Shrike,Aves,Passeriformes,Laniidae,N,S,Yes,2015
Graves,Centronyx henslowii,Henslow's Sparrow,Aves,Passeriformes,Passerellidae,N,S,Yes,2006
Graves,Peucaea aestivalis,Bachman's Sparrow,Aves,Passeriformes,Passerellidae,N,E,Yes,1996
Graves,Vireo bellii,Bell's Vireo,Aves,Passeriformes,Vireonidae,N,S,Yes,2004
Graves,Ardea alba,Great Egret,Aves,Pelecaniformes,Ardeidae,N,T,Yes,2014
Graves,Egretta caerulea,Little Blue Heron,Aves,Pelecaniformes,Ardeidae,N,E,No,2001
Graves,Nyctanassa violacea,Yellow-crowned Night-heron,Aves,Pelecaniformes,Ardeidae,N,T,Yes,1996
Graves,Podilymbus podiceps,Pied-billed Grebe,Aves,Podicipediformes,Podicipedidae,N,E,Yes,2014
Graves,Tyto furcata,American Barn Owl,Aves,Strigiformes,Tytonidae,N,S,Yes,2022
Graves,Cyprogenia stegaria,Fanshell,Bivalvia,Unionoida,Unionidae,E,E,Yes,1997
Graves,Leaunio lienosus,Little Spectaclecase,Bivalvia,Unionoida,Unionidae,N,T,Yes,1985
Graves,Lacunicambarus chimera,Crawzilla Crawdad,Malacostraca,Decapoda,Cambaridae,N,S,Yes,2025
Graves,Procambarus viaeviridis,Vernal Crayfish,Malacostraca,Decapoda,Cambaridae,N,T,Yes,2000
Graves,Perimyotis subflavus,Tricolored Bat,Mammalia,Chiroptera,Vespertilionidae,PE,T,Yes,1990
Graves,Peromyscus gossypinus,Cotton Mouse,Mammalia,Rodentia,Cricetidae,N,T,Yes,2015
Graves,Ichthyomyzon castaneus,Chestnut Lamprey,Petromyzontida,Petromyzontiformes,Petromyzontidae,N,S,Yes,2022
Graves,Ichthyomyzon gagei,Southern Brook Lamprey,Petromyzontida,Petromyzontiformes,Petromyzontidae,N,E,Yes,2022
Graves,Clonophis kirtlandii,Kirtland's Snake,Reptilia,Squamata,Colubridae,N,T,Yes,2023
Graves,Farancia abacura reinwardtii,Western Mudsnake,Reptilia,Squamata,Colubridae,N,S,Yes,2024
Graves,Thamnophis saurita saurita,Eastern Ribbonsnake,Reptilia,Squamata,Colubridae,N,S,Yes,2023
Graves,Plestiodon anthracinus,Coal Skink,Reptilia,Squamata,Scincidae,N,E,Yes,2020
Graves,Aspidoscelis sexlineatus,Six-lined Racerunner,Reptilia,Squamata,Teiidae,N,S,Yes,2006
Grayson,Erimyzon sucetta,Lake Chubsucker,Actinopterygii,Cypriniformes,Catostomidae,N,T,Yes,1959
Grayson,Ictiobus niger,Black Buffalo,Actinopterygii,Cypriniformes,Catostomidae,N,S,Yes,1959
Grayson,Noturus exilis,Slender Madtom,Actinopterygii,Siluriformes,Ictaluridae,N,E,Yes,1959
Grayson,Cryptobranchus alleganiensis alleganiensis,Eastern Hellbender,Amphibia,Caudata,Cryptobranchidae,PE,S,Yes,2000
Grayson,Accipiter striatus,Sharp-shinned Hawk,Aves,Accipitriformes,Accipitridae,N,S,Yes,2014
Grayson,Circus hudsonius,Northern Harrier,Aves,Accipitriformes,Accipitridae,N,T,Yes,2013
Grayson,Haliaeetus leucocephalus,Bald Eagle,Aves,Accipitriformes,Accipitridae,N,S,Yes,2021
Grayson,Pandion haliaetus,Osprey,Aves,Accipitriformes,Pandionidae,N,S,Yes,2002
Grayson,Actitis macularius,Spotted Sandpiper,Aves,Charadriiformes,Scolopacidae,N,E,Yes,2003
Grayson,Falco peregrinus,Peregrine Falcon,Aves,Falconiformes,Falconidae,N,E,Yes,2006
Grayson,Pheucticus ludovicianus,Rose-breasted Grosbeak,Aves,Passeriformes,Cardinalidae,N,S,No,2004
Grayson,Lanius ludovicianus,Loggerhead Shrike,Aves,Passeriformes,Laniidae,N,S,Yes,2016
Grayson,Centronyx henslowii,Henslow's Sparrow,Aves,Passeriformes,Passerellidae,N,S,Yes,1996
Grayson,Junco hyemalis,Dark-eyed Junco,Aves,Passeriformes,Passerellidae,N,S,No,2003
Grayson,Passerculus sandwichensis,Savannah Sparrow,Aves,Passeriformes,Passerellidae,N,S,Yes,2012
Grayson,Thryomanes bewickii,Bewick's Wren,Aves,Passeriformes,Troglodytidae,N,H,Yes,1996
Grayson,Nyctanassa violacea,Yellow-crowned Night-heron,Aves,Pelecaniformes,Ardeidae,N,T,Yes,1996
Grayson,Podilymbus podiceps,Pied-billed Grebe,Aves,Podicipediformes,Podicipedidae,N,E,Yes,2014
Grayson,Asio flammeus,Short-eared Owl,Aves,Strigiformes,Strigidae,N,E,Yes,2013
Grayson,Tyto furcata,American Barn Owl,Aves,Strigiformes,Tytonidae,N,S,Yes,2022
Grayson,Alasmidonta viridis,Slippershell Mussel,Bivalvia,Unionoida,Unionidae,N,S,Yes,1986
Grayson,Anodontoides ferussacianus,Cylindrical Papershell,Bivalvia,Unionoida,Unionidae,N,S,Yes,2001
Grayson,Elliptio crassidens,Elephantear,Bivalvia,Unionoida,Unionidae,N,S,Yes,1993
Grayson,Epioblasma rangiana,Northern Riffleshell,Bivalvia,Unionoida,Unionidae,E,E,Yes,2013
Grayson,Epioblasma triquetra,Snuffbox,Bivalvia,Unionoida,Unionidae,E,E,Yes,1993
Grayson,Fusconaia subrotunda,Longsolid,Bivalvia,Unionoida,Unionidae,T,T,Yes,2013
Grayson,Leaunio lienosus,Little Spectaclecase,Bivalvia,Unionoida,Unionidae,N,T,Yes,2001
Grayson,Leaunio ortmanni,Kentucky Creekshell,Bivalvia,Unionoida,Unionidae,N,E,Yes,2020
Grayson,Pleurobema clava,Clubshell,Bivalvia,Unionoida,Unionidae,E,E,Yes,1981
Grayson,Theliderma cylindrica,Rabbitsfoot,Bivalvia,Unionoida,Unionidae,T,E,Yes,2013
Grayson,Faxonius rafinesquei,Rough River Crayfish,Malacostraca,Decapoda,Cambaridae,N,S,Yes,2008
Grayson,Lacunicambarus chimera,Crawzilla Crawdad,Malacostraca,Decapoda,Cambaridae,N,S,Yes,2003
Grayson,Myotis grisescens,Gray Myotis,Mammalia,Chiroptera,Vespertilionidae,E,T,Yes,2015
Grayson,Myotis sodalis,Indiana Bat,Mammalia,Chiroptera,Vespertilionidae,E,E,Yes,1976
Grayson,Perimyotis subflavus,Tricolored Bat,Mammalia,Chiroptera,Vespertilionidae,PE,T,Yes,2008
Grayson,Pantherophis guttatus,Red Cornsnake,Reptilia,Squamata,Colubridae,N,S,Yes,2024
Green,Phenacobius uranops,Stargazing Minnow,Actinopterygii,Cypriniformes,Leuciscidae,N,S,Yes,2023
Green,Ammocrypta clara,Western Sand Darter,Actinopterygii,Perciformes,Percidae,N,E,Yes,1890
Green,Nothonotus maculatus,Spotted Darter,Actinopterygii,Perciformes,Percidae,N,T,Yes,2025
Green,Percina macrocephala,Longhead Darter,Actinopterygii,Perciformes,Percidae,N,E,Yes,2024
Green,Noturus stigmosus,Northern Madtom,Actinopterygii,Siluriformes,Ictaluridae,N,S,Yes,1953
Green,Cryptobranchus alleganiensis alleganiensis,Eastern Hellbender,Amphibia,Caudata,Cryptobranchidae,PE,S,Yes,2023
Green,Haliaeetus leucocephalus,Bald Eagle,Aves,Accipitriformes,Accipitridae,N,S,Yes,2021
Green,Pheucticus ludovicianus,Rose-breasted Grosbeak,Aves,Passeriformes,Cardinalidae,N,S,No,2001
Green,Riparia riparia,Bank Swallow,Aves,Passeriformes,Hirundinidae,N,S,Yes,2003
Green,Dolichonyx oryzivorus,Bobolink,Aves,Passeriformes,Icteridae,N,S,Yes,2005
Green,Lanius ludovicianus,Loggerhead Shrike,Aves,Passeriformes,Laniidae,N,S,Yes,2012
Green,Centronyx henslowii,Henslow's Sparrow,Aves,Passeriformes,Passerellidae,N,S,Yes,2020
Green,Podilymbus podiceps,Pied-billed Grebe,Aves,Podicipediformes,Podicipedidae,N,E,Yes,2012
Green,Tyto furcata,American Barn Owl,Aves,Strigiformes,Tytonidae,N,S,Yes,2022
Green,Alasmidonta marginata,Elktoe,Bivalvia,Unionoida,Unionidae,N,T,Yes,2007
Green,Alasmidonta viridis,Slippershell Mussel,Bivalvia,Unionoida,Unionidae,N,S,Yes,2023
Green,Cyprogenia stegaria,Fanshell,Bivalvia,Unionoida,Unionidae,E,E,Yes,2019
Green,Elliptio crassidens,Elephantear,Bivalvia,Unionoida,Unionidae,N,S,Yes,2016
Green,Epioblasma rangiana,Northern Riffleshell,Bivalvia,Unionoida,Unionidae,E,E,Yes,1908
Green,Epioblasma triquetra,Snuffbox,Bivalvia,Unionoida,Unionidae,E,E,Yes,2023
Green,Fusconaia subrotunda,Longsolid,Bivalvia,Unionoida,Unionidae,T,T,Yes,2019
Green,Lampsilis ovata,Pocketbook,Bivalvia,Unionoida,Unionidae,N,E,Yes,2020
Green,Leaunio lienosus,Little Spectaclecase,Bivalvia,Unionoida,Unionidae,N,T,Yes,1983
Green,Ligumia recta,Black Sandshell,Bivalvia,Unionoida,Unionidae,N,S,Yes,2006
Green,Obovaria subrotunda,Round Hickorynut,Bivalvia,Unionoida,Unionidae,T,T,Yes,1984
Green,Pleurobema clava,Clubshell,Bivalvia,Unionoida,Unionidae,E,E,Yes,2025
Green,Pleurobema plenum,Rough Pigtoe,Bivalvia,Unionoida,Unionidae,E,E,Yes,1998
Green,Theliderma cylindrica,Rabbitsfoot,Bivalvia,Unionoida,Unionidae,T,E,Yes,2025
Green,Toxolasma lividum,Purple Lilliput,Bivalvia,Unionoida,Unionidae,N,E,Yes,2025
Green,Barbicambarus cornutus,Bottlebrush Crayfish,Malacostraca,Decapoda,Cambaridae,N,S,Yes,2025
Green,Orconectes inermis inermis,Ghost Crayfish,Malacostraca,Decapoda,Cambaridae,N,S,Yes,2009
Green,Myotis grisescens,Gray Myotis,Mammalia,Chiroptera,Vespertilionidae,E,T,Yes,2025
Green,Myotis lucifugus,Little Brown Bat,Mammalia,Chiroptera,Vespertilionidae,N,T,Yes,2002
Green,Myotis septentrionalis,Northern Long-Eared Bat,Mammalia,Chiroptera,Vespertilionidae,E,E,Yes,2004
Green,Perimyotis subflavus,Tricolored Bat,Mammalia,Chiroptera,Vespertilionidae,PE,T,Yes,2025
Green,Ichthyomyzon greeleyi,Mountain Brook Lamprey,Petromyzontida,Petromyzontiformes,Petromyzontidae,N,T,Yes,1968
Green,Lethenteron appendix,American Brook Lamprey,Petromyzontida,Petromyzontiformes,Petromyzontidae,N,T,Yes,1999
Greenup,Ictiobus niger,Black Buffalo,Actinopterygii,Cypriniformes,Catostomidae,N,S,Yes,2023
Greenup,Hudsonius hudsonius,Spottail Shiner,Actinopterygii,Cypriniformes,Leuciscidae,N,S,Yes,2016
Greenup,Percopsis omiscomaycus,Trout-Perch,Actinopterygii,Percopsiformes,Percopsidae,N,S,Yes,2015
Greenup,Dryophytes versicolor,Gray Treefrog,Amphibia,Anura,Hylidae,N,S,Yes,2017
Greenup,Lithobates pipiens,Northern Leopard Frog,Amphibia,Anura,Ranidae,N,S,Yes,2017
Greenup,Cryptobranchus alleganiensis alleganiensis,Eastern Hellbender,Amphibia,Caudata,Cryptobranchidae,PE,S,Yes,2020
Greenup,Accipiter striatus,Sharp-shinned Hawk,Aves,Accipitriformes,Accipitridae,N,S,Yes,2012
Greenup,Haliaeetus leucocephalus,Bald Eagle,Aves,Accipitriformes,Accipitridae,N,S,Yes,2025
Greenup,Pandion haliaetus,Osprey,Aves,Accipitriformes,Pandionidae,N,S,Yes,2013
Greenup,Lophodytes cucullatus,Hooded Merganser,Aves,Anseriformes,Anatidae,N,T,Yes,2014
Greenup,Actitis macularius,Spotted Sandpiper,Aves,Charadriiformes,Scolopacidae,N,E,Yes,2014
Greenup,Falco peregrinus,Peregrine Falcon,Aves,Falconiformes,Falconidae,N,E,Yes,2023
Greenup,Dolichonyx oryzivorus,Bobolink,Aves,Passeriformes,Icteridae,N,S,Yes,2007
Greenup,Junco hyemalis,Dark-eyed Junco,Aves,Passeriformes,Passerellidae,N,S,No,2011
Greenup,Passerculus sandwichensis,Savannah Sparrow,Aves,Passeriformes,Passerellidae,N,S,Yes,2010
Greenup,Cistothorus stellaris,Sedge Wren,Aves,Passeriformes,Troglodytidae,N,S,Yes,2007
Greenup,Ardea alba,Great Egret,Aves,Pelecaniformes,Ardeidae,N,T,Yes,2014
Greenup,Egretta thula,Snowy Egret,Aves,Pelecaniformes,Ardeidae,N,E,No,2007
Greenup,Nyctanassa violacea,Yellow-crowned Night-heron,Aves,Pelecaniformes,Ardeidae,N,T,Yes,1996
Greenup,Nycticorax nycticorax,Black-crowned Night-heron,Aves,Pelecaniformes,Ardeidae,N,T,Yes,2014
Greenup,Podilymbus podiceps,Pied-billed Grebe,Aves,Podicipediformes,Podicipedidae,N,E,Yes,2014
Greenup,Anodontoides ferussacianus,Cylindrical Papershell,Bivalvia,Unionoida,Unionidae,N,S,Yes,1978
Greenup,Cyprogenia stegaria,Fanshell,Bivalvia,Unionoida,Unionidae,E,E,Yes,1988
Greenup,Elliptio crassidens,Elephantear,Bivalvia,Unionoida,Unionidae,N,S,Yes,2019
Greenup,Epioblasma triquetra,Snuffbox,Bivalvia,Unionoida,Unionidae,E,E,Yes,1989
Greenup,Lampsilis ovata,Pocketbook,Bivalvia,Unionoida,Unionidae,N,E,Yes,2025
Greenup,Lasmigona compressa,Creek Heelsplitter,Bivalvia,Unionoida,Unionidae,N,E,Yes,1977
Greenup,Leaunio lienosus,Little Spectaclecase,Bivalvia,Unionoida,Unionidae,N,T,Yes,1978
Greenup,Ligumia recta,Black Sandshell,Bivalvia,Unionoida,Unionidae,N,S,Yes,2025
Greenup,Obovaria retusa,Ring Pink,Bivalvia,Unionoida,Unionidae,E,E,Yes,1999
Greenup,Obovaria subrotunda,Round Hickorynut,Bivalvia,Unionoida,Unionidae,T,T,Yes,2018
Greenup,Plethobasus cyphyus,Sheepnose,Bivalvia,Unionoida,Unionidae,E,E,Yes,2019
Greenup,Pleurobema rubrum,Pyramid Pigtoe,Bivalvia,Unionoida,Unionidae,PT,E,Yes,1929
Greenup,Cambarus sciotensis,Teays River Crayfish,Malacostraca,Decapoda,Cambaridae,N,S,Yes,2005
Greenup,Cambarus theepiensis,Coalfields Crayfish,Malacostraca,Decapoda,Cambaridae,N,S,No,2006
Greenup,Faxonius sanbornii,Sanborn's Crayfish,Malacostraca,Decapoda,Cambaridae,N,S,No,2012
Greenup,Spilogale putorius,Eastern Spotted Skunk,Mammalia,Carnivora,Mephitidae,N,S,Yes,2016
Greenup,Myotis grisescens,Gray Myotis,Mammalia,Chiroptera,Vespertilionidae,E,T,Yes,2004
Greenup,Myotis leibii,Eastern Small-footed Myotis,Mammalia,Chiroptera,Vespertilionidae,N,T,Yes,2007
Greenup,Myotis lucifugus,Little Brown Bat,Mammalia,Chiroptera,Vespertilionidae,N,T,Yes,2004
Greenup,Myotis septentrionalis,Northern Long-Eared Bat,Mammalia,Chiroptera,Vespertilionidae,E,E,Yes,2007
Greenup,Perimyotis subflavus,Tricolored Bat,Mammalia,Chiroptera,Vespertilionidae,PE,T,Yes,2022
Greenup,Ichthyomyzon fossor,Northern Brook Lamprey,Petromyzontida,Petromyzontiformes,Petromyzontidae,N,T,Yes,1986
Greenup,Lethenteron appendix,American Brook Lamprey,Petromyzontida,Petromyzontiformes,Petromyzontidae,N,T,Yes,2012
Greenup,Plestiodon anthracinus,Coal Skink,Reptilia,Squamata,Scincidae,N,E,Yes,1999
Hancock,Ictiobus niger,Black Buffalo,Actinopterygii,Cypriniformes,Catostomidae,N,S,Yes,2024
Hancock,Noturus stigmosus,Northern Madtom,Actinopterygii,Siluriformes,Ictaluridae,N,S,Yes,2016
Hancock,Cryptobranchus alleganiensis alleganiensis,Eastern Hellbender,Amphibia,Caudata,Cryptobranchidae,PE,S,Yes,2000
Hancock,Accipiter striatus,Sharp-shinned Hawk,Aves,Accipitriformes,Accipitridae,N,S,Yes,1996
Hancock,Haliaeetus leucocephalus,Bald Eagle,Aves,Accipitriformes,Accipitridae,N,S,Yes,2023
Hancock,Sternula antillarum athalassos,Interior Least Tern,Aves,Charadriiformes,Laridae,N,E,Yes,2005
Hancock,Riparia riparia,Bank Swallow,Aves,Passeriformes,Hirundinidae,N,S,Yes,1996
Hancock,Lanius ludovicianus,Loggerhead Shrike,Aves,Passeriformes,Laniidae,N,S,Yes,1996
Hancock,Podilymbus podiceps,Pied-billed Grebe,Aves,Podicipediformes,Podicipedidae,N,E,Yes,2012
Hancock,Actinonaias pectorosa,Pheasantshell,Bivalvia,Unionoida,Unionidae,N,S,Yes,1978
Hancock,Cyprogenia stegaria,Fanshell,Bivalvia,Unionoida,Unionidae,E,E,Yes,2015
Hancock,Dromus dromas,Dromedary Pearlymussel,Bivalvia,Unionoida,Unionidae,E,E,Yes,1984
Hancock,Elliptio crassidens,Elephantear,Bivalvia,Unionoida,Unionidae,N,S,Yes,2017
Hancock,Epioblasma capsaeformis,Oyster Mussel,Bivalvia,Unionoida,Unionidae,E,E,Yes,1984
Hancock,Epioblasma triquetra,Snuffbox,Bivalvia,Unionoida,Unionidae,E,E,Yes,1984
Hancock,Fusconaia subrotunda,Longsolid,Bivalvia,Unionoida,Unionidae,T,T,Yes,1982
Hancock,Lampsilis abrupta,Pink Mucket,Bivalvia,Unionoida,Unionidae,E,E,Yes,1975
Hancock,Lampsilis ovata,Pocketbook,Bivalvia,Unionoida,Unionidae,N,E,Yes,2025
Hancock,Ligumia recta,Black Sandshell,Bivalvia,Unionoida,Unionidae,N,S,Yes,2025
Hancock,Obovaria retusa,Ring Pink,Bivalvia,Unionoida,Unionidae,E,E,Yes,2015
Hancock,Plethobasus cooperianus,Orangefoot Pimpleback,Bivalvia,Unionoida,Unionidae,E,E,Yes,1988
Hancock,Plethobasus cyphyus,Sheepnose,Bivalvia,Unionoida,Unionidae,E,E,Yes,2025
Hancock,Pleurobema plenum,Rough Pigtoe,Bivalvia,Unionoida,Unionidae,E,E,Yes,1986
Hancock,Pleurobema rubrum,Pyramid Pigtoe,Bivalvia,Unionoida,Unionidae,PT,E,Yes,2017
Hancock,Theliderma cylindrica,Rabbitsfoot,Bivalvia,Unionoida,Unionidae,T,E,Yes,2025
Hancock,Lacunicambarus chimera,Crawzilla Crawdad,Malacostraca,Decapoda,Cambaridae,N,S,Yes,2001
Hancock,Nerodia erythrogaster neglecta,Copperbelly Watersnake,Reptilia,Squamata,Colubridae,T,T,Yes,2020
Hancock,Thamnophis saurita saurita,Eastern Ribbonsnake,Reptilia,Squamata,Colubridae,N,S,Yes,1997
Hancock,Aspidoscelis sexlineatus,Six-lined Racerunner,Reptilia,Squamata,Teiidae,N,S,Yes,2017
Hardin,Ictiobus niger,Black Buffalo,Actinopterygii,Cypriniformes,Catostomidae,N,S,Yes,1961
Hardin,Phenacobius uranops,Stargazing Minnow,Actinopterygii,Cypriniformes,Leuciscidae,N,S,Yes,1986
Hardin,Lota lota,Burbot,Actinopterygii,Gadiformes,Gadidae,N,S,Yes,1993
Hardin,Atractosteus spatula,Alligator Gar,Actinopterygii,Lepisosteiformes,Lepisosteidae,N,E,Yes,1920
Hardin,Nothonotus maculatus,Spotted Darter,Actinopterygii,Perciformes,Percidae,N,T,Yes,2019
Hardin,Amblyopsis spelaea,Northern Cavefish,Actinopterygii,Percopsiformes,Amblyopsidae,N,S,Yes,1994
Hardin,Noturus stigmosus,Northern Madtom,Actinopterygii,Siluriformes,Ictaluridae,N,S,Yes,1999
Hardin,Dryophytes versicolor,Gray Treefrog,Amphibia,Anura,Hylidae,N,S,Yes,2016
Hardin,Cryptobranchus alleganiensis alleganiensis,Eastern Hellbender,Amphibia,Caudata,Cryptobranchidae,PE,S,Yes,2025
Hardin,Accipiter striatus,Sharp-shinned Hawk,Aves,Accipitriformes,Accipitridae,N,S,Yes,2014
Hardin,Circus hudsonius,Northern Harrier,Aves,Accipitriformes,Accipitridae,N,T,Yes,2014
Hardin,Haliaeetus leucocephalus,Bald Eagle,Aves,Accipitriformes,Accipitridae,N,S,Yes,2021
Hardin,Ictinia mississippiensis,Mississippi Kite,Aves,Accipitriformes,Accipitridae,N,S,No,2004
Hardin,Pandion haliaetus,Osprey,Aves,Accipitriformes,Pandionidae,N,S,Yes,2014
Hardin,Lophodytes cucullatus,Hooded Merganser,Aves,Anseriformes,Anatidae,N,T,Yes,2014
Hardin,Spatula discors,Blue-winged Teal,Aves,Anseriformes,Anatidae,N,T,No,2008
Hardin,Actitis macularius,Spotted Sandpiper,Aves,Charadriiformes,Scolopacidae,N,E,Yes,2014
Hardin,Falco peregrinus,Peregrine Falcon,Aves,Falconiformes,Falconidae,N,E,Yes,2013
Hardin,Fulica americana,American Coot,Aves,Gruiformes,Rallidae,N,E,No,2002
Hardin,Riparia riparia,Bank Swallow,Aves,Passeriformes,Hirundinidae,N,S,Yes,2013
Hardin,Dolichonyx oryzivorus,Bobolink,Aves,Passeriformes,Icteridae,N,S,Yes,2013
Hardin,Lanius ludovicianus,Loggerhead Shrike,Aves,Passeriformes,Laniidae,N,S,Yes,2016
Hardin,Cardellina canadensis,Canada Warbler,Aves,Passeriformes,Parulidae,N,S,Yes,2004
Hardin,Centronyx henslowii,Henslow's Sparrow,Aves,Passeriformes,Passerellidae,N,S,Yes,2007
Hardin,Pooecetes gramineus,Vesper Sparrow,Aves,Passeriformes,Passerellidae,N,E,No,2008
Hardin,Cistothorus stellaris,Sedge Wren,Aves,Passeriformes,Troglodytidae,N,S,Yes,2006
Hardin,Thryomanes bewickii,Bewick's Wren,Aves,Passeriformes,Troglodytidae,N,H,Yes,1996
Hardin,Empidonax minimus,Least Flycatcher,Aves,Passeriformes,Tyrannidae,N,E,Yes,2008
Hardin,Vireo bellii,Bell's Vireo,Aves,Passeriformes,Vireonidae,N,S,Yes,2007
Hardin,Ardea alba,Great Egret,Aves,Pelecaniformes,Ardeidae,N,T,Yes,2014
Hardin,Nycticorax nycticorax,Black-crowned Night-heron,Aves,Pelecaniformes,Ardeidae,N,T,Yes,2013
Hardin,Podilymbus podiceps,Pied-billed Grebe,Aves,Podicipediformes,Podicipedidae,N,E,Yes,2014
Hardin,Tyto furcata,American Barn Owl,Aves,Strigiformes,Tytonidae,N,S,Yes,2016
Hardin,Alasmidonta marginata,Elktoe,Bivalvia,Unionoida,Unionidae,N,T,Yes,2013
Hardin,Alasmidonta viridis,Slippershell Mussel,Bivalvia,Unionoida,Unionidae,N,S,Yes,2021
Hardin,Elliptio crassidens,Elephantear,Bivalvia,Unionoida,Unionidae,N,S,Yes,1929
Hardin,Epioblasma triquetra,Snuffbox,Bivalvia,Unionoida,Unionidae,E,E,Yes,2010
Hardin,Fusconaia subrotunda,Longsolid,Bivalvia,Unionoida,Unionidae,T,T,Yes,2013
Hardin,Lampsilis ovata,Pocketbook,Bivalvia,Unionoida,Unionidae,N,E,Yes,1964
Hardin,Leaunio lienosus,Little Spectaclecase,Bivalvia,Unionoida,Unionidae,N,T,Yes,1993
Hardin,Leaunio ortmanni,Kentucky Creekshell,Bivalvia,Unionoida,Unionidae,N,E,Yes,2021
Hardin,Obovaria retusa,Ring Pink,Bivalvia,Unionoida,Unionidae,E,E,Yes,1975
Hardin,Obovaria subrotunda,Round Hickorynut,Bivalvia,Unionoida,Unionidae,T,T,Yes,2013
Hardin,Pleurobema clava,Clubshell,Bivalvia,Unionoida,Unionidae,E,E,Yes,2006
Hardin,Pleurobema rubrum,Pyramid Pigtoe,Bivalvia,Unionoida,Unionidae,PT,E,Yes,2011
Hardin,Theliderma cylindrica,Rabbitsfoot,Bivalvia,Unionoida,Unionidae,T,E,Yes,2013
Hardin,Barbicambarus cornutus,Bottlebrush Crayfish,Malacostraca,Decapoda,Cambaridae,N,S,Yes,2014
Hardin,Faxonius rafinesquei,Rough River Crayfish,Malacostraca,Decapoda,Cambaridae,N,S,Yes,2005
Hardin,Lacunicambarus chimera,Crawzilla Crawdad,Malacostraca,Decapoda,Cambaridae,N,S,Yes,1982
Hardin,Orconectes inermis inermis,Ghost Crayfish,Malacostraca,Decapoda,Cambaridae,N,S,Yes,2011
Hardin,Myotis austroriparius,Southeastern Myotis,Mammalia,Chiroptera,Vespertilionidae,N,S,Yes,1987
Hardin,Myotis grisescens,Gray Myotis,Mammalia,Chiroptera,Vespertilionidae,E,T,Yes,2023
Hardin,Myotis leibii,Eastern Small-footed Myotis,Mammalia,Chiroptera,Vespertilionidae,N,T,Yes,2022
Hardin,Myotis lucifugus,Little Brown Bat,Mammalia,Chiroptera,Vespertilionidae,N,T,Yes,2023
Hardin,Myotis septentrionalis,Northern Long-Eared Bat,Mammalia,Chiroptera,Vespertilionidae,E,E,Yes,2017
Hardin,Myotis sodalis,Indiana Bat,Mammalia,Chiroptera,Vespertilionidae,E,E,Yes,2024
Hardin,Perimyotis subflavus,Tricolored Bat,Mammalia,Chiroptera,Vespertilionidae,PE,T,Yes,2025
Hardin,Ophisaurus attenuatus longicaudus,Eastern Slender Glass Lizard,Reptilia,Squamata,Anguidae,N,T,Yes,2025
Hardin,Cemophora coccinea,Scarletsnake,Reptilia,Squamata,Colubridae,N,S,Yes,1992
Hardin,Pantherophis guttatus,Red Cornsnake,Reptilia,Squamata,Colubridae,N,S,Yes,2017
Hardin,Tantilla coronata,Southeastern Crowned Snake,Reptilia,Squamata,Colubridae,N,T,Yes,1970
Hardin,Thamnophis saurita saurita,Eastern Ribbonsnake,Reptilia,Squamata,Colubridae,N,S,Yes,1975
Hardin,Aspidoscelis sexlineatus,Six-lined Racerunner,Reptilia,Squamata,Teiidae,N,S,Yes,2011
Harlan,Chrosomus cumberlandensis,Blackside Dace,Actinopterygii,Cypriniformes,Leuciscidae,T,T,Yes,2025
Harlan,Etheostoma sagitta,Cumberland Arrow Darter,Actinopterygii,Perciformes,Percidae,N,S,Yes,2025
Harlan,Etheostoma spilotum,Kentucky Arrow Darter,Actinopterygii,Perciformes,Percidae,T,T,Yes,2022
Harlan,Cryptobranchus alleganiensis alleganiensis,Eastern Hellbender,Amphibia,Caudata,Cryptobranchidae,PE,S,Yes,2019
Harlan,Plethodon pauleyi,Yellow-spotted Woodland Salamander,Amphibia,Caudata,Plethodontidae,N,E,Yes,2026
Harlan,Accipiter striatus,Sharp-shinned Hawk,Aves,Accipitriformes,Accipitridae,N,S,Yes,2008
Harlan,Haliaeetus leucocephalus,Bald Eagle,Aves,Accipitriformes,Accipitridae,N,S,Yes,2018
Harlan,Pandion haliaetus,Osprey,Aves,Accipitriformes,Pandionidae,N,S,Yes,2001
Harlan,Lophodytes cucullatus,Hooded Merganser,Aves,Anseriformes,Anatidae,N,T,Yes,2011
Harlan,Actitis macularius,Spotted Sandpiper,Aves,Charadriiformes,Scolopacidae,N,E,Yes,2005
Harlan,Falco peregrinus,Peregrine Falcon,Aves,Falconiformes,Falconidae,N,E,Yes,2006
Harlan,Pheucticus ludovicianus,Rose-breasted Grosbeak,Aves,Passeriformes,Cardinalidae,N,S,No,2012
Harlan,Corvus corax,Common Raven,Aves,Passeriformes,Corvidae,N,T,Yes,2020
Harlan,Cardellina canadensis,Canada Warbler,Aves,Passeriformes,Parulidae,N,S,Yes,2014
Harlan,Setophaga fusca,Blackburnian Warbler,Aves,Passeriformes,Parulidae,N,T,No,2017
Harlan,Vermivora chrysoptera,Golden-winged Warbler,Aves,Passeriformes,Parulidae,N,E,Yes,2023
Harlan,Junco hyemalis,Dark-eyed Junco,Aves,Passeriformes,Passerellidae,N,S,No,2016
Harlan,Passerculus sandwichensis,Savannah Sparrow,Aves,Passeriformes,Passerellidae,N,S,Yes,2008
Harlan,Sitta canadensis,Red-breasted Nuthatch,Aves,Passeriformes,Sittidae,N,E,No,2007
Harlan,Empidonax minimus,Least Flycatcher,Aves,Passeriformes,Tyrannidae,N,E,Yes,2018
Harlan,Podilymbus podiceps,Pied-billed Grebe,Aves,Podicipediformes,Podicipedidae,N,E,Yes,2014
Harlan,Lampsilis ovata,Pocketbook,Bivalvia,Unionoida,Unionidae,N,E,Yes,1941
Harlan,Cambarus buntingi,Longclaw Crayfish,Malacostraca,Decapoda,Cambaridae,N,T,Yes,2005
Harlan,Cambarus hazardi,Brawny Crayfish,Malacostraca,Decapoda,Cambaridae,N,S,Yes,1979
Harlan,Cambarus parvoculus,Mountain Midget Crayfish,Malacostraca,Decapoda,Cambaridae,N,S,Yes,2008
Harlan,Cambarus taylori,Cutshin Crayfish,Malacostraca,Decapoda,Cambaridae,N,S,Yes,2018
Harlan,Spilogale putorius,Eastern Spotted Skunk,Mammalia,Carnivora,Mephitidae,N,S,Yes,2022
Harlan,Corynorhinus rafinesquii,Rafinesque's Big-eared Bat,Mammalia,Chiroptera,Vespertilionidae,N,S,Yes,2001
Harlan,Myotis grisescens,Gray Myotis,Mammalia,Chiroptera,Vespertilionidae,E,T,Yes,2001
Harlan,Myotis leibii,Eastern Small-footed Myotis,Mammalia,Chiroptera,Vespertilionidae,N,T,Yes,2024
Harlan,Myotis lucifugus,Little Brown Bat,Mammalia,Chiroptera,Vespertilionidae,N,T,Yes,2013
Harlan,Myotis septentrionalis,Northern Long-Eared Bat,Mammalia,Chiroptera,Vespertilionidae,E,E,Yes,2013
Harlan,Myotis sodalis,Indiana Bat,Mammalia,Chiroptera,Vespertilionidae,E,E,Yes,2006
Harlan,Perimyotis subflavus,Tricolored Bat,Mammalia,Chiroptera,Vespertilionidae,PE,T,Yes,2020
Harlan,Sorex cinereus,Cinereus Shrew,Mammalia,Eulipotyphla,Soricidae,N,S,Yes,2020
Harlan,Sorex dispar blitchi,Long-tailed Shrew,Mammalia,Eulipotyphla,Soricidae,N,E,Yes,2019
Harlan,Myodes gapperi maurus,Kentucky Red-backed Vole,Mammalia,Rodentia,Cricetidae,N,S,Yes,2020
Harlan,Pituophis melanoleucus,Eastern Pinesnake,Reptilia,Squamata,Colubridae,N,E,Yes,1925
Harlan,Plestiodon anthracinus,Coal Skink,Reptilia,Squamata,Scincidae,N,E,Yes,1925
Harrison,Ictiobus niger,Black Buffalo,Actinopterygii,Cypriniformes,Catostomidae,N,S,Yes,2013
Harrison,Nothonotus maculatus,Spotted Darter,Actinopterygii,Perciformes,Percidae,N,T,Yes,1892
Harrison,Lithobates pipiens,Northern Leopard Frog,Amphibia,Anura,Ranidae,N,S,Yes,2011
Harrison,Accipiter striatus,Sharp-shinned Hawk,Aves,Accipitriformes,Accipitridae,N,S,Yes,1996
Harrison,Circus hudsonius,Northern Harrier,Aves,Accipitriformes,Accipitridae,N,T,Yes,2010
Harrison,Haliaeetus leucocephalus,Bald Eagle,Aves,Accipitriformes,Accipitridae,N,S,Yes,2021
Harrison,Actitis macularius,Spotted Sandpiper,Aves,Charadriiformes,Scolopacidae,N,E,Yes,2008
Harrison,Fulica americana,American Coot,Aves,Gruiformes,Rallidae,N,E,No,2006
Harrison,Lanius ludovicianus,Loggerhead Shrike,Aves,Passeriformes,Laniidae,N,S,Yes,2007
Harrison,Vermivora chrysoptera,Golden-winged Warbler,Aves,Passeriformes,Parulidae,N,E,Yes,2005
Harrison,Centronyx henslowii,Henslow's Sparrow,Aves,Passeriformes,Passerellidae,N,S,Yes,2008
Harrison,Chondestes grammacus,Lark Sparrow,Aves,Passeriformes,Passerellidae,N,S,No,1997
Harrison,Pooecetes gramineus,Vesper Sparrow,Aves,Passeriformes,Passerellidae,N,E,No,2008
Harrison,Thryomanes bewickii,Bewick's Wren,Aves,Passeriformes,Troglodytidae,N,H,Yes,2007
Harrison,Nycticorax nycticorax,Black-crowned Night-heron,Aves,Pelecaniformes,Ardeidae,N,T,Yes,1998
Harrison,Tyto furcata,American Barn Owl,Aves,Strigiformes,Tytonidae,N,S,Yes,2019
Harrison,Alasmidonta marginata,Elktoe,Bivalvia,Unionoida,Unionidae,N,T,Yes,2025
Harrison,Alasmidonta viridis,Slippershell Mussel,Bivalvia,Unionoida,Unionidae,N,S,Yes,2025
Harrison,Anodontoides ferussacianus,Cylindrical Papershell,Bivalvia,Unionoida,Unionidae,N,S,Yes,2008
Harrison,Cyprogenia stegaria,Fanshell,Bivalvia,Unionoida,Unionidae,E,E,Yes,2006
Harrison,Elliptio crassidens,Elephantear,Bivalvia,Unionoida,Unionidae,N,S,Yes,2006
Harrison,Fusconaia subrotunda,Longsolid,Bivalvia,Unionoida,Unionidae,T,T,Yes,2006
Harrison,Lampsilis ovata,Pocketbook,Bivalvia,Unionoida,Unionidae,N,E,Yes,2021
Harrison,Pleurobema clava,Clubshell,Bivalvia,Unionoida,Unionidae,E,E,Yes,2000
Harrison,Simpsonaias ambigua,Salamander Mussel,Bivalvia,Unionoida,Unionidae,N,T,Yes,2004
Harrison,Theliderma cylindrica,Rabbitsfoot,Bivalvia,Unionoida,Unionidae,T,E,Yes,2021
Harrison,Myotis lucifugus,Little Brown Bat,Mammalia,Chiroptera,Vespertilionidae,N,T,Yes,2020
Harrison,Myotis sodalis,Indiana Bat,Mammalia,Chiroptera,Vespertilionidae,E,E,Yes,2023
Harrison,Perimyotis subflavus,Tricolored Bat,Mammalia,Chiroptera,Vespertilionidae,PE,T,Yes,2013
Hart,Hybopsis amnis,Pallid Shiner,Actinopterygii,Cypriniformes,Leuciscidae,N,E,Yes,1986
Hart,Phenacobius uranops,Stargazing Minnow,Actinopterygii,Cypriniformes,Leuciscidae,N,S,Yes,2023
Hart,Ammocrypta clara,Western Sand Darter,Actinopterygii,Perciformes,Percidae,N,E,Yes,2019
Hart,Nothonotus maculatus,Spotted Darter,Actinopterygii,Perciformes,Percidae,N,T,Yes,2023
Hart,Percina macrocephala,Longhead Darter,Actinopterygii,Perciformes,Percidae,N,E,Yes,2014
Hart,Amblyopsis spelaea,Northern Cavefish,Actinopterygii,Percopsiformes,Amblyopsidae,N,S,Yes,1970
Hart,Typhlichthys subterraneus,Southern Cavefish,Actinopterygii,Percopsiformes,Amblyopsidae,N,S,Yes,1994
Hart,Cryptobranchus alleganiensis alleganiensis,Eastern Hellbender,Amphibia,Caudata,Cryptobranchidae,PE,S,Yes,2023
Hart,Accipiter striatus,Sharp-shinned Hawk,Aves,Accipitriformes,Accipitridae,N,S,Yes,2014
Hart,Circus hudsonius,Northern Harrier,Aves,Accipitriformes,Accipitridae,N,T,Yes,2012
Hart,Haliaeetus leucocephalus,Bald Eagle,Aves,Accipitriformes,Accipitridae,N,S,Yes,2021
Hart,Pandion haliaetus,Osprey,Aves,Accipitriformes,Pandionidae,N,S,Yes,2013
Hart,Lophodytes cucullatus,Hooded Merganser,Aves,Anseriformes,Anatidae,N,T,Yes,2014
Hart,Actitis macularius,Spotted Sandpiper,Aves,Charadriiformes,Scolopacidae,N,E,Yes,2014
Hart,Falco peregrinus,Peregrine Falcon,Aves,Falconiformes,Falconidae,N,E,Yes,2014
Hart,Gallinula galeata,Common Gallinule,Aves,Gruiformes,Rallidae,N,T,Yes,2013
Hart,Pheucticus ludovicianus,Rose-breasted Grosbeak,Aves,Passeriformes,Cardinalidae,N,S,No,2007
Hart,Riparia riparia,Bank Swallow,Aves,Passeriformes,Hirundinidae,N,S,Yes,2010
Hart,Dolichonyx oryzivorus,Bobolink,Aves,Passeriformes,Icteridae,N,S,Yes,2015
Hart,Lanius ludovicianus,Loggerhead Shrike,Aves,Passeriformes,Laniidae,N,S,Yes,2017
Hart,Cardellina canadensis,Canada Warbler,Aves,Passeriformes,Parulidae,N,S,Yes,2016
Hart,Vermivora chrysoptera,Golden-winged Warbler,Aves,Passeriformes,Parulidae,N,E,Yes,2007
Hart,Centronyx henslowii,Henslow's Sparrow,Aves,Passeriformes,Passerellidae,N,S,Yes,2015
Hart,Passerculus sandwichensis,Savannah Sparrow,Aves,Passeriformes,Passerellidae,N,S,Yes,2016
Hart,Pooecetes gramineus,Vesper Sparrow,Aves,Passeriformes,Passerellidae,N,E,No,2015
Hart,Thryomanes bewickii,Bewick's Wren,Aves,Passeriformes,Troglodytidae,N,H,Yes,1996
Hart,Empidonax minimus,Least Flycatcher,Aves,Passeriformes,Tyrannidae,N,E,Yes,2012
Hart,Vireo bellii,Bell's Vireo,Aves,Passeriformes,Vireonidae,N,S,Yes,2012
Hart,Ardea alba,Great Egret,Aves,Pelecaniformes,Ardeidae,N,T,Yes,2014
Hart,Botaurus lentiginosus,American Bittern,Aves,Pelecaniformes,Ardeidae,N,H,Yes,2015
Hart,Bubulcus ibis,Cattle Egret,Aves,Pelecaniformes,Ardeidae,N,S,No,2004
Hart,Nycticorax nycticorax,Black-crowned Night-heron,Aves,Pelecaniformes,Ardeidae,N,T,Yes,2007
Hart,Podilymbus podiceps,Pied-billed Grebe,Aves,Podicipediformes,Podicipedidae,N,E,Yes,2013
Hart,Tyto furcata,American Barn Owl,Aves,Strigiformes,Tytonidae,N,S,Yes,2022
Hart,Phalacrocorax auritus,Double-crested Cormorant,Aves,Suliformes,Phalacrocoracidae,N,S,No,2006
Hart,Cumberlandia monodonta,Spectaclecase,Bivalvia,Unionoida,Margaritiferidae,E,E,Yes,2014
Hart,Alasmidonta marginata,Elktoe,Bivalvia,Unionoida,Unionidae,N,T,Yes,2024
Hart,Alasmidonta viridis,Slippershell Mussel,Bivalvia,Unionoida,Unionidae,N,S,Yes,2015
Hart,Cyprogenia stegaria,Fanshell,Bivalvia,Unionoida,Unionidae,E,E,Yes,2025
Hart,Elliptio crassidens,Elephantear,Bivalvia,Unionoida,Unionidae,N,S,Yes,2025
Hart,Epioblasma obliquata,Catspaw,Bivalvia,Unionoida,Unionidae,E,E,Yes,2024
Hart,Epioblasma rangiana,Northern Riffleshell,Bivalvia,Unionoida,Unionidae,E,E,Yes,2013
Hart,Epioblasma triquetra,Snuffbox,Bivalvia,Unionoida,Unionidae,E,E,Yes,1996
Hart,Fusconaia subrotunda,Longsolid,Bivalvia,Unionoida,Unionidae,T,T,Yes,2025
Hart,Lampsilis abrupta,Pink Mucket,Bivalvia,Unionoida,Unionidae,E,E,Yes,2025
Hart,Lampsilis ovata,Pocketbook,Bivalvia,Unionoida,Unionidae,N,E,Yes,2025
Hart,Leaunio lienosus,Little Spectaclecase,Bivalvia,Unionoida,Unionidae,N,T,Yes,1986
Hart,Leaunio ortmanni,Kentucky Creekshell,Bivalvia,Unionoida,Unionidae,N,E,Yes,2025
Hart,Leaunio vanuxemensis,Mountain Creekshell,Bivalvia,Unionoida,Unionidae,N,E,Yes,1971
Hart,Ligumia recta,Black Sandshell,Bivalvia,Unionoida,Unionidae,N,S,Yes,2025
Hart,Obovaria retusa,Ring Pink,Bivalvia,Unionoida,Unionidae,E,E,Yes,2014
Hart,Obovaria subrotunda,Round Hickorynut,Bivalvia,Unionoida,Unionidae,T,T,Yes,2003
Hart,Plethobasus cyphyus,Sheepnose,Bivalvia,Unionoida,Unionidae,E,E,Yes,2025
Hart,Pleurobema clava,Clubshell,Bivalvia,Unionoida,Unionidae,E,E,Yes,2022
Hart,Pleurobema plenum,Rough Pigtoe,Bivalvia,Unionoida,Unionidae,E,E,Yes,2024
Hart,Pleurobema rubrum,Pyramid Pigtoe,Bivalvia,Unionoida,Unionidae,PT,E,Yes,2019
Hart,Ptychobranchus subtentus,Fluted Kidneyshell,Bivalvia,Unionoida,Unionidae,E,E,Yes,1970
Hart,Simpsonaias ambigua,Salamander Mussel,Bivalvia,Unionoida,Unionidae,N,T,Yes,1961
Hart,Theliderma cylindrica,Rabbitsfoot,Bivalvia,Unionoida,Unionidae,T,E,Yes,2024
Hart,Barbicambarus cornutus,Bottlebrush Crayfish,Malacostraca,Decapoda,Cambaridae,N,S,Yes,2023
Hart,Lacunicambarus chimera,Crawzilla Crawdad,Malacostraca,Decapoda,Cambaridae,N,S,Yes,2024
Hart,Orconectes inermis inermis,Ghost Crayfish,Malacostraca,Decapoda,Cambaridae,N,S,Yes,2011
Hart,Orconectes pellucidus,Mammoth Cave Crayfish,Malacostraca,Decapoda,Cambaridae,N,S,Yes,2003
Hart,Corynorhinus rafinesquii,Rafinesque's Big-eared Bat,Mammalia,Chiroptera,Vespertilionidae,N,S,Yes,2025
Hart,Myotis austroriparius,Southeastern Myotis,Mammalia,Chiroptera,Vespertilionidae,N,S,Yes,1987
Hart,Myotis grisescens,Gray Myotis,Mammalia,Chiroptera,Vespertilionidae,E,T,Yes,2025
Hart,Myotis leibii,Eastern Small-footed Myotis,Mammalia,Chiroptera,Vespertilionidae,N,T,Yes,2024
Hart,Myotis lucifugus,Little Brown Bat,Mammalia,Chiroptera,Vespertilionidae,N,T,Yes,2025
Hart,Myotis septentrionalis,Northern Long-Eared Bat,Mammalia,Chiroptera,Vespertilionidae,E,E,Yes,2023
Hart,Myotis sodalis,Indiana Bat,Mammalia,Chiroptera,Vespertilionidae,E,E,Yes,2025
Hart,Perimyotis subflavus,Tricolored Bat,Mammalia,Chiroptera,Vespertilionidae,PE,T,Yes,2025
Hart,Lethenteron appendix,American Brook Lamprey,Petromyzontida,Petromyzontiformes,Petromyzontidae,N,T,Yes,2004
Hart,Ophisaurus attenuatus longicaudus,Eastern Slender Glass Lizard,Reptilia,Squamata,Anguidae,N,T,Yes,2025
Hart,Pantherophis guttatus,Red Cornsnake,Reptilia,Squamata,Colubridae,N,S,Yes,2025
Hart,Pituophis melanoleucus,Eastern Pinesnake,Reptilia,Squamata,Colubridae,N,E,Yes,1989
Hart,Tantilla coronata,Southeastern Crowned Snake,Reptilia,Squamata,Colubridae,N,T,Yes,2002
Hart,Plestiodon inexpectatus,Southeastern Five-lined Skink,Reptilia,Squamata,Scincidae,N,S,Yes,1971
Hart,Aspidoscelis sexlineatus,Six-lined Racerunner,Reptilia,Squamata,Teiidae,N,S,Yes,2011
Henderson,Menidia audens,Mississippi Silverside,Actinopterygii,Atheriniformes,Atherinopsidae,N,T,No,2010
Henderson,Erimyzon sucetta,Lake Chubsucker,Actinopterygii,Cypriniformes,Catostomidae,N,T,Yes,1980
Henderson,Ictiobus niger,Black Buffalo,Actinopterygii,Cypriniformes,Catostomidae,N,S,Yes,2022
Henderson,Lithobates areolatus circulosus,Northern Crawfish Frog,Amphibia,Anura,Ranidae,N,S,Yes,2017
Henderson,Cryptobranchus alleganiensis alleganiensis,Eastern Hellbender,Amphibia,Caudata,Cryptobranchidae,PE,S,Yes,1972
Henderson,Accipiter striatus,Sharp-shinned Hawk,Aves,Accipitriformes,Accipitridae,N,S,Yes,2014
Henderson,Circus hudsonius,Northern Harrier,Aves,Accipitriformes,Accipitridae,N,T,Yes,2014
Henderson,Haliaeetus leucocephalus,Bald Eagle,Aves,Accipitriformes,Accipitridae,N,S,Yes,2023
Henderson,Ictinia mississippiensis,Mississippi Kite,Aves,Accipitriformes,Accipitridae,N,S,No,2006
Henderson,Pandion haliaetus,Osprey,Aves,Accipitriformes,Pandionidae,N,S,Yes,2014
Henderson,Lophodytes cucullatus,Hooded Merganser,Aves,Anseriformes,Anatidae,N,T,Yes,2014
Henderson,Spatula clypeata,Northern Shoveler,Aves,Anseriformes,Anatidae,N,E,No,2015
Henderson,Spatula discors,Blue-winged Teal,Aves,Anseriformes,Anatidae,N,T,No,2015
Henderson,Sternula antillarum athalassos,Interior Least Tern,Aves,Charadriiformes,Laridae,N,E,Yes,2014
Henderson,Actitis macularius,Spotted Sandpiper,Aves,Charadriiformes,Scolopacidae,N,E,Yes,2014
Henderson,Bartramia longicauda,Upland Sandpiper,Aves,Charadriiformes,Scolopacidae,N,H,Yes,2005
Henderson,Falco peregrinus,Peregrine Falcon,Aves,Falconiformes,Falconidae,N,E,Yes,2013
Henderson,Fulica americana,American Coot,Aves,Gruiformes,Rallidae,N,E,No,2015
Henderson,Gallinula galeata,Common Gallinule,Aves,Gruiformes,Rallidae,N,T,Yes,2013
Henderson,Rallus elegans,King Rail,Aves,Gruiformes,Rallidae,N,E,Yes,2007
Henderson,Pheucticus ludovicianus,Rose-breasted Grosbeak,Aves,Passeriformes,Cardinalidae,N,S,No,2007
Henderson,Certhia americana,Brown Creeper,Aves,Passeriformes,Certhiidae,N,T,No,1996
Henderson,Corvus ossifragus,Fish Crow,Aves,Passeriformes,Corvidae,N,S,No,2007
Henderson,Riparia riparia,Bank Swallow,Aves,Passeriformes,Hirundinidae,N,S,Yes,2014
Henderson,Dolichonyx oryzivorus,Bobolink,Aves,Passeriformes,Icteridae,N,S,Yes,2013
Henderson,Lanius ludovicianus,Loggerhead Shrike,Aves,Passeriformes,Laniidae,N,S,Yes,2016
Henderson,Cardellina canadensis,Canada Warbler,Aves,Passeriformes,Parulidae,N,S,Yes,2014
Henderson,Setophaga fusca,Blackburnian Warbler,Aves,Passeriformes,Parulidae,N,T,No,2002
Henderson,Vermivora chrysoptera,Golden-winged Warbler,Aves,Passeriformes,Parulidae,N,E,Yes,2014
Henderson,Centronyx henslowii,Henslow's Sparrow,Aves,Passeriformes,Passerellidae,N,S,Yes,2011
Henderson,Chondestes grammacus,Lark Sparrow,Aves,Passeriformes,Passerellidae,N,S,No,2008
Henderson,Junco hyemalis,Dark-eyed Junco,Aves,Passeriformes,Passerellidae,N,S,No,2012
Henderson,Passerculus sandwichensis,Savannah Sparrow,Aves,Passeriformes,Passerellidae,N,S,Yes,2014
Henderson,Pooecetes gramineus,Vesper Sparrow,Aves,Passeriformes,Passerellidae,N,E,No,2008
Henderson,Sitta canadensis,Red-breasted Nuthatch,Aves,Passeriformes,Sittidae,N,E,No,2009
Henderson,Cistothorus stellaris,Sedge Wren,Aves,Passeriformes,Troglodytidae,N,S,Yes,2013
Henderson,Empidonax minimus,Least Flycatcher,Aves,Passeriformes,Tyrannidae,N,E,Yes,2014
Henderson,Vireo bellii,Bell's Vireo,Aves,Passeriformes,Vireonidae,N,S,Yes,2014
Henderson,Ardea alba,Great Egret,Aves,Pelecaniformes,Ardeidae,N,T,Yes,2014
Henderson,Botaurus lentiginosus,American Bittern,Aves,Pelecaniformes,Ardeidae,N,H,Yes,2014
Henderson,Bubulcus ibis,Cattle Egret,Aves,Pelecaniformes,Ardeidae,N,S,No,2010
Henderson,Egretta caerulea,Little Blue Heron,Aves,Pelecaniformes,Ardeidae,N,E,No,2006
Henderson,Egretta thula,Snowy Egret,Aves,Pelecaniformes,Ardeidae,N,E,No,2008
Henderson,Ixobrychus exilis,Least Bittern,Aves,Pelecaniformes,Ardeidae,N,T,Yes,2015
Henderson,Nyctanassa violacea,Yellow-crowned Night-heron,Aves,Pelecaniformes,Ardeidae,N,T,Yes,2011
Henderson,Nycticorax nycticorax,Black-crowned Night-heron,Aves,Pelecaniformes,Ardeidae,N,T,Yes,2011
Henderson,Podilymbus podiceps,Pied-billed Grebe,Aves,Podicipediformes,Podicipedidae,N,E,Yes,2014
Henderson,Asio flammeus,Short-eared Owl,Aves,Strigiformes,Strigidae,N,E,Yes,2014
Henderson,Tyto furcata,American Barn Owl,Aves,Strigiformes,Tytonidae,N,S,Yes,2022
Henderson,Phalacrocorax auritus,Double-crested Cormorant,Aves,Suliformes,Phalacrocoracidae,N,S,No,2007
Henderson,Elliptio crassidens,Elephantear,Bivalvia,Unionoida,Unionidae,N,S,Yes,2021
Henderson,Fusconaia subrotunda,Longsolid,Bivalvia,Unionoida,Unionidae,T,T,Yes,2018
Henderson,Lampsilis ovata,Pocketbook,Bivalvia,Unionoida,Unionidae,N,E,Yes,2021
Henderson,Leaunio lienosus,Little Spectaclecase,Bivalvia,Unionoida,Unionidae,N,T,Yes,2017
Henderson,Ligumia recta,Black Sandshell,Bivalvia,Unionoida,Unionidae,N,S,Yes,2024
Henderson,Obovaria subrotunda,Round Hickorynut,Bivalvia,Unionoida,Unionidae,T,T,Yes,1908
Henderson,Plethobasus cyphyus,Sheepnose,Bivalvia,Unionoida,Unionidae,E,E,Yes,2017
Henderson,Pleurobema rubrum,Pyramid Pigtoe,Bivalvia,Unionoida,Unionidae,PT,E,Yes,2018
Henderson,Potamilus capax,Fat Pocketbook,Bivalvia,Unionoida,Unionidae,E,T,Yes,2018
Henderson,Theliderma cylindrica,Rabbitsfoot,Bivalvia,Unionoida,Unionidae,T,E,Yes,1982
Henderson,Lacunicambarus chimera,Crawzilla Crawdad,Malacostraca,Decapoda,Cambaridae,N,S,Yes,2024
Henderson,Myotis lucifugus,Little Brown Bat,Mammalia,Chiroptera,Vespertilionidae,N,T,Yes,2001
Henderson,Myotis septentrionalis,Northern Long-Eared Bat,Mammalia,Chiroptera,Vespertilionidae,E,E,Yes,2007
Henderson,Myotis sodalis,Indiana Bat,Mammalia,Chiroptera,Vespertilionidae,E,E,Yes,2023
Henderson,Perimyotis subflavus,Tricolored Bat,Mammalia,Chiroptera,Vespertilionidae,PE,T,Yes,2011
Henderson,Sorex cinereus,Cinereus Shrew,Mammalia,Eulipotyphla,Soricidae,N,S,Yes,2002
Henderson,Farancia abacura reinwardtii,Western Mudsnake,Reptilia,Squamata,Colubridae,N,S,Yes,2014
Henderson,Nerodia erythrogaster neglecta,Copperbelly Watersnake,Reptilia,Squamata,Colubridae,T,T,Yes,2025
Henderson,Thamnophis saurita saurita,Eastern Ribbonsnake,Reptilia,Squamata,Colubridae,N,S,Yes,2023
Henry,Ictiobus niger,Black Buffalo,Actinopterygii,Cypriniformes,Catostomidae,N,S,Yes,2013
Henry,Lota lota,Burbot,Actinopterygii,Gadiformes,Gadidae,N,S,Yes,1986
Henry,Lithobates pipiens,Northern Leopard Frog,Amphibia,Anura,Ranidae,N,S,Yes,2015
Henry,Cryptobranchus alleganiensis alleganiensis,Eastern Hellbender,Amphibia,Caudata,Cryptobranchidae,PE,S,Yes,2024
Henry,Accipiter striatus,Sharp-shinned Hawk,Aves,Accipitriformes,Accipitridae,N,S,Yes,2001
Henry,Circus hudsonius,Northern Harrier,Aves,Accipitriformes,Accipitridae,N,T,Yes,1982
Henry,Haliaeetus leucocephalus,Bald Eagle,Aves,Accipitriformes,Accipitridae,N,S,Yes,2021
Henry,Pandion haliaetus,Osprey,Aves,Accipitriformes,Pandionidae,N,S,Yes,1953
Henry,Dolichonyx oryzivorus,Bobolink,Aves,Passeriformes,Icteridae,N,S,Yes,2009
Henry,Lanius ludovicianus,Loggerhead Shrike,Aves,Passeriformes,Laniidae,N,S,Yes,2022
Henry,Passerculus sandwichensis,Savannah Sparrow,Aves,Passeriformes,Passerellidae,N,S,Yes,2013
Henry,Peucaea aestivalis,Bachman's Sparrow,Aves,Passeriformes,Passerellidae,N,E,Yes,1984
Henry,Botaurus lentiginosus,American Bittern,Aves,Pelecaniformes,Ardeidae,N,H,Yes,2002
Henry,Nycticorax nycticorax,Black-crowned Night-heron,Aves,Pelecaniformes,Ardeidae,N,T,Yes,2010
Henry,Tyto furcata,American Barn Owl,Aves,Strigiformes,Tytonidae,N,S,Yes,2022
Henry,Myotis lucifugus,Little Brown Bat,Mammalia,Chiroptera,Vespertilionidae,N,T,Yes,2013
Henry,Myotis sodalis,Indiana Bat,Mammalia,Chiroptera,Vespertilionidae,E,E,Yes,2015
Henry,Perimyotis subflavus,Tricolored Bat,Mammalia,Chiroptera,Vespertilionidae,PE,T,Yes,2016
Hickman,Scaphirhynchus albus,Pallid Sturgeon,Actinopterygii,Acipenseriformes,Acipenseridae,E,E,Yes,2004
Hickman,Menidia audens,Mississippi Silverside,Actinopterygii,Atheriniformes,Atherinopsidae,N,T,No,2009
Hickman,Lepomis marginatus,Dollar Sunfish,Actinopterygii,Centrarchiformes,Centrarchidae,N,E,Yes,2022
Hickman,Lepomis miniatus,Redspotted Sunfish,Actinopterygii,Centrarchiformes,Centrarchidae,N,T,Yes,2020
Hickman,Erimyzon sucetta,Lake Chubsucker,Actinopterygii,Cypriniformes,Catostomidae,N,T,Yes,2020
Hickman,Ictiobus niger,Black Buffalo,Actinopterygii,Cypriniformes,Catostomidae,N,S,Yes,2019
Hickman,Campostoma pullum,Finescale Stoneroller,Actinopterygii,Cypriniformes,Leuciscidae,N,S,No,2017
Hickman,Cyprinella camura,Bluntface Shiner,Actinopterygii,Cypriniformes,Leuciscidae,N,E,Yes,1986
Hickman,Cyprinella venusta,Blacktail Shiner,Actinopterygii,Cypriniformes,Leuciscidae,N,S,Yes,2022
Hickman,Hybognathus hayi,Cypress Minnow,Actinopterygii,Cypriniformes,Leuciscidae,N,E,Yes,2009
Hickman,Macrhybopsis gelida,Sturgeon Chub,Actinopterygii,Cypriniformes,Leuciscidae,N,E,Yes,2000
Hickman,Macrhybopsis meeki,Sicklefin Chub,Actinopterygii,Cypriniformes,Leuciscidae,N,E,Yes,1999
Hickman,Notropis maculatus,Taillight Shiner,Actinopterygii,Cypriniformes,Leuciscidae,N,T,Yes,2022
Hickman,Fundulus dispar,Starhead Topminnow,Actinopterygii,Cyprinodontiformes,Fundulidae,N,E,Yes,1986
Hickman,Esox niger,Chain Pickerel,Actinopterygii,Esociformes,Esocidae,N,S,Yes,1986
Hickman,Umbra limi,Central Mudminnow,Actinopterygii,Esociformes,Esocidae,N,T,Yes,2020
Hickman,Etheostoma chienense,Relict Darter,Actinopterygii,Perciformes,Percidae,T,E,Yes,2019
Hickman,Etheostoma proeliare,Cypress Darter,Actinopterygii,Perciformes,Percidae,N,T,Yes,2016
Hickman,Lithobates areolatus circulosus,Northern Crawfish Frog,Amphibia,Anura,Ranidae,N,S,Yes,1963
Hickman,Amphiuma tridactylum,Three-toed Amphiuma,Amphibia,Caudata,Amphiumidae,N,E,Yes,2025
Hickman,Accipiter striatus,Sharp-shinned Hawk,Aves,Accipitriformes,Accipitridae,N,S,Yes,2010
Hickman,Circus hudsonius,Northern Harrier,Aves,Accipitriformes,Accipitridae,N,T,Yes,2010
Hickman,Haliaeetus leucocephalus,Bald Eagle,Aves,Accipitriformes,Accipitridae,N,S,Yes,2023
Hickman,Ictinia mississippiensis,Mississippi Kite,Aves,Accipitriformes,Accipitridae,N,S,No,2009
Hickman,Lophodytes cucullatus,Hooded Merganser,Aves,Anseriformes,Anatidae,N,T,Yes,2005
Hickman,Sternula antillarum athalassos,Interior Least Tern,Aves,Charadriiformes,Laridae,N,E,Yes,2020
Hickman,Falco peregrinus,Peregrine Falcon,Aves,Falconiformes,Falconidae,N,E,Yes,2001
Hickman,Certhia americana,Brown Creeper,Aves,Passeriformes,Certhiidae,N,T,No,1951
Hickman,Corvus ossifragus,Fish Crow,Aves,Passeriformes,Corvidae,N,S,No,2010
Hickman,Riparia riparia,Bank Swallow,Aves,Passeriformes,Hirundinidae,N,S,Yes,2002
Hickman,Lanius ludovicianus,Loggerhead Shrike,Aves,Passeriformes,Laniidae,N,S,Yes,2016
Hickman,Junco hyemalis,Dark-eyed Junco,Aves,Passeriformes,Passerellidae,N,S,No,1951
Hickman,Sitta canadensis,Red-breasted Nuthatch,Aves,Passeriformes,Sittidae,N,E,No,1951
Hickman,Ardea alba,Great Egret,Aves,Pelecaniformes,Ardeidae,N,T,Yes,2013
Hickman,Egretta caerulea,Little Blue Heron,Aves,Pelecaniformes,Ardeidae,N,E,No,2009
Hickman,Egretta thula,Snowy Egret,Aves,Pelecaniformes,Ardeidae,N,E,No,2000
Hickman,Nyctanassa violacea,Yellow-crowned Night-heron,Aves,Pelecaniformes,Ardeidae,N,T,Yes,2001
Hickman,Tyto furcata,American Barn Owl,Aves,Strigiformes,Tytonidae,N,S,Yes,2019
Hickman,Phalacrocorax auritus,Double-crested Cormorant,Aves,Suliformes,Phalacrocoracidae,N,S,No,2010
Hickman,Lampsilis abrupta,Pink Mucket,Bivalvia,Unionoida,Unionidae,E,E,Yes,2001
Hickman,Lampsilis hydiana,Louisiana Fatmucket,Bivalvia,Unionoida,Unionidae,N,S,Yes,2025
Hickman,Leaunio lienosus,Little Spectaclecase,Bivalvia,Unionoida,Unionidae,N,T,Yes,2010
Hickman,Ligumia recta,Black Sandshell,Bivalvia,Unionoida,Unionidae,N,S,Yes,1988
Hickman,Potamilus purpuratus,Bleufer,Bivalvia,Unionoida,Unionidae,N,E,Yes,2025
Hickman,Macrochelys temminckii,Alligator Snapping Turtle,Chelonia,Testudines,Chelydridae,PT,E,Yes,2002
Hickman,Chrysemys dorsalis,Southern Painted Turtle,Chelonia,Testudines,Emydidae,N,T,Yes,1995
Hickman,Cambarellus shufeldtii,Cajun Dwarf Crayfish,Malacostraca,Decapoda,Cambaridae,N,S,Yes,2006
Hickman,Faxonius lancifer,Shrimp Crayfish,Malacostraca,Decapoda,Cambaridae,N,E,Yes,2005
Hickman,Faxonius palmeri palmeri,Gray-speckled Crayfish,Malacostraca,Decapoda,Cambaridae,N,E,Yes,2006
Hickman,Lacunicambarus chimera,Crawzilla Crawdad,Malacostraca,Decapoda,Cambaridae,N,S,Yes,2025
Hickman,Lacunicambarus ludovicianus,Painted Devil Crayfish,Malacostraca,Decapoda,Cambaridae,N,T,No,2025
Hickman,Procambarus viaeviridis,Vernal Crayfish,Malacostraca,Decapoda,Cambaridae,N,T,Yes,2005
Hickman,Corynorhinus rafinesquii,Rafinesque's Big-eared Bat,Mammalia,Chiroptera,Vespertilionidae,N,S,Yes,2003
Hickman,Myotis austroriparius,Southeastern Myotis,Mammalia,Chiroptera,Vespertilionidae,N,S,Yes,1990
Hickman,Myotis septentrionalis,Northern Long-Eared Bat,Mammalia,Chiroptera,Vespertilionidae,E,E,Yes,2005
Hickman,Myotis sodalis,Indiana Bat,Mammalia,Chiroptera,Vespertilionidae,E,E,Yes,2003
Hickman,Perimyotis subflavus,Tricolored Bat,Mammalia,Chiroptera,Vespertilionidae,PE,T,Yes,2004
Hickman,Peromyscus gossypinus,Cotton Mouse,Mammalia,Rodentia,Cricetidae,N,T,Yes,1978
Hickman,Ichthyomyzon castaneus,Chestnut Lamprey,Petromyzontida,Petromyzontiformes,Petromyzontidae,N,S,Yes,1986
Hickman,Farancia abacura reinwardtii,Western Mudsnake,Reptilia,Squamata,Colubridae,N,S,Yes,2025
Hickman,Nerodia cyclopion,Mississippi Green Watersnake,Reptilia,Squamata,Colubridae,N,E,Yes,2012
Hickman,Thamnophis saurita saurita,Eastern Ribbonsnake,Reptilia,Squamata,Colubridae,N,S,Yes,2023
Hickman,Aspidoscelis sexlineatus,Six-lined Racerunner,Reptilia,Squamata,Teiidae,N,S,Yes,2005
Hopkins,Lepomis miniatus,Redspotted Sunfish,Actinopterygii,Centrarchiformes,Centrarchidae,N,T,Yes,1999
Hopkins,Erimyzon sucetta,Lake Chubsucker,Actinopterygii,Cypriniformes,Catostomidae,N,T,Yes,2010
Hopkins,Ictiobus niger,Black Buffalo,Actinopterygii,Cypriniformes,Catostomidae,N,S,Yes,1982
Hopkins,Hybognathus hayi,Cypress Minnow,Actinopterygii,Cypriniformes,Leuciscidae,N,E,Yes,1984
Hopkins,Lithobates areolatus circulosus,Northern Crawfish Frog,Amphibia,Anura,Ranidae,N,S,Yes,2016
Hopkins,Accipiter striatus,Sharp-shinned Hawk,Aves,Accipitriformes,Accipitridae,N,S,Yes,2014
Hopkins,Circus hudsonius,Northern Harrier,Aves,Accipitriformes,Accipitridae,N,T,Yes,2014
Hopkins,Haliaeetus leucocephalus,Bald Eagle,Aves,Accipitriformes,Accipitridae,N,S,Yes,2023
Hopkins,Pandion haliaetus,Osprey,Aves,Accipitriformes,Pandionidae,N,S,Yes,2018
Hopkins,Lophodytes cucullatus,Hooded Merganser,Aves,Anseriformes,Anatidae,N,T,Yes,2014
Hopkins,Spatula discors,Blue-winged Teal,Aves,Anseriformes,Anatidae,N,T,No,2018
Hopkins,Fulica americana,American Coot,Aves,Gruiformes,Rallidae,N,E,No,2018
Hopkins,Gallinula galeata,Common Gallinule,Aves,Gruiformes,Rallidae,N,T,Yes,2018
Hopkins,Certhia americana,Brown Creeper,Aves,Passeriformes,Certhiidae,N,T,No,2000
Hopkins,Riparia riparia,Bank Swallow,Aves,Passeriformes,Hirundinidae,N,S,Yes,1998
Hopkins,Dolichonyx oryzivorus,Bobolink,Aves,Passeriformes,Icteridae,N,S,Yes,2006
Hopkins,Lanius ludovicianus,Loggerhead Shrike,Aves,Passeriformes,Laniidae,N,S,Yes,1996
Hopkins,Centronyx henslowii,Henslow's Sparrow,Aves,Passeriformes,Passerellidae,N,S,Yes,2008
Hopkins,Junco hyemalis,Dark-eyed Junco,Aves,Passeriformes,Passerellidae,N,S,No,2008
Hopkins,Passerculus sandwichensis,Savannah Sparrow,Aves,Passeriformes,Passerellidae,N,S,Yes,2014
Hopkins,Sitta canadensis,Red-breasted Nuthatch,Aves,Passeriformes,Sittidae,N,E,No,1999
Hopkins,Cistothorus stellaris,Sedge Wren,Aves,Passeriformes,Troglodytidae,N,S,Yes,2012
Hopkins,Vireo bellii,Bell's Vireo,Aves,Passeriformes,Vireonidae,N,S,Yes,2000
Hopkins,Ardea alba,Great Egret,Aves,Pelecaniformes,Ardeidae,N,T,Yes,2018
Hopkins,Botaurus lentiginosus,American Bittern,Aves,Pelecaniformes,Ardeidae,N,H,Yes,2018
Hopkins,Bubulcus ibis,Cattle Egret,Aves,Pelecaniformes,Ardeidae,N,S,No,2013
Hopkins,Egretta thula,Snowy Egret,Aves,Pelecaniformes,Ardeidae,N,E,No,2016
Hopkins,Ixobrychus exilis,Least Bittern,Aves,Pelecaniformes,Ardeidae,N,T,Yes,2018
Hopkins,Nyctanassa violacea,Yellow-crowned Night-heron,Aves,Pelecaniformes,Ardeidae,N,T,Yes,2006
Hopkins,Podilymbus podiceps,Pied-billed Grebe,Aves,Podicipediformes,Podicipedidae,N,E,Yes,2018
Hopkins,Asio flammeus,Short-eared Owl,Aves,Strigiformes,Strigidae,N,E,Yes,2014
Hopkins,Tyto furcata,American Barn Owl,Aves,Strigiformes,Tytonidae,N,S,Yes,2022
Hopkins,Phalacrocorax auritus,Double-crested Cormorant,Aves,Suliformes,Phalacrocoracidae,N,S,No,2018
Hopkins,Faxonius kentuckiensis,Kentucky Crayfish,Malacostraca,Decapoda,Cambaridae,N,T,Yes,2005
Hopkins,Faxonius rafinesquei,Rough River Crayfish,Malacostraca,Decapoda,Cambaridae,N,S,Yes,2002
Hopkins,Lacunicambarus chimera,Crawzilla Crawdad,Malacostraca,Decapoda,Cambaridae,N,S,Yes,2018
Hopkins,Myotis grisescens,Gray Myotis,Mammalia,Chiroptera,Vespertilionidae,E,T,Yes,1992
Hopkins,Myotis lucifugus,Little Brown Bat,Mammalia,Chiroptera,Vespertilionidae,N,T,Yes,2012
Hopkins,Myotis septentrionalis,Northern Long-Eared Bat,Mammalia,Chiroptera,Vespertilionidae,E,E,Yes,1992
Hopkins,Perimyotis subflavus,Tricolored Bat,Mammalia,Chiroptera,Vespertilionidae,PE,T,Yes,1991
Hopkins,Cemophora coccinea,Scarletsnake,Reptilia,Squamata,Colubridae,N,S,Yes,1955
Hopkins,Farancia abacura reinwardtii,Western Mudsnake,Reptilia,Squamata,Colubridae,N,S,Yes,2017
Hopkins,Nerodia erythrogaster neglecta,Copperbelly Watersnake,Reptilia,Squamata,Colubridae,T,T,Yes,2023
Hopkins,Tantilla coronata,Southeastern Crowned Snake,Reptilia,Squamata,Colubridae,N,T,Yes,2005
Hopkins,Thamnophis saurita saurita,Eastern Ribbonsnake,Reptilia,Squamata,Colubridae,N,S,Yes,2023
Hopkins,Aspidoscelis sexlineatus,Six-lined Racerunner,Reptilia,Squamata,Teiidae,N,S,Yes,2013
Jackson,Allohistium maydeni,Redlips Darter,Actinopterygii,Perciformes,Percidae,N,S,Yes,2016
Jackson,Etheostoma spilotum,Kentucky Arrow Darter,Actinopterygii,Perciformes,Percidae,T,T,Yes,2008
Jackson,Percina squamata,Olive Darter,Actinopterygii,Perciformes,Percidae,N,E,Yes,2009
Jackson,Haliaeetus leucocephalus,Bald Eagle,Aves,Accipitriformes,Accipitridae,N,S,Yes,2022
Jackson,Pandion haliaetus,Osprey,Aves,Accipitriformes,Pandionidae,N,S,Yes,2012
Jackson,Vermivora chrysoptera,Golden-winged Warbler,Aves,Passeriformes,Parulidae,N,E,Yes,2003
Jackson,Centronyx henslowii,Henslow's Sparrow,Aves,Passeriformes,Passerellidae,N,S,Yes,1996
Jackson,Podilymbus podiceps,Pied-billed Grebe,Aves,Podicipediformes,Podicipedidae,N,E,Yes,2010
Jackson,Actinonaias pectorosa,Pheasantshell,Bivalvia,Unionoida,Unionidae,N,S,Yes,2003
Jackson,Alasmidonta marginata,Elktoe,Bivalvia,Unionoida,Unionidae,N,T,Yes,1995
Jackson,Alasmidonta viridis,Slippershell Mussel,Bivalvia,Unionoida,Unionidae,N,S,Yes,2017
Jackson,Anodontoides denigratus,Cumberland Papershell,Bivalvia,Unionoida,Unionidae,N,E,Yes,1991
Jackson,Cambarunio taeniatus,Painted Creekshell,Bivalvia,Unionoida,Unionidae,N,S,Yes,2022
Jackson,Elliptio crassidens,Elephantear,Bivalvia,Unionoida,Unionidae,N,S,Yes,1982
Jackson,Epioblasma brevidens,Cumberlandian Combshell,Bivalvia,Unionoida,Unionidae,E,E,Yes,2008
Jackson,Lampsilis ovata,Pocketbook,Bivalvia,Unionoida,Unionidae,N,E,Yes,1987
Jackson,Leaunio vanuxemensis,Mountain Creekshell,Bivalvia,Unionoida,Unionidae,N,E,Yes,1998
Jackson,Ligumia recta,Black Sandshell,Bivalvia,Unionoida,Unionidae,N,S,Yes,1992
Jackson,Medionidus conradicus,Cumberland Moccasinshell,Bivalvia,Unionoida,Unionidae,N,E,Yes,2010
Jackson,Pegias fabula,Littlewing Pearlymussel,Bivalvia,Unionoida,Unionidae,E,E,Yes,2010
Jackson,Pleurobema oviforme,Tennessee Clubshell,Bivalvia,Unionoida,Unionidae,N,E,Yes,2017
Jackson,Ptychobranchus subtentus,Fluted Kidneyshell,Bivalvia,Unionoida,Unionidae,E,E,Yes,2003
Jackson,Toxolasma lividum,Purple Lilliput,Bivalvia,Unionoida,Unionidae,N,E,Yes,2010
Jackson,Venustaconcha troostensis,Cumberland Bean,Bivalvia,Unionoida,Unionidae,E,E,Yes,2010
Jackson,Cambarus guenteri,Redbird Crayfish,Malacostraca,Decapoda,Cambaridae,N,S,Yes,2013
Jackson,Cambarus hazardi,Brawny Crayfish,Malacostraca,Decapoda,Cambaridae,N,S,Yes,1998
Jackson,Corynorhinus rafinesquii,Rafinesque's Big-eared Bat,Mammalia,Chiroptera,Vespertilionidae,N,S,Yes,2026
Jackson,Corynorhinus townsendii virginianus,Virginia Big-eared Bat,Mammalia,Chiroptera,Vespertilionidae,E,E,Yes,2026
Jackson,Myotis grisescens,Gray Myotis,Mammalia,Chiroptera,Vespertilionidae,E,T,Yes,2018
Jackson,Myotis leibii,Eastern Small-footed Myotis,Mammalia,Chiroptera,Vespertilionidae,N,T,Yes,2026
Jackson,Myotis lucifugus,Little Brown Bat,Mammalia,Chiroptera,Vespertilionidae,N,T,Yes,2026
Jackson,Myotis septentrionalis,Northern Long-Eared Bat,Mammalia,Chiroptera,Vespertilionidae,E,E,Yes,2026
Jackson,Myotis sodalis,Indiana Bat,Mammalia,Chiroptera,Vespertilionidae,E,E,Yes,2026
Jackson,Perimyotis subflavus,Tricolored Bat,Mammalia,Chiroptera,Vespertilionidae,PE,T,Yes,2026
Jackson,Ichthyomyzon fossor,Northern Brook Lamprey,Petromyzontida,Petromyzontiformes,Petromyzontidae,N,T,Yes,1999
Jackson,Ichthyomyzon greeleyi,Mountain Brook Lamprey,Petromyzontida,Petromyzontiformes,Petromyzontidae,N,T,Yes,2024
Jackson,Lethenteron appendix,American Brook Lamprey,Petromyzontida,Petromyzontiformes,Petromyzontidae,N,T,Yes,1998
Jefferson,Alosa alabamae,Alabama Shad,Actinopterygii,Clupeiformes,Alosidae,N,E,Yes,1987
Jefferson,Ictiobus niger,Black Buffalo,Actinopterygii,Cypriniformes,Catostomidae,N,S,Yes,2021
Jefferson,Lota lota,Burbot,Actinopterygii,Gadiformes,Gadidae,N,S,Yes,1875
Jefferson,Percopsis omiscomaycus,Trout-Perch,Actinopterygii,Percopsiformes,Percopsidae,N,S,Yes,1986
Jefferson,Noturus stigmosus,Northern Madtom,Actinopterygii,Siluriformes,Ictaluridae,N,S,Yes,2023
Jefferson,Cryptobranchus alleganiensis alleganiensis,Eastern Hellbender,Amphibia,Caudata,Cryptobranchidae,PE,S,Yes,1972
Jefferson,Accipiter striatus,Sharp-shinned Hawk,Aves,Accipitriformes,Accipitridae,N,S,Yes,2014
Jefferson,Circus hudsonius,Northern Harrier,Aves,Accipitriformes,Accipitridae,N,T,Yes,2014
Jefferson,Haliaeetus leucocephalus,Bald Eagle,Aves,Accipitriformes,Accipitridae,N,S,Yes,2021
Jefferson,Ictinia mississippiensis,Mississippi Kite,Aves,Accipitriformes,Accipitridae,N,S,No,2002
Jefferson,Pandion haliaetus,Osprey,Aves,Accipitriformes,Pandionidae,N,S,Yes,2017
Jefferson,Lophodytes cucullatus,Hooded Merganser,Aves,Anseriformes,Anatidae,N,T,Yes,2014
Jefferson,Spatula clypeata,Northern Shoveler,Aves,Anseriformes,Anatidae,N,E,No,2007
Jefferson,Spatula discors,Blue-winged Teal,Aves,Anseriformes,Anatidae,N,T,No,2008
Jefferson,Sternula antillarum athalassos,Interior Least Tern,Aves,Charadriiformes,Laridae,N,E,Yes,2008
Jefferson,Actitis macularius,Spotted Sandpiper,Aves,Charadriiformes,Scolopacidae,N,E,Yes,2014
Jefferson,Bartramia longicauda,Upland Sandpiper,Aves,Charadriiformes,Scolopacidae,N,H,Yes,2006
Jefferson,Falco peregrinus,Peregrine Falcon,Aves,Falconiformes,Falconidae,N,E,Yes,2023
Jefferson,Fulica americana,American Coot,Aves,Gruiformes,Rallidae,N,E,No,2007
Jefferson,Rallus elegans,King Rail,Aves,Gruiformes,Rallidae,N,E,Yes,2000
Jefferson,Pheucticus ludovicianus,Rose-breasted Grosbeak,Aves,Passeriformes,Cardinalidae,N,S,No,2001
Jefferson,Certhia americana,Brown Creeper,Aves,Passeriformes,Certhiidae,N,T,No,2011
Jefferson,Riparia riparia,Bank Swallow,Aves,Passeriformes,Hirundinidae,N,S,Yes,2014
Jefferson,Dolichonyx oryzivorus,Bobolink,Aves,Passeriformes,Icteridae,N,S,Yes,2012
Jefferson,Lanius ludovicianus,Loggerhead Shrike,Aves,Passeriformes,Laniidae,N,S,Yes,2012
Jefferson,Cardellina canadensis,Canada Warbler,Aves,Passeriformes,Parulidae,N,S,Yes,2014
Jefferson,Setophaga fusca,Blackburnian Warbler,Aves,Passeriformes,Parulidae,N,T,No,2011
Jefferson,Vermivora chrysoptera,Golden-winged Warbler,Aves,Passeriformes,Parulidae,N,E,Yes,2014
Jefferson,Centronyx henslowii,Henslow's Sparrow,Aves,Passeriformes,Passerellidae,N,S,Yes,2008
Jefferson,Junco hyemalis,Dark-eyed Junco,Aves,Passeriformes,Passerellidae,N,S,No,2011
Jefferson,Passerculus sandwichensis,Savannah Sparrow,Aves,Passeriformes,Passerellidae,N,S,Yes,2014
Jefferson,Peucaea aestivalis,Bachman's Sparrow,Aves,Passeriformes,Passerellidae,N,E,Yes,1950
Jefferson,Pooecetes gramineus,Vesper Sparrow,Aves,Passeriformes,Passerellidae,N,E,No,2008
Jefferson,Sitta canadensis,Red-breasted Nuthatch,Aves,Passeriformes,Sittidae,N,E,No,2011
Jefferson,Cistothorus stellaris,Sedge Wren,Aves,Passeriformes,Troglodytidae,N,S,Yes,2012
Jefferson,Thryomanes bewickii,Bewick's Wren,Aves,Passeriformes,Troglodytidae,N,H,Yes,2007
Jefferson,Empidonax minimus,Least Flycatcher,Aves,Passeriformes,Tyrannidae,N,E,Yes,2014
Jefferson,Vireo bellii,Bell's Vireo,Aves,Passeriformes,Vireonidae,N,S,Yes,2014
Jefferson,Ardea alba,Great Egret,Aves,Pelecaniformes,Ardeidae,N,T,Yes,2014
Jefferson,Botaurus lentiginosus,American Bittern,Aves,Pelecaniformes,Ardeidae,N,H,Yes,2023
Jefferson,Bubulcus ibis,Cattle Egret,Aves,Pelecaniformes,Ardeidae,N,S,No,2013
Jefferson,Egretta caerulea,Little Blue Heron,Aves,Pelecaniformes,Ardeidae,N,E,No,1996
Jefferson,Egretta thula,Snowy Egret,Aves,Pelecaniformes,Ardeidae,N,E,No,2008
Jefferson,Ixobrychus exilis,Least Bittern,Aves,Pelecaniformes,Ardeidae,N,T,Yes,2011
Jefferson,Nyctanassa violacea,Yellow-crowned Night-heron,Aves,Pelecaniformes,Ardeidae,N,T,Yes,2013
Jefferson,Nycticorax nycticorax,Black-crowned Night-heron,Aves,Pelecaniformes,Ardeidae,N,T,Yes,2014
Jefferson,Podilymbus podiceps,Pied-billed Grebe,Aves,Podicipediformes,Podicipedidae,N,E,Yes,2014
Jefferson,Asio flammeus,Short-eared Owl,Aves,Strigiformes,Strigidae,N,E,Yes,2007
Jefferson,Asio otus,Long-eared Owl,Aves,Strigiformes,Strigidae,N,E,Yes,1991
Jefferson,Tyto furcata,American Barn Owl,Aves,Strigiformes,Tytonidae,N,S,Yes,2022
Jefferson,Phalacrocorax auritus,Double-crested Cormorant,Aves,Suliformes,Phalacrocoracidae,N,S,No,2007
Jefferson,Alasmidonta marginata,Elktoe,Bivalvia,Unionoida,Unionidae,N,T,Yes,1966
Jefferson,Alasmidonta viridis,Slippershell Mussel,Bivalvia,Unionoida,Unionidae,N,S,Yes,2023
Jefferson,Anodontoides ferussacianus,Cylindrical Papershell,Bivalvia,Unionoida,Unionidae,N,S,Yes,1966
Jefferson,Cyprogenia stegaria,Fanshell,Bivalvia,Unionoida,Unionidae,E,E,Yes,1966
Jefferson,Elliptio crassidens,Elephantear,Bivalvia,Unionoida,Unionidae,N,S,Yes,2017
Jefferson,Fusconaia subrotunda,Longsolid,Bivalvia,Unionoida,Unionidae,T,T,Yes,1966
Jefferson,Lampsilis abrupta,Pink Mucket,Bivalvia,Unionoida,Unionidae,E,E,Yes,2003
Jefferson,Lampsilis ovata,Pocketbook,Bivalvia,Unionoida,Unionidae,N,E,Yes,2017
Jefferson,Ligumia recta,Black Sandshell,Bivalvia,Unionoida,Unionidae,N,S,Yes,2019
Jefferson,Obovaria retusa,Ring Pink,Bivalvia,Unionoida,Unionidae,E,E,Yes,1966
Jefferson,Plethobasus cooperianus,Orangefoot Pimpleback,Bivalvia,Unionoida,Unionidae,E,E,Yes,1909
Jefferson,Plethobasus cyphyus,Sheepnose,Bivalvia,Unionoida,Unionidae,E,E,Yes,2017
Jefferson,Pleurobema clava,Clubshell,Bivalvia,Unionoida,Unionidae,E,E,Yes,1993
Jefferson,Pleurobema rubrum,Pyramid Pigtoe,Bivalvia,Unionoida,Unionidae,PT,E,Yes,1966
Jefferson,Simpsonaias ambigua,Salamander Mussel,Bivalvia,Unionoida,Unionidae,N,T,Yes,2005
Jefferson,Faxonius jeffersoni,Louisville Crayfish,Malacostraca,Decapoda,Cambaridae,N,E,Yes,2010
Jefferson,Lacunicambarus chimera,Crawzilla Crawdad,Malacostraca,Decapoda,Cambaridae,N,S,Yes,2004
Jefferson,Mustela nivalis,Least Weasel,Mammalia,Carnivora,Mustelidae,N,S,Yes,2011
Jefferson,Myotis grisescens,Gray Myotis,Mammalia,Chiroptera,Vespertilionidae,E,T,Yes,2007
Jefferson,Myotis lucifugus,Little Brown Bat,Mammalia,Chiroptera,Vespertilionidae,N,T,Yes,2007
Jefferson,Myotis septentrionalis,Northern Long-Eared Bat,Mammalia,Chiroptera,Vespertilionidae,E,E,Yes,2008
Jefferson,Myotis sodalis,Indiana Bat,Mammalia,Chiroptera,Vespertilionidae,E,E,Yes,1999
Jefferson,Perimyotis subflavus,Tricolored Bat,Mammalia,Chiroptera,Vespertilionidae,PE,T,Yes,2020
Jefferson,Cemophora coccinea,Scarletsnake,Reptilia,Squamata,Colubridae,N,S,Yes,1987
Jefferson,Clonophis kirtlandii,Kirtland's Snake,Reptilia,Squamata,Colubridae,N,T,Yes,2025
Jefferson,Nerodia erythrogaster neglecta,Copperbelly Watersnake,Reptilia,Squamata,Colubridae,T,T,Yes,1932
Jefferson,Tantilla coronata,Southeastern Crowned Snake,Reptilia,Squamata,Colubridae,N,T,Yes,2011
Jessamine,Lithobates pipiens,Northern Leopard Frog,Amphibia,Anura,Ranidae,N,S,Yes,1981
Jessamine,Cryptobranchus alleganiensis alleganiensis,Eastern Hellbender,Amphibia,Caudata,Cryptobranchidae,PE,S,Yes,2018
Jessamine,Accipiter striatus,Sharp-shinned Hawk,Aves,Accipitriformes,Accipitridae,N,S,Yes,2012
Jessamine,Circus hudsonius,Northern Harrier,Aves,Accipitriformes,Accipitridae,N,T,Yes,2013
Jessamine,Haliaeetus leucocephalus,Bald Eagle,Aves,Accipitriformes,Accipitridae,N,S,Yes,2014
Jessamine,Lophodytes cucullatus,Hooded Merganser,Aves,Anseriformes,Anatidae,N,T,Yes,2014
Jessamine,Spatula clypeata,Northern Shoveler,Aves,Anseriformes,Anatidae,N,E,No,2007
Jessamine,Spatula discors,Blue-winged Teal,Aves,Anseriformes,Anatidae,N,T,No,2005
Jessamine,Actitis macularius,Spotted Sandpiper,Aves,Charadriiformes,Scolopacidae,N,E,Yes,1991
Jessamine,Falco peregrinus,Peregrine Falcon,Aves,Falconiformes,Falconidae,N,E,Yes,2007
Jessamine,Fulica americana,American Coot,Aves,Gruiformes,Rallidae,N,E,No,2014
Jessamine,Pheucticus ludovicianus,Rose-breasted Grosbeak,Aves,Passeriformes,Cardinalidae,N,S,No,2024
Jessamine,Certhia americana,Brown Creeper,Aves,Passeriformes,Certhiidae,N,T,No,2007
Jessamine,Dolichonyx oryzivorus,Bobolink,Aves,Passeriformes,Icteridae,N,S,Yes,2014
Jessamine,Lanius ludovicianus,Loggerhead Shrike,Aves,Passeriformes,Laniidae,N,S,Yes,2016
Jessamine,Centronyx henslowii,Henslow's Sparrow,Aves,Passeriformes,Passerellidae,N,S,Yes,2006
Jessamine,Junco hyemalis,Dark-eyed Junco,Aves,Passeriformes,Passerellidae,N,S,No,2024
Jessamine,Passerculus sandwichensis,Savannah Sparrow,Aves,Passeriformes,Passerellidae,N,S,Yes,2014
Jessamine,Sitta canadensis,Red-breasted Nuthatch,Aves,Passeriformes,Sittidae,N,E,No,2007
Jessamine,Cistothorus stellaris,Sedge Wren,Aves,Passeriformes,Troglodytidae,N,S,Yes,2006
Jessamine,Thryomanes bewickii,Bewick's Wren,Aves,Passeriformes,Troglodytidae,N,H,Yes,2003
Jessamine,Empidonax minimus,Least Flycatcher,Aves,Passeriformes,Tyrannidae,N,E,Yes,2014
Jessamine,Ardea alba,Great Egret,Aves,Pelecaniformes,Ardeidae,N,T,Yes,1984
Jessamine,Nycticorax nycticorax,Black-crowned Night-heron,Aves,Pelecaniformes,Ardeidae,N,T,Yes,2006
Jessamine,Podilymbus podiceps,Pied-billed Grebe,Aves,Podicipediformes,Podicipedidae,N,E,Yes,2013
Jessamine,Asio flammeus,Short-eared Owl,Aves,Strigiformes,Strigidae,N,E,Yes,1977
Jessamine,Tyto furcata,American Barn Owl,Aves,Strigiformes,Tytonidae,N,S,Yes,2010
Jessamine,Phalacrocorax auritus,Double-crested Cormorant,Aves,Suliformes,Phalacrocoracidae,N,S,No,2002
Jessamine,Alasmidonta viridis,Slippershell Mussel,Bivalvia,Unionoida,Unionidae,N,S,Yes,1990
Jessamine,Cyprogenia stegaria,Fanshell,Bivalvia,Unionoida,Unionidae,E,E,Yes,1998
Jessamine,Elliptio crassidens,Elephantear,Bivalvia,Unionoida,Unionidae,N,S,Yes,1982
Jessamine,Obovaria subrotunda,Round Hickorynut,Bivalvia,Unionoida,Unionidae,T,T,Yes,2025
Jessamine,Theliderma cylindrica,Rabbitsfoot,Bivalvia,Unionoida,Unionidae,T,E,Yes,1982
Jessamine,Mustela nivalis,Least Weasel,Mammalia,Carnivora,Mustelidae,N,S,Yes,1990
Jessamine,Corynorhinus rafinesquii,Rafinesque's Big-eared Bat,Mammalia,Chiroptera,Vespertilionidae,N,S,Yes,2008
Jessamine,Myotis grisescens,Gray Myotis,Mammalia,Chiroptera,Vespertilionidae,E,T,Yes,2025
Jessamine,Myotis leibii,Eastern Small-footed Myotis,Mammalia,Chiroptera,Vespertilionidae,N,T,Yes,2003
Jessamine,Myotis lucifugus,Little Brown Bat,Mammalia,Chiroptera,Vespertilionidae,N,T,Yes,2023
Jessamine,Myotis septentrionalis,Northern Long-Eared Bat,Mammalia,Chiroptera,Vespertilionidae,E,E,Yes,2008
Jessamine,Myotis sodalis,Indiana Bat,Mammalia,Chiroptera,Vespertilionidae,E,E,Yes,1979
Jessamine,Perimyotis subflavus,Tricolored Bat,Mammalia,Chiroptera,Vespertilionidae,PE,T,Yes,2011
Johnson,Cryptobranchus alleganiensis alleganiensis,Eastern Hellbender,Amphibia,Caudata,Cryptobranchidae,PE,S,Yes,2000
Johnson,Accipiter striatus,Sharp-shinned Hawk,Aves,Accipitriformes,Accipitridae,N,S,Yes,2004
Johnson,Circus hudsonius,Northern Harrier,Aves,Accipitriformes,Accipitridae,N,T,Yes,2000
Johnson,Haliaeetus leucocephalus,Bald Eagle,Aves,Accipitriformes,Accipitridae,N,S,Yes,2022
Johnson,Pandion haliaetus,Osprey,Aves,Accipitriformes,Pandionidae,N,S,Yes,2008
Johnson,Corvus corax,Common Raven,Aves,Passeriformes,Corvidae,N,T,Yes,2008
Johnson,Vermivora chrysoptera,Golden-winged Warbler,Aves,Passeriformes,Parulidae,N,E,Yes,1997
Johnson,Passerculus sandwichensis,Savannah Sparrow,Aves,Passeriformes,Passerellidae,N,S,Yes,2013
Johnson,Sitta canadensis,Red-breasted Nuthatch,Aves,Passeriformes,Sittidae,N,E,No,2007
Johnson,Podilymbus podiceps,Pied-billed Grebe,Aves,Podicipediformes,Podicipedidae,N,E,Yes,2011
Johnson,Elliptio crassidens,Elephantear,Bivalvia,Unionoida,Unionidae,N,S,Yes,1982
Johnson,Fusconaia subrotunda,Longsolid,Bivalvia,Unionoida,Unionidae,T,T,Yes,1966
Johnson,Obovaria subrotunda,Round Hickorynut,Bivalvia,Unionoida,Unionidae,T,T,Yes,1982
Johnson,Cambarus theepiensis,Coalfields Crayfish,Malacostraca,Decapoda,Cambaridae,N,S,No,2019
Johnson,Myotis lucifugus,Little Brown Bat,Mammalia,Chiroptera,Vespertilionidae,N,T,Yes,2010
Johnson,Myotis septentrionalis,Northern Long-Eared Bat,Mammalia,Chiroptera,Vespertilionidae,E,E,Yes,2012
Johnson,Perimyotis subflavus,Tricolored Bat,Mammalia,Chiroptera,Vespertilionidae,PE,T,Yes,2025
Johnson,Ichthyomyzon fossor,Northern Brook Lamprey,Petromyzontida,Petromyzontiformes,Petromyzontidae,N,T,Yes,1986
Johnson,Lampropeltis elapsoides,Scarlet Kingsnake,Reptilia,Squamata,Colubridae,N,E,Yes,1948
Kenton,Ictiobus niger,Black Buffalo,Actinopterygii,Cypriniformes,Catostomidae,N,S,Yes,2014
Kenton,Lithobates pipiens,Northern Leopard Frog,Amphibia,Anura,Ranidae,N,S,Yes,1970
Kenton,Cryptobranchus alleganiensis alleganiensis,Eastern Hellbender,Amphibia,Caudata,Cryptobranchidae,PE,S,Yes,1901
Kenton,Plethodon cinereus,Eastern Red-backed Salamander,Amphibia,Caudata,Plethodontidae,N,S,Yes,2020
Kenton,Accipiter striatus,Sharp-shinned Hawk,Aves,Accipitriformes,Accipitridae,N,S,Yes,2014
Kenton,Circus hudsonius,Northern Harrier,Aves,Accipitriformes,Accipitridae,N,T,Yes,2013
Kenton,Haliaeetus leucocephalus,Bald Eagle,Aves,Accipitriformes,Accipitridae,N,S,Yes,2021
Kenton,Lophodytes cucullatus,Hooded Merganser,Aves,Anseriformes,Anatidae,N,T,Yes,2014
Kenton,Actitis macularius,Spotted Sandpiper,Aves,Charadriiformes,Scolopacidae,N,E,Yes,2014
Kenton,Falco peregrinus,Peregrine Falcon,Aves,Falconiformes,Falconidae,N,E,Yes,2013
Kenton,Pheucticus ludovicianus,Rose-breasted Grosbeak,Aves,Passeriformes,Cardinalidae,N,S,No,2007
Kenton,Certhia americana,Brown Creeper,Aves,Passeriformes,Certhiidae,N,T,No,1985
Kenton,Riparia riparia,Bank Swallow,Aves,Passeriformes,Hirundinidae,N,S,Yes,2014
Kenton,Lanius ludovicianus,Loggerhead Shrike,Aves,Passeriformes,Laniidae,N,S,Yes,1996
Kenton,Cardellina canadensis,Canada Warbler,Aves,Passeriformes,Parulidae,N,S,Yes,2012
Kenton,Vermivora chrysoptera,Golden-winged Warbler,Aves,Passeriformes,Parulidae,N,E,Yes,2011
Kenton,Passerculus sandwichensis,Savannah Sparrow,Aves,Passeriformes,Passerellidae,N,S,Yes,2013
Kenton,Pooecetes gramineus,Vesper Sparrow,Aves,Passeriformes,Passerellidae,N,E,No,1970
Kenton,Thryomanes bewickii,Bewick's Wren,Aves,Passeriformes,Troglodytidae,N,H,Yes,1996
Kenton,Empidonax minimus,Least Flycatcher,Aves,Passeriformes,Tyrannidae,N,E,Yes,2013
Kenton,Podilymbus podiceps,Pied-billed Grebe,Aves,Podicipediformes,Podicipedidae,N,E,Yes,2014
Kenton,Tyto furcata,American Barn Owl,Aves,Strigiformes,Tytonidae,N,S,Yes,1996
Kenton,Alasmidonta marginata,Elktoe,Bivalvia,Unionoida,Unionidae,N,T,Yes,2021
Kenton,Cyprogenia stegaria,Fanshell,Bivalvia,Unionoida,Unionidae,E,E,Yes,2021
Kenton,Elliptio crassidens,Elephantear,Bivalvia,Unionoida,Unionidae,N,S,Yes,2022
Kenton,Epioblasma obliquata,Catspaw,Bivalvia,Unionoida,Unionidae,E,E,Yes,1970
Kenton,Epioblasma rangiana,Northern Riffleshell,Bivalvia,Unionoida,Unionidae,E,E,Yes,2021
Kenton,Fusconaia subrotunda,Longsolid,Bivalvia,Unionoida,Unionidae,T,T,Yes,2021
Kenton,Lampsilis abrupta,Pink Mucket,Bivalvia,Unionoida,Unionidae,E,E,Yes,1999
Kenton,Lampsilis ovata,Pocketbook,Bivalvia,Unionoida,Unionidae,N,E,Yes,2021
Kenton,Lasmigona compressa,Creek Heelsplitter,Bivalvia,Unionoida,Unionidae,N,E,Yes,1985
Kenton,Ligumia recta,Black Sandshell,Bivalvia,Unionoida,Unionidae,N,S,Yes,2022
Kenton,Obovaria retusa,Ring Pink,Bivalvia,Unionoida,Unionidae,E,E,Yes,1918
Kenton,Obovaria subrotunda,Round Hickorynut,Bivalvia,Unionoida,Unionidae,T,T,Yes,1895
Kenton,Pleurobema clava,Clubshell,Bivalvia,Unionoida,Unionidae,E,E,Yes,2010
Kenton,Pleurobema rubrum,Pyramid Pigtoe,Bivalvia,Unionoida,Unionidae,PT,E,Yes,2022
Kenton,Simpsonaias ambigua,Salamander Mussel,Bivalvia,Unionoida,Unionidae,N,T,Yes,2014
Kenton,Myotis lucifugus,Little Brown Bat,Mammalia,Chiroptera,Vespertilionidae,N,T,Yes,1989
Kenton,Myotis sodalis,Indiana Bat,Mammalia,Chiroptera,Vespertilionidae,E,E,Yes,2007
Kenton,Perimyotis subflavus,Tricolored Bat,Mammalia,Chiroptera,Vespertilionidae,PE,T,Yes,2005
Kenton,Clonophis kirtlandii,Kirtland's Snake,Reptilia,Squamata,Colubridae,N,T,Yes,2004
Knott,Etheostoma spilotum,Kentucky Arrow Darter,Actinopterygii,Perciformes,Percidae,T,T,Yes,2025
Knott,Plethodon pauleyi,Yellow-spotted Woodland Salamander,Amphibia,Caudata,Plethodontidae,N,E,Yes,2026
Knott,Circus hudsonius,Northern Harrier,Aves,Accipitriformes,Accipitridae,N,T,Yes,2009
Knott,Haliaeetus leucocephalus,Bald Eagle,Aves,Accipitriformes,Accipitridae,N,S,Yes,2022
Knott,Pandion haliaetus,Osprey,Aves,Accipitriformes,Pandionidae,N,S,Yes,2000
Knott,Lophodytes cucullatus,Hooded Merganser,Aves,Anseriformes,Anatidae,N,T,Yes,2003
Knott,Spatula discors,Blue-winged Teal,Aves,Anseriformes,Anatidae,N,T,No,2003
Knott,Actitis macularius,Spotted Sandpiper,Aves,Charadriiformes,Scolopacidae,N,E,Yes,2000
Knott,Corvus corax,Common Raven,Aves,Passeriformes,Corvidae,N,T,Yes,2016
Knott,Dolichonyx oryzivorus,Bobolink,Aves,Passeriformes,Icteridae,N,S,Yes,2009
Knott,Centronyx henslowii,Henslow's Sparrow,Aves,Passeriformes,Passerellidae,N,S,Yes,2013
Knott,Sitta canadensis,Red-breasted Nuthatch,Aves,Passeriformes,Sittidae,N,E,No,2005
Knott,Ardea alba,Great Egret,Aves,Pelecaniformes,Ardeidae,N,T,Yes,2012
Knott,Podilymbus podiceps,Pied-billed Grebe,Aves,Podicipediformes,Podicipedidae,N,E,Yes,2003
Knott,Alasmidonta viridis,Slippershell Mussel,Bivalvia,Unionoida,Unionidae,N,S,Yes,1995
Knott,Cambarus hazardi,Brawny Crayfish,Malacostraca,Decapoda,Cambaridae,N,S,Yes,2014
Knott,Cambarus theepiensis,Coalfields Crayfish,Malacostraca,Decapoda,Cambaridae,N,S,No,2020
Knott,Spilogale putorius,Eastern Spotted Skunk,Mammalia,Carnivora,Mephitidae,N,S,Yes,2024
Knott,Corynorhinus rafinesquii,Rafinesque's Big-eared Bat,Mammalia,Chiroptera,Vespertilionidae,N,S,Yes,2022
Knott,Myotis leibii,Eastern Small-footed Myotis,Mammalia,Chiroptera,Vespertilionidae,N,T,Yes,2006
Knott,Myotis lucifugus,Little Brown Bat,Mammalia,Chiroptera,Vespertilionidae,N,T,Yes,2009
Knott,Myotis septentrionalis,Northern Long-Eared Bat,Mammalia,Chiroptera,Vespertilionidae,E,E,Yes,2023
Knott,Myotis sodalis,Indiana Bat,Mammalia,Chiroptera,Vespertilionidae,E,E,Yes,2022
Knott,Perimyotis subflavus,Tricolored Bat,Mammalia,Chiroptera,Vespertilionidae,PE,T,Yes,2018
Knott,Plestiodon anthracinus,Coal Skink,Reptilia,Squamata,Scincidae,N,E,Yes,2000
Knox,Chrosomus cumberlandensis,Blackside Dace,Actinopterygii,Cypriniformes,Leuciscidae,T,T,Yes,2025
Knox,Etheostoma sagitta,Cumberland Arrow Darter,Actinopterygii,Perciformes,Percidae,N,S,Yes,2025
Knox,Etheostoma susanae,Cumberland Darter,Actinopterygii,Perciformes,Percidae,E,E,Yes,1986
Knox,Cryptobranchus alleganiensis alleganiensis,Eastern Hellbender,Amphibia,Caudata,Cryptobranchidae,PE,S,Yes,2014
Knox,Accipiter striatus,Sharp-shinned Hawk,Aves,Accipitriformes,Accipitridae,N,S,Yes,1996
Knox,Circus hudsonius,Northern Harrier,Aves,Accipitriformes,Accipitridae,N,T,Yes,2014
Knox,Haliaeetus leucocephalus,Bald Eagle,Aves,Accipitriformes,Accipitridae,N,S,Yes,2019
Knox,Vermivora chrysoptera,Golden-winged Warbler,Aves,Passeriformes,Parulidae,N,E,Yes,2006
Knox,Podilymbus podiceps,Pied-billed Grebe,Aves,Podicipediformes,Podicipedidae,N,E,Yes,2013
Knox,Alasmidonta viridis,Slippershell Mussel,Bivalvia,Unionoida,Unionidae,N,S,Yes,2019
Knox,Anodontoides denigratus,Cumberland Papershell,Bivalvia,Unionoida,Unionidae,N,E,Yes,2019
Knox,Epioblasma brevidens,Cumberlandian Combshell,Bivalvia,Unionoida,Unionidae,E,E,Yes,1910
Knox,Epioblasma triquetra,Snuffbox,Bivalvia,Unionoida,Unionidae,E,E,Yes,1910
Knox,Lampsilis ovata,Pocketbook,Bivalvia,Unionoida,Unionidae,N,E,Yes,1966
Knox,Leaunio lienosus,Little Spectaclecase,Bivalvia,Unionoida,Unionidae,N,T,Yes,2019
Knox,Obovaria subrotunda,Round Hickorynut,Bivalvia,Unionoida,Unionidae,T,T,Yes,1910
Knox,Venustaconcha troostensis,Cumberland Bean,Bivalvia,Unionoida,Unionidae,E,E,Yes,1910
Knox,Cambarus buntingi,Longclaw Crayfish,Malacostraca,Decapoda,Cambaridae,N,T,Yes,2024
Knox,Cambarus parvoculus,Mountain Midget Crayfish,Malacostraca,Decapoda,Cambaridae,N,S,Yes,2008
Knox,Myotis leibii,Eastern Small-footed Myotis,Mammalia,Chiroptera,Vespertilionidae,N,T,Yes,2012
Knox,Myotis lucifugus,Little Brown Bat,Mammalia,Chiroptera,Vespertilionidae,N,T,Yes,2008
Knox,Myotis septentrionalis,Northern Long-Eared Bat,Mammalia,Chiroptera,Vespertilionidae,E,E,Yes,2012
Knox,Perimyotis subflavus,Tricolored Bat,Mammalia,Chiroptera,Vespertilionidae,PE,T,Yes,2012
Knox,Plestiodon anthracinus,Coal Skink,Reptilia,Squamata,Scincidae,N,E,Yes,1925
Larue,Noturus stigmosus,Northern Madtom,Actinopterygii,Siluriformes,Ictaluridae,N,S,Yes,2021
Larue,Cryptobranchus alleganiensis alleganiensis,Eastern Hellbender,Amphibia,Caudata,Cryptobranchidae,PE,S,Yes,2012
Larue,Accipiter striatus,Sharp-shinned Hawk,Aves,Accipitriformes,Accipitridae,N,S,Yes,2014
Larue,Circus hudsonius,Northern Harrier,Aves,Accipitriformes,Accipitridae,N,T,Yes,2013
Larue,Haliaeetus leucocephalus,Bald Eagle,Aves,Accipitriformes,Accipitridae,N,S,Yes,2021
Larue,Spatula clypeata,Northern Shoveler,Aves,Anseriformes,Anatidae,N,E,No,2008
Larue,Fulica americana,American Coot,Aves,Gruiformes,Rallidae,N,E,No,2008
Larue,Certhia americana,Brown Creeper,Aves,Passeriformes,Certhiidae,N,T,No,2008
Larue,Lanius ludovicianus,Loggerhead Shrike,Aves,Passeriformes,Laniidae,N,S,Yes,2022
Larue,Vermivora chrysoptera,Golden-winged Warbler,Aves,Passeriformes,Parulidae,N,E,Yes,2005
Larue,Centronyx henslowii,Henslow's Sparrow,Aves,Passeriformes,Passerellidae,N,S,Yes,1998
Larue,Junco hyemalis,Dark-eyed Junco,Aves,Passeriformes,Passerellidae,N,S,No,2008
Larue,Passerculus sandwichensis,Savannah Sparrow,Aves,Passeriformes,Passerellidae,N,S,Yes,2008
Larue,Sitta canadensis,Red-breasted Nuthatch,Aves,Passeriformes,Sittidae,N,E,No,2008
Larue,Egretta caerulea,Little Blue Heron,Aves,Pelecaniformes,Ardeidae,N,E,No,2005
Larue,Podilymbus podiceps,Pied-billed Grebe,Aves,Podicipediformes,Podicipedidae,N,E,Yes,2013
Larue,Tyto furcata,American Barn Owl,Aves,Strigiformes,Tytonidae,N,S,Yes,2022
Larue,Alasmidonta viridis,Slippershell Mussel,Bivalvia,Unionoida,Unionidae,N,S,Yes,1998
Larue,Cyprogenia stegaria,Fanshell,Bivalvia,Unionoida,Unionidae,E,E,Yes,2025
Larue,Elliptio crassidens,Elephantear,Bivalvia,Unionoida,Unionidae,N,S,Yes,2007
Larue,Epioblasma rangiana,Northern Riffleshell,Bivalvia,Unionoida,Unionidae,E,E,Yes,2023
Larue,Epioblasma triquetra,Snuffbox,Bivalvia,Unionoida,Unionidae,E,E,Yes,2021
Larue,Fusconaia subrotunda,Longsolid,Bivalvia,Unionoida,Unionidae,T,T,Yes,2025
Larue,Lampsilis ovata,Pocketbook,Bivalvia,Unionoida,Unionidae,N,E,Yes,1996
Larue,Leaunio lienosus,Little Spectaclecase,Bivalvia,Unionoida,Unionidae,N,T,Yes,2016
Larue,Leaunio ortmanni,Kentucky Creekshell,Bivalvia,Unionoida,Unionidae,N,E,Yes,2021
Larue,Ligumia recta,Black Sandshell,Bivalvia,Unionoida,Unionidae,N,S,Yes,2025
Larue,Obovaria subrotunda,Round Hickorynut,Bivalvia,Unionoida,Unionidae,T,T,Yes,1986
Larue,Theliderma cylindrica,Rabbitsfoot,Bivalvia,Unionoida,Unionidae,T,E,Yes,2008
Larue,Myotis grisescens,Gray Myotis,Mammalia,Chiroptera,Vespertilionidae,E,T,Yes,2013
Larue,Myotis lucifugus,Little Brown Bat,Mammalia,Chiroptera,Vespertilionidae,N,T,Yes,2013
Larue,Myotis septentrionalis,Northern Long-Eared Bat,Mammalia,Chiroptera,Vespertilionidae,E,E,Yes,2013
Larue,Perimyotis subflavus,Tricolored Bat,Mammalia,Chiroptera,Vespertilionidae,PE,T,Yes,2013
Larue,Ichthyomyzon castaneus,Chestnut Lamprey,Petromyzontida,Petromyzontiformes,Petromyzontidae,N,S,Yes,2014
Larue,Ophisaurus attenuatus longicaudus,Eastern Slender Glass Lizard,Reptilia,Squamata,Anguidae,N,T,Yes,1983
Larue,Thamnophis saurita saurita,Eastern Ribbonsnake,Reptilia,Squamata,Colubridae,N,S,Yes,1992
Larue,Aspidoscelis sexlineatus,Six-lined Racerunner,Reptilia,Squamata,Teiidae,N,S,Yes,1997
Laurel,Acipenser fulvescens,Lake Sturgeon,Actinopterygii,Acipenseriformes,Acipenseridae,N,E,Yes,2023
Laurel,Chrosomus cumberlandensis,Blackside Dace,Actinopterygii,Cypriniformes,Leuciscidae,T,T,Yes,2021
Laurel,Phenacobius uranops,Stargazing Minnow,Actinopterygii,Cypriniformes,Leuciscidae,N,S,Yes,1986
Laurel,Allohistium maydeni,Redlips Darter,Actinopterygii,Perciformes,Percidae,N,S,Yes,2023
Laurel,Percina squamata,Olive Darter,Actinopterygii,Perciformes,Percidae,N,E,Yes,2010
Laurel,Cryptobranchus alleganiensis alleganiensis,Eastern Hellbender,Amphibia,Caudata,Cryptobranchidae,PE,S,Yes,2019
Laurel,Accipiter striatus,Sharp-shinned Hawk,Aves,Accipitriformes,Accipitridae,N,S,Yes,2009
Laurel,Circus hudsonius,Northern Harrier,Aves,Accipitriformes,Accipitridae,N,T,Yes,2014
Laurel,Haliaeetus leucocephalus,Bald Eagle,Aves,Accipitriformes,Accipitridae,N,S,Yes,2022
Laurel,Pandion haliaetus,Osprey,Aves,Accipitriformes,Pandionidae,N,S,Yes,2017
Laurel,Lophodytes cucullatus,Hooded Merganser,Aves,Anseriformes,Anatidae,N,T,Yes,2014
Laurel,Actitis macularius,Spotted Sandpiper,Aves,Charadriiformes,Scolopacidae,N,E,Yes,2001
Laurel,Falco peregrinus,Peregrine Falcon,Aves,Falconiformes,Falconidae,N,E,Yes,1988
Laurel,Corvus corax,Common Raven,Aves,Passeriformes,Corvidae,N,T,Yes,1984
Laurel,Dolichonyx oryzivorus,Bobolink,Aves,Passeriformes,Icteridae,N,S,Yes,1998
Laurel,Lanius ludovicianus,Loggerhead Shrike,Aves,Passeriformes,Laniidae,N,S,Yes,1978
Laurel,Passerculus sandwichensis,Savannah Sparrow,Aves,Passeriformes,Passerellidae,N,S,Yes,2007
Laurel,Sitta canadensis,Red-breasted Nuthatch,Aves,Passeriformes,Sittidae,N,E,No,1999
Laurel,Thryomanes bewickii,Bewick's Wren,Aves,Passeriformes,Troglodytidae,N,H,Yes,1951
Laurel,Empidonax minimus,Least Flycatcher,Aves,Passeriformes,Tyrannidae,N,E,Yes,1952
Laurel,Ardea alba,Great Egret,Aves,Pelecaniformes,Ardeidae,N,T,Yes,2006
Laurel,Podilymbus podiceps,Pied-billed Grebe,Aves,Podicipediformes,Podicipedidae,N,E,Yes,2014
Laurel,Tyto furcata,American Barn Owl,Aves,Strigiformes,Tytonidae,N,S,Yes,2007
Laurel,Actinonaias pectorosa,Pheasantshell,Bivalvia,Unionoida,Unionidae,N,S,Yes,2024
Laurel,Alasmidonta atropurpurea,Cumberland Elktoe,Bivalvia,Unionoida,Unionidae,E,E,Yes,2003
Laurel,Alasmidonta marginata,Elktoe,Bivalvia,Unionoida,Unionidae,N,T,Yes,1992
Laurel,Alasmidonta viridis,Slippershell Mussel,Bivalvia,Unionoida,Unionidae,N,S,Yes,1983
Laurel,Anodontoides denigratus,Cumberland Papershell,Bivalvia,Unionoida,Unionidae,N,E,Yes,1998
Laurel,Cambarunio taeniatus,Painted Creekshell,Bivalvia,Unionoida,Unionidae,N,S,Yes,2024
Laurel,Elliptio crassidens,Elephantear,Bivalvia,Unionoida,Unionidae,N,S,Yes,2002
Laurel,Epioblasma brevidens,Cumberlandian Combshell,Bivalvia,Unionoida,Unionidae,E,E,Yes,1973
Laurel,Epioblasma capsaeformis,Oyster Mussel,Bivalvia,Unionoida,Unionidae,E,E,Yes,1948
Laurel,Fusconaia subrotunda,Longsolid,Bivalvia,Unionoida,Unionidae,T,T,Yes,1948
Laurel,Lampsilis ovata,Pocketbook,Bivalvia,Unionoida,Unionidae,N,E,Yes,1992
Laurel,Leaunio lienosus,Little Spectaclecase,Bivalvia,Unionoida,Unionidae,N,T,Yes,1979
Laurel,Ligumia recta,Black Sandshell,Bivalvia,Unionoida,Unionidae,N,S,Yes,2024
Laurel,Medionidus conradicus,Cumberland Moccasinshell,Bivalvia,Unionoida,Unionidae,N,E,Yes,1992
Laurel,Obovaria subrotunda,Round Hickorynut,Bivalvia,Unionoida,Unionidae,T,T,Yes,1968
Laurel,Pegias fabula,Littlewing Pearlymussel,Bivalvia,Unionoida,Unionidae,E,E,Yes,1963
Laurel,Pleurobema oviforme,Tennessee Clubshell,Bivalvia,Unionoida,Unionidae,N,E,Yes,1983
Laurel,Ptychobranchus subtentus,Fluted Kidneyshell,Bivalvia,Unionoida,Unionidae,E,E,Yes,1984
Laurel,Toxolasma lividum,Purple Lilliput,Bivalvia,Unionoida,Unionidae,N,E,Yes,1992
Laurel,Venustaconcha troostensis,Cumberland Bean,Bivalvia,Unionoida,Unionidae,E,E,Yes,2024
Laurel,Cambarus hazardi,Brawny Crayfish,Malacostraca,Decapoda,Cambaridae,N,S,Yes,1973
Laurel,Spilogale putorius,Eastern Spotted Skunk,Mammalia,Carnivora,Mephitidae,N,S,Yes,2025
Laurel,Mustela nivalis,Least Weasel,Mammalia,Carnivora,Mustelidae,N,S,Yes,1993
Laurel,Corynorhinus rafinesquii,Rafinesque's Big-eared Bat,Mammalia,Chiroptera,Vespertilionidae,N,S,Yes,2025
Laurel,Myotis grisescens,Gray Myotis,Mammalia,Chiroptera,Vespertilionidae,E,T,Yes,2018
Laurel,Myotis leibii,Eastern Small-footed Myotis,Mammalia,Chiroptera,Vespertilionidae,N,T,Yes,2021
Laurel,Myotis lucifugus,Little Brown Bat,Mammalia,Chiroptera,Vespertilionidae,N,T,Yes,2021
Laurel,Myotis septentrionalis,Northern Long-Eared Bat,Mammalia,Chiroptera,Vespertilionidae,E,E,Yes,2013
Laurel,Perimyotis subflavus,Tricolored Bat,Mammalia,Chiroptera,Vespertilionidae,PE,T,Yes,2025
Laurel,Ichthyomyzon greeleyi,Mountain Brook Lamprey,Petromyzontida,Petromyzontiformes,Petromyzontidae,N,T,Yes,2012
Laurel,Cemophora coccinea,Scarletsnake,Reptilia,Squamata,Colubridae,N,S,Yes,1958
Laurel,Plestiodon anthracinus,Coal Skink,Reptilia,Squamata,Scincidae,N,E,Yes,2000
Laurel,Plestiodon inexpectatus,Southeastern Five-lined Skink,Reptilia,Squamata,Scincidae,N,S,Yes,2017
Lawrence,Percopsis omiscomaycus,Trout-Perch,Actinopterygii,Percopsiformes,Percopsidae,N,S,Yes,1986
Lawrence,Accipiter striatus,Sharp-shinned Hawk,Aves,Accipitriformes,Accipitridae,N,S,Yes,2004
Lawrence,Circus hudsonius,Northern Harrier,Aves,Accipitriformes,Accipitridae,N,T,Yes,2000
Lawrence,Haliaeetus leucocephalus,Bald Eagle,Aves,Accipitriformes,Accipitridae,N,S,Yes,2025
Lawrence,Pandion haliaetus,Osprey,Aves,Accipitriformes,Pandionidae,N,S,Yes,2001
Lawrence,Lophodytes cucullatus,Hooded Merganser,Aves,Anseriformes,Anatidae,N,T,Yes,2010
Lawrence,Actitis macularius,Spotted Sandpiper,Aves,Charadriiformes,Scolopacidae,N,E,Yes,2001
Lawrence,Pheucticus ludovicianus,Rose-breasted Grosbeak,Aves,Passeriformes,Cardinalidae,N,S,No,2001
Lawrence,Certhia americana,Brown Creeper,Aves,Passeriformes,Certhiidae,N,T,No,2001
Lawrence,Corvus corax,Common Raven,Aves,Passeriformes,Corvidae,N,T,Yes,2020
Lawrence,Junco hyemalis,Dark-eyed Junco,Aves,Passeriformes,Passerellidae,N,S,No,2011
Lawrence,Pooecetes gramineus,Vesper Sparrow,Aves,Passeriformes,Passerellidae,N,E,No,2001
Lawrence,Sitta canadensis,Red-breasted Nuthatch,Aves,Passeriformes,Sittidae,N,E,No,2011
Lawrence,Ardea alba,Great Egret,Aves,Pelecaniformes,Ardeidae,N,T,Yes,2000
Lawrence,Botaurus lentiginosus,American Bittern,Aves,Pelecaniformes,Ardeidae,N,H,Yes,2003
Lawrence,Egretta caerulea,Little Blue Heron,Aves,Pelecaniformes,Ardeidae,N,E,No,2001
Lawrence,Ixobrychus exilis,Least Bittern,Aves,Pelecaniformes,Ardeidae,N,T,Yes,2003
Lawrence,Nycticorax nycticorax,Black-crowned Night-heron,Aves,Pelecaniformes,Ardeidae,N,T,Yes,2001
Lawrence,Elliptio crassidens,Elephantear,Bivalvia,Unionoida,Unionidae,N,S,Yes,1983
Lawrence,Fusconaia subrotunda,Longsolid,Bivalvia,Unionoida,Unionidae,T,T,Yes,1983
Lawrence,Leaunio lienosus,Little Spectaclecase,Bivalvia,Unionoida,Unionidae,N,T,Yes,1983
Lawrence,Ligumia recta,Black Sandshell,Bivalvia,Unionoida,Unionidae,N,S,Yes,1983
Lawrence,Obovaria subrotunda,Round Hickorynut,Bivalvia,Unionoida,Unionidae,T,T,Yes,1983
Lawrence,Theliderma cylindrica,Rabbitsfoot,Bivalvia,Unionoida,Unionidae,T,E,Yes,1991
Lawrence,Cambarus theepiensis,Coalfields Crayfish,Malacostraca,Decapoda,Cambaridae,N,S,No,2013
Lawrence,Myotis lucifugus,Little Brown Bat,Mammalia,Chiroptera,Vespertilionidae,N,T,Yes,2008
Lawrence,Myotis septentrionalis,Northern Long-Eared Bat,Mammalia,Chiroptera,Vespertilionidae,E,E,Yes,2012
Lawrence,Myotis sodalis,Indiana Bat,Mammalia,Chiroptera,Vespertilionidae,E,E,Yes,2007
Lawrence,Perimyotis subflavus,Tricolored Bat,Mammalia,Chiroptera,Vespertilionidae,PE,T,Yes,2014
Lawrence,Ichthyomyzon fossor,Northern Brook Lamprey,Petromyzontida,Petromyzontiformes,Petromyzontidae,N,T,Yes,1986
Lawrence,Lethenteron appendix,American Brook Lamprey,Petromyzontida,Petromyzontiformes,Petromyzontidae,N,T,Yes,2002
Lee,Etheostoma spilotum,Kentucky Arrow Darter,Actinopterygii,Perciformes,Percidae,T,T,Yes,2021
Lee,Cryptobranchus alleganiensis alleganiensis,Eastern Hellbender,Amphibia,Caudata,Cryptobranchidae,PE,S,Yes,2020
Lee,Accipiter striatus,Sharp-shinned Hawk,Aves,Accipitriformes,Accipitridae,N,S,Yes,2007
Lee,Certhia americana,Brown Creeper,Aves,Passeriformes,Certhiidae,N,T,No,2009
Lee,Junco hyemalis,Dark-eyed Junco,Aves,Passeriformes,Passerellidae,N,S,No,2009
Lee,Epioblasma triquetra,Snuffbox,Bivalvia,Unionoida,Unionidae,E,E,Yes,1971
Lee,Obovaria subrotunda,Round Hickorynut,Bivalvia,Unionoida,Unionidae,T,T,Yes,2023
Lee,Cambarus guenteri,Redbird Crayfish,Malacostraca,Decapoda,Cambaridae,N,S,Yes,2014
Lee,Cambarus hazardi,Brawny Crayfish,Malacostraca,Decapoda,Cambaridae,N,S,Yes,1978
Lee,Cambarus taylori,Cutshin Crayfish,Malacostraca,Decapoda,Cambaridae,N,S,Yes,1998
Lee,Corynorhinus rafinesquii,Rafinesque's Big-eared Bat,Mammalia,Chiroptera,Vespertilionidae,N,S,Yes,2026
Lee,Corynorhinus townsendii virginianus,Virginia Big-eared Bat,Mammalia,Chiroptera,Vespertilionidae,E,E,Yes,2025
Lee,Myotis austroriparius,Southeastern Myotis,Mammalia,Chiroptera,Vespertilionidae,N,S,Yes,1985
Lee,Myotis grisescens,Gray Myotis,Mammalia,Chiroptera,Vespertilionidae,E,T,Yes,2025
Lee,Myotis leibii,Eastern Small-footed Myotis,Mammalia,Chiroptera,Vespertilionidae,N,T,Yes,2024
Lee,Myotis lucifugus,Little Brown Bat,Mammalia,Chiroptera,Vespertilionidae,N,T,Yes,2026
Lee,Myotis septentrionalis,Northern Long-Eared Bat,Mammalia,Chiroptera,Vespertilionidae,E,E,Yes,2024
Lee,Myotis sodalis,Indiana Bat,Mammalia,Chiroptera,Vespertilionidae,E,E,Yes,2026
Lee,Perimyotis subflavus,Tricolored Bat,Mammalia,Chiroptera,Vespertilionidae,PE,T,Yes,2026
Lee,Lethenteron appendix,American Brook Lamprey,Petromyzontida,Petromyzontiformes,Petromyzontidae,N,T,Yes,2013
Lee,Plestiodon anthracinus,Coal Skink,Reptilia,Squamata,Scincidae,N,E,Yes,2023
Leslie,Etheostoma spilotum,Kentucky Arrow Darter,Actinopterygii,Perciformes,Percidae,T,T,Yes,2024
Leslie,Noturus stigmosus,Northern Madtom,Actinopterygii,Siluriformes,Ictaluridae,N,S,Yes,1986
Leslie,Cryptobranchus alleganiensis alleganiensis,Eastern Hellbender,Amphibia,Caudata,Cryptobranchidae,PE,S,Yes,2020
Leslie,Plethodon pauleyi,Yellow-spotted Woodland Salamander,Amphibia,Caudata,Plethodontidae,N,E,Yes,2025
Leslie,Corvus corax,Common Raven,Aves,Passeriformes,Corvidae,N,T,Yes,2011
Leslie,Vermivora chrysoptera,Golden-winged Warbler,Aves,Passeriformes,Parulidae,N,E,Yes,2003
Leslie,Nycticorax nycticorax,Black-crowned Night-heron,Aves,Pelecaniformes,Ardeidae,N,T,Yes,1938
Leslie,Epioblasma triquetra,Snuffbox,Bivalvia,Unionoida,Unionidae,E,E,Yes,1996
Leslie,Lampsilis ovata,Pocketbook,Bivalvia,Unionoida,Unionidae,N,E,Yes,1973
Leslie,Leaunio lienosus,Little Spectaclecase,Bivalvia,Unionoida,Unionidae,N,T,Yes,1996
Leslie,Obovaria subrotunda,Round Hickorynut,Bivalvia,Unionoida,Unionidae,T,T,Yes,1983
Leslie,Simpsonaias ambigua,Salamander Mussel,Bivalvia,Unionoida,Unionidae,N,T,Yes,1996
Leslie,Cambarus guenteri,Redbird Crayfish,Malacostraca,Decapoda,Cambaridae,N,S,Yes,2014
Leslie,Cambarus hazardi,Brawny Crayfish,Malacostraca,Decapoda,Cambaridae,N,S,Yes,2008
Leslie,Cambarus jezerinaci,Spiny Scale Crayfish,Malacostraca,Decapoda,Cambaridae,N,S,Yes,2024
Leslie,Cambarus parvoculus,Mountain Midget Crayfish,Malacostraca,Decapoda,Cambaridae,N,S,Yes,2000
Leslie,Cambarus taylori,Cutshin Crayfish,Malacostraca,Decapoda,Cambaridae,N,S,Yes,2024
Leslie,Spilogale putorius,Eastern Spotted Skunk,Mammalia,Carnivora,Mephitidae,N,S,Yes,1983
Leslie,Corynorhinus rafinesquii,Rafinesque's Big-eared Bat,Mammalia,Chiroptera,Vespertilionidae,N,S,Yes,2022
Leslie,Myotis grisescens,Gray Myotis,Mammalia,Chiroptera,Vespertilionidae,E,T,Yes,2022
Leslie,Myotis leibii,Eastern Small-footed Myotis,Mammalia,Chiroptera,Vespertilionidae,N,T,Yes,2022
Leslie,Myotis lucifugus,Little Brown Bat,Mammalia,Chiroptera,Vespertilionidae,N,T,Yes,2022
Leslie,Myotis septentrionalis,Northern Long-Eared Bat,Mammalia,Chiroptera,Vespertilionidae,E,E,Yes,2014
Leslie,Myotis sodalis,Indiana Bat,Mammalia,Chiroptera,Vespertilionidae,E,E,Yes,2012
Leslie,Perimyotis subflavus,Tricolored Bat,Mammalia,Chiroptera,Vespertilionidae,PE,T,Yes,2022
Leslie,Sorex cinereus,Cinereus Shrew,Mammalia,Eulipotyphla,Soricidae,N,S,Yes,1992
Leslie,Ichthyomyzon fossor,Northern Brook Lamprey,Petromyzontida,Petromyzontiformes,Petromyzontidae,N,T,Yes,1986
Leslie,Lethenteron appendix,American Brook Lamprey,Petromyzontida,Petromyzontiformes,Petromyzontidae,N,T,Yes,2019
Leslie,Plestiodon anthracinus,Coal Skink,Reptilia,Squamata,Scincidae,N,E,Yes,2000
Letcher,Chrosomus cumberlandensis,Blackside Dace,Actinopterygii,Cypriniformes,Leuciscidae,T,T,Yes,2025
Letcher,Etheostoma sagitta,Cumberland Arrow Darter,Actinopterygii,Perciformes,Percidae,N,S,Yes,2006
Letcher,Etheostoma spilotum,Kentucky Arrow Darter,Actinopterygii,Perciformes,Percidae,T,T,Yes,1986
Letcher,Cryptobranchus alleganiensis alleganiensis,Eastern Hellbender,Amphibia,Caudata,Cryptobranchidae,PE,S,Yes,2020
Letcher,Plethodon pauleyi,Yellow-spotted Woodland Salamander,Amphibia,Caudata,Plethodontidae,N,E,Yes,2026
Letcher,Accipiter striatus,Sharp-shinned Hawk,Aves,Accipitriformes,Accipitridae,N,S,Yes,2011
Letcher,Circus hudsonius,Northern Harrier,Aves,Accipitriformes,Accipitridae,N,T,Yes,2017
Letcher,Haliaeetus leucocephalus,Bald Eagle,Aves,Accipitriformes,Accipitridae,N,S,Yes,2011
Letcher,Pandion haliaetus,Osprey,Aves,Accipitriformes,Pandionidae,N,S,Yes,2011
Letcher,Lophodytes cucullatus,Hooded Merganser,Aves,Anseriformes,Anatidae,N,T,Yes,2009
Letcher,Falco peregrinus,Peregrine Falcon,Aves,Falconiformes,Falconidae,N,E,Yes,2011
Letcher,Corvus corax,Common Raven,Aves,Passeriformes,Corvidae,N,T,Yes,2017
Letcher,Setophaga fusca,Blackburnian Warbler,Aves,Passeriformes,Parulidae,N,T,No,2000
Letcher,Vermivora chrysoptera,Golden-winged Warbler,Aves,Passeriformes,Parulidae,N,E,Yes,1996
Letcher,Ardea alba,Great Egret,Aves,Pelecaniformes,Ardeidae,N,T,Yes,2009
Letcher,Podilymbus podiceps,Pied-billed Grebe,Aves,Podicipediformes,Podicipedidae,N,E,Yes,2014
Letcher,Tyto furcata,American Barn Owl,Aves,Strigiformes,Tytonidae,N,S,Yes,2009
Letcher,Cambarus buntingi,Longclaw Crayfish,Malacostraca,Decapoda,Cambaridae,N,T,Yes,2011
Letcher,Cambarus hazardi,Brawny Crayfish,Malacostraca,Decapoda,Cambaridae,N,S,Yes,2014
Letcher,Cambarus parvoculus,Mountain Midget Crayfish,Malacostraca,Decapoda,Cambaridae,N,S,Yes,2010
Letcher,Spilogale putorius,Eastern Spotted Skunk,Mammalia,Carnivora,Mephitidae,N,S,Yes,2023
Letcher,Mustela nivalis,Least Weasel,Mammalia,Carnivora,Mustelidae,N,S,Yes,1976
Letcher,Corynorhinus rafinesquii,Rafinesque's Big-eared Bat,Mammalia,Chiroptera,Vespertilionidae,N,S,Yes,1992
Letcher,Myotis grisescens,Gray Myotis,Mammalia,Chiroptera,Vespertilionidae,E,T,Yes,2005
Letcher,Myotis leibii,Eastern Small-footed Myotis,Mammalia,Chiroptera,Vespertilionidae,N,T,Yes,2026
Letcher,Myotis lucifugus,Little Brown Bat,Mammalia,Chiroptera,Vespertilionidae,N,T,Yes,2026
Letcher,Myotis septentrionalis,Northern Long-Eared Bat,Mammalia,Chiroptera,Vespertilionidae,E,E,Yes,2013
Letcher,Myotis sodalis,Indiana Bat,Mammalia,Chiroptera,Vespertilionidae,E,E,Yes,2026
Letcher,Perimyotis subflavus,Tricolored Bat,Mammalia,Chiroptera,Vespertilionidae,PE,T,Yes,2026
Letcher,Sorex cinereus,Cinereus Shrew,Mammalia,Eulipotyphla,Soricidae,N,S,Yes,2000
Letcher,Sorex dispar blitchi,Long-tailed Shrew,Mammalia,Eulipotyphla,Soricidae,N,E,Yes,1997
Letcher,Myodes gapperi maurus,Kentucky Red-backed Vole,Mammalia,Rodentia,Cricetidae,N,S,Yes,2000
Letcher,Pituophis melanoleucus,Eastern Pinesnake,Reptilia,Squamata,Colubridae,N,E,Yes,1970
Lewis,Acipenser fulvescens,Lake Sturgeon,Actinopterygii,Acipenseriformes,Acipenseridae,N,E,Yes,2000
Lewis,Ictiobus niger,Black Buffalo,Actinopterygii,Cypriniformes,Catostomidae,N,S,Yes,2023
Lewis,Percina macrocephala,Longhead Darter,Actinopterygii,Perciformes,Percidae,N,E,Yes,2008
Lewis,Percopsis omiscomaycus,Trout-Perch,Actinopterygii,Percopsiformes,Percopsidae,N,S,Yes,2017
Lewis,Lithobates pipiens,Northern Leopard Frog,Amphibia,Anura,Ranidae,N,S,Yes,2013
Lewis,Cryptobranchus alleganiensis alleganiensis,Eastern Hellbender,Amphibia,Caudata,Cryptobranchidae,PE,S,Yes,2020
Lewis,Accipiter striatus,Sharp-shinned Hawk,Aves,Accipitriformes,Accipitridae,N,S,Yes,1996
Lewis,Circus hudsonius,Northern Harrier,Aves,Accipitriformes,Accipitridae,N,T,Yes,2003
Lewis,Haliaeetus leucocephalus,Bald Eagle,Aves,Accipitriformes,Accipitridae,N,S,Yes,2025
Lewis,Pheucticus ludovicianus,Rose-breasted Grosbeak,Aves,Passeriformes,Cardinalidae,N,S,No,1996
Lewis,Riparia riparia,Bank Swallow,Aves,Passeriformes,Hirundinidae,N,S,Yes,2011
Lewis,Centronyx henslowii,Henslow's Sparrow,Aves,Passeriformes,Passerellidae,N,S,Yes,1996
Lewis,Chondestes grammacus,Lark Sparrow,Aves,Passeriformes,Passerellidae,N,S,No,1996
Lewis,Passerculus sandwichensis,Savannah Sparrow,Aves,Passeriformes,Passerellidae,N,S,Yes,2012
Lewis,Thryomanes bewickii,Bewick's Wren,Aves,Passeriformes,Troglodytidae,N,H,Yes,1999
Lewis,Botaurus lentiginosus,American Bittern,Aves,Pelecaniformes,Ardeidae,N,H,Yes,2009
Lewis,Nycticorax nycticorax,Black-crowned Night-heron,Aves,Pelecaniformes,Ardeidae,N,T,Yes,1996
Lewis,Tyto furcata,American Barn Owl,Aves,Strigiformes,Tytonidae,N,S,Yes,2007
Lewis,Cyprogenia stegaria,Fanshell,Bivalvia,Unionoida,Unionidae,E,E,Yes,1986
Lewis,Elliptio crassidens,Elephantear,Bivalvia,Unionoida,Unionidae,N,S,Yes,2019
Lewis,Epioblasma obliquata,Catspaw,Bivalvia,Unionoida,Unionidae,E,E,Yes,1986
Lewis,Epioblasma triquetra,Snuffbox,Bivalvia,Unionoida,Unionidae,E,E,Yes,2007
Lewis,Fusconaia subrotunda,Longsolid,Bivalvia,Unionoida,Unionidae,T,T,Yes,1986
Lewis,Lampsilis abrupta,Pink Mucket,Bivalvia,Unionoida,Unionidae,E,E,Yes,1986
Lewis,Lampsilis ovata,Pocketbook,Bivalvia,Unionoida,Unionidae,N,E,Yes,2019
Lewis,Lasmigona compressa,Creek Heelsplitter,Bivalvia,Unionoida,Unionidae,N,E,Yes,1987
Lewis,Leaunio lienosus,Little Spectaclecase,Bivalvia,Unionoida,Unionidae,N,T,Yes,2024
Lewis,Ligumia recta,Black Sandshell,Bivalvia,Unionoida,Unionidae,N,S,Yes,2019
Lewis,Obovaria retusa,Ring Pink,Bivalvia,Unionoida,Unionidae,E,E,Yes,1986
Lewis,Obovaria subrotunda,Round Hickorynut,Bivalvia,Unionoida,Unionidae,T,T,Yes,1986
Lewis,Plethobasus cyphyus,Sheepnose,Bivalvia,Unionoida,Unionidae,E,E,Yes,2019
Lewis,Pleurobema plenum,Rough Pigtoe,Bivalvia,Unionoida,Unionidae,E,E,Yes,1986
Lewis,Pleurobema rubrum,Pyramid Pigtoe,Bivalvia,Unionoida,Unionidae,PT,E,Yes,1986
Lewis,Simpsonaias ambigua,Salamander Mussel,Bivalvia,Unionoida,Unionidae,N,T,Yes,2007
Lewis,Cambarus adustus,Dusky Mudbug,Malacostraca,Decapoda,Cambaridae,N,E,Yes,2015
Lewis,Cambarus hazardi,Brawny Crayfish,Malacostraca,Decapoda,Cambaridae,N,S,Yes,2005
Lewis,Faxonius sanbornii,Sanborn's Crayfish,Malacostraca,Decapoda,Cambaridae,N,S,No,2006
Lewis,Mustela nivalis,Least Weasel,Mammalia,Carnivora,Mustelidae,N,S,Yes,1992
Lewis,Myotis lucifugus,Little Brown Bat,Mammalia,Chiroptera,Vespertilionidae,N,T,Yes,1985
Lewis,Myotis septentrionalis,Northern Long-Eared Bat,Mammalia,Chiroptera,Vespertilionidae,E,E,Yes,1986
Lewis,Perimyotis subflavus,Tricolored Bat,Mammalia,Chiroptera,Vespertilionidae,PE,T,Yes,1986
Lincoln,Etheostoma nebra,Buck Darter,Actinopterygii,Perciformes,Percidae,N,E,Yes,1997
Lincoln,Lithobates pipiens,Northern Leopard Frog,Amphibia,Anura,Ranidae,N,S,Yes,2014
Lincoln,Cryptobranchus alleganiensis alleganiensis,Eastern Hellbender,Amphibia,Caudata,Cryptobranchidae,PE,S,Yes,2025
Lincoln,Accipiter striatus,Sharp-shinned Hawk,Aves,Accipitriformes,Accipitridae,N,S,Yes,2013
Lincoln,Circus hudsonius,Northern Harrier,Aves,Accipitriformes,Accipitridae,N,T,Yes,2015
Lincoln,Haliaeetus leucocephalus,Bald Eagle,Aves,Accipitriformes,Accipitridae,N,S,Yes,2022
Lincoln,Pandion haliaetus,Osprey,Aves,Accipitriformes,Pandionidae,N,S,Yes,2018
Lincoln,Lophodytes cucullatus,Hooded Merganser,Aves,Anseriformes,Anatidae,N,T,Yes,2016
Lincoln,Actitis macularius,Spotted Sandpiper,Aves,Charadriiformes,Scolopacidae,N,E,Yes,2014
Lincoln,Lanius ludovicianus,Loggerhead Shrike,Aves,Passeriformes,Laniidae,N,S,Yes,2013
Lincoln,Centronyx henslowii,Henslow's Sparrow,Aves,Passeriformes,Passerellidae,N,S,Yes,2016
Lincoln,Passerculus sandwichensis,Savannah Sparrow,Aves,Passeriformes,Passerellidae,N,S,Yes,2013
Lincoln,Ardea alba,Great Egret,Aves,Pelecaniformes,Ardeidae,N,T,Yes,1998
Lincoln,Nycticorax nycticorax,Black-crowned Night-heron,Aves,Pelecaniformes,Ardeidae,N,T,Yes,2014
Lincoln,Podilymbus podiceps,Pied-billed Grebe,Aves,Podicipediformes,Podicipedidae,N,E,Yes,2014
Lincoln,Tyto furcata,American Barn Owl,Aves,Strigiformes,Tytonidae,N,S,Yes,2022
Lincoln,Actinonaias pectorosa,Pheasantshell,Bivalvia,Unionoida,Unionidae,N,S,Yes,1968
Lincoln,Alasmidonta viridis,Slippershell Mussel,Bivalvia,Unionoida,Unionidae,N,S,Yes,2024
Lincoln,Cambarunio taeniatus,Painted Creekshell,Bivalvia,Unionoida,Unionidae,N,S,Yes,1998
Lincoln,Lampsilis ovata,Pocketbook,Bivalvia,Unionoida,Unionidae,N,E,Yes,1984
Lincoln,Leaunio lienosus,Little Spectaclecase,Bivalvia,Unionoida,Unionidae,N,T,Yes,1998
Lincoln,Obovaria subrotunda,Round Hickorynut,Bivalvia,Unionoida,Unionidae,T,T,Yes,1984
Lincoln,Simpsonaias ambigua,Salamander Mussel,Bivalvia,Unionoida,Unionidae,N,T,Yes,1983
Lincoln,Toxolasma lividum,Purple Lilliput,Bivalvia,Unionoida,Unionidae,N,E,Yes,1984
Lincoln,Venustaconcha troostensis,Cumberland Bean,Bivalvia,Unionoida,Unionidae,E,E,Yes,1984
Lincoln,Cambarus deweesae,Valley Flame Crayfish,Malacostraca,Decapoda,Cambaridae,N,S,Yes,2022
Lincoln,Perimyotis subflavus,Tricolored Bat,Mammalia,Chiroptera,Vespertilionidae,PE,T,Yes,2006
Livingston,Acipenser fulvescens,Lake Sturgeon,Actinopterygii,Acipenseriformes,Acipenseridae,N,E,Yes,2023
Livingston,Menidia audens,Mississippi Silverside,Actinopterygii,Atheriniformes,Atherinopsidae,N,T,No,2023
Livingston,Erimyzon sucetta,Lake Chubsucker,Actinopterygii,Cypriniformes,Catostomidae,N,T,Yes,1957
Livingston,Ictiobus niger,Black Buffalo,Actinopterygii,Cypriniformes,Catostomidae,N,S,Yes,2023
Livingston,Campostoma pullum,Finescale Stoneroller,Actinopterygii,Cypriniformes,Leuciscidae,N,S,No,2022
Livingston,Esox niger,Chain Pickerel,Actinopterygii,Esociformes,Esocidae,N,S,Yes,1987
Livingston,Lota lota,Burbot,Actinopterygii,Gadiformes,Gadidae,N,S,Yes,2002
Livingston,Atractosteus spatula,Alligator Gar,Actinopterygii,Lepisosteiformes,Lepisosteidae,N,E,Yes,1986
Livingston,Etheostoma proeliare,Cypress Darter,Actinopterygii,Perciformes,Percidae,N,T,Yes,2007
Livingston,Lithobates areolatus circulosus,Northern Crawfish Frog,Amphibia,Anura,Ranidae,N,S,Yes,2019
Livingston,Cryptobranchus alleganiensis alleganiensis,Eastern Hellbender,Amphibia,Caudata,Cryptobranchidae,PE,S,Yes,1970
Livingston,Circus hudsonius,Northern Harrier,Aves,Accipitriformes,Accipitridae,N,T,Yes,1949
Livingston,Haliaeetus leucocephalus,Bald Eagle,Aves,Accipitriformes,Accipitridae,N,S,Yes,2023
Livingston,Ictinia mississippiensis,Mississippi Kite,Aves,Accipitriformes,Accipitridae,N,S,No,2005
Livingston,Pandion haliaetus,Osprey,Aves,Accipitriformes,Pandionidae,N,S,Yes,2017
Livingston,Lophodytes cucullatus,Hooded Merganser,Aves,Anseriformes,Anatidae,N,T,Yes,2014
Livingston,Spatula clypeata,Northern Shoveler,Aves,Anseriformes,Anatidae,N,E,No,2007
Livingston,Spatula discors,Blue-winged Teal,Aves,Anseriformes,Anatidae,N,T,No,2000
Livingston,Sternula antillarum athalassos,Interior Least Tern,Aves,Charadriiformes,Laridae,N,E,Yes,2014
Livingston,Actitis macularius,Spotted Sandpiper,Aves,Charadriiformes,Scolopacidae,N,E,Yes,2011
Livingston,Falco peregrinus,Peregrine Falcon,Aves,Falconiformes,Falconidae,N,E,Yes,2023
Livingston,Fulica americana,American Coot,Aves,Gruiformes,Rallidae,N,E,No,2008
Livingston,Certhia americana,Brown Creeper,Aves,Passeriformes,Certhiidae,N,T,No,1949
Livingston,Corvus ossifragus,Fish Crow,Aves,Passeriformes,Corvidae,N,S,No,2007
Livingston,Riparia riparia,Bank Swallow,Aves,Passeriformes,Hirundinidae,N,S,Yes,2007
Livingston,Dolichonyx oryzivorus,Bobolink,Aves,Passeriformes,Icteridae,N,S,Yes,2011
Livingston,Lanius ludovicianus,Loggerhead Shrike,Aves,Passeriformes,Laniidae,N,S,Yes,2009
Livingston,Centronyx henslowii,Henslow's Sparrow,Aves,Passeriformes,Passerellidae,N,S,Yes,2019
Livingston,Chondestes grammacus,Lark Sparrow,Aves,Passeriformes,Passerellidae,N,S,No,2000
Livingston,Junco hyemalis,Dark-eyed Junco,Aves,Passeriformes,Passerellidae,N,S,No,1949
Livingston,Passerculus sandwichensis,Savannah Sparrow,Aves,Passeriformes,Passerellidae,N,S,Yes,2011
Livingston,Cistothorus stellaris,Sedge Wren,Aves,Passeriformes,Troglodytidae,N,S,Yes,2003
Livingston,Empidonax minimus,Least Flycatcher,Aves,Passeriformes,Tyrannidae,N,E,Yes,2003
Livingston,Vireo bellii,Bell's Vireo,Aves,Passeriformes,Vireonidae,N,S,Yes,2011
Livingston,Ardea alba,Great Egret,Aves,Pelecaniformes,Ardeidae,N,T,Yes,2013
Livingston,Botaurus lentiginosus,American Bittern,Aves,Pelecaniformes,Ardeidae,N,H,Yes,2001
Livingston,Bubulcus ibis,Cattle Egret,Aves,Pelecaniformes,Ardeidae,N,S,No,2011
Livingston,Egretta thula,Snowy Egret,Aves,Pelecaniformes,Ardeidae,N,E,No,2008
Livingston,Nyctanassa violacea,Yellow-crowned Night-heron,Aves,Pelecaniformes,Ardeidae,N,T,Yes,1998
Livingston,Nycticorax nycticorax,Black-crowned Night-heron,Aves,Pelecaniformes,Ardeidae,N,T,Yes,2013
Livingston,Podilymbus podiceps,Pied-billed Grebe,Aves,Podicipediformes,Podicipedidae,N,E,Yes,2014
Livingston,Asio flammeus,Short-eared Owl,Aves,Strigiformes,Strigidae,N,E,Yes,1949
Livingston,Tyto furcata,American Barn Owl,Aves,Strigiformes,Tytonidae,N,S,Yes,2022
Livingston,Phalacrocorax auritus,Double-crested Cormorant,Aves,Suliformes,Phalacrocoracidae,N,S,No,2003
Livingston,Cumberlandia monodonta,Spectaclecase,Bivalvia,Unionoida,Margaritiferidae,E,E,Yes,2008
Livingston,Cyprogenia stegaria,Fanshell,Bivalvia,Unionoida,Unionidae,E,E,Yes,2025
Livingston,Elliptio crassidens,Elephantear,Bivalvia,Unionoida,Unionidae,N,S,Yes,2023
Livingston,Fusconaia subrotunda,Longsolid,Bivalvia,Unionoida,Unionidae,T,T,Yes,2003
Livingston,Lampsilis abrupta,Pink Mucket,Bivalvia,Unionoida,Unionidae,E,E,Yes,2025
Livingston,Lampsilis ovata,Pocketbook,Bivalvia,Unionoida,Unionidae,N,E,Yes,2025
Livingston,Ligumia recta,Black Sandshell,Bivalvia,Unionoida,Unionidae,N,S,Yes,2025
Livingston,Obovaria retusa,Ring Pink,Bivalvia,Unionoida,Unionidae,E,E,Yes,1985
Livingston,Plethobasus cooperianus,Orangefoot Pimpleback,Bivalvia,Unionoida,Unionidae,E,E,Yes,2025
Livingston,Plethobasus cyphyus,Sheepnose,Bivalvia,Unionoida,Unionidae,E,E,Yes,2025
Livingston,Pleurobema clava,Clubshell,Bivalvia,Unionoida,Unionidae,E,E,Yes,1986
Livingston,Pleurobema rubrum,Pyramid Pigtoe,Bivalvia,Unionoida,Unionidae,PT,E,Yes,2024
Livingston,Potamilus capax,Fat Pocketbook,Bivalvia,Unionoida,Unionidae,E,T,Yes,2025
Livingston,Potamilus purpuratus,Bleufer,Bivalvia,Unionoida,Unionidae,N,E,Yes,2021
Livingston,Simpsonaias ambigua,Salamander Mussel,Bivalvia,Unionoida,Unionidae,N,T,Yes,1985
Livingston,Theliderma cylindrica,Rabbitsfoot,Bivalvia,Unionoida,Unionidae,T,E,Yes,2025
Livingston,Macrochelys temminckii,Alligator Snapping Turtle,Chelonia,Testudines,Chelydridae,PT,E,Yes,2020
Livingston,Faxonius kentuckiensis,Kentucky Crayfish,Malacostraca,Decapoda,Cambaridae,N,T,Yes,2001
Livingston,Faxonius margorectus,Livingston Crayfish,Malacostraca,Decapoda,Cambaridae,N,S,Yes,2025
Livingston,Lacunicambarus chimera,Crawzilla Crawdad,Malacostraca,Decapoda,Cambaridae,N,S,Yes,2025
Livingston,Procambarus viaeviridis,Vernal Crayfish,Malacostraca,Decapoda,Cambaridae,N,T,Yes,2005
Livingston,Myotis austroriparius,Southeastern Myotis,Mammalia,Chiroptera,Vespertilionidae,N,S,Yes,2012
Livingston,Myotis grisescens,Gray Myotis,Mammalia,Chiroptera,Vespertilionidae,E,T,Yes,2024
Livingston,Myotis lucifugus,Little Brown Bat,Mammalia,Chiroptera,Vespertilionidae,N,T,Yes,2002
Livingston,Myotis septentrionalis,Northern Long-Eared Bat,Mammalia,Chiroptera,Vespertilionidae,E,E,Yes,2012
Livingston,Myotis sodalis,Indiana Bat,Mammalia,Chiroptera,Vespertilionidae,E,E,Yes,2024
Livingston,Perimyotis subflavus,Tricolored Bat,Mammalia,Chiroptera,Vespertilionidae,PE,T,Yes,2014
Livingston,Ichthyomyzon castaneus,Chestnut Lamprey,Petromyzontida,Petromyzontiformes,Petromyzontidae,N,S,Yes,2022
Livingston,Farancia abacura reinwardtii,Western Mudsnake,Reptilia,Squamata,Colubridae,N,S,Yes,1963
Livingston,Nerodia erythrogaster neglecta,Copperbelly Watersnake,Reptilia,Squamata,Colubridae,T,T,Yes,2003
Livingston,Tantilla coronata,Southeastern Crowned Snake,Reptilia,Squamata,Colubridae,N,T,Yes,1963
Livingston,Aspidoscelis sexlineatus,Six-lined Racerunner,Reptilia,Squamata,Teiidae,N,S,Yes,1978
Logan,Lepomis miniatus,Redspotted Sunfish,Actinopterygii,Centrarchiformes,Centrarchidae,N,T,Yes,2012
Logan,Ictiobus niger,Black Buffalo,Actinopterygii,Cypriniformes,Catostomidae,N,S,Yes,2015
Logan,Erimystax insignis,Blotched Chub,Actinopterygii,Cypriniformes,Leuciscidae,N,E,Yes,2022
Logan,Hybopsis amnis,Pallid Shiner,Actinopterygii,Cypriniformes,Leuciscidae,N,E,Yes,1986
Logan,Allohistium maydeni,Redlips Darter,Actinopterygii,Perciformes,Percidae,N,S,Yes,1986
Logan,Nothonotus maculatus,Spotted Darter,Actinopterygii,Perciformes,Percidae,N,T,Yes,2019
Logan,Nothonotus microlepidus,Smallscale Darter,Actinopterygii,Perciformes,Percidae,N,E,Yes,2022
Logan,Noturus exilis,Slender Madtom,Actinopterygii,Siluriformes,Ictaluridae,N,E,Yes,2024
Logan,Circus hudsonius,Northern Harrier,Aves,Accipitriformes,Accipitridae,N,T,Yes,2014
Logan,Haliaeetus leucocephalus,Bald Eagle,Aves,Accipitriformes,Accipitridae,N,S,Yes,2013
Logan,Lophodytes cucullatus,Hooded Merganser,Aves,Anseriformes,Anatidae,N,T,Yes,2014
Logan,Spatula discors,Blue-winged Teal,Aves,Anseriformes,Anatidae,N,T,No,2008
Logan,Actitis macularius,Spotted Sandpiper,Aves,Charadriiformes,Scolopacidae,N,E,Yes,2013
Logan,Falco peregrinus,Peregrine Falcon,Aves,Falconiformes,Falconidae,N,E,Yes,2008
Logan,Riparia riparia,Bank Swallow,Aves,Passeriformes,Hirundinidae,N,S,Yes,2013
Logan,Dolichonyx oryzivorus,Bobolink,Aves,Passeriformes,Icteridae,N,S,Yes,2014
Logan,Lanius ludovicianus,Loggerhead Shrike,Aves,Passeriformes,Laniidae,N,S,Yes,2016
Logan,Vermivora chrysoptera,Golden-winged Warbler,Aves,Passeriformes,Parulidae,N,E,Yes,1949
Logan,Centronyx henslowii,Henslow's Sparrow,Aves,Passeriformes,Passerellidae,N,S,Yes,2013
Logan,Passerculus sandwichensis,Savannah Sparrow,Aves,Passeriformes,Passerellidae,N,S,Yes,2014
Logan,Thryomanes bewickii,Bewick's Wren,Aves,Passeriformes,Troglodytidae,N,H,Yes,2000
Logan,Vireo bellii,Bell's Vireo,Aves,Passeriformes,Vireonidae,N,S,Yes,2015
Logan,Ardea alba,Great Egret,Aves,Pelecaniformes,Ardeidae,N,T,Yes,2012
Logan,Bubulcus ibis,Cattle Egret,Aves,Pelecaniformes,Ardeidae,N,S,No,2014
Logan,Podilymbus podiceps,Pied-billed Grebe,Aves,Podicipediformes,Podicipedidae,N,E,Yes,2014
Logan,Asio flammeus,Short-eared Owl,Aves,Strigiformes,Strigidae,N,E,Yes,2014
Logan,Tyto furcata,American Barn Owl,Aves,Strigiformes,Tytonidae,N,S,Yes,2022
Logan,Actinonaias pectorosa,Pheasantshell,Bivalvia,Unionoida,Unionidae,N,S,Yes,1981
Logan,Alasmidonta marginata,Elktoe,Bivalvia,Unionoida,Unionidae,N,T,Yes,1988
Logan,Alasmidonta viridis,Slippershell Mussel,Bivalvia,Unionoida,Unionidae,N,S,Yes,2022
Logan,Anodontoides ferussacianus,Cylindrical Papershell,Bivalvia,Unionoida,Unionidae,N,S,Yes,1993
Logan,Cambarunio taeniatus,Painted Creekshell,Bivalvia,Unionoida,Unionidae,N,S,Yes,2020
Logan,Elliptio crassidens,Elephantear,Bivalvia,Unionoida,Unionidae,N,S,Yes,1990
Logan,Epioblasma triquetra,Snuffbox,Bivalvia,Unionoida,Unionidae,E,E,Yes,1990
Logan,Lampsilis ovata,Pocketbook,Bivalvia,Unionoida,Unionidae,N,E,Yes,2022
Logan,Leaunio lienosus,Little Spectaclecase,Bivalvia,Unionoida,Unionidae,N,T,Yes,1993
Logan,Leaunio ortmanni,Kentucky Creekshell,Bivalvia,Unionoida,Unionidae,N,E,Yes,2021
Logan,Leaunio vanuxemensis,Mountain Creekshell,Bivalvia,Unionoida,Unionidae,N,E,Yes,2020
Logan,Medionidus conradicus,Cumberland Moccasinshell,Bivalvia,Unionoida,Unionidae,N,E,Yes,1968
Logan,Obovaria subrotunda,Round Hickorynut,Bivalvia,Unionoida,Unionidae,T,T,Yes,1990
Logan,Pegias fabula,Littlewing Pearlymussel,Bivalvia,Unionoida,Unionidae,E,E,Yes,1990
Logan,Pleurobema oviforme,Tennessee Clubshell,Bivalvia,Unionoida,Unionidae,N,E,Yes,1990
Logan,Theliderma cylindrica,Rabbitsfoot,Bivalvia,Unionoida,Unionidae,T,E,Yes,1990
Logan,Toxolasma lividum,Purple Lilliput,Bivalvia,Unionoida,Unionidae,N,E,Yes,2008
Logan,Orconectes pellucidus,Mammoth Cave Crayfish,Malacostraca,Decapoda,Cambaridae,N,S,Yes,2006
Logan,Myotis grisescens,Gray Myotis,Mammalia,Chiroptera,Vespertilionidae,E,T,Yes,2024
Logan,Myotis lucifugus,Little Brown Bat,Mammalia,Chiroptera,Vespertilionidae,N,T,Yes,1963
Logan,Myotis sodalis,Indiana Bat,Mammalia,Chiroptera,Vespertilionidae,E,E,Yes,1963
Logan,Perimyotis subflavus,Tricolored Bat,Mammalia,Chiroptera,Vespertilionidae,PE,T,Yes,2024
Logan,Ichthyomyzon castaneus,Chestnut Lamprey,Petromyzontida,Petromyzontiformes,Petromyzontidae,N,S,Yes,1986
Logan,Nerodia erythrogaster neglecta,Copperbelly Watersnake,Reptilia,Squamata,Colubridae,T,T,Yes,2014
Logan,Thamnophis saurita saurita,Eastern Ribbonsnake,Reptilia,Squamata,Colubridae,N,S,Yes,1996
Lyon,Acipenser fulvescens,Lake Sturgeon,Actinopterygii,Acipenseriformes,Acipenseridae,N,E,Yes,2015
Lyon,Menidia audens,Mississippi Silverside,Actinopterygii,Atheriniformes,Atherinopsidae,N,T,No,2017
Lyon,Ictiobus niger,Black Buffalo,Actinopterygii,Cypriniformes,Catostomidae,N,S,Yes,1997
Lyon,Etheostoma proeliare,Cypress Darter,Actinopterygii,Perciformes,Percidae,N,T,Yes,1986
Lyon,Accipiter striatus,Sharp-shinned Hawk,Aves,Accipitriformes,Accipitridae,N,S,Yes,2012
Lyon,Circus hudsonius,Northern Harrier,Aves,Accipitriformes,Accipitridae,N,T,Yes,2012
Lyon,Haliaeetus leucocephalus,Bald Eagle,Aves,Accipitriformes,Accipitridae,N,S,Yes,2023
Lyon,Ictinia mississippiensis,Mississippi Kite,Aves,Accipitriformes,Accipitridae,N,S,No,2004
Lyon,Pandion haliaetus,Osprey,Aves,Accipitriformes,Pandionidae,N,S,Yes,2021
Lyon,Lophodytes cucullatus,Hooded Merganser,Aves,Anseriformes,Anatidae,N,T,Yes,2014
Lyon,Spatula clypeata,Northern Shoveler,Aves,Anseriformes,Anatidae,N,E,No,2007
Lyon,Spatula discors,Blue-winged Teal,Aves,Anseriformes,Anatidae,N,T,No,2001
Lyon,Sternula antillarum athalassos,Interior Least Tern,Aves,Charadriiformes,Laridae,N,E,Yes,2012
Lyon,Actitis macularius,Spotted Sandpiper,Aves,Charadriiformes,Scolopacidae,N,E,Yes,2014
Lyon,Falco peregrinus,Peregrine Falcon,Aves,Falconiformes,Falconidae,N,E,Yes,2013
Lyon,Fulica americana,American Coot,Aves,Gruiformes,Rallidae,N,E,No,2009
Lyon,Certhia americana,Brown Creeper,Aves,Passeriformes,Certhiidae,N,T,No,2007
Lyon,Corvus ossifragus,Fish Crow,Aves,Passeriformes,Corvidae,N,S,No,2008
Lyon,Riparia riparia,Bank Swallow,Aves,Passeriformes,Hirundinidae,N,S,Yes,2013
Lyon,Lanius ludovicianus,Loggerhead Shrike,Aves,Passeriformes,Laniidae,N,S,Yes,1996
Lyon,Vermivora chrysoptera,Golden-winged Warbler,Aves,Passeriformes,Parulidae,N,E,Yes,2012
Lyon,Junco hyemalis,Dark-eyed Junco,Aves,Passeriformes,Passerellidae,N,S,No,2007
Lyon,Passerculus sandwichensis,Savannah Sparrow,Aves,Passeriformes,Passerellidae,N,S,Yes,2014
Lyon,Sitta canadensis,Red-breasted Nuthatch,Aves,Passeriformes,Sittidae,N,E,No,2008
Lyon,Thryomanes bewickii,Bewick's Wren,Aves,Passeriformes,Troglodytidae,N,H,Yes,1996
Lyon,Empidonax minimus,Least Flycatcher,Aves,Passeriformes,Tyrannidae,N,E,Yes,2012
Lyon,Ardea alba,Great Egret,Aves,Pelecaniformes,Ardeidae,N,T,Yes,2016
Lyon,Botaurus lentiginosus,American Bittern,Aves,Pelecaniformes,Ardeidae,N,H,Yes,2011
Lyon,Bubulcus ibis,Cattle Egret,Aves,Pelecaniformes,Ardeidae,N,S,No,2014
Lyon,Egretta caerulea,Little Blue Heron,Aves,Pelecaniformes,Ardeidae,N,E,No,2006
Lyon,Egretta thula,Snowy Egret,Aves,Pelecaniformes,Ardeidae,N,E,No,2007
Lyon,Ixobrychus exilis,Least Bittern,Aves,Pelecaniformes,Ardeidae,N,T,Yes,2009
Lyon,Nyctanassa violacea,Yellow-crowned Night-heron,Aves,Pelecaniformes,Ardeidae,N,T,Yes,2012
Lyon,Nycticorax nycticorax,Black-crowned Night-heron,Aves,Pelecaniformes,Ardeidae,N,T,Yes,2016
Lyon,Podilymbus podiceps,Pied-billed Grebe,Aves,Podicipediformes,Podicipedidae,N,E,Yes,2014
Lyon,Asio flammeus,Short-eared Owl,Aves,Strigiformes,Strigidae,N,E,Yes,1966
Lyon,Phalacrocorax auritus,Double-crested Cormorant,Aves,Suliformes,Phalacrocoracidae,N,S,No,2009
Lyon,Cyprogenia stegaria,Fanshell,Bivalvia,Unionoida,Unionidae,E,E,Yes,1982
Lyon,Elliptio crassidens,Elephantear,Bivalvia,Unionoida,Unionidae,N,S,Yes,2010
Lyon,Fusconaia subrotunda,Longsolid,Bivalvia,Unionoida,Unionidae,T,T,Yes,1910
Lyon,Lampsilis abrupta,Pink Mucket,Bivalvia,Unionoida,Unionidae,E,E,Yes,1911
Lyon,Lampsilis ovata,Pocketbook,Bivalvia,Unionoida,Unionidae,N,E,Yes,1911
Lyon,Ligumia recta,Black Sandshell,Bivalvia,Unionoida,Unionidae,N,S,Yes,1981
Lyon,Obovaria retusa,Ring Pink,Bivalvia,Unionoida,Unionidae,E,E,Yes,1911
Lyon,Obovaria subrotunda,Round Hickorynut,Bivalvia,Unionoida,Unionidae,T,T,Yes,1982
Lyon,Macrochelys temminckii,Alligator Snapping Turtle,Chelonia,Testudines,Chelydridae,PT,E,Yes,2020
Lyon,Faxonius bisectus,Crittenden Crayfish,Malacostraca,Decapoda,Cambaridae,N,T,Yes,2025
Lyon,Lacunicambarus chimera,Crawzilla Crawdad,Malacostraca,Decapoda,Cambaridae,N,S,Yes,2005
Lyon,Lacunicambarus erythrodactylus,Warpaint Mudbug,Malacostraca,Decapoda,Cambaridae,N,T,No,2025
Lyon,Procambarus viaeviridis,Vernal Crayfish,Malacostraca,Decapoda,Cambaridae,N,T,Yes,2025
Lyon,Myotis austroriparius,Southeastern Myotis,Mammalia,Chiroptera,Vespertilionidae,N,S,Yes,2015
Lyon,Myotis grisescens,Gray Myotis,Mammalia,Chiroptera,Vespertilionidae,E,T,Yes,2016
Lyon,Myotis lucifugus,Little Brown Bat,Mammalia,Chiroptera,Vespertilionidae,N,T,Yes,2019
Lyon,Myotis septentrionalis,Northern Long-Eared Bat,Mammalia,Chiroptera,Vespertilionidae,E,E,Yes,2019
Lyon,Perimyotis subflavus,Tricolored Bat,Mammalia,Chiroptera,Vespertilionidae,PE,T,Yes,2021
Lyon,Ichthyomyzon castaneus,Chestnut Lamprey,Petromyzontida,Petromyzontiformes,Petromyzontidae,N,S,Yes,1986
Lyon,Cemophora coccinea,Scarletsnake,Reptilia,Squamata,Colubridae,N,S,Yes,2018
Lyon,Lampropeltis elapsoides,Scarlet Kingsnake,Reptilia,Squamata,Colubridae,N,E,Yes,2025
Lyon,Pituophis melanoleucus,Eastern Pinesnake,Reptilia,Squamata,Colubridae,N,E,Yes,2010
Lyon,Tantilla coronata,Southeastern Crowned Snake,Reptilia,Squamata,Colubridae,N,T,Yes,2012
Lyon,Thamnophis proximus proximus,Western Ribbonsnake,Reptilia,Squamata,Colubridae,N,E,Yes,2020
Lyon,Thamnophis saurita saurita,Eastern Ribbonsnake,Reptilia,Squamata,Colubridae,N,S,Yes,1968
Lyon,Plestiodon inexpectatus,Southeastern Five-lined Skink,Reptilia,Squamata,Scincidae,N,S,Yes,1970
Lyon,Aspidoscelis sexlineatus,Six-lined Racerunner,Reptilia,Squamata,Teiidae,N,S,Yes,2002
Madison,Lithobates pipiens,Northern Leopard Frog,Amphibia,Anura,Ranidae,N,S,Yes,2014
Madison,Cryptobranchus alleganiensis alleganiensis,Eastern Hellbender,Amphibia,Caudata,Cryptobranchidae,PE,S,Yes,1979
Madison,Accipiter striatus,Sharp-shinned Hawk,Aves,Accipitriformes,Accipitridae,N,S,Yes,2016
Madison,Circus hudsonius,Northern Harrier,Aves,Accipitriformes,Accipitridae,N,T,Yes,2014
Madison,Haliaeetus leucocephalus,Bald Eagle,Aves,Accipitriformes,Accipitridae,N,S,Yes,2021
Madison,Pandion haliaetus,Osprey,Aves,Accipitriformes,Pandionidae,N,S,Yes,2014
Madison,Lophodytes cucullatus,Hooded Merganser,Aves,Anseriformes,Anatidae,N,T,Yes,2014
Madison,Spatula clypeata,Northern Shoveler,Aves,Anseriformes,Anatidae,N,E,No,1961
Madison,Actitis macularius,Spotted Sandpiper,Aves,Charadriiformes,Scolopacidae,N,E,Yes,2014
Madison,Bartramia longicauda,Upland Sandpiper,Aves,Charadriiformes,Scolopacidae,N,H,Yes,2012
Madison,Falco peregrinus,Peregrine Falcon,Aves,Falconiformes,Falconidae,N,E,Yes,2011
Madison,Fulica americana,American Coot,Aves,Gruiformes,Rallidae,N,E,No,1965
Madison,Gallinula galeata,Common Gallinule,Aves,Gruiformes,Rallidae,N,T,Yes,1986
Madison,Certhia americana,Brown Creeper,Aves,Passeriformes,Certhiidae,N,T,No,2004
Madison,Riparia riparia,Bank Swallow,Aves,Passeriformes,Hirundinidae,N,S,Yes,2011
Madison,Dolichonyx oryzivorus,Bobolink,Aves,Passeriformes,Icteridae,N,S,Yes,2013
Madison,Lanius ludovicianus,Loggerhead Shrike,Aves,Passeriformes,Laniidae,N,S,Yes,2016
Madison,Cardellina canadensis,Canada Warbler,Aves,Passeriformes,Parulidae,N,S,Yes,2020
Madison,Vermivora chrysoptera,Golden-winged Warbler,Aves,Passeriformes,Parulidae,N,E,Yes,2012
Madison,Centronyx henslowii,Henslow's Sparrow,Aves,Passeriformes,Passerellidae,N,S,Yes,2020
Madison,Junco hyemalis,Dark-eyed Junco,Aves,Passeriformes,Passerellidae,N,S,No,2005
Madison,Passerculus sandwichensis,Savannah Sparrow,Aves,Passeriformes,Passerellidae,N,S,Yes,2014
Madison,Peucaea aestivalis,Bachman's Sparrow,Aves,Passeriformes,Passerellidae,N,E,Yes,1966
Madison,Sitta canadensis,Red-breasted Nuthatch,Aves,Passeriformes,Sittidae,N,E,No,2007
Madison,Cistothorus stellaris,Sedge Wren,Aves,Passeriformes,Troglodytidae,N,S,Yes,2012
Madison,Thryomanes bewickii,Bewick's Wren,Aves,Passeriformes,Troglodytidae,N,H,Yes,1996
Madison,Empidonax minimus,Least Flycatcher,Aves,Passeriformes,Tyrannidae,N,E,Yes,2012
Madison,Ardea alba,Great Egret,Aves,Pelecaniformes,Ardeidae,N,T,Yes,2012
Madison,Bubulcus ibis,Cattle Egret,Aves,Pelecaniformes,Ardeidae,N,S,No,2003
Madison,Nycticorax nycticorax,Black-crowned Night-heron,Aves,Pelecaniformes,Ardeidae,N,T,Yes,2011
Madison,Podilymbus podiceps,Pied-billed Grebe,Aves,Podicipediformes,Podicipedidae,N,E,Yes,2014
Madison,Asio flammeus,Short-eared Owl,Aves,Strigiformes,Strigidae,N,E,Yes,2011
Madison,Asio otus,Long-eared Owl,Aves,Strigiformes,Strigidae,N,E,Yes,1991
Madison,Tyto furcata,American Barn Owl,Aves,Strigiformes,Tytonidae,N,S,Yes,2022
Madison,Alasmidonta viridis,Slippershell Mussel,Bivalvia,Unionoida,Unionidae,N,S,Yes,1988
Madison,Cambarunio taeniatus,Painted Creekshell,Bivalvia,Unionoida,Unionidae,N,S,Yes,1980
Madison,Obovaria retusa,Ring Pink,Bivalvia,Unionoida,Unionidae,E,E,Yes,2023
Madison,Obovaria subrotunda,Round Hickorynut,Bivalvia,Unionoida,Unionidae,T,T,Yes,2024
Madison,Plethobasus cyphyus,Sheepnose,Bivalvia,Unionoida,Unionidae,E,E,Yes,2024
Madison,Cambarus guenteri,Redbird Crayfish,Malacostraca,Decapoda,Cambaridae,N,S,Yes,2003
Madison,Cambarus hazardi,Brawny Crayfish,Malacostraca,Decapoda,Cambaridae,N,S,Yes,1968
Madison,Mustela nivalis,Least Weasel,Mammalia,Carnivora,Mustelidae,N,S,Yes,2012
Madison,Corynorhinus rafinesquii,Rafinesque's Big-eared Bat,Mammalia,Chiroptera,Vespertilionidae,N,S,Yes,2016
Madison,Myotis grisescens,Gray Myotis,Mammalia,Chiroptera,Vespertilionidae,E,T,Yes,2017
Madison,Myotis lucifugus,Little Brown Bat,Mammalia,Chiroptera,Vespertilionidae,N,T,Yes,2014
Madison,Myotis septentrionalis,Northern Long-Eared Bat,Mammalia,Chiroptera,Vespertilionidae,E,E,Yes,2007
Madison,Perimyotis subflavus,Tricolored Bat,Mammalia,Chiroptera,Vespertilionidae,PE,T,Yes,2016
Madison,Cemophora coccinea,Scarletsnake,Reptilia,Squamata,Colubridae,N,S,Yes,1981
Madison,Plestiodon anthracinus,Coal Skink,Reptilia,Squamata,Scincidae,N,E,Yes,2022
Magoffin,Cryptobranchus alleganiensis alleganiensis,Eastern Hellbender,Amphibia,Caudata,Cryptobranchidae,PE,S,Yes,2020
Magoffin,Haliaeetus leucocephalus,Bald Eagle,Aves,Accipitriformes,Accipitridae,N,S,Yes,2006
Magoffin,Actitis macularius,Spotted Sandpiper,Aves,Charadriiformes,Scolopacidae,N,E,Yes,2000
Magoffin,Cyprogenia stegaria,Fanshell,Bivalvia,Unionoida,Unionidae,E,E,Yes,2017
Magoffin,Leaunio lienosus,Little Spectaclecase,Bivalvia,Unionoida,Unionidae,N,T,Yes,1978
Magoffin,Cambarus hazardi,Brawny Crayfish,Malacostraca,Decapoda,Cambaridae,N,S,Yes,2006
Magoffin,Cambarus theepiensis,Coalfields Crayfish,Malacostraca,Decapoda,Cambaridae,N,S,No,2015
Magoffin,Spilogale putorius,Eastern Spotted Skunk,Mammalia,Carnivora,Mephitidae,N,S,Yes,2017
Magoffin,Corynorhinus rafinesquii,Rafinesque's Big-eared Bat,Mammalia,Chiroptera,Vespertilionidae,N,S,Yes,2006
Magoffin,Myotis leibii,Eastern Small-footed Myotis,Mammalia,Chiroptera,Vespertilionidae,N,T,Yes,2008
Magoffin,Myotis lucifugus,Little Brown Bat,Mammalia,Chiroptera,Vespertilionidae,N,T,Yes,2007
Magoffin,Myotis septentrionalis,Northern Long-Eared Bat,Mammalia,Chiroptera,Vespertilionidae,E,E,Yes,2012
Magoffin,Myotis sodalis,Indiana Bat,Mammalia,Chiroptera,Vespertilionidae,E,E,Yes,2007
Magoffin,Perimyotis subflavus,Tricolored Bat,Mammalia,Chiroptera,Vespertilionidae,PE,T,Yes,2022
Magoffin,Lethenteron appendix,American Brook Lamprey,Petromyzontida,Petromyzontiformes,Petromyzontidae,N,T,Yes,1986
Marion,Noturus stigmosus,Northern Madtom,Actinopterygii,Siluriformes,Ictaluridae,N,S,Yes,1986
Marion,Cryptobranchus alleganiensis alleganiensis,Eastern Hellbender,Amphibia,Caudata,Cryptobranchidae,PE,S,Yes,2020
Marion,Haliaeetus leucocephalus,Bald Eagle,Aves,Accipitriformes,Accipitridae,N,S,Yes,2021
Marion,Lanius ludovicianus,Loggerhead Shrike,Aves,Passeriformes,Laniidae,N,S,Yes,2022
Marion,Thryomanes bewickii,Bewick's Wren,Aves,Passeriformes,Troglodytidae,N,H,Yes,1996
Marion,Podilymbus podiceps,Pied-billed Grebe,Aves,Podicipediformes,Podicipedidae,N,E,Yes,1999
Marion,Asio flammeus,Short-eared Owl,Aves,Strigiformes,Strigidae,N,E,Yes,2017
Marion,Tyto furcata,American Barn Owl,Aves,Strigiformes,Tytonidae,N,S,Yes,2022
Marion,Alasmidonta viridis,Slippershell Mussel,Bivalvia,Unionoida,Unionidae,N,S,Yes,1998
Marion,Epioblasma triquetra,Snuffbox,Bivalvia,Unionoida,Unionidae,E,E,Yes,2003
Marion,Lampsilis ovata,Pocketbook,Bivalvia,Unionoida,Unionidae,N,E,Yes,1986
Marion,Leaunio lienosus,Little Spectaclecase,Bivalvia,Unionoida,Unionidae,N,T,Yes,2003
Marion,Obovaria subrotunda,Round Hickorynut,Bivalvia,Unionoida,Unionidae,T,T,Yes,2003
Marion,Simpsonaias ambigua,Salamander Mussel,Bivalvia,Unionoida,Unionidae,N,T,Yes,2003
Marion,Myotis grisescens,Gray Myotis,Mammalia,Chiroptera,Vespertilionidae,E,T,Yes,2022
Marion,Myotis lucifugus,Little Brown Bat,Mammalia,Chiroptera,Vespertilionidae,N,T,Yes,2014
Marion,Myotis septentrionalis,Northern Long-Eared Bat,Mammalia,Chiroptera,Vespertilionidae,E,E,Yes,2014
Marion,Perimyotis subflavus,Tricolored Bat,Mammalia,Chiroptera,Vespertilionidae,PE,T,Yes,2022
Marion,Ichthyomyzon castaneus,Chestnut Lamprey,Petromyzontida,Petromyzontiformes,Petromyzontidae,N,S,Yes,2014
Marion,Tantilla coronata,Southeastern Crowned Snake,Reptilia,Squamata,Colubridae,N,T,Yes,1965
Marshall,Menidia audens,Mississippi Silverside,Actinopterygii,Atheriniformes,Atherinopsidae,N,T,No,2025
Marshall,Lepomis marginatus,Dollar Sunfish,Actinopterygii,Centrarchiformes,Centrarchidae,N,E,Yes,2016
Marshall,Ictiobus niger,Black Buffalo,Actinopterygii,Cypriniformes,Catostomidae,N,S,Yes,2023
Marshall,Hybopsis amnis,Pallid Shiner,Actinopterygii,Cypriniformes,Leuciscidae,N,E,Yes,1986
Marshall,Notropis maculatus,Taillight Shiner,Actinopterygii,Cypriniformes,Leuciscidae,N,T,Yes,2016
Marshall,Esox niger,Chain Pickerel,Actinopterygii,Esociformes,Esocidae,N,S,Yes,1983
Marshall,Umbra limi,Central Mudminnow,Actinopterygii,Esociformes,Esocidae,N,T,Yes,2016
Marshall,Etheostoma proeliare,Cypress Darter,Actinopterygii,Perciformes,Percidae,N,T,Yes,2016
Marshall,Etheostoma xanthovum,Clarks Darter,Actinopterygii,Perciformes,Percidae,N,S,No,2021
Marshall,Lithobates areolatus circulosus,Northern Crawfish Frog,Amphibia,Anura,Ranidae,N,S,Yes,2021
Marshall,Accipiter striatus,Sharp-shinned Hawk,Aves,Accipitriformes,Accipitridae,N,S,Yes,2014
Marshall,Circus hudsonius,Northern Harrier,Aves,Accipitriformes,Accipitridae,N,T,Yes,2014
Marshall,Haliaeetus leucocephalus,Bald Eagle,Aves,Accipitriformes,Accipitridae,N,S,Yes,2023
Marshall,Ictinia mississippiensis,Mississippi Kite,Aves,Accipitriformes,Accipitridae,N,S,No,2002
Marshall,Pandion haliaetus,Osprey,Aves,Accipitriformes,Pandionidae,N,S,Yes,2017
Marshall,Lophodytes cucullatus,Hooded Merganser,Aves,Anseriformes,Anatidae,N,T,Yes,2014
Marshall,Spatula clypeata,Northern Shoveler,Aves,Anseriformes,Anatidae,N,E,No,2002
Marshall,Spatula discors,Blue-winged Teal,Aves,Anseriformes,Anatidae,N,T,No,2005
Marshall,Sternula antillarum athalassos,Interior Least Tern,Aves,Charadriiformes,Laridae,N,E,Yes,2013
Marshall,Actitis macularius,Spotted Sandpiper,Aves,Charadriiformes,Scolopacidae,N,E,Yes,2013
Marshall,Falco peregrinus,Peregrine Falcon,Aves,Falconiformes,Falconidae,N,E,Yes,2013
Marshall,Fulica americana,American Coot,Aves,Gruiformes,Rallidae,N,E,No,2008
Marshall,Pheucticus ludovicianus,Rose-breasted Grosbeak,Aves,Passeriformes,Cardinalidae,N,S,No,2007
Marshall,Certhia americana,Brown Creeper,Aves,Passeriformes,Certhiidae,N,T,No,1996
Marshall,Corvus ossifragus,Fish Crow,Aves,Passeriformes,Corvidae,N,S,No,2004
Marshall,Riparia riparia,Bank Swallow,Aves,Passeriformes,Hirundinidae,N,S,Yes,2010
Marshall,Lanius ludovicianus,Loggerhead Shrike,Aves,Passeriformes,Laniidae,N,S,Yes,1996
Marshall,Cardellina canadensis,Canada Warbler,Aves,Passeriformes,Parulidae,N,S,Yes,2006
Marshall,Vermivora chrysoptera,Golden-winged Warbler,Aves,Passeriformes,Parulidae,N,E,Yes,2014
Marshall,Centronyx henslowii,Henslow's Sparrow,Aves,Passeriformes,Passerellidae,N,S,Yes,2008
Marshall,Chondestes grammacus,Lark Sparrow,Aves,Passeriformes,Passerellidae,N,S,No,2005
Marshall,Passerculus sandwichensis,Savannah Sparrow,Aves,Passeriformes,Passerellidae,N,S,Yes,2013
Marshall,Sitta canadensis,Red-breasted Nuthatch,Aves,Passeriformes,Sittidae,N,E,No,2008
Marshall,Sitta pusilla,Brown-headed Nuthatch,Aves,Passeriformes,Sittidae,N,E,No,2014
Marshall,Thryomanes bewickii,Bewick's Wren,Aves,Passeriformes,Troglodytidae,N,H,Yes,2003
Marshall,Empidonax minimus,Least Flycatcher,Aves,Passeriformes,Tyrannidae,N,E,Yes,2005
Marshall,Ardea alba,Great Egret,Aves,Pelecaniformes,Ardeidae,N,T,Yes,2014
Marshall,Botaurus lentiginosus,American Bittern,Aves,Pelecaniformes,Ardeidae,N,H,Yes,2013
Marshall,Bubulcus ibis,Cattle Egret,Aves,Pelecaniformes,Ardeidae,N,S,No,2013
Marshall,Egretta caerulea,Little Blue Heron,Aves,Pelecaniformes,Ardeidae,N,E,No,2003
Marshall,Egretta thula,Snowy Egret,Aves,Pelecaniformes,Ardeidae,N,E,No,2007
Marshall,Nyctanassa violacea,Yellow-crowned Night-heron,Aves,Pelecaniformes,Ardeidae,N,T,Yes,2017
Marshall,Nycticorax nycticorax,Black-crowned Night-heron,Aves,Pelecaniformes,Ardeidae,N,T,Yes,2013
Marshall,Podilymbus podiceps,Pied-billed Grebe,Aves,Podicipediformes,Podicipedidae,N,E,Yes,2014
Marshall,Tyto furcata,American Barn Owl,Aves,Strigiformes,Tytonidae,N,S,Yes,2022
Marshall,Phalacrocorax auritus,Double-crested Cormorant,Aves,Suliformes,Phalacrocoracidae,N,S,No,2006
Marshall,Cumberlandia monodonta,Spectaclecase,Bivalvia,Unionoida,Margaritiferidae,E,E,Yes,1991
Marshall,Cyprogenia stegaria,Fanshell,Bivalvia,Unionoida,Unionidae,E,E,Yes,1982
Marshall,Dromus dromas,Dromedary Pearlymussel,Bivalvia,Unionoida,Unionidae,E,E,Yes,1982
Marshall,Elliptio crassidens,Elephantear,Bivalvia,Unionoida,Unionidae,N,S,Yes,2024
Marshall,Fusconaia subrotunda,Longsolid,Bivalvia,Unionoida,Unionidae,T,T,Yes,1999
Marshall,Lampsilis abrupta,Pink Mucket,Bivalvia,Unionoida,Unionidae,E,E,Yes,1991
Marshall,Lampsilis ovata,Pocketbook,Bivalvia,Unionoida,Unionidae,N,E,Yes,2024
Marshall,Ligumia recta,Black Sandshell,Bivalvia,Unionoida,Unionidae,N,S,Yes,2024
Marshall,Obovaria retusa,Ring Pink,Bivalvia,Unionoida,Unionidae,E,E,Yes,1987
Marshall,Obovaria subrotunda,Round Hickorynut,Bivalvia,Unionoida,Unionidae,T,T,Yes,1982
Marshall,Plethobasus cooperianus,Orangefoot Pimpleback,Bivalvia,Unionoida,Unionidae,E,E,Yes,1999
Marshall,Plethobasus cyphyus,Sheepnose,Bivalvia,Unionoida,Unionidae,E,E,Yes,2024
Marshall,Pleurobema rubrum,Pyramid Pigtoe,Bivalvia,Unionoida,Unionidae,PT,E,Yes,1985
Marshall,Potamilus capax,Fat Pocketbook,Bivalvia,Unionoida,Unionidae,E,T,Yes,2012
Marshall,Potamilus purpuratus,Bleufer,Bivalvia,Unionoida,Unionidae,N,E,Yes,2005
Marshall,Theliderma cylindrica,Rabbitsfoot,Bivalvia,Unionoida,Unionidae,T,E,Yes,2024
Marshall,Macrochelys temminckii,Alligator Snapping Turtle,Chelonia,Testudines,Chelydridae,PT,E,Yes,2025
Marshall,Lacunicambarus chimera,Crawzilla Crawdad,Malacostraca,Decapoda,Cambaridae,N,S,Yes,2025
Marshall,Lacunicambarus ludovicianus,Painted Devil Crayfish,Malacostraca,Decapoda,Cambaridae,N,T,No,2025
Marshall,Myotis austroriparius,Southeastern Myotis,Mammalia,Chiroptera,Vespertilionidae,N,S,Yes,2021
Marshall,Myotis septentrionalis,Northern Long-Eared Bat,Mammalia,Chiroptera,Vespertilionidae,E,E,Yes,2008
Marshall,Perimyotis subflavus,Tricolored Bat,Mammalia,Chiroptera,Vespertilionidae,PE,T,Yes,2017
Marshall,Ichthyomyzon castaneus,Chestnut Lamprey,Petromyzontida,Petromyzontiformes,Petromyzontidae,N,S,Yes,2022
Marshall,Lethenteron appendix,American Brook Lamprey,Petromyzontida,Petromyzontiformes,Petromyzontidae,N,T,Yes,1943
Marshall,Cemophora coccinea,Scarletsnake,Reptilia,Squamata,Colubridae,N,S,Yes,2007
Marshall,Farancia abacura reinwardtii,Western Mudsnake,Reptilia,Squamata,Colubridae,N,S,Yes,2022
Marshall,Pituophis melanoleucus,Eastern Pinesnake,Reptilia,Squamata,Colubridae,N,E,Yes,1994
Marshall,Tantilla coronata,Southeastern Crowned Snake,Reptilia,Squamata,Colubridae,N,T,Yes,1965
Marshall,Thamnophis saurita saurita,Eastern Ribbonsnake,Reptilia,Squamata,Colubridae,N,S,Yes,2023
Marshall,Aspidoscelis sexlineatus,Six-lined Racerunner,Reptilia,Squamata,Teiidae,N,S,Yes,2008
Martin,Campostoma pullum,Finescale Stoneroller,Actinopterygii,Cypriniformes,Leuciscidae,N,S,No,2016
Martin,Ammocrypta clara,Western Sand Darter,Actinopterygii,Perciformes,Percidae,N,E,Yes,1938
Martin,Circus hudsonius,Northern Harrier,Aves,Accipitriformes,Accipitridae,N,T,Yes,1997
Martin,Corvus corax,Common Raven,Aves,Passeriformes,Corvidae,N,T,Yes,2020
Martin,Cambarus callainus,Big Sandy Crayfish,Malacostraca,Decapoda,Cambaridae,T,T,Yes,2015
Martin,Corynorhinus rafinesquii,Rafinesque's Big-eared Bat,Mammalia,Chiroptera,Vespertilionidae,N,S,Yes,2008
Martin,Myotis leibii,Eastern Small-footed Myotis,Mammalia,Chiroptera,Vespertilionidae,N,T,Yes,2021
Martin,Myotis lucifugus,Little Brown Bat,Mammalia,Chiroptera,Vespertilionidae,N,T,Yes,2011
Martin,Myotis septentrionalis,Northern Long-Eared Bat,Mammalia,Chiroptera,Vespertilionidae,E,E,Yes,2013
Martin,Perimyotis subflavus,Tricolored Bat,Mammalia,Chiroptera,Vespertilionidae,PE,T,Yes,2025
Mason,Ictiobus niger,Black Buffalo,Actinopterygii,Cypriniformes,Catostomidae,N,S,Yes,2017
Mason,Lithobates pipiens,Northern Leopard Frog,Amphibia,Anura,Ranidae,N,S,Yes,1957
Mason,Cryptobranchus alleganiensis alleganiensis,Eastern Hellbender,Amphibia,Caudata,Cryptobranchidae,PE,S,Yes,1989
Mason,Accipiter striatus,Sharp-shinned Hawk,Aves,Accipitriformes,Accipitridae,N,S,Yes,2002
Mason,Haliaeetus leucocephalus,Bald Eagle,Aves,Accipitriformes,Accipitridae,N,S,Yes,2022
Mason,Lophodytes cucullatus,Hooded Merganser,Aves,Anseriformes,Anatidae,N,T,Yes,2014
Mason,Falco peregrinus,Peregrine Falcon,Aves,Falconiformes,Falconidae,N,E,Yes,2023
Mason,Riparia riparia,Bank Swallow,Aves,Passeriformes,Hirundinidae,N,S,Yes,2012
Mason,Dolichonyx oryzivorus,Bobolink,Aves,Passeriformes,Icteridae,N,S,Yes,2014
Mason,Lanius ludovicianus,Loggerhead Shrike,Aves,Passeriformes,Laniidae,N,S,Yes,2015
Mason,Centronyx henslowii,Henslow's Sparrow,Aves,Passeriformes,Passerellidae,N,S,Yes,1996
Mason,Podilymbus podiceps,Pied-billed Grebe,Aves,Podicipediformes,Podicipedidae,N,E,Yes,2011
Mason,Tyto furcata,American Barn Owl,Aves,Strigiformes,Tytonidae,N,S,Yes,2022
Mason,Alasmidonta viridis,Slippershell Mussel,Bivalvia,Unionoida,Unionidae,N,S,Yes,2018
Mason,Cyprogenia stegaria,Fanshell,Bivalvia,Unionoida,Unionidae,E,E,Yes,1900
Mason,Elliptio crassidens,Elephantear,Bivalvia,Unionoida,Unionidae,N,S,Yes,2023
Mason,Fusconaia subrotunda,Longsolid,Bivalvia,Unionoida,Unionidae,T,T,Yes,2023
Mason,Lampsilis ovata,Pocketbook,Bivalvia,Unionoida,Unionidae,N,E,Yes,1967
Mason,Ligumia recta,Black Sandshell,Bivalvia,Unionoida,Unionidae,N,S,Yes,2023
Mason,Plethobasus cyphyus,Sheepnose,Bivalvia,Unionoida,Unionidae,E,E,Yes,1982
Mason,Pleurobema plenum,Rough Pigtoe,Bivalvia,Unionoida,Unionidae,E,E,Yes,1966
Mason,Myotis lucifugus,Little Brown Bat,Mammalia,Chiroptera,Vespertilionidae,N,T,Yes,2007
Mason,Myotis septentrionalis,Northern Long-Eared Bat,Mammalia,Chiroptera,Vespertilionidae,E,E,Yes,2015
Mason,Myotis sodalis,Indiana Bat,Mammalia,Chiroptera,Vespertilionidae,E,E,Yes,2025
Mason,Perimyotis subflavus,Tricolored Bat,Mammalia,Chiroptera,Vespertilionidae,PE,T,Yes,2008
McCracken,Menidia audens,Mississippi Silverside,Actinopterygii,Atheriniformes,Atherinopsidae,N,T,No,2023
McCracken,Lepomis marginatus,Dollar Sunfish,Actinopterygii,Centrarchiformes,Centrarchidae,N,E,Yes,1984
McCracken,Lepomis miniatus,Redspotted Sunfish,Actinopterygii,Centrarchiformes,Centrarchidae,N,T,Yes,2019
McCracken,Erimyzon sucetta,Lake Chubsucker,Actinopterygii,Cypriniformes,Catostomidae,N,T,Yes,2019
McCracken,Ictiobus niger,Black Buffalo,Actinopterygii,Cypriniformes,Catostomidae,N,S,Yes,2024
McCracken,Campostoma pullum,Finescale Stoneroller,Actinopterygii,Cypriniformes,Leuciscidae,N,S,No,2022
McCracken,Cyprinella venusta,Blacktail Shiner,Actinopterygii,Cypriniformes,Leuciscidae,N,S,Yes,2024
McCracken,Hybognathus hayi,Cypress Minnow,Actinopterygii,Cypriniformes,Leuciscidae,N,E,Yes,2012
McCracken,Notropis maculatus,Taillight Shiner,Actinopterygii,Cypriniformes,Leuciscidae,N,T,Yes,2023
McCracken,Esox niger,Chain Pickerel,Actinopterygii,Esociformes,Esocidae,N,S,Yes,1986
McCracken,Umbra limi,Central Mudminnow,Actinopterygii,Esociformes,Esocidae,N,T,Yes,2017
McCracken,Lota lota,Burbot,Actinopterygii,Gadiformes,Gadidae,N,S,Yes,1986
McCracken,Atractosteus spatula,Alligator Gar,Actinopterygii,Lepisosteiformes,Lepisosteidae,N,E,Yes,2011
McCracken,Etheostoma proeliare,Cypress Darter,Actinopterygii,Perciformes,Percidae,N,T,Yes,2022
McCracken,Noturus stigmosus,Northern Madtom,Actinopterygii,Siluriformes,Ictaluridae,N,S,Yes,2016
McCracken,Lithobates areolatus circulosus,Northern Crawfish Frog,Amphibia,Anura,Ranidae,N,S,Yes,2025
McCracken,Cryptobranchus alleganiensis alleganiensis,Eastern Hellbender,Amphibia,Caudata,Cryptobranchidae,PE,S,Yes,1961
McCracken,Accipiter striatus,Sharp-shinned Hawk,Aves,Accipitriformes,Accipitridae,N,S,Yes,1996
McCracken,Circus hudsonius,Northern Harrier,Aves,Accipitriformes,Accipitridae,N,T,Yes,1996
McCracken,Haliaeetus leucocephalus,Bald Eagle,Aves,Accipitriformes,Accipitridae,N,S,Yes,2023
McCracken,Ictinia mississippiensis,Mississippi Kite,Aves,Accipitriformes,Accipitridae,N,S,No,2007
McCracken,Pandion haliaetus,Osprey,Aves,Accipitriformes,Pandionidae,N,S,Yes,2017
McCracken,Lophodytes cucullatus,Hooded Merganser,Aves,Anseriformes,Anatidae,N,T,Yes,2009
McCracken,Sternula antillarum athalassos,Interior Least Tern,Aves,Charadriiformes,Laridae,N,E,Yes,2012
McCracken,Bartramia longicauda,Upland Sandpiper,Aves,Charadriiformes,Scolopacidae,N,H,Yes,2004
McCracken,Falco peregrinus,Peregrine Falcon,Aves,Falconiformes,Falconidae,N,E,Yes,2008
McCracken,Fulica americana,American Coot,Aves,Gruiformes,Rallidae,N,E,No,1952
McCracken,Certhia americana,Brown Creeper,Aves,Passeriformes,Certhiidae,N,T,No,1952
McCracken,Corvus ossifragus,Fish Crow,Aves,Passeriformes,Corvidae,N,S,No,2009
McCracken,Riparia riparia,Bank Swallow,Aves,Passeriformes,Hirundinidae,N,S,Yes,1991
McCracken,Dolichonyx oryzivorus,Bobolink,Aves,Passeriformes,Icteridae,N,S,Yes,2002
McCracken,Lanius ludovicianus,Loggerhead Shrike,Aves,Passeriformes,Laniidae,N,S,Yes,2012
McCracken,Vermivora chrysoptera,Golden-winged Warbler,Aves,Passeriformes,Parulidae,N,E,Yes,2006
McCracken,Chondestes grammacus,Lark Sparrow,Aves,Passeriformes,Passerellidae,N,S,No,2005
McCracken,Junco hyemalis,Dark-eyed Junco,Aves,Passeriformes,Passerellidae,N,S,No,1954
McCracken,Passerculus sandwichensis,Savannah Sparrow,Aves,Passeriformes,Passerellidae,N,S,Yes,2014
McCracken,Cistothorus stellaris,Sedge Wren,Aves,Passeriformes,Troglodytidae,N,S,Yes,2006
McCracken,Vireo bellii,Bell's Vireo,Aves,Passeriformes,Vireonidae,N,S,Yes,2003
McCracken,Ardea alba,Great Egret,Aves,Pelecaniformes,Ardeidae,N,T,Yes,2017
McCracken,Nyctanassa violacea,Yellow-crowned Night-heron,Aves,Pelecaniformes,Ardeidae,N,T,Yes,2013
McCracken,Podilymbus podiceps,Pied-billed Grebe,Aves,Podicipediformes,Podicipedidae,N,E,Yes,2014
McCracken,Tyto furcata,American Barn Owl,Aves,Strigiformes,Tytonidae,N,S,Yes,2022
McCracken,Phalacrocorax auritus,Double-crested Cormorant,Aves,Suliformes,Phalacrocoracidae,N,S,No,1950
McCracken,Elliptio crassidens,Elephantear,Bivalvia,Unionoida,Unionidae,N,S,Yes,2025
McCracken,Fusconaia subrotunda,Longsolid,Bivalvia,Unionoida,Unionidae,T,T,Yes,2006
McCracken,Lampsilis abrupta,Pink Mucket,Bivalvia,Unionoida,Unionidae,E,E,Yes,2024
McCracken,Lampsilis ovata,Pocketbook,Bivalvia,Unionoida,Unionidae,N,E,Yes,2024
McCracken,Ligumia recta,Black Sandshell,Bivalvia,Unionoida,Unionidae,N,S,Yes,2025
McCracken,Obovaria retusa,Ring Pink,Bivalvia,Unionoida,Unionidae,E,E,Yes,1998
McCracken,Plethobasus cooperianus,Orangefoot Pimpleback,Bivalvia,Unionoida,Unionidae,E,E,Yes,2024
McCracken,Plethobasus cyphyus,Sheepnose,Bivalvia,Unionoida,Unionidae,E,E,Yes,2024
McCracken,Pleurobema rubrum,Pyramid Pigtoe,Bivalvia,Unionoida,Unionidae,PT,E,Yes,1931
McCracken,Potamilus capax,Fat Pocketbook,Bivalvia,Unionoida,Unionidae,E,T,Yes,2025
McCracken,Potamilus purpuratus,Bleufer,Bivalvia,Unionoida,Unionidae,N,E,Yes,2024
McCracken,Theliderma cylindrica,Rabbitsfoot,Bivalvia,Unionoida,Unionidae,T,E,Yes,2025
McCracken,Macrochelys temminckii,Alligator Snapping Turtle,Chelonia,Testudines,Chelydridae,PT,E,Yes,1964
McCracken,Faxonius lancifer,Shrimp Crayfish,Malacostraca,Decapoda,Cambaridae,N,E,Yes,1975
McCracken,Lacunicambarus chimera,Crawzilla Crawdad,Malacostraca,Decapoda,Cambaridae,N,S,Yes,2005
McCracken,Corynorhinus rafinesquii,Rafinesque's Big-eared Bat,Mammalia,Chiroptera,Vespertilionidae,N,S,Yes,2009
McCracken,Myotis austroriparius,Southeastern Myotis,Mammalia,Chiroptera,Vespertilionidae,N,S,Yes,2008
McCracken,Myotis lucifugus,Little Brown Bat,Mammalia,Chiroptera,Vespertilionidae,N,T,Yes,2000
McCracken,Myotis septentrionalis,Northern Long-Eared Bat,Mammalia,Chiroptera,Vespertilionidae,E,E,Yes,2008
McCracken,Myotis sodalis,Indiana Bat,Mammalia,Chiroptera,Vespertilionidae,E,E,Yes,1999
McCracken,Perimyotis subflavus,Tricolored Bat,Mammalia,Chiroptera,Vespertilionidae,PE,T,Yes,2012
McCracken,Peromyscus gossypinus,Cotton Mouse,Mammalia,Rodentia,Cricetidae,N,T,Yes,2006
McCracken,Ichthyomyzon castaneus,Chestnut Lamprey,Petromyzontida,Petromyzontiformes,Petromyzontidae,N,S,Yes,2018
McCracken,Farancia abacura reinwardtii,Western Mudsnake,Reptilia,Squamata,Colubridae,N,S,Yes,2020
McCracken,Thamnophis saurita saurita,Eastern Ribbonsnake,Reptilia,Squamata,Colubridae,N,S,Yes,2008
McCracken,Aspidoscelis sexlineatus,Six-lined Racerunner,Reptilia,Squamata,Teiidae,N,S,Yes,1991
McCreary,Acipenser fulvescens,Lake Sturgeon,Actinopterygii,Acipenseriformes,Acipenseridae,N,E,Yes,2023
McCreary,Menidia audens,Mississippi Silverside,Actinopterygii,Atheriniformes,Atherinopsidae,N,T,No,1997
McCreary,Chrosomus cumberlandensis,Blackside Dace,Actinopterygii,Cypriniformes,Leuciscidae,T,T,Yes,2023
McCreary,Erimystax insignis,Blotched Chub,Actinopterygii,Cypriniformes,Leuciscidae,N,E,Yes,1978
McCreary,Hybopsis amnis,Pallid Shiner,Actinopterygii,Cypriniformes,Leuciscidae,N,E,Yes,2018
McCreary,Miniellus albizonatus,Palezone Shiner,Actinopterygii,Cypriniformes,Leuciscidae,E,E,Yes,2008
McCreary,Paranotropis sp. cf. spectrunculus,Sawfin Shiner,Actinopterygii,Cypriniformes,Leuciscidae,N,E,Yes,2019
McCreary,Allohistium maydeni,Redlips Darter,Actinopterygii,Perciformes,Percidae,N,S,Yes,2021
McCreary,Etheostoma lemniscatum,Tuxedo Darter,Actinopterygii,Perciformes,Percidae,E,E,Yes,2019
McCreary,Etheostoma sagitta,Cumberland Arrow Darter,Actinopterygii,Perciformes,Percidae,N,S,Yes,2023
McCreary,Etheostoma susanae,Cumberland Darter,Actinopterygii,Perciformes,Percidae,E,E,Yes,2023
McCreary,Percina squamata,Olive Darter,Actinopterygii,Perciformes,Percidae,N,E,Yes,2019
McCreary,Cryptobranchus alleganiensis alleganiensis,Eastern Hellbender,Amphibia,Caudata,Cryptobranchidae,PE,S,Yes,2023
McCreary,Accipiter striatus,Sharp-shinned Hawk,Aves,Accipitriformes,Accipitridae,N,S,Yes,2011
McCreary,Haliaeetus leucocephalus,Bald Eagle,Aves,Accipitriformes,Accipitridae,N,S,Yes,2011
McCreary,Pandion haliaetus,Osprey,Aves,Accipitriformes,Pandionidae,N,S,Yes,2017
McCreary,Lophodytes cucullatus,Hooded Merganser,Aves,Anseriformes,Anatidae,N,T,Yes,2008
McCreary,Spatula discors,Blue-winged Teal,Aves,Anseriformes,Anatidae,N,T,No,2002
McCreary,Actitis macularius,Spotted Sandpiper,Aves,Charadriiformes,Scolopacidae,N,E,Yes,2013
McCreary,Pheucticus ludovicianus,Rose-breasted Grosbeak,Aves,Passeriformes,Cardinalidae,N,S,No,2018
McCreary,Corvus corax,Common Raven,Aves,Passeriformes,Corvidae,N,T,Yes,2011
McCreary,Dolichonyx oryzivorus,Bobolink,Aves,Passeriformes,Icteridae,N,S,Yes,2004
McCreary,Cardellina canadensis,Canada Warbler,Aves,Passeriformes,Parulidae,N,S,Yes,1994
McCreary,Vermivora chrysoptera,Golden-winged Warbler,Aves,Passeriformes,Parulidae,N,E,Yes,2012
McCreary,Passerculus sandwichensis,Savannah Sparrow,Aves,Passeriformes,Passerellidae,N,S,Yes,2004
McCreary,Pooecetes gramineus,Vesper Sparrow,Aves,Passeriformes,Passerellidae,N,E,No,2008
McCreary,Podilymbus podiceps,Pied-billed Grebe,Aves,Podicipediformes,Podicipedidae,N,E,Yes,2014
McCreary,Cumberlandia monodonta,Spectaclecase,Bivalvia,Unionoida,Margaritiferidae,E,E,Yes,2018
McCreary,Actinonaias pectorosa,Pheasantshell,Bivalvia,Unionoida,Unionidae,N,S,Yes,2025
McCreary,Alasmidonta atropurpurea,Cumberland Elktoe,Bivalvia,Unionoida,Unionidae,E,E,Yes,2021
McCreary,Alasmidonta marginata,Elktoe,Bivalvia,Unionoida,Unionidae,N,T,Yes,1988
McCreary,Alasmidonta viridis,Slippershell Mussel,Bivalvia,Unionoida,Unionidae,N,S,Yes,1988
McCreary,Anodontoides denigratus,Cumberland Papershell,Bivalvia,Unionoida,Unionidae,N,E,Yes,1992
McCreary,Cambarunio taeniatus,Painted Creekshell,Bivalvia,Unionoida,Unionidae,N,S,Yes,2025
McCreary,Cyprogenia stegaria,Fanshell,Bivalvia,Unionoida,Unionidae,E,E,Yes,1910
McCreary,Dromus dromas,Dromedary Pearlymussel,Bivalvia,Unionoida,Unionidae,E,E,Yes,2023
McCreary,Elliptio crassidens,Elephantear,Bivalvia,Unionoida,Unionidae,N,S,Yes,2022
McCreary,Epioblasma brevidens,Cumberlandian Combshell,Bivalvia,Unionoida,Unionidae,E,E,Yes,2025
McCreary,Epioblasma capsaeformis,Oyster Mussel,Bivalvia,Unionoida,Unionidae,E,E,Yes,2008
McCreary,Epioblasma triquetra,Snuffbox,Bivalvia,Unionoida,Unionidae,E,E,Yes,1988
McCreary,Epioblasma walkeri,Tan Riffleshell,Bivalvia,Unionoida,Unionidae,E,E,Yes,2025
McCreary,Fusconaia subrotunda,Longsolid,Bivalvia,Unionoida,Unionidae,T,T,Yes,2006
McCreary,Lampsilis ovata,Pocketbook,Bivalvia,Unionoida,Unionidae,N,E,Yes,2002
McCreary,Leaunio lienosus,Little Spectaclecase,Bivalvia,Unionoida,Unionidae,N,T,Yes,1988
McCreary,Leaunio vanuxemensis,Mountain Creekshell,Bivalvia,Unionoida,Unionidae,N,E,Yes,1977
McCreary,Ligumia recta,Black Sandshell,Bivalvia,Unionoida,Unionidae,N,S,Yes,2020
McCreary,Medionidus conradicus,Cumberland Moccasinshell,Bivalvia,Unionoida,Unionidae,N,E,Yes,2025
McCreary,Obovaria subrotunda,Round Hickorynut,Bivalvia,Unionoida,Unionidae,T,T,Yes,1990
McCreary,Pegias fabula,Littlewing Pearlymussel,Bivalvia,Unionoida,Unionidae,E,E,Yes,2021
McCreary,Pleurobema clava,Clubshell,Bivalvia,Unionoida,Unionidae,E,E,Yes,1988
McCreary,Pleurobema oviforme,Tennessee Clubshell,Bivalvia,Unionoida,Unionidae,N,E,Yes,1988
McCreary,Pleurobema rubrum,Pyramid Pigtoe,Bivalvia,Unionoida,Unionidae,PT,E,Yes,1987
McCreary,Ptychobranchus subtentus,Fluted Kidneyshell,Bivalvia,Unionoida,Unionidae,E,E,Yes,2025
McCreary,Toxolasma lividum,Purple Lilliput,Bivalvia,Unionoida,Unionidae,N,E,Yes,1988
McCreary,Venustaconcha troostensis,Cumberland Bean,Bivalvia,Unionoida,Unionidae,E,E,Yes,2023
McCreary,Cambarus bouchardi,Big South Fork Crayfish,Malacostraca,Decapoda,Cambaridae,N,E,Yes,2015
McCreary,Cambarus hazardi,Brawny Crayfish,Malacostraca,Decapoda,Cambaridae,N,S,Yes,1999
McCreary,Cambarus parvoculus,Mountain Midget Crayfish,Malacostraca,Decapoda,Cambaridae,N,S,Yes,2024
McCreary,Orconectes barri,Cumberland Plateau Cave Crayfish,Malacostraca,Decapoda,Cambaridae,N,T,Yes,1964
McCreary,Orconectes packardi,Appalachian Cave Crayfish,Malacostraca,Decapoda,Cambaridae,N,T,Yes,2012
McCreary,Spilogale putorius,Eastern Spotted Skunk,Mammalia,Carnivora,Mephitidae,N,S,Yes,2021
McCreary,Corynorhinus rafinesquii,Rafinesque's Big-eared Bat,Mammalia,Chiroptera,Vespertilionidae,N,S,Yes,2019
McCreary,Myotis leibii,Eastern Small-footed Myotis,Mammalia,Chiroptera,Vespertilionidae,N,T,Yes,2019
McCreary,Myotis lucifugus,Little Brown Bat,Mammalia,Chiroptera,Vespertilionidae,N,T,Yes,2019
McCreary,Myotis septentrionalis,Northern Long-Eared Bat,Mammalia,Chiroptera,Vespertilionidae,E,E,Yes,2018
McCreary,Myotis sodalis,Indiana Bat,Mammalia,Chiroptera,Vespertilionidae,E,E,Yes,1981
McCreary,Perimyotis subflavus,Tricolored Bat,Mammalia,Chiroptera,Vespertilionidae,PE,T,Yes,2026
McCreary,Ichthyomyzon greeleyi,Mountain Brook Lamprey,Petromyzontida,Petromyzontiformes,Petromyzontidae,N,T,Yes,2008
McCreary,Ophisaurus attenuatus longicaudus,Eastern Slender Glass Lizard,Reptilia,Squamata,Anguidae,N,T,Yes,2011
McCreary,Cemophora coccinea,Scarletsnake,Reptilia,Squamata,Colubridae,N,S,Yes,1970
McCreary,Pituophis melanoleucus,Eastern Pinesnake,Reptilia,Squamata,Colubridae,N,E,Yes,2001
McCreary,Tantilla coronata,Southeastern Crowned Snake,Reptilia,Squamata,Colubridae,N,T,Yes,1964
McCreary,Plestiodon anthracinus,Coal Skink,Reptilia,Squamata,Scincidae,N,E,Yes,1997
McCreary,Plestiodon inexpectatus,Southeastern Five-lined Skink,Reptilia,Squamata,Scincidae,N,S,Yes,2023
McLean,Erimyzon sucetta,Lake Chubsucker,Actinopterygii,Cypriniformes,Catostomidae,N,T,Yes,1979
McLean,Ictiobus niger,Black Buffalo,Actinopterygii,Cypriniformes,Catostomidae,N,S,Yes,2019
McLean,Hybopsis amnis,Pallid Shiner,Actinopterygii,Cypriniformes,Leuciscidae,N,E,Yes,1986
McLean,Circus hudsonius,Northern Harrier,Aves,Accipitriformes,Accipitridae,N,T,Yes,2014
McLean,Haliaeetus leucocephalus,Bald Eagle,Aves,Accipitriformes,Accipitridae,N,S,Yes,2023
McLean,Actitis macularius,Spotted Sandpiper,Aves,Charadriiformes,Scolopacidae,N,E,Yes,1996
McLean,Lanius ludovicianus,Loggerhead Shrike,Aves,Passeriformes,Laniidae,N,S,Yes,1996
McLean,Asio flammeus,Short-eared Owl,Aves,Strigiformes,Strigidae,N,E,Yes,2008
McLean,Tyto furcata,American Barn Owl,Aves,Strigiformes,Tytonidae,N,S,Yes,2022
McLean,Elliptio crassidens,Elephantear,Bivalvia,Unionoida,Unionidae,N,S,Yes,2022
McLean,Fusconaia subrotunda,Longsolid,Bivalvia,Unionoida,Unionidae,T,T,Yes,2011
McLean,Lampsilis ovata,Pocketbook,Bivalvia,Unionoida,Unionidae,N,E,Yes,2022
McLean,Ligumia recta,Black Sandshell,Bivalvia,Unionoida,Unionidae,N,S,Yes,2021
McLean,Obovaria subrotunda,Round Hickorynut,Bivalvia,Unionoida,Unionidae,T,T,Yes,1964
McLean,Pleurobema rubrum,Pyramid Pigtoe,Bivalvia,Unionoida,Unionidae,PT,E,Yes,2022
McLean,Macrochelys temminckii,Alligator Snapping Turtle,Chelonia,Testudines,Chelydridae,PT,E,Yes,2024
McLean,Faxonius rafinesquei,Rough River Crayfish,Malacostraca,Decapoda,Cambaridae,N,S,Yes,2002
McLean,Lacunicambarus chimera,Crawzilla Crawdad,Malacostraca,Decapoda,Cambaridae,N,S,Yes,2002
McLean,Clonophis kirtlandii,Kirtland's Snake,Reptilia,Squamata,Colubridae,N,T,Yes,1985
McLean,Nerodia erythrogaster neglecta,Copperbelly Watersnake,Reptilia,Squamata,Colubridae,T,T,Yes,2022
McLean,Thamnophis saurita saurita,Eastern Ribbonsnake,Reptilia,Squamata,Colubridae,N,S,Yes,1999
Meade,Ictiobus niger,Black Buffalo,Actinopterygii,Cypriniformes,Catostomidae,N,S,Yes,2023
Meade,Lota lota,Burbot,Actinopterygii,Gadiformes,Gadidae,N,S,Yes,1986
Meade,Amblyopsis spelaea,Northern Cavefish,Actinopterygii,Percopsiformes,Amblyopsidae,N,S,Yes,2001
Meade,Noturus stigmosus,Northern Madtom,Actinopterygii,Siluriformes,Ictaluridae,N,S,Yes,2006
Meade,Dryophytes versicolor,Gray Treefrog,Amphibia,Anura,Hylidae,N,S,Yes,2023
Meade,Cryptobranchus alleganiensis alleganiensis,Eastern Hellbender,Amphibia,Caudata,Cryptobranchidae,PE,S,Yes,2017
Meade,Accipiter striatus,Sharp-shinned Hawk,Aves,Accipitriformes,Accipitridae,N,S,Yes,2010
Meade,Circus hudsonius,Northern Harrier,Aves,Accipitriformes,Accipitridae,N,T,Yes,2008
Meade,Haliaeetus leucocephalus,Bald Eagle,Aves,Accipitriformes,Accipitridae,N,S,Yes,2021
Meade,Pandion haliaetus,Osprey,Aves,Accipitriformes,Pandionidae,N,S,Yes,2014
Meade,Lophodytes cucullatus,Hooded Merganser,Aves,Anseriformes,Anatidae,N,T,Yes,1992
Meade,Spatula clypeata,Northern Shoveler,Aves,Anseriformes,Anatidae,N,E,No,1983
Meade,Spatula discors,Blue-winged Teal,Aves,Anseriformes,Anatidae,N,T,No,1996
Meade,Actitis macularius,Spotted Sandpiper,Aves,Charadriiformes,Scolopacidae,N,E,Yes,2014
Meade,Falco peregrinus,Peregrine Falcon,Aves,Falconiformes,Falconidae,N,E,Yes,2015
Meade,Fulica americana,American Coot,Aves,Gruiformes,Rallidae,N,E,No,2020
Meade,Pheucticus ludovicianus,Rose-breasted Grosbeak,Aves,Passeriformes,Cardinalidae,N,S,No,2005
Meade,Certhia americana,Brown Creeper,Aves,Passeriformes,Certhiidae,N,T,No,2020
Meade,Riparia riparia,Bank Swallow,Aves,Passeriformes,Hirundinidae,N,S,Yes,1996
Meade,Lanius ludovicianus,Loggerhead Shrike,Aves,Passeriformes,Laniidae,N,S,Yes,2016
Meade,Cardellina canadensis,Canada Warbler,Aves,Passeriformes,Parulidae,N,S,Yes,2006
Meade,Setophaga fusca,Blackburnian Warbler,Aves,Passeriformes,Parulidae,N,T,No,2012
Meade,Centronyx henslowii,Henslow's Sparrow,Aves,Passeriformes,Passerellidae,N,S,Yes,2003
Meade,Junco hyemalis,Dark-eyed Junco,Aves,Passeriformes,Passerellidae,N,S,No,1998
Meade,Passerculus sandwichensis,Savannah Sparrow,Aves,Passeriformes,Passerellidae,N,S,Yes,1997
Meade,Sitta canadensis,Red-breasted Nuthatch,Aves,Passeriformes,Sittidae,N,E,No,1997
Meade,Cistothorus stellaris,Sedge Wren,Aves,Passeriformes,Troglodytidae,N,S,Yes,1952
Meade,Thryomanes bewickii,Bewick's Wren,Aves,Passeriformes,Troglodytidae,N,H,Yes,1996
Meade,Vireo bellii,Bell's Vireo,Aves,Passeriformes,Vireonidae,N,S,Yes,1996
Meade,Podilymbus podiceps,Pied-billed Grebe,Aves,Podicipediformes,Podicipedidae,N,E,Yes,1998
Meade,Asio flammeus,Short-eared Owl,Aves,Strigiformes,Strigidae,N,E,Yes,2004
Meade,Tyto furcata,American Barn Owl,Aves,Strigiformes,Tytonidae,N,S,Yes,2006
Meade,Phalacrocorax auritus,Double-crested Cormorant,Aves,Suliformes,Phalacrocoracidae,N,S,No,1990
Meade,Elliptio crassidens,Elephantear,Bivalvia,Unionoida,Unionidae,N,S,Yes,2018
Meade,Lampsilis ovata,Pocketbook,Bivalvia,Unionoida,Unionidae,N,E,Yes,2019
Meade,Ligumia recta,Black Sandshell,Bivalvia,Unionoida,Unionidae,N,S,Yes,2019
Meade,Obovaria retusa,Ring Pink,Bivalvia,Unionoida,Unionidae,E,E,Yes,1909
Meade,Plethobasus cyphyus,Sheepnose,Bivalvia,Unionoida,Unionidae,E,E,Yes,2018
Meade,Pleurobema clava,Clubshell,Bivalvia,Unionoida,Unionidae,E,E,Yes,1994
Meade,Pleurobema rubrum,Pyramid Pigtoe,Bivalvia,Unionoida,Unionidae,PT,E,Yes,2016
Meade,Theliderma cylindrica,Rabbitsfoot,Bivalvia,Unionoida,Unionidae,T,E,Yes,2016
Meade,Orconectes inermis inermis,Ghost Crayfish,Malacostraca,Decapoda,Cambaridae,N,S,Yes,2009
Meade,Myotis grisescens,Gray Myotis,Mammalia,Chiroptera,Vespertilionidae,E,T,Yes,2017
Meade,Myotis leibii,Eastern Small-footed Myotis,Mammalia,Chiroptera,Vespertilionidae,N,T,Yes,2012
Meade,Myotis lucifugus,Little Brown Bat,Mammalia,Chiroptera,Vespertilionidae,N,T,Yes,2017
Meade,Myotis septentrionalis,Northern Long-Eared Bat,Mammalia,Chiroptera,Vespertilionidae,E,E,Yes,2014
Meade,Myotis sodalis,Indiana Bat,Mammalia,Chiroptera,Vespertilionidae,E,E,Yes,2023
Meade,Perimyotis subflavus,Tricolored Bat,Mammalia,Chiroptera,Vespertilionidae,PE,T,Yes,2026
Meade,Aspidoscelis sexlineatus,Six-lined Racerunner,Reptilia,Squamata,Teiidae,N,S,Yes,2007
Menifee,Cryptobranchus alleganiensis alleganiensis,Eastern Hellbender,Amphibia,Caudata,Cryptobranchidae,PE,S,Yes,2013
Menifee,Accipiter striatus,Sharp-shinned Hawk,Aves,Accipitriformes,Accipitridae,N,S,Yes,1999
Menifee,Circus hudsonius,Northern Harrier,Aves,Accipitriformes,Accipitridae,N,T,Yes,1909
Menifee,Haliaeetus leucocephalus,Bald Eagle,Aves,Accipitriformes,Accipitridae,N,S,Yes,2022
Menifee,Pandion haliaetus,Osprey,Aves,Accipitriformes,Pandionidae,N,S,Yes,2013
Menifee,Lophodytes cucullatus,Hooded Merganser,Aves,Anseriformes,Anatidae,N,T,Yes,2015
Menifee,Actitis macularius,Spotted Sandpiper,Aves,Charadriiformes,Scolopacidae,N,E,Yes,2013
Menifee,Falco peregrinus,Peregrine Falcon,Aves,Falconiformes,Falconidae,N,E,Yes,2003
Menifee,Junco hyemalis,Dark-eyed Junco,Aves,Passeriformes,Passerellidae,N,S,No,2010
Menifee,Sitta canadensis,Red-breasted Nuthatch,Aves,Passeriformes,Sittidae,N,E,No,1909
Menifee,Ardea alba,Great Egret,Aves,Pelecaniformes,Ardeidae,N,T,Yes,2013
Menifee,Podilymbus podiceps,Pied-billed Grebe,Aves,Podicipediformes,Podicipedidae,N,E,Yes,2014
Menifee,Tyto furcata,American Barn Owl,Aves,Strigiformes,Tytonidae,N,S,Yes,1909
Menifee,Alasmidonta marginata,Elktoe,Bivalvia,Unionoida,Unionidae,N,T,Yes,1996
Menifee,Alasmidonta viridis,Slippershell Mussel,Bivalvia,Unionoida,Unionidae,N,S,Yes,2004
Menifee,Epioblasma triquetra,Snuffbox,Bivalvia,Unionoida,Unionidae,E,E,Yes,2004
Menifee,Lampsilis ovata,Pocketbook,Bivalvia,Unionoida,Unionidae,N,E,Yes,1974
Menifee,Obovaria subrotunda,Round Hickorynut,Bivalvia,Unionoida,Unionidae,T,T,Yes,2006
Menifee,Simpsonaias ambigua,Salamander Mussel,Bivalvia,Unionoida,Unionidae,N,T,Yes,1996
Menifee,Cambarus hazardi,Brawny Crayfish,Malacostraca,Decapoda,Cambaridae,N,S,Yes,2013
Menifee,Spilogale putorius,Eastern Spotted Skunk,Mammalia,Carnivora,Mephitidae,N,S,Yes,2025
Menifee,Corynorhinus rafinesquii,Rafinesque's Big-eared Bat,Mammalia,Chiroptera,Vespertilionidae,N,S,Yes,2025
Menifee,Corynorhinus townsendii virginianus,Virginia Big-eared Bat,Mammalia,Chiroptera,Vespertilionidae,E,E,Yes,2026
Menifee,Myotis leibii,Eastern Small-footed Myotis,Mammalia,Chiroptera,Vespertilionidae,N,T,Yes,2022
Menifee,Myotis lucifugus,Little Brown Bat,Mammalia,Chiroptera,Vespertilionidae,N,T,Yes,2026
Menifee,Myotis septentrionalis,Northern Long-Eared Bat,Mammalia,Chiroptera,Vespertilionidae,E,E,Yes,2025
Menifee,Myotis sodalis,Indiana Bat,Mammalia,Chiroptera,Vespertilionidae,E,E,Yes,2025
Menifee,Perimyotis subflavus,Tricolored Bat,Mammalia,Chiroptera,Vespertilionidae,PE,T,Yes,2026
Menifee,Ichthyomyzon fossor,Northern Brook Lamprey,Petromyzontida,Petromyzontiformes,Petromyzontidae,N,T,Yes,2022
Menifee,Lethenteron appendix,American Brook Lamprey,Petromyzontida,Petromyzontiformes,Petromyzontidae,N,T,Yes,2011
Menifee,Pantherophis guttatus,Red Cornsnake,Reptilia,Squamata,Colubridae,N,S,Yes,2008
Mercer,Ictiobus niger,Black Buffalo,Actinopterygii,Cypriniformes,Catostomidae,N,S,Yes,2014
Mercer,Lithobates pipiens,Northern Leopard Frog,Amphibia,Anura,Ranidae,N,S,Yes,1957
Mercer,Cryptobranchus alleganiensis alleganiensis,Eastern Hellbender,Amphibia,Caudata,Cryptobranchidae,PE,S,Yes,2015
Mercer,Accipiter striatus,Sharp-shinned Hawk,Aves,Accipitriformes,Accipitridae,N,S,Yes,2011
Mercer,Circus hudsonius,Northern Harrier,Aves,Accipitriformes,Accipitridae,N,T,Yes,2014
Mercer,Haliaeetus leucocephalus,Bald Eagle,Aves,Accipitriformes,Accipitridae,N,S,Yes,2021
Mercer,Pandion haliaetus,Osprey,Aves,Accipitriformes,Pandionidae,N,S,Yes,2013
Mercer,Lophodytes cucullatus,Hooded Merganser,Aves,Anseriformes,Anatidae,N,T,Yes,2005
Mercer,Sternula antillarum athalassos,Interior Least Tern,Aves,Charadriiformes,Laridae,N,E,Yes,2001
Mercer,Actitis macularius,Spotted Sandpiper,Aves,Charadriiformes,Scolopacidae,N,E,Yes,2004
Mercer,Bartramia longicauda,Upland Sandpiper,Aves,Charadriiformes,Scolopacidae,N,H,Yes,2001
Mercer,Falco peregrinus,Peregrine Falcon,Aves,Falconiformes,Falconidae,N,E,Yes,2023
Mercer,Pheucticus ludovicianus,Rose-breasted Grosbeak,Aves,Passeriformes,Cardinalidae,N,S,No,2020
Mercer,Certhia americana,Brown Creeper,Aves,Passeriformes,Certhiidae,N,T,No,2021
Mercer,Riparia riparia,Bank Swallow,Aves,Passeriformes,Hirundinidae,N,S,Yes,2012
Mercer,Dolichonyx oryzivorus,Bobolink,Aves,Passeriformes,Icteridae,N,S,Yes,2013
Mercer,Lanius ludovicianus,Loggerhead Shrike,Aves,Passeriformes,Laniidae,N,S,Yes,2023
Mercer,Cardellina canadensis,Canada Warbler,Aves,Passeriformes,Parulidae,N,S,Yes,2021
Mercer,Setophaga fusca,Blackburnian Warbler,Aves,Passeriformes,Parulidae,N,T,No,2021
Mercer,Vermivora chrysoptera,Golden-winged Warbler,Aves,Passeriformes,Parulidae,N,E,Yes,2021
Mercer,Centronyx henslowii,Henslow's Sparrow,Aves,Passeriformes,Passerellidae,N,S,Yes,2018
Mercer,Junco hyemalis,Dark-eyed Junco,Aves,Passeriformes,Passerellidae,N,S,No,2010
Mercer,Passerculus sandwichensis,Savannah Sparrow,Aves,Passeriformes,Passerellidae,N,S,Yes,2019
Mercer,Thryomanes bewickii,Bewick's Wren,Aves,Passeriformes,Troglodytidae,N,H,Yes,1996
Mercer,Empidonax minimus,Least Flycatcher,Aves,Passeriformes,Tyrannidae,N,E,Yes,2020
Mercer,Ardea alba,Great Egret,Aves,Pelecaniformes,Ardeidae,N,T,Yes,2005
Mercer,Podilymbus podiceps,Pied-billed Grebe,Aves,Podicipediformes,Podicipedidae,N,E,Yes,2011
Mercer,Tyto furcata,American Barn Owl,Aves,Strigiformes,Tytonidae,N,S,Yes,2022
Mercer,Alasmidonta viridis,Slippershell Mussel,Bivalvia,Unionoida,Unionidae,N,S,Yes,2021
Mercer,Anodontoides ferussacianus,Cylindrical Papershell,Bivalvia,Unionoida,Unionidae,N,S,Yes,2019
Mercer,Obovaria retusa,Ring Pink,Bivalvia,Unionoida,Unionidae,E,E,Yes,2025
Mercer,Obovaria subrotunda,Round Hickorynut,Bivalvia,Unionoida,Unionidae,T,T,Yes,2025
Mercer,Mustela nivalis,Least Weasel,Mammalia,Carnivora,Mustelidae,N,S,Yes,2016
Mercer,Myotis grisescens,Gray Myotis,Mammalia,Chiroptera,Vespertilionidae,E,T,Yes,2025
Mercer,Myotis leibii,Eastern Small-footed Myotis,Mammalia,Chiroptera,Vespertilionidae,N,T,Yes,2019
Mercer,Myotis lucifugus,Little Brown Bat,Mammalia,Chiroptera,Vespertilionidae,N,T,Yes,2021
Mercer,Perimyotis subflavus,Tricolored Bat,Mammalia,Chiroptera,Vespertilionidae,PE,T,Yes,2014
Metcalfe,Vexillichthys atripinnis,Blackfin Sucker,Actinopterygii,Cypriniformes,Catostomidae,N,S,Yes,2016
Metcalfe,Phenacobius uranops,Stargazing Minnow,Actinopterygii,Cypriniformes,Leuciscidae,N,S,Yes,2016
Metcalfe,Nothonotus maculatus,Spotted Darter,Actinopterygii,Perciformes,Percidae,N,T,Yes,2016
Metcalfe,Cryptobranchus alleganiensis alleganiensis,Eastern Hellbender,Amphibia,Caudata,Cryptobranchidae,PE,S,Yes,2020
Metcalfe,Haliaeetus leucocephalus,Bald Eagle,Aves,Accipitriformes,Accipitridae,N,S,Yes,2019
Metcalfe,Pandion haliaetus,Osprey,Aves,Accipitriformes,Pandionidae,N,S,Yes,2000
Metcalfe,Certhia americana,Brown Creeper,Aves,Passeriformes,Certhiidae,N,T,No,2011
Metcalfe,Dolichonyx oryzivorus,Bobolink,Aves,Passeriformes,Icteridae,N,S,Yes,2010
Metcalfe,Lanius ludovicianus,Loggerhead Shrike,Aves,Passeriformes,Laniidae,N,S,Yes,1996
Metcalfe,Centronyx henslowii,Henslow's Sparrow,Aves,Passeriformes,Passerellidae,N,S,Yes,2010
Metcalfe,Alasmidonta viridis,Slippershell Mussel,Bivalvia,Unionoida,Unionidae,N,S,Yes,1992
Metcalfe,Lampsilis ovata,Pocketbook,Bivalvia,Unionoida,Unionidae,N,E,Yes,2025
Metcalfe,Leaunio lienosus,Little Spectaclecase,Bivalvia,Unionoida,Unionidae,N,T,Yes,2025
Metcalfe,Leaunio ortmanni,Kentucky Creekshell,Bivalvia,Unionoida,Unionidae,N,E,Yes,1992
Metcalfe,Simpsonaias ambigua,Salamander Mussel,Bivalvia,Unionoida,Unionidae,N,T,Yes,1992
Metcalfe,Barbicambarus cornutus,Bottlebrush Crayfish,Malacostraca,Decapoda,Cambaridae,N,S,Yes,2014
Metcalfe,Lacunicambarus chimera,Crawzilla Crawdad,Malacostraca,Decapoda,Cambaridae,N,S,Yes,2001
Metcalfe,Myotis grisescens,Gray Myotis,Mammalia,Chiroptera,Vespertilionidae,E,T,Yes,2024
Metcalfe,Myotis lucifugus,Little Brown Bat,Mammalia,Chiroptera,Vespertilionidae,N,T,Yes,1990
Metcalfe,Myotis septentrionalis,Northern Long-Eared Bat,Mammalia,Chiroptera,Vespertilionidae,E,E,Yes,2006
Metcalfe,Perimyotis subflavus,Tricolored Bat,Mammalia,Chiroptera,Vespertilionidae,PE,T,Yes,2024
Monroe,Vexillichthys atripinnis,Blackfin Sucker,Actinopterygii,Cypriniformes,Catostomidae,N,S,Yes,2024
Monroe,Phenacobius uranops,Stargazing Minnow,Actinopterygii,Cypriniformes,Leuciscidae,N,S,Yes,1986
Monroe,Nothonotus maculatus,Spotted Darter,Actinopterygii,Perciformes,Percidae,N,T,Yes,1986
Monroe,Percina macrocephala,Longhead Darter,Actinopterygii,Perciformes,Percidae,N,E,Yes,1986
Monroe,Noturus exilis,Slender Madtom,Actinopterygii,Siluriformes,Ictaluridae,N,E,Yes,1961
Monroe,Cryptobranchus alleganiensis alleganiensis,Eastern Hellbender,Amphibia,Caudata,Cryptobranchidae,PE,S,Yes,2012
Monroe,Circus hudsonius,Northern Harrier,Aves,Accipitriformes,Accipitridae,N,T,Yes,2008
Monroe,Haliaeetus leucocephalus,Bald Eagle,Aves,Accipitriformes,Accipitridae,N,S,Yes,1985
Monroe,Dolichonyx oryzivorus,Bobolink,Aves,Passeriformes,Icteridae,N,S,Yes,2005
Monroe,Lanius ludovicianus,Loggerhead Shrike,Aves,Passeriformes,Laniidae,N,S,Yes,2015
Monroe,Centronyx henslowii,Henslow's Sparrow,Aves,Passeriformes,Passerellidae,N,S,Yes,2010
Monroe,Chondestes grammacus,Lark Sparrow,Aves,Passeriformes,Passerellidae,N,S,No,1996
Monroe,Tyto furcata,American Barn Owl,Aves,Strigiformes,Tytonidae,N,S,Yes,2003
Monroe,Cyprogenia stegaria,Fanshell,Bivalvia,Unionoida,Unionidae,E,E,Yes,1910
Monroe,Dromus dromas,Dromedary Pearlymussel,Bivalvia,Unionoida,Unionidae,E,E,Yes,1910
Monroe,Elliptio crassidens,Elephantear,Bivalvia,Unionoida,Unionidae,N,S,Yes,1910
Monroe,Lampsilis ovata,Pocketbook,Bivalvia,Unionoida,Unionidae,N,E,Yes,1910
Monroe,Leaunio lienosus,Little Spectaclecase,Bivalvia,Unionoida,Unionidae,N,T,Yes,1910
Monroe,Ligumia recta,Black Sandshell,Bivalvia,Unionoida,Unionidae,N,S,Yes,1910
Monroe,Obovaria retusa,Ring Pink,Bivalvia,Unionoida,Unionidae,E,E,Yes,1910
Monroe,Plethobasus cyphyus,Sheepnose,Bivalvia,Unionoida,Unionidae,E,E,Yes,1910
Monroe,Pleurobema plenum,Rough Pigtoe,Bivalvia,Unionoida,Unionidae,E,E,Yes,1910
Monroe,Pleurobema rubrum,Pyramid Pigtoe,Bivalvia,Unionoida,Unionidae,PT,E,Yes,1989
Monroe,Theliderma cylindrica,Rabbitsfoot,Bivalvia,Unionoida,Unionidae,T,E,Yes,1910
Monroe,Barbicambarus cornutus,Bottlebrush Crayfish,Malacostraca,Decapoda,Cambaridae,N,S,Yes,2014
Monroe,Cambarus friaufi,Hairy Crayfish,Malacostraca,Decapoda,Cambaridae,N,S,Yes,2003
Monroe,Faxonius durelli,Saddle Crayfish,Malacostraca,Decapoda,Cambaridae,N,S,No,2003
Monroe,Myotis grisescens,Gray Myotis,Mammalia,Chiroptera,Vespertilionidae,E,T,Yes,2018
Monroe,Myotis septentrionalis,Northern Long-Eared Bat,Mammalia,Chiroptera,Vespertilionidae,E,E,Yes,2006
Monroe,Perimyotis subflavus,Tricolored Bat,Mammalia,Chiroptera,Vespertilionidae,PE,T,Yes,2014
Monroe,Lethenteron appendix,American Brook Lamprey,Petromyzontida,Petromyzontiformes,Petromyzontidae,N,T,Yes,2017
Monroe,Plestiodon anthracinus,Coal Skink,Reptilia,Squamata,Scincidae,N,E,Yes,2009
Montgomery,Accipiter striatus,Sharp-shinned Hawk,Aves,Accipitriformes,Accipitridae,N,S,Yes,2010
Montgomery,Haliaeetus leucocephalus,Bald Eagle,Aves,Accipitriformes,Accipitridae,N,S,Yes,2022
Montgomery,Actitis macularius,Spotted Sandpiper,Aves,Charadriiformes,Scolopacidae,N,E,Yes,2010
Montgomery,Falco peregrinus,Peregrine Falcon,Aves,Falconiformes,Falconidae,N,E,Yes,2011
Montgomery,Pheucticus ludovicianus,Rose-breasted Grosbeak,Aves,Passeriformes,Cardinalidae,N,S,No,2010
Montgomery,Dolichonyx oryzivorus,Bobolink,Aves,Passeriformes,Icteridae,N,S,Yes,2010
Montgomery,Thryomanes bewickii,Bewick's Wren,Aves,Passeriformes,Troglodytidae,N,H,Yes,2002
Montgomery,Podilymbus podiceps,Pied-billed Grebe,Aves,Podicipediformes,Podicipedidae,N,E,Yes,1982
Montgomery,Tyto furcata,American Barn Owl,Aves,Strigiformes,Tytonidae,N,S,Yes,2011
Montgomery,Alasmidonta viridis,Slippershell Mussel,Bivalvia,Unionoida,Unionidae,N,S,Yes,1993
Montgomery,Anodontoides ferussacianus,Cylindrical Papershell,Bivalvia,Unionoida,Unionidae,N,S,Yes,1983
Montgomery,Epioblasma triquetra,Snuffbox,Bivalvia,Unionoida,Unionidae,E,E,Yes,1983
Montgomery,Leaunio lienosus,Little Spectaclecase,Bivalvia,Unionoida,Unionidae,N,T,Yes,1983
Montgomery,Leaunio vanuxemensis,Mountain Creekshell,Bivalvia,Unionoida,Unionidae,N,E,Yes,1993
Montgomery,Cambarus hazardi,Brawny Crayfish,Malacostraca,Decapoda,Cambaridae,N,S,Yes,2006
Montgomery,Spilogale putorius,Eastern Spotted Skunk,Mammalia,Carnivora,Mephitidae,N,S,Yes,2017
Montgomery,Myotis lucifugus,Little Brown Bat,Mammalia,Chiroptera,Vespertilionidae,N,T,Yes,1983
Montgomery,Myotis septentrionalis,Northern Long-Eared Bat,Mammalia,Chiroptera,Vespertilionidae,E,E,Yes,2002
Montgomery,Perimyotis subflavus,Tricolored Bat,Mammalia,Chiroptera,Vespertilionidae,PE,T,Yes,2014
Morgan,Noturus stigmosus,Northern Madtom,Actinopterygii,Siluriformes,Ictaluridae,N,S,Yes,1986
Morgan,Accipiter striatus,Sharp-shinned Hawk,Aves,Accipitriformes,Accipitridae,N,S,Yes,1999
Morgan,Circus hudsonius,Northern Harrier,Aves,Accipitriformes,Accipitridae,N,T,Yes,1999
Morgan,Haliaeetus leucocephalus,Bald Eagle,Aves,Accipitriformes,Accipitridae,N,S,Yes,2022
Morgan,Pandion haliaetus,Osprey,Aves,Accipitriformes,Pandionidae,N,S,Yes,2006
Morgan,Lophodytes cucullatus,Hooded Merganser,Aves,Anseriformes,Anatidae,N,T,Yes,2013
Morgan,Pheucticus ludovicianus,Rose-breasted Grosbeak,Aves,Passeriformes,Cardinalidae,N,S,No,2022
Morgan,Corvus corax,Common Raven,Aves,Passeriformes,Corvidae,N,T,Yes,2017
Morgan,Setophaga fusca,Blackburnian Warbler,Aves,Passeriformes,Parulidae,N,T,No,2022
Morgan,Vermivora chrysoptera,Golden-winged Warbler,Aves,Passeriformes,Parulidae,N,E,Yes,2023
Morgan,Centronyx henslowii,Henslow's Sparrow,Aves,Passeriformes,Passerellidae,N,S,Yes,1996
Morgan,Junco hyemalis,Dark-eyed Junco,Aves,Passeriformes,Passerellidae,N,S,No,2001
Morgan,Passerculus sandwichensis,Savannah Sparrow,Aves,Passeriformes,Passerellidae,N,S,Yes,2022
Morgan,Cistothorus stellaris,Sedge Wren,Aves,Passeriformes,Troglodytidae,N,S,Yes,1996
Morgan,Empidonax minimus,Least Flycatcher,Aves,Passeriformes,Tyrannidae,N,E,Yes,2023
Morgan,Podilymbus podiceps,Pied-billed Grebe,Aves,Podicipediformes,Podicipedidae,N,E,Yes,2013
Morgan,Alasmidonta viridis,Slippershell Mussel,Bivalvia,Unionoida,Unionidae,N,S,Yes,2018
Morgan,Epioblasma triquetra,Snuffbox,Bivalvia,Unionoida,Unionidae,E,E,Yes,2000
Morgan,Lampsilis ovata,Pocketbook,Bivalvia,Unionoida,Unionidae,N,E,Yes,1971
Morgan,Obovaria subrotunda,Round Hickorynut,Bivalvia,Unionoida,Unionidae,T,T,Yes,1966
Morgan,Cambarus hazardi,Brawny Crayfish,Malacostraca,Decapoda,Cambaridae,N,S,Yes,2012
Morgan,Spilogale putorius,Eastern Spotted Skunk,Mammalia,Carnivora,Mephitidae,N,S,Yes,2017
Morgan,Corynorhinus rafinesquii,Rafinesque's Big-eared Bat,Mammalia,Chiroptera,Vespertilionidae,N,S,Yes,2025
Morgan,Corynorhinus townsendii virginianus,Virginia Big-eared Bat,Mammalia,Chiroptera,Vespertilionidae,E,E,Yes,2022
Morgan,Myotis leibii,Eastern Small-footed Myotis,Mammalia,Chiroptera,Vespertilionidae,N,T,Yes,2025
Morgan,Myotis lucifugus,Little Brown Bat,Mammalia,Chiroptera,Vespertilionidae,N,T,Yes,2021
Morgan,Myotis septentrionalis,Northern Long-Eared Bat,Mammalia,Chiroptera,Vespertilionidae,E,E,Yes,2007
Morgan,Myotis sodalis,Indiana Bat,Mammalia,Chiroptera,Vespertilionidae,E,E,Yes,1991
Morgan,Perimyotis subflavus,Tricolored Bat,Mammalia,Chiroptera,Vespertilionidae,PE,T,Yes,2025
Morgan,Lethenteron appendix,American Brook Lamprey,Petromyzontida,Petromyzontiformes,Petromyzontidae,N,T,Yes,2009
Muhlenberg,Lepomis miniatus,Redspotted Sunfish,Actinopterygii,Centrarchiformes,Centrarchidae,N,T,Yes,2008
Muhlenberg,Erimyzon sucetta,Lake Chubsucker,Actinopterygii,Cypriniformes,Catostomidae,N,T,Yes,1980
Muhlenberg,Ictiobus niger,Black Buffalo,Actinopterygii,Cypriniformes,Catostomidae,N,S,Yes,2019
Muhlenberg,Hybognathus hayi,Cypress Minnow,Actinopterygii,Cypriniformes,Leuciscidae,N,E,Yes,1986
Muhlenberg,Etheostoma tecumsehi,Shawnee Darter,Actinopterygii,Perciformes,Percidae,N,S,Yes,2013
Muhlenberg,Cryptobranchus alleganiensis alleganiensis,Eastern Hellbender,Amphibia,Caudata,Cryptobranchidae,PE,S,Yes,1990
Muhlenberg,Accipiter striatus,Sharp-shinned Hawk,Aves,Accipitriformes,Accipitridae,N,S,Yes,2014
Muhlenberg,Circus hudsonius,Northern Harrier,Aves,Accipitriformes,Accipitridae,N,T,Yes,2014
Muhlenberg,Haliaeetus leucocephalus,Bald Eagle,Aves,Accipitriformes,Accipitridae,N,S,Yes,2023
Muhlenberg,Ictinia mississippiensis,Mississippi Kite,Aves,Accipitriformes,Accipitridae,N,S,No,2015
Muhlenberg,Pandion haliaetus,Osprey,Aves,Accipitriformes,Pandionidae,N,S,Yes,2020
Muhlenberg,Lophodytes cucullatus,Hooded Merganser,Aves,Anseriformes,Anatidae,N,T,Yes,2014
Muhlenberg,Spatula clypeata,Northern Shoveler,Aves,Anseriformes,Anatidae,N,E,No,2018
Muhlenberg,Spatula discors,Blue-winged Teal,Aves,Anseriformes,Anatidae,N,T,No,2018
Muhlenberg,Sternula antillarum athalassos,Interior Least Tern,Aves,Charadriiformes,Laridae,N,E,Yes,2006
Muhlenberg,Actitis macularius,Spotted Sandpiper,Aves,Charadriiformes,Scolopacidae,N,E,Yes,2014
Muhlenberg,Bartramia longicauda,Upland Sandpiper,Aves,Charadriiformes,Scolopacidae,N,H,Yes,2003
Muhlenberg,Falco peregrinus,Peregrine Falcon,Aves,Falconiformes,Falconidae,N,E,Yes,2023
Muhlenberg,Fulica americana,American Coot,Aves,Gruiformes,Rallidae,N,E,No,2018
Muhlenberg,Gallinula galeata,Common Gallinule,Aves,Gruiformes,Rallidae,N,T,Yes,2015
Muhlenberg,Pheucticus ludovicianus,Rose-breasted Grosbeak,Aves,Passeriformes,Cardinalidae,N,S,No,2007
Muhlenberg,Certhia americana,Brown Creeper,Aves,Passeriformes,Certhiidae,N,T,No,2007
Muhlenberg,Riparia riparia,Bank Swallow,Aves,Passeriformes,Hirundinidae,N,S,Yes,2014
Muhlenberg,Dolichonyx oryzivorus,Bobolink,Aves,Passeriformes,Icteridae,N,S,Yes,2003
Muhlenberg,Lanius ludovicianus,Loggerhead Shrike,Aves,Passeriformes,Laniidae,N,S,Yes,2014
Muhlenberg,Vermivora chrysoptera,Golden-winged Warbler,Aves,Passeriformes,Parulidae,N,E,Yes,2014
Muhlenberg,Centronyx henslowii,Henslow's Sparrow,Aves,Passeriformes,Passerellidae,N,S,Yes,2020
Muhlenberg,Chondestes grammacus,Lark Sparrow,Aves,Passeriformes,Passerellidae,N,S,No,2003
Muhlenberg,Junco hyemalis,Dark-eyed Junco,Aves,Passeriformes,Passerellidae,N,S,No,2007
Muhlenberg,Passerculus sandwichensis,Savannah Sparrow,Aves,Passeriformes,Passerellidae,N,S,Yes,2014
Muhlenberg,Pooecetes gramineus,Vesper Sparrow,Aves,Passeriformes,Passerellidae,N,E,No,2006
Muhlenberg,Sitta canadensis,Red-breasted Nuthatch,Aves,Passeriformes,Sittidae,N,E,No,2007
Muhlenberg,Cistothorus stellaris,Sedge Wren,Aves,Passeriformes,Troglodytidae,N,S,Yes,2006
Muhlenberg,Empidonax minimus,Least Flycatcher,Aves,Passeriformes,Tyrannidae,N,E,Yes,2014
Muhlenberg,Vireo bellii,Bell's Vireo,Aves,Passeriformes,Vireonidae,N,S,Yes,2020
Muhlenberg,Ardea alba,Great Egret,Aves,Pelecaniformes,Ardeidae,N,T,Yes,2018
Muhlenberg,Botaurus lentiginosus,American Bittern,Aves,Pelecaniformes,Ardeidae,N,H,Yes,2018
Muhlenberg,Bubulcus ibis,Cattle Egret,Aves,Pelecaniformes,Ardeidae,N,S,No,2018
Muhlenberg,Egretta caerulea,Little Blue Heron,Aves,Pelecaniformes,Ardeidae,N,E,No,2006
Muhlenberg,Egretta thula,Snowy Egret,Aves,Pelecaniformes,Ardeidae,N,E,No,2007
Muhlenberg,Ixobrychus exilis,Least Bittern,Aves,Pelecaniformes,Ardeidae,N,T,Yes,2018
Muhlenberg,Nyctanassa violacea,Yellow-crowned Night-heron,Aves,Pelecaniformes,Ardeidae,N,T,Yes,1996
Muhlenberg,Nycticorax nycticorax,Black-crowned Night-heron,Aves,Pelecaniformes,Ardeidae,N,T,Yes,2011
Muhlenberg,Podilymbus podiceps,Pied-billed Grebe,Aves,Podicipediformes,Podicipedidae,N,E,Yes,2016
Muhlenberg,Asio flammeus,Short-eared Owl,Aves,Strigiformes,Strigidae,N,E,Yes,2013
Muhlenberg,Asio otus,Long-eared Owl,Aves,Strigiformes,Strigidae,N,E,Yes,2012
Muhlenberg,Tyto furcata,American Barn Owl,Aves,Strigiformes,Tytonidae,N,S,Yes,2022
Muhlenberg,Phalacrocorax auritus,Double-crested Cormorant,Aves,Suliformes,Phalacrocoracidae,N,S,No,2012
Muhlenberg,Cyprogenia stegaria,Fanshell,Bivalvia,Unionoida,Unionidae,E,E,Yes,2001
Muhlenberg,Elliptio crassidens,Elephantear,Bivalvia,Unionoida,Unionidae,N,S,Yes,2018
Muhlenberg,Epioblasma obliquata,Catspaw,Bivalvia,Unionoida,Unionidae,E,E,Yes,1927
Muhlenberg,Fusconaia subrotunda,Longsolid,Bivalvia,Unionoida,Unionidae,T,T,Yes,2018
Muhlenberg,Lampsilis abrupta,Pink Mucket,Bivalvia,Unionoida,Unionidae,E,E,Yes,2018
Muhlenberg,Lampsilis ovata,Pocketbook,Bivalvia,Unionoida,Unionidae,N,E,Yes,1965
Muhlenberg,Leaunio lienosus,Little Spectaclecase,Bivalvia,Unionoida,Unionidae,N,T,Yes,1993
Muhlenberg,Ligumia recta,Black Sandshell,Bivalvia,Unionoida,Unionidae,N,S,Yes,2018
Muhlenberg,Obovaria subrotunda,Round Hickorynut,Bivalvia,Unionoida,Unionidae,T,T,Yes,2001
Muhlenberg,Pleurobema clava,Clubshell,Bivalvia,Unionoida,Unionidae,E,E,Yes,1992
Muhlenberg,Pleurobema plenum,Rough Pigtoe,Bivalvia,Unionoida,Unionidae,E,E,Yes,1965
Muhlenberg,Pleurobema rubrum,Pyramid Pigtoe,Bivalvia,Unionoida,Unionidae,PT,E,Yes,2018
Muhlenberg,Simpsonaias ambigua,Salamander Mussel,Bivalvia,Unionoida,Unionidae,N,T,Yes,2001
Muhlenberg,Faxonius rafinesquei,Rough River Crayfish,Malacostraca,Decapoda,Cambaridae,N,S,Yes,2005
Muhlenberg,Lacunicambarus chimera,Crawzilla Crawdad,Malacostraca,Decapoda,Cambaridae,N,S,Yes,2018
Muhlenberg,Myotis grisescens,Gray Myotis,Mammalia,Chiroptera,Vespertilionidae,E,T,Yes,2020
Muhlenberg,Myotis lucifugus,Little Brown Bat,Mammalia,Chiroptera,Vespertilionidae,N,T,Yes,2020
Muhlenberg,Myotis septentrionalis,Northern Long-Eared Bat,Mammalia,Chiroptera,Vespertilionidae,E,E,Yes,2020
Muhlenberg,Perimyotis subflavus,Tricolored Bat,Mammalia,Chiroptera,Vespertilionidae,PE,T,Yes,2024
Muhlenberg,Ichthyomyzon castaneus,Chestnut Lamprey,Petromyzontida,Petromyzontiformes,Petromyzontidae,N,S,Yes,1963
Muhlenberg,Nerodia erythrogaster neglecta,Copperbelly Watersnake,Reptilia,Squamata,Colubridae,T,T,Yes,2020
Muhlenberg,Thamnophis saurita saurita,Eastern Ribbonsnake,Reptilia,Squamata,Colubridae,N,S,Yes,2022
Muhlenberg,Aspidoscelis sexlineatus,Six-lined Racerunner,Reptilia,Squamata,Teiidae,N,S,Yes,2023
Nelson,Noturus stigmosus,Northern Madtom,Actinopterygii,Siluriformes,Ictaluridae,N,S,Yes,2023
Nelson,Cryptobranchus alleganiensis alleganiensis,Eastern Hellbender,Amphibia,Caudata,Cryptobranchidae,PE,S,Yes,2024
Nelson,Accipiter striatus,Sharp-shinned Hawk,Aves,Accipitriformes,Accipitridae,N,S,Yes,2013
Nelson,Circus hudsonius,Northern Harrier,Aves,Accipitriformes,Accipitridae,N,T,Yes,2014
Nelson,Haliaeetus leucocephalus,Bald Eagle,Aves,Accipitriformes,Accipitridae,N,S,Yes,2021
Nelson,Pandion haliaetus,Osprey,Aves,Accipitriformes,Pandionidae,N,S,Yes,2004
Nelson,Lophodytes cucullatus,Hooded Merganser,Aves,Anseriformes,Anatidae,N,T,Yes,2009
Nelson,Pheucticus ludovicianus,Rose-breasted Grosbeak,Aves,Passeriformes,Cardinalidae,N,S,No,2004
Nelson,Dolichonyx oryzivorus,Bobolink,Aves,Passeriformes,Icteridae,N,S,Yes,2005
Nelson,Lanius ludovicianus,Loggerhead Shrike,Aves,Passeriformes,Laniidae,N,S,Yes,2014
Nelson,Junco hyemalis,Dark-eyed Junco,Aves,Passeriformes,Passerellidae,N,S,No,2012
Nelson,Passerculus sandwichensis,Savannah Sparrow,Aves,Passeriformes,Passerellidae,N,S,Yes,2014
Nelson,Pooecetes gramineus,Vesper Sparrow,Aves,Passeriformes,Passerellidae,N,E,No,2005
Nelson,Sitta canadensis,Red-breasted Nuthatch,Aves,Passeriformes,Sittidae,N,E,No,2012
Nelson,Cistothorus stellaris,Sedge Wren,Aves,Passeriformes,Troglodytidae,N,S,Yes,2006
Nelson,Thryomanes bewickii,Bewick's Wren,Aves,Passeriformes,Troglodytidae,N,H,Yes,1953
Nelson,Ardea alba,Great Egret,Aves,Pelecaniformes,Ardeidae,N,T,Yes,2013
Nelson,Egretta caerulea,Little Blue Heron,Aves,Pelecaniformes,Ardeidae,N,E,No,2006
Nelson,Podilymbus podiceps,Pied-billed Grebe,Aves,Podicipediformes,Podicipedidae,N,E,Yes,2014
Nelson,Asio flammeus,Short-eared Owl,Aves,Strigiformes,Strigidae,N,E,Yes,2008
Nelson,Asio otus,Long-eared Owl,Aves,Strigiformes,Strigidae,N,E,Yes,1983
Nelson,Tyto furcata,American Barn Owl,Aves,Strigiformes,Tytonidae,N,S,Yes,2022
Nelson,Alasmidonta viridis,Slippershell Mussel,Bivalvia,Unionoida,Unionidae,N,S,Yes,2020
Nelson,Cyprogenia stegaria,Fanshell,Bivalvia,Unionoida,Unionidae,E,E,Yes,2023
Nelson,Epioblasma rangiana,Northern Riffleshell,Bivalvia,Unionoida,Unionidae,E,E,Yes,2015
Nelson,Epioblasma triquetra,Snuffbox,Bivalvia,Unionoida,Unionidae,E,E,Yes,2021
Nelson,Fusconaia subrotunda,Longsolid,Bivalvia,Unionoida,Unionidae,T,T,Yes,2023
Nelson,Lampsilis ovata,Pocketbook,Bivalvia,Unionoida,Unionidae,N,E,Yes,2004
Nelson,Leaunio lienosus,Little Spectaclecase,Bivalvia,Unionoida,Unionidae,N,T,Yes,2018
Nelson,Ligumia recta,Black Sandshell,Bivalvia,Unionoida,Unionidae,N,S,Yes,2018
Nelson,Obovaria retusa,Ring Pink,Bivalvia,Unionoida,Unionidae,E,E,Yes,2020
Nelson,Obovaria subrotunda,Round Hickorynut,Bivalvia,Unionoida,Unionidae,T,T,Yes,2020
Nelson,Pleurobema clava,Clubshell,Bivalvia,Unionoida,Unionidae,E,E,Yes,2022
Nelson,Pleurobema plenum,Rough Pigtoe,Bivalvia,Unionoida,Unionidae,E,E,Yes,2022
Nelson,Pleurobema rubrum,Pyramid Pigtoe,Bivalvia,Unionoida,Unionidae,PT,E,Yes,2022
Nelson,Simpsonaias ambigua,Salamander Mussel,Bivalvia,Unionoida,Unionidae,N,T,Yes,2013
Nelson,Toxolasma lividum,Purple Lilliput,Bivalvia,Unionoida,Unionidae,N,E,Yes,2022
Nelson,Myotis grisescens,Gray Myotis,Mammalia,Chiroptera,Vespertilionidae,E,T,Yes,2025
Nelson,Myotis lucifugus,Little Brown Bat,Mammalia,Chiroptera,Vespertilionidae,N,T,Yes,2018
Nelson,Myotis septentrionalis,Northern Long-Eared Bat,Mammalia,Chiroptera,Vespertilionidae,E,E,Yes,2013
Nelson,Myotis sodalis,Indiana Bat,Mammalia,Chiroptera,Vespertilionidae,E,E,Yes,2020
Nelson,Perimyotis subflavus,Tricolored Bat,Mammalia,Chiroptera,Vespertilionidae,PE,T,Yes,2013
Nicholas,Lota lota,Burbot,Actinopterygii,Gadiformes,Gadidae,N,S,Yes,1986
Nicholas,Noturus stigmosus,Northern Madtom,Actinopterygii,Siluriformes,Ictaluridae,N,S,Yes,2019
Nicholas,Lithobates pipiens,Northern Leopard Frog,Amphibia,Anura,Ranidae,N,S,Yes,1936
Nicholas,Cryptobranchus alleganiensis alleganiensis,Eastern Hellbender,Amphibia,Caudata,Cryptobranchidae,PE,S,Yes,2024
Nicholas,Accipiter striatus,Sharp-shinned Hawk,Aves,Accipitriformes,Accipitridae,N,S,Yes,2010
Nicholas,Circus hudsonius,Northern Harrier,Aves,Accipitriformes,Accipitridae,N,T,Yes,1998
Nicholas,Haliaeetus leucocephalus,Bald Eagle,Aves,Accipitriformes,Accipitridae,N,S,Yes,2022
Nicholas,Actitis macularius,Spotted Sandpiper,Aves,Charadriiformes,Scolopacidae,N,E,Yes,2008
Nicholas,Lanius ludovicianus,Loggerhead Shrike,Aves,Passeriformes,Laniidae,N,S,Yes,2008
Nicholas,Centronyx henslowii,Henslow's Sparrow,Aves,Passeriformes,Passerellidae,N,S,Yes,1996
Nicholas,Ardea alba,Great Egret,Aves,Pelecaniformes,Ardeidae,N,T,Yes,2004
Nicholas,Botaurus lentiginosus,American Bittern,Aves,Pelecaniformes,Ardeidae,N,H,Yes,2012
Nicholas,Nycticorax nycticorax,Black-crowned Night-heron,Aves,Pelecaniformes,Ardeidae,N,T,Yes,2004
Nicholas,Asio flammeus,Short-eared Owl,Aves,Strigiformes,Strigidae,N,E,Yes,2014
Nicholas,Tyto furcata,American Barn Owl,Aves,Strigiformes,Tytonidae,N,S,Yes,2016
Nicholas,Alasmidonta viridis,Slippershell Mussel,Bivalvia,Unionoida,Unionidae,N,S,Yes,1991
Nicholas,Anodontoides ferussacianus,Cylindrical Papershell,Bivalvia,Unionoida,Unionidae,N,S,Yes,1983
Nicholas,Cyprogenia stegaria,Fanshell,Bivalvia,Unionoida,Unionidae,E,E,Yes,2023
Nicholas,Elliptio crassidens,Elephantear,Bivalvia,Unionoida,Unionidae,N,S,Yes,2022
Nicholas,Epioblasma obliquata,Catspaw,Bivalvia,Unionoida,Unionidae,E,E,Yes,2025
Nicholas,Epioblasma rangiana,Northern Riffleshell,Bivalvia,Unionoida,Unionidae,E,E,Yes,2025
Nicholas,Epioblasma triquetra,Snuffbox,Bivalvia,Unionoida,Unionidae,E,E,Yes,2025
Nicholas,Fusconaia subrotunda,Longsolid,Bivalvia,Unionoida,Unionidae,T,T,Yes,2025
Nicholas,Lampsilis abrupta,Pink Mucket,Bivalvia,Unionoida,Unionidae,E,E,Yes,2025
Nicholas,Ligumia recta,Black Sandshell,Bivalvia,Unionoida,Unionidae,N,S,Yes,2022
Nicholas,Obovaria subrotunda,Round Hickorynut,Bivalvia,Unionoida,Unionidae,T,T,Yes,2025
Nicholas,Plethobasus cyphyus,Sheepnose,Bivalvia,Unionoida,Unionidae,E,E,Yes,2012
Nicholas,Pleurobema clava,Clubshell,Bivalvia,Unionoida,Unionidae,E,E,Yes,2023
Nicholas,Simpsonaias ambigua,Salamander Mussel,Bivalvia,Unionoida,Unionidae,N,T,Yes,2022
Nicholas,Theliderma cylindrica,Rabbitsfoot,Bivalvia,Unionoida,Unionidae,T,E,Yes,2017
Nicholas,Myotis septentrionalis,Northern Long-Eared Bat,Mammalia,Chiroptera,Vespertilionidae,E,E,Yes,2014
Nicholas,Perimyotis subflavus,Tricolored Bat,Mammalia,Chiroptera,Vespertilionidae,PE,T,Yes,2011
Ohio,Erimyzon sucetta,Lake Chubsucker,Actinopterygii,Cypriniformes,Catostomidae,N,T,Yes,1980
Ohio,Ictiobus niger,Black Buffalo,Actinopterygii,Cypriniformes,Catostomidae,N,S,Yes,2011
Ohio,Hybopsis amnis,Pallid Shiner,Actinopterygii,Cypriniformes,Leuciscidae,N,E,Yes,1986
Ohio,Accipiter striatus,Sharp-shinned Hawk,Aves,Accipitriformes,Accipitridae,N,S,Yes,2013
Ohio,Circus hudsonius,Northern Harrier,Aves,Accipitriformes,Accipitridae,N,T,Yes,2017
Ohio,Haliaeetus leucocephalus,Bald Eagle,Aves,Accipitriformes,Accipitridae,N,S,Yes,2023
Ohio,Ictinia mississippiensis,Mississippi Kite,Aves,Accipitriformes,Accipitridae,N,S,No,2003
Ohio,Pandion haliaetus,Osprey,Aves,Accipitriformes,Pandionidae,N,S,Yes,2017
Ohio,Lophodytes cucullatus,Hooded Merganser,Aves,Anseriformes,Anatidae,N,T,Yes,2007
Ohio,Actitis macularius,Spotted Sandpiper,Aves,Charadriiformes,Scolopacidae,N,E,Yes,2006
Ohio,Falco peregrinus,Peregrine Falcon,Aves,Falconiformes,Falconidae,N,E,Yes,2007
Ohio,Fulica americana,American Coot,Aves,Gruiformes,Rallidae,N,E,No,1996
Ohio,Gallinula galeata,Common Gallinule,Aves,Gruiformes,Rallidae,N,T,Yes,1996
Ohio,Pheucticus ludovicianus,Rose-breasted Grosbeak,Aves,Passeriformes,Cardinalidae,N,S,No,2016
Ohio,Riparia riparia,Bank Swallow,Aves,Passeriformes,Hirundinidae,N,S,Yes,2006
Ohio,Lanius ludovicianus,Loggerhead Shrike,Aves,Passeriformes,Laniidae,N,S,Yes,2016
Ohio,Centronyx henslowii,Henslow's Sparrow,Aves,Passeriformes,Passerellidae,N,S,Yes,2019
Ohio,Chondestes grammacus,Lark Sparrow,Aves,Passeriformes,Passerellidae,N,S,No,2011
Ohio,Passerculus sandwichensis,Savannah Sparrow,Aves,Passeriformes,Passerellidae,N,S,Yes,2007
Ohio,Pooecetes gramineus,Vesper Sparrow,Aves,Passeriformes,Passerellidae,N,E,No,2002
Ohio,Sitta canadensis,Red-breasted Nuthatch,Aves,Passeriformes,Sittidae,N,E,No,2007
Ohio,Cistothorus stellaris,Sedge Wren,Aves,Passeriformes,Troglodytidae,N,S,Yes,2012
Ohio,Thryomanes bewickii,Bewick's Wren,Aves,Passeriformes,Troglodytidae,N,H,Yes,2001
Ohio,Empidonax minimus,Least Flycatcher,Aves,Passeriformes,Tyrannidae,N,E,Yes,2001
Ohio,Vireo bellii,Bell's Vireo,Aves,Passeriformes,Vireonidae,N,S,Yes,2019
Ohio,Ardea alba,Great Egret,Aves,Pelecaniformes,Ardeidae,N,T,Yes,2013
Ohio,Botaurus lentiginosus,American Bittern,Aves,Pelecaniformes,Ardeidae,N,H,Yes,2012
Ohio,Egretta caerulea,Little Blue Heron,Aves,Pelecaniformes,Ardeidae,N,E,No,2007
Ohio,Egretta thula,Snowy Egret,Aves,Pelecaniformes,Ardeidae,N,E,No,2005
Ohio,Ixobrychus exilis,Least Bittern,Aves,Pelecaniformes,Ardeidae,N,T,Yes,2014
Ohio,Nycticorax nycticorax,Black-crowned Night-heron,Aves,Pelecaniformes,Ardeidae,N,T,Yes,2010
Ohio,Podilymbus podiceps,Pied-billed Grebe,Aves,Podicipediformes,Podicipedidae,N,E,Yes,2013
Ohio,Asio flammeus,Short-eared Owl,Aves,Strigiformes,Strigidae,N,E,Yes,2007
Ohio,Asio otus,Long-eared Owl,Aves,Strigiformes,Strigidae,N,E,Yes,2012
Ohio,Tyto furcata,American Barn Owl,Aves,Strigiformes,Tytonidae,N,S,Yes,2022
Ohio,Phalacrocorax auritus,Double-crested Cormorant,Aves,Suliformes,Phalacrocoracidae,N,S,No,2006
Ohio,Cyprogenia stegaria,Fanshell,Bivalvia,Unionoida,Unionidae,E,E,Yes,1927
Ohio,Elliptio crassidens,Elephantear,Bivalvia,Unionoida,Unionidae,N,S,Yes,2012
Ohio,Fusconaia subrotunda,Longsolid,Bivalvia,Unionoida,Unionidae,T,T,Yes,2010
Ohio,Lampsilis ovata,Pocketbook,Bivalvia,Unionoida,Unionidae,N,E,Yes,1927
Ohio,Leaunio lienosus,Little Spectaclecase,Bivalvia,Unionoida,Unionidae,N,T,Yes,1993
Ohio,Leaunio ortmanni,Kentucky Creekshell,Bivalvia,Unionoida,Unionidae,N,E,Yes,1927
Ohio,Ligumia recta,Black Sandshell,Bivalvia,Unionoida,Unionidae,N,S,Yes,2010
Ohio,Obovaria subrotunda,Round Hickorynut,Bivalvia,Unionoida,Unionidae,T,T,Yes,1927
Ohio,Pleurobema clava,Clubshell,Bivalvia,Unionoida,Unionidae,E,E,Yes,1991
Ohio,Pleurobema plenum,Rough Pigtoe,Bivalvia,Unionoida,Unionidae,E,E,Yes,2010
Ohio,Pleurobema rubrum,Pyramid Pigtoe,Bivalvia,Unionoida,Unionidae,PT,E,Yes,2010
Ohio,Theliderma cylindrica,Rabbitsfoot,Bivalvia,Unionoida,Unionidae,T,E,Yes,2012
Ohio,Faxonius rafinesquei,Rough River Crayfish,Malacostraca,Decapoda,Cambaridae,N,S,Yes,2006
Ohio,Lacunicambarus chimera,Crawzilla Crawdad,Malacostraca,Decapoda,Cambaridae,N,S,Yes,2003
Ohio,Myotis lucifugus,Little Brown Bat,Mammalia,Chiroptera,Vespertilionidae,N,T,Yes,1991
Ohio,Myotis septentrionalis,Northern Long-Eared Bat,Mammalia,Chiroptera,Vespertilionidae,E,E,Yes,1996
Ohio,Perimyotis subflavus,Tricolored Bat,Mammalia,Chiroptera,Vespertilionidae,PE,T,Yes,2005
Ohio,Ichthyomyzon castaneus,Chestnut Lamprey,Petromyzontida,Petromyzontiformes,Petromyzontidae,N,S,Yes,1986
Ohio,Clonophis kirtlandii,Kirtland's Snake,Reptilia,Squamata,Colubridae,N,T,Yes,1937
Ohio,Nerodia erythrogaster neglecta,Copperbelly Watersnake,Reptilia,Squamata,Colubridae,T,T,Yes,2021
Ohio,Thamnophis saurita saurita,Eastern Ribbonsnake,Reptilia,Squamata,Colubridae,N,S,Yes,2022
Oldham,Ictiobus niger,Black Buffalo,Actinopterygii,Cypriniformes,Catostomidae,N,S,Yes,2021
Oldham,Percopsis omiscomaycus,Trout-Perch,Actinopterygii,Percopsiformes,Percopsidae,N,S,Yes,1986
Oldham,Accipiter striatus,Sharp-shinned Hawk,Aves,Accipitriformes,Accipitridae,N,S,Yes,2013
Oldham,Circus hudsonius,Northern Harrier,Aves,Accipitriformes,Accipitridae,N,T,Yes,2011
Oldham,Haliaeetus leucocephalus,Bald Eagle,Aves,Accipitriformes,Accipitridae,N,S,Yes,2021
Oldham,Pandion haliaetus,Osprey,Aves,Accipitriformes,Pandionidae,N,S,Yes,2011
Oldham,Lophodytes cucullatus,Hooded Merganser,Aves,Anseriformes,Anatidae,N,T,Yes,2014
Oldham,Spatula clypeata,Northern Shoveler,Aves,Anseriformes,Anatidae,N,E,No,2007
Oldham,Actitis macularius,Spotted Sandpiper,Aves,Charadriiformes,Scolopacidae,N,E,Yes,2013
Oldham,Falco peregrinus,Peregrine Falcon,Aves,Falconiformes,Falconidae,N,E,Yes,2008
Oldham,Certhia americana,Brown Creeper,Aves,Passeriformes,Certhiidae,N,T,No,1955
Oldham,Riparia riparia,Bank Swallow,Aves,Passeriformes,Hirundinidae,N,S,Yes,1996
Oldham,Dolichonyx oryzivorus,Bobolink,Aves,Passeriformes,Icteridae,N,S,Yes,1998
Oldham,Lanius ludovicianus,Loggerhead Shrike,Aves,Passeriformes,Laniidae,N,S,Yes,2015
Oldham,Centronyx henslowii,Henslow's Sparrow,Aves,Passeriformes,Passerellidae,N,S,Yes,2014
Oldham,Junco hyemalis,Dark-eyed Junco,Aves,Passeriformes,Passerellidae,N,S,No,2012
Oldham,Passerculus sandwichensis,Savannah Sparrow,Aves,Passeriformes,Passerellidae,N,S,Yes,2012
Oldham,Cistothorus stellaris,Sedge Wren,Aves,Passeriformes,Troglodytidae,N,S,Yes,1984
Oldham,Thryomanes bewickii,Bewick's Wren,Aves,Passeriformes,Troglodytidae,N,H,Yes,1996
Oldham,Empidonax minimus,Least Flycatcher,Aves,Passeriformes,Tyrannidae,N,E,Yes,2013
Oldham,Nyctanassa violacea,Yellow-crowned Night-heron,Aves,Pelecaniformes,Ardeidae,N,T,Yes,1996
Oldham,Nycticorax nycticorax,Black-crowned Night-heron,Aves,Pelecaniformes,Ardeidae,N,T,Yes,2012
Oldham,Podilymbus podiceps,Pied-billed Grebe,Aves,Podicipediformes,Podicipedidae,N,E,Yes,2014
Oldham,Asio flammeus,Short-eared Owl,Aves,Strigiformes,Strigidae,N,E,Yes,2010
Oldham,Tyto furcata,American Barn Owl,Aves,Strigiformes,Tytonidae,N,S,Yes,2011
Oldham,Alasmidonta viridis,Slippershell Mussel,Bivalvia,Unionoida,Unionidae,N,S,Yes,2003
Oldham,Anodontoides ferussacianus,Cylindrical Papershell,Bivalvia,Unionoida,Unionidae,N,S,Yes,1966
Oldham,Cyprogenia stegaria,Fanshell,Bivalvia,Unionoida,Unionidae,E,E,Yes,1988
Oldham,Elliptio crassidens,Elephantear,Bivalvia,Unionoida,Unionidae,N,S,Yes,2007
Oldham,Fusconaia subrotunda,Longsolid,Bivalvia,Unionoida,Unionidae,T,T,Yes,1988
Oldham,Lampsilis abrupta,Pink Mucket,Bivalvia,Unionoida,Unionidae,E,E,Yes,1988
Oldham,Lampsilis ovata,Pocketbook,Bivalvia,Unionoida,Unionidae,N,E,Yes,1988
Oldham,Leaunio lienosus,Little Spectaclecase,Bivalvia,Unionoida,Unionidae,N,T,Yes,1961
Oldham,Ligumia recta,Black Sandshell,Bivalvia,Unionoida,Unionidae,N,S,Yes,2021
Oldham,Obovaria retusa,Ring Pink,Bivalvia,Unionoida,Unionidae,E,E,Yes,1988
Oldham,Plethobasus cyphyus,Sheepnose,Bivalvia,Unionoida,Unionidae,E,E,Yes,1988
Oldham,Pleurobema rubrum,Pyramid Pigtoe,Bivalvia,Unionoida,Unionidae,PT,E,Yes,1988
Oldham,Faxonius jeffersoni,Louisville Crayfish,Malacostraca,Decapoda,Cambaridae,N,E,Yes,2010
Oldham,Myotis grisescens,Gray Myotis,Mammalia,Chiroptera,Vespertilionidae,E,T,Yes,2017
Oldham,Myotis lucifugus,Little Brown Bat,Mammalia,Chiroptera,Vespertilionidae,N,T,Yes,2017
Oldham,Myotis septentrionalis,Northern Long-Eared Bat,Mammalia,Chiroptera,Vespertilionidae,E,E,Yes,2007
Oldham,Perimyotis subflavus,Tricolored Bat,Mammalia,Chiroptera,Vespertilionidae,PE,T,Yes,2017
Owen,Lithobates pipiens,Northern Leopard Frog,Amphibia,Anura,Ranidae,N,S,Yes,2018
Owen,Cryptobranchus alleganiensis alleganiensis,Eastern Hellbender,Amphibia,Caudata,Cryptobranchidae,PE,S,Yes,2009
Owen,Plethodon cinereus,Eastern Red-backed Salamander,Amphibia,Caudata,Plethodontidae,N,S,Yes,2020
Owen,Accipiter striatus,Sharp-shinned Hawk,Aves,Accipitriformes,Accipitridae,N,S,Yes,2007
Owen,Circus hudsonius,Northern Harrier,Aves,Accipitriformes,Accipitridae,N,T,Yes,2006
Owen,Haliaeetus leucocephalus,Bald Eagle,Aves,Accipitriformes,Accipitridae,N,S,Yes,2021
Owen,Lophodytes cucullatus,Hooded Merganser,Aves,Anseriformes,Anatidae,N,T,Yes,2009
Owen,Spatula clypeata,Northern Shoveler,Aves,Anseriformes,Anatidae,N,E,No,1975
Owen,Actitis macularius,Spotted Sandpiper,Aves,Charadriiformes,Scolopacidae,N,E,Yes,2007
Owen,Gallinula galeata,Common Gallinule,Aves,Gruiformes,Rallidae,N,T,Yes,1996
Owen,Certhia americana,Brown Creeper,Aves,Passeriformes,Certhiidae,N,T,No,2005
Owen,Lanius ludovicianus,Loggerhead Shrike,Aves,Passeriformes,Laniidae,N,S,Yes,2003
Owen,Centronyx henslowii,Henslow's Sparrow,Aves,Passeriformes,Passerellidae,N,S,Yes,2010
Owen,Junco hyemalis,Dark-eyed Junco,Aves,Passeriformes,Passerellidae,N,S,No,2013
Owen,Pooecetes gramineus,Vesper Sparrow,Aves,Passeriformes,Passerellidae,N,E,No,2000
Owen,Sitta canadensis,Red-breasted Nuthatch,Aves,Passeriformes,Sittidae,N,E,No,1986
Owen,Thryomanes bewickii,Bewick's Wren,Aves,Passeriformes,Troglodytidae,N,H,Yes,2007
Owen,Podilymbus podiceps,Pied-billed Grebe,Aves,Podicipediformes,Podicipedidae,N,E,Yes,2002
Owen,Asio otus,Long-eared Owl,Aves,Strigiformes,Strigidae,N,E,Yes,1990
Owen,Tyto furcata,American Barn Owl,Aves,Strigiformes,Tytonidae,N,S,Yes,2022
Owen,Alasmidonta viridis,Slippershell Mussel,Bivalvia,Unionoida,Unionidae,N,S,Yes,2021
Owen,Anodontoides ferussacianus,Cylindrical Papershell,Bivalvia,Unionoida,Unionidae,N,S,Yes,1998
Owen,Elliptio crassidens,Elephantear,Bivalvia,Unionoida,Unionidae,N,S,Yes,2024
Owen,Lampsilis abrupta,Pink Mucket,Bivalvia,Unionoida,Unionidae,E,E,Yes,2024
Owen,Lampsilis ovata,Pocketbook,Bivalvia,Unionoida,Unionidae,N,E,Yes,2021
Owen,Ligumia recta,Black Sandshell,Bivalvia,Unionoida,Unionidae,N,S,Yes,2019
Owen,Obovaria retusa,Ring Pink,Bivalvia,Unionoida,Unionidae,E,E,Yes,2024
Owen,Obovaria subrotunda,Round Hickorynut,Bivalvia,Unionoida,Unionidae,T,T,Yes,2024
Owen,Pleurobema clava,Clubshell,Bivalvia,Unionoida,Unionidae,E,E,Yes,1981
Owen,Pleurobema plenum,Rough Pigtoe,Bivalvia,Unionoida,Unionidae,E,E,Yes,2024
Owen,Simpsonaias ambigua,Salamander Mussel,Bivalvia,Unionoida,Unionidae,N,T,Yes,1981
Owen,Toxolasma lividum,Purple Lilliput,Bivalvia,Unionoida,Unionidae,N,E,Yes,1982
Owen,Mustela nivalis,Least Weasel,Mammalia,Carnivora,Mustelidae,N,S,Yes,2015
Owen,Myotis lucifugus,Little Brown Bat,Mammalia,Chiroptera,Vespertilionidae,N,T,Yes,2007
Owen,Myotis septentrionalis,Northern Long-Eared Bat,Mammalia,Chiroptera,Vespertilionidae,E,E,Yes,2007
Owen,Myotis sodalis,Indiana Bat,Mammalia,Chiroptera,Vespertilionidae,E,E,Yes,2013
Owen,Perimyotis subflavus,Tricolored Bat,Mammalia,Chiroptera,Vespertilionidae,PE,T,Yes,2007
Owsley,Etheostoma spilotum,Kentucky Arrow Darter,Actinopterygii,Perciformes,Percidae,T,T,Yes,2022
Owsley,Noturus stigmosus,Northern Madtom,Actinopterygii,Siluriformes,Ictaluridae,N,S,Yes,1996
Owsley,Cryptobranchus alleganiensis alleganiensis,Eastern Hellbender,Amphibia,Caudata,Cryptobranchidae,PE,S,Yes,2015
Owsley,Alasmidonta viridis,Slippershell Mussel,Bivalvia,Unionoida,Unionidae,N,S,Yes,1971
Owsley,Epioblasma triquetra,Snuffbox,Bivalvia,Unionoida,Unionidae,E,E,Yes,2023
Owsley,Fusconaia subrotunda,Longsolid,Bivalvia,Unionoida,Unionidae,T,T,Yes,2025
Owsley,Lampsilis ovata,Pocketbook,Bivalvia,Unionoida,Unionidae,N,E,Yes,2022
Owsley,Leaunio lienosus,Little Spectaclecase,Bivalvia,Unionoida,Unionidae,N,T,Yes,2021
Owsley,Obovaria subrotunda,Round Hickorynut,Bivalvia,Unionoida,Unionidae,T,T,Yes,2025
Owsley,Cambarus guenteri,Redbird Crayfish,Malacostraca,Decapoda,Cambaridae,N,S,Yes,2014
Owsley,Cambarus hazardi,Brawny Crayfish,Malacostraca,Decapoda,Cambaridae,N,S,Yes,1978
Owsley,Cambarus parvoculus,Mountain Midget Crayfish,Malacostraca,Decapoda,Cambaridae,N,S,Yes,2006
Owsley,Myotis lucifugus,Little Brown Bat,Mammalia,Chiroptera,Vespertilionidae,N,T,Yes,2002
Owsley,Myotis septentrionalis,Northern Long-Eared Bat,Mammalia,Chiroptera,Vespertilionidae,E,E,Yes,2010
Owsley,Myotis sodalis,Indiana Bat,Mammalia,Chiroptera,Vespertilionidae,E,E,Yes,2002
Owsley,Perimyotis subflavus,Tricolored Bat,Mammalia,Chiroptera,Vespertilionidae,PE,T,Yes,2013
Pendleton,Ictiobus niger,Black Buffalo,Actinopterygii,Cypriniformes,Catostomidae,N,S,Yes,2000
Pendleton,Lota lota,Burbot,Actinopterygii,Gadiformes,Gadidae,N,S,Yes,1993
Pendleton,Noturus exilis,Slender Madtom,Actinopterygii,Siluriformes,Ictaluridae,N,E,Yes,1991
Pendleton,Noturus stigmosus,Northern Madtom,Actinopterygii,Siluriformes,Ictaluridae,N,S,Yes,2023
Pendleton,Lithobates pipiens,Northern Leopard Frog,Amphibia,Anura,Ranidae,N,S,Yes,1948
Pendleton,Cryptobranchus alleganiensis alleganiensis,Eastern Hellbender,Amphibia,Caudata,Cryptobranchidae,PE,S,Yes,2019
Pendleton,Accipiter striatus,Sharp-shinned Hawk,Aves,Accipitriformes,Accipitridae,N,S,Yes,2013
Pendleton,Circus hudsonius,Northern Harrier,Aves,Accipitriformes,Accipitridae,N,T,Yes,2009
Pendleton,Haliaeetus leucocephalus,Bald Eagle,Aves,Accipitriformes,Accipitridae,N,S,Yes,2021
Pendleton,Pandion haliaetus,Osprey,Aves,Accipitriformes,Pandionidae,N,S,Yes,2017
Pendleton,Falco peregrinus,Peregrine Falcon,Aves,Falconiformes,Falconidae,N,E,Yes,2023
Pendleton,Riparia riparia,Bank Swallow,Aves,Passeriformes,Hirundinidae,N,S,Yes,2013
Pendleton,Dolichonyx oryzivorus,Bobolink,Aves,Passeriformes,Icteridae,N,S,Yes,2012
Pendleton,Lanius ludovicianus,Loggerhead Shrike,Aves,Passeriformes,Laniidae,N,S,Yes,1996
Pendleton,Centronyx henslowii,Henslow's Sparrow,Aves,Passeriformes,Passerellidae,N,S,Yes,1996
Pendleton,Chondestes grammacus,Lark Sparrow,Aves,Passeriformes,Passerellidae,N,S,No,1996
Pendleton,Thryomanes bewickii,Bewick's Wren,Aves,Passeriformes,Troglodytidae,N,H,Yes,1996
Pendleton,Podilymbus podiceps,Pied-billed Grebe,Aves,Podicipediformes,Podicipedidae,N,E,Yes,2012
Pendleton,Alasmidonta marginata,Elktoe,Bivalvia,Unionoida,Unionidae,N,T,Yes,2024
Pendleton,Alasmidonta viridis,Slippershell Mussel,Bivalvia,Unionoida,Unionidae,N,S,Yes,2024
Pendleton,Anodontoides ferussacianus,Cylindrical Papershell,Bivalvia,Unionoida,Unionidae,N,S,Yes,2021
Pendleton,Cyprogenia stegaria,Fanshell,Bivalvia,Unionoida,Unionidae,E,E,Yes,2025
Pendleton,Elliptio crassidens,Elephantear,Bivalvia,Unionoida,Unionidae,N,S,Yes,2019
Pendleton,Epioblasma obliquata,Catspaw,Bivalvia,Unionoida,Unionidae,E,E,Yes,2024
Pendleton,Epioblasma rangiana,Northern Riffleshell,Bivalvia,Unionoida,Unionidae,E,E,Yes,2023
Pendleton,Epioblasma triquetra,Snuffbox,Bivalvia,Unionoida,Unionidae,E,E,Yes,2024
Pendleton,Fusconaia subrotunda,Longsolid,Bivalvia,Unionoida,Unionidae,T,T,Yes,2021
Pendleton,Lampsilis abrupta,Pink Mucket,Bivalvia,Unionoida,Unionidae,E,E,Yes,2024
Pendleton,Lampsilis ovata,Pocketbook,Bivalvia,Unionoida,Unionidae,N,E,Yes,2021
Pendleton,Ligumia recta,Black Sandshell,Bivalvia,Unionoida,Unionidae,N,S,Yes,2025
Pendleton,Obovaria subrotunda,Round Hickorynut,Bivalvia,Unionoida,Unionidae,T,T,Yes,1984
Pendleton,Plethobasus cyphyus,Sheepnose,Bivalvia,Unionoida,Unionidae,E,E,Yes,2013
Pendleton,Pleurobema clava,Clubshell,Bivalvia,Unionoida,Unionidae,E,E,Yes,2024
Pendleton,Pleurobema plenum,Rough Pigtoe,Bivalvia,Unionoida,Unionidae,E,E,Yes,2012
Pendleton,Pleurobema rubrum,Pyramid Pigtoe,Bivalvia,Unionoida,Unionidae,PT,E,Yes,2013
Pendleton,Simpsonaias ambigua,Salamander Mussel,Bivalvia,Unionoida,Unionidae,N,T,Yes,2024
Pendleton,Theliderma cylindrica,Rabbitsfoot,Bivalvia,Unionoida,Unionidae,T,E,Yes,2019
Pendleton,Toxolasma lividum,Purple Lilliput,Bivalvia,Unionoida,Unionidae,N,E,Yes,1999
Pendleton,Myotis lucifugus,Little Brown Bat,Mammalia,Chiroptera,Vespertilionidae,N,T,Yes,2013
Pendleton,Myotis sodalis,Indiana Bat,Mammalia,Chiroptera,Vespertilionidae,E,E,Yes,2023
Pendleton,Perimyotis subflavus,Tricolored Bat,Mammalia,Chiroptera,Vespertilionidae,PE,T,Yes,2013
Perry,Chrosomus cumberlandensis,Blackside Dace,Actinopterygii,Cypriniformes,Leuciscidae,T,T,Yes,2020
Perry,Etheostoma spilotum,Kentucky Arrow Darter,Actinopterygii,Perciformes,Percidae,T,T,Yes,2015
Perry,Noturus stigmosus,Northern Madtom,Actinopterygii,Siluriformes,Ictaluridae,N,S,Yes,1986
Perry,Plethodon pauleyi,Yellow-spotted Woodland Salamander,Amphibia,Caudata,Plethodontidae,N,E,Yes,2026
Perry,Accipiter striatus,Sharp-shinned Hawk,Aves,Accipitriformes,Accipitridae,N,S,Yes,1996
Perry,Haliaeetus leucocephalus,Bald Eagle,Aves,Accipitriformes,Accipitridae,N,S,Yes,2018
Perry,Pandion haliaetus,Osprey,Aves,Accipitriformes,Pandionidae,N,S,Yes,2014
Perry,Corvus corax,Common Raven,Aves,Passeriformes,Corvidae,N,T,Yes,2015
Perry,Cambarus hazardi,Brawny Crayfish,Malacostraca,Decapoda,Cambaridae,N,S,Yes,2014
Perry,Cambarus jezerinaci,Spiny Scale Crayfish,Malacostraca,Decapoda,Cambaridae,N,S,Yes,2024
Perry,Cambarus parvoculus,Mountain Midget Crayfish,Malacostraca,Decapoda,Cambaridae,N,S,Yes,2008
Perry,Cambarus taylori,Cutshin Crayfish,Malacostraca,Decapoda,Cambaridae,N,S,Yes,2024
Perry,Corynorhinus rafinesquii,Rafinesque's Big-eared Bat,Mammalia,Chiroptera,Vespertilionidae,N,S,Yes,2009
Perry,Myotis grisescens,Gray Myotis,Mammalia,Chiroptera,Vespertilionidae,E,T,Yes,2011
Perry,Myotis leibii,Eastern Small-footed Myotis,Mammalia,Chiroptera,Vespertilionidae,N,T,Yes,2017
Perry,Myotis lucifugus,Little Brown Bat,Mammalia,Chiroptera,Vespertilionidae,N,T,Yes,2014
Perry,Myotis septentrionalis,Northern Long-Eared Bat,Mammalia,Chiroptera,Vespertilionidae,E,E,Yes,2014
Perry,Perimyotis subflavus,Tricolored Bat,Mammalia,Chiroptera,Vespertilionidae,PE,T,Yes,2018
Perry,Ichthyomyzon fossor,Northern Brook Lamprey,Petromyzontida,Petromyzontiformes,Petromyzontidae,N,T,Yes,2022
Perry,Lethenteron appendix,American Brook Lamprey,Petromyzontida,Petromyzontiformes,Petromyzontidae,N,T,Yes,1986
Pike,Percina macrocephala,Longhead Darter,Actinopterygii,Perciformes,Percidae,N,E,Yes,1986
Pike,Noturus stigmosus,Northern Madtom,Actinopterygii,Siluriformes,Ictaluridae,N,S,Yes,1998
Pike,Cryptobranchus alleganiensis alleganiensis,Eastern Hellbender,Amphibia,Caudata,Cryptobranchidae,PE,S,Yes,2024
Pike,Plethodon pauleyi,Yellow-spotted Woodland Salamander,Amphibia,Caudata,Plethodontidae,N,E,Yes,2025
Pike,Accipiter striatus,Sharp-shinned Hawk,Aves,Accipitriformes,Accipitridae,N,S,Yes,1996
Pike,Circus hudsonius,Northern Harrier,Aves,Accipitriformes,Accipitridae,N,T,Yes,2006
Pike,Haliaeetus leucocephalus,Bald Eagle,Aves,Accipitriformes,Accipitridae,N,S,Yes,2022
Pike,Pandion haliaetus,Osprey,Aves,Accipitriformes,Pandionidae,N,S,Yes,2005
Pike,Actitis macularius,Spotted Sandpiper,Aves,Charadriiformes,Scolopacidae,N,E,Yes,2001
Pike,Pheucticus ludovicianus,Rose-breasted Grosbeak,Aves,Passeriformes,Cardinalidae,N,S,No,2007
Pike,Corvus corax,Common Raven,Aves,Passeriformes,Corvidae,N,T,Yes,2013
Pike,Vermivora chrysoptera,Golden-winged Warbler,Aves,Passeriformes,Parulidae,N,E,Yes,2013
Pike,Ardea alba,Great Egret,Aves,Pelecaniformes,Ardeidae,N,T,Yes,2005
Pike,Egretta caerulea,Little Blue Heron,Aves,Pelecaniformes,Ardeidae,N,E,No,2002
Pike,Asio flammeus,Short-eared Owl,Aves,Strigiformes,Strigidae,N,E,Yes,2012
Pike,Ligumia recta,Black Sandshell,Bivalvia,Unionoida,Unionidae,N,S,Yes,1991
Pike,Obovaria subrotunda,Round Hickorynut,Bivalvia,Unionoida,Unionidae,T,T,Yes,1909
Pike,Cambarus callainus,Big Sandy Crayfish,Malacostraca,Decapoda,Cambaridae,T,T,Yes,2025
Pike,Cambarus hazardi,Brawny Crayfish,Malacostraca,Decapoda,Cambaridae,N,S,Yes,1970
Pike,Cambarus theepiensis,Coalfields Crayfish,Malacostraca,Decapoda,Cambaridae,N,S,No,2025
Pike,Corynorhinus rafinesquii,Rafinesque's Big-eared Bat,Mammalia,Chiroptera,Vespertilionidae,N,S,Yes,2005
Pike,Myotis grisescens,Gray Myotis,Mammalia,Chiroptera,Vespertilionidae,E,T,Yes,2010
Pike,Myotis leibii,Eastern Small-footed Myotis,Mammalia,Chiroptera,Vespertilionidae,N,T,Yes,2025
Pike,Myotis lucifugus,Little Brown Bat,Mammalia,Chiroptera,Vespertilionidae,N,T,Yes,2013
Pike,Myotis septentrionalis,Northern Long-Eared Bat,Mammalia,Chiroptera,Vespertilionidae,E,E,Yes,2014
Pike,Myotis sodalis,Indiana Bat,Mammalia,Chiroptera,Vespertilionidae,E,E,Yes,2010
Pike,Perimyotis subflavus,Tricolored Bat,Mammalia,Chiroptera,Vespertilionidae,PE,T,Yes,2025
Pike,Ichthyomyzon fossor,Northern Brook Lamprey,Petromyzontida,Petromyzontiformes,Petromyzontidae,N,T,Yes,1986
Pike,Lethenteron appendix,American Brook Lamprey,Petromyzontida,Petromyzontiformes,Petromyzontidae,N,T,Yes,1986
Powell,Lithobates pipiens,Northern Leopard Frog,Amphibia,Anura,Ranidae,N,S,Yes,2020
Powell,Cryptobranchus alleganiensis alleganiensis,Eastern Hellbender,Amphibia,Caudata,Cryptobranchidae,PE,S,Yes,2020
Powell,Accipiter striatus,Sharp-shinned Hawk,Aves,Accipitriformes,Accipitridae,N,S,Yes,2010
Powell,Circus hudsonius,Northern Harrier,Aves,Accipitriformes,Accipitridae,N,T,Yes,1911
Powell,Haliaeetus leucocephalus,Bald Eagle,Aves,Accipitriformes,Accipitridae,N,S,Yes,2002
Powell,Actitis macularius,Spotted Sandpiper,Aves,Charadriiformes,Scolopacidae,N,E,Yes,2014
Powell,Pheucticus ludovicianus,Rose-breasted Grosbeak,Aves,Passeriformes,Cardinalidae,N,S,No,2007
Powell,Dolichonyx oryzivorus,Bobolink,Aves,Passeriformes,Icteridae,N,S,Yes,1999
Powell,Lanius ludovicianus,Loggerhead Shrike,Aves,Passeriformes,Laniidae,N,S,Yes,1911
Powell,Junco hyemalis,Dark-eyed Junco,Aves,Passeriformes,Passerellidae,N,S,No,1911
Powell,Sitta canadensis,Red-breasted Nuthatch,Aves,Passeriformes,Sittidae,N,E,No,2003
Powell,Alasmidonta marginata,Elktoe,Bivalvia,Unionoida,Unionidae,N,T,Yes,2003
Powell,Alasmidonta viridis,Slippershell Mussel,Bivalvia,Unionoida,Unionidae,N,S,Yes,2004
Powell,Cyprogenia stegaria,Fanshell,Bivalvia,Unionoida,Unionidae,E,E,Yes,1967
Powell,Epioblasma triquetra,Snuffbox,Bivalvia,Unionoida,Unionidae,E,E,Yes,2003
Powell,Fusconaia subrotunda,Longsolid,Bivalvia,Unionoida,Unionidae,T,T,Yes,1974
Powell,Lampsilis ovata,Pocketbook,Bivalvia,Unionoida,Unionidae,N,E,Yes,1966
Powell,Leaunio lienosus,Little Spectaclecase,Bivalvia,Unionoida,Unionidae,N,T,Yes,1932
Powell,Ligumia recta,Black Sandshell,Bivalvia,Unionoida,Unionidae,N,S,Yes,1967
Powell,Obovaria subrotunda,Round Hickorynut,Bivalvia,Unionoida,Unionidae,T,T,Yes,2007
Powell,Cambarus hazardi,Brawny Crayfish,Malacostraca,Decapoda,Cambaridae,N,S,Yes,2006
Powell,Spilogale putorius,Eastern Spotted Skunk,Mammalia,Carnivora,Mephitidae,N,S,Yes,2023
Powell,Corynorhinus rafinesquii,Rafinesque's Big-eared Bat,Mammalia,Chiroptera,Vespertilionidae,N,S,Yes,2025
Powell,Corynorhinus townsendii virginianus,Virginia Big-eared Bat,Mammalia,Chiroptera,Vespertilionidae,E,E,Yes,2025
Powell,Myotis leibii,Eastern Small-footed Myotis,Mammalia,Chiroptera,Vespertilionidae,N,T,Yes,2024
Powell,Myotis lucifugus,Little Brown Bat,Mammalia,Chiroptera,Vespertilionidae,N,T,Yes,2025
Powell,Myotis septentrionalis,Northern Long-Eared Bat,Mammalia,Chiroptera,Vespertilionidae,E,E,Yes,2017
Powell,Myotis sodalis,Indiana Bat,Mammalia,Chiroptera,Vespertilionidae,E,E,Yes,2004
Powell,Perimyotis subflavus,Tricolored Bat,Mammalia,Chiroptera,Vespertilionidae,PE,T,Yes,2019
Powell,Ichthyomyzon fossor,Northern Brook Lamprey,Petromyzontida,Petromyzontiformes,Petromyzontidae,N,T,Yes,2021
Powell,Lethenteron appendix,American Brook Lamprey,Petromyzontida,Petromyzontiformes,Petromyzontidae,N,T,Yes,2013
Powell,Cemophora coccinea,Scarletsnake,Reptilia,Squamata,Colubridae,N,S,Yes,1995
Powell,Pantherophis guttatus,Red Cornsnake,Reptilia,Squamata,Colubridae,N,S,Yes,2016
Powell,Plestiodon anthracinus,Coal Skink,Reptilia,Squamata,Scincidae,N,E,Yes,2025
Pulaski,Acipenser fulvescens,Lake Sturgeon,Actinopterygii,Acipenseriformes,Acipenseridae,N,E,Yes,2023
Pulaski,Chrosomus cumberlandensis,Blackside Dace,Actinopterygii,Cypriniformes,Leuciscidae,T,T,Yes,2024
Pulaski,Erimystax insignis,Blotched Chub,Actinopterygii,Cypriniformes,Leuciscidae,N,E,Yes,1986
Pulaski,Paranotropis sp. cf. spectrunculus,Sawfin Shiner,Actinopterygii,Cypriniformes,Leuciscidae,N,E,Yes,2009
Pulaski,Allohistium maydeni,Redlips Darter,Actinopterygii,Perciformes,Percidae,N,S,Yes,2018
Pulaski,Etheostoma nebra,Buck Darter,Actinopterygii,Perciformes,Percidae,N,E,Yes,2025
Pulaski,Etheostoma sagitta,Cumberland Arrow Darter,Actinopterygii,Perciformes,Percidae,N,S,Yes,2021
Pulaski,Percina squamata,Olive Darter,Actinopterygii,Perciformes,Percidae,N,E,Yes,2010
Pulaski,Typhlichthys subterraneus,Southern Cavefish,Actinopterygii,Percopsiformes,Amblyopsidae,N,S,Yes,2012
Pulaski,Cryptobranchus alleganiensis alleganiensis,Eastern Hellbender,Amphibia,Caudata,Cryptobranchidae,PE,S,Yes,2010
Pulaski,Accipiter striatus,Sharp-shinned Hawk,Aves,Accipitriformes,Accipitridae,N,S,Yes,2014
Pulaski,Circus hudsonius,Northern Harrier,Aves,Accipitriformes,Accipitridae,N,T,Yes,2014
Pulaski,Haliaeetus leucocephalus,Bald Eagle,Aves,Accipitriformes,Accipitridae,N,S,Yes,2022
Pulaski,Pandion haliaetus,Osprey,Aves,Accipitriformes,Pandionidae,N,S,Yes,2014
Pulaski,Lophodytes cucullatus,Hooded Merganser,Aves,Anseriformes,Anatidae,N,T,Yes,2014
Pulaski,Spatula clypeata,Northern Shoveler,Aves,Anseriformes,Anatidae,N,E,No,2007
Pulaski,Sternula antillarum athalassos,Interior Least Tern,Aves,Charadriiformes,Laridae,N,E,Yes,2006
Pulaski,Actitis macularius,Spotted Sandpiper,Aves,Charadriiformes,Scolopacidae,N,E,Yes,2017
Pulaski,Bartramia longicauda,Upland Sandpiper,Aves,Charadriiformes,Scolopacidae,N,H,Yes,2014
Pulaski,Falco peregrinus,Peregrine Falcon,Aves,Falconiformes,Falconidae,N,E,Yes,2013
Pulaski,Fulica americana,American Coot,Aves,Gruiformes,Rallidae,N,E,No,2007
Pulaski,Gallinula galeata,Common Gallinule,Aves,Gruiformes,Rallidae,N,T,Yes,1997
Pulaski,Pheucticus ludovicianus,Rose-breasted Grosbeak,Aves,Passeriformes,Cardinalidae,N,S,No,2007
Pulaski,Certhia americana,Brown Creeper,Aves,Passeriformes,Certhiidae,N,T,No,2006
Pulaski,Corvus corax,Common Raven,Aves,Passeriformes,Corvidae,N,T,Yes,2001
Pulaski,Riparia riparia,Bank Swallow,Aves,Passeriformes,Hirundinidae,N,S,Yes,2014
Pulaski,Dolichonyx oryzivorus,Bobolink,Aves,Passeriformes,Icteridae,N,S,Yes,2013
Pulaski,Lanius ludovicianus,Loggerhead Shrike,Aves,Passeriformes,Laniidae,N,S,Yes,2017
Pulaski,Cardellina canadensis,Canada Warbler,Aves,Passeriformes,Parulidae,N,S,Yes,2013
Pulaski,Setophaga fusca,Blackburnian Warbler,Aves,Passeriformes,Parulidae,N,T,No,2007
Pulaski,Vermivora chrysoptera,Golden-winged Warbler,Aves,Passeriformes,Parulidae,N,E,Yes,2013
Pulaski,Centronyx henslowii,Henslow's Sparrow,Aves,Passeriformes,Passerellidae,N,S,Yes,2019
Pulaski,Chondestes grammacus,Lark Sparrow,Aves,Passeriformes,Passerellidae,N,S,No,2003
Pulaski,Junco hyemalis,Dark-eyed Junco,Aves,Passeriformes,Passerellidae,N,S,No,2007
Pulaski,Passerculus sandwichensis,Savannah Sparrow,Aves,Passeriformes,Passerellidae,N,S,Yes,2014
Pulaski,Pooecetes gramineus,Vesper Sparrow,Aves,Passeriformes,Passerellidae,N,E,No,2005
Pulaski,Sitta canadensis,Red-breasted Nuthatch,Aves,Passeriformes,Sittidae,N,E,No,2007
Pulaski,Cistothorus stellaris,Sedge Wren,Aves,Passeriformes,Troglodytidae,N,S,Yes,2012
Pulaski,Thryomanes bewickii,Bewick's Wren,Aves,Passeriformes,Troglodytidae,N,H,Yes,1996
Pulaski,Empidonax minimus,Least Flycatcher,Aves,Passeriformes,Tyrannidae,N,E,Yes,2014
Pulaski,Ardea alba,Great Egret,Aves,Pelecaniformes,Ardeidae,N,T,Yes,2013
Pulaski,Botaurus lentiginosus,American Bittern,Aves,Pelecaniformes,Ardeidae,N,H,Yes,2006
Pulaski,Bubulcus ibis,Cattle Egret,Aves,Pelecaniformes,Ardeidae,N,S,No,2011
Pulaski,Egretta caerulea,Little Blue Heron,Aves,Pelecaniformes,Ardeidae,N,E,No,2008
Pulaski,Egretta thula,Snowy Egret,Aves,Pelecaniformes,Ardeidae,N,E,No,2004
Pulaski,Nycticorax nycticorax,Black-crowned Night-heron,Aves,Pelecaniformes,Ardeidae,N,T,Yes,2011
Pulaski,Podilymbus podiceps,Pied-billed Grebe,Aves,Podicipediformes,Podicipedidae,N,E,Yes,2014
Pulaski,Asio flammeus,Short-eared Owl,Aves,Strigiformes,Strigidae,N,E,Yes,2011
Pulaski,Asio otus,Long-eared Owl,Aves,Strigiformes,Strigidae,N,E,Yes,2000
Pulaski,Tyto furcata,American Barn Owl,Aves,Strigiformes,Tytonidae,N,S,Yes,2022
Pulaski,Phalacrocorax auritus,Double-crested Cormorant,Aves,Suliformes,Phalacrocoracidae,N,S,No,2007
Pulaski,Cumberlandia monodonta,Spectaclecase,Bivalvia,Unionoida,Margaritiferidae,E,E,Yes,1911
Pulaski,Actinonaias pectorosa,Pheasantshell,Bivalvia,Unionoida,Unionidae,N,S,Yes,2023
Pulaski,Alasmidonta atropurpurea,Cumberland Elktoe,Bivalvia,Unionoida,Unionidae,E,E,Yes,1988
Pulaski,Alasmidonta marginata,Elktoe,Bivalvia,Unionoida,Unionidae,N,T,Yes,1911
Pulaski,Alasmidonta viridis,Slippershell Mussel,Bivalvia,Unionoida,Unionidae,N,S,Yes,1984
Pulaski,Cambarunio taeniatus,Painted Creekshell,Bivalvia,Unionoida,Unionidae,N,S,Yes,2023
Pulaski,Dromus dromas,Dromedary Pearlymussel,Bivalvia,Unionoida,Unionidae,E,E,Yes,1933
Pulaski,Elliptio crassidens,Elephantear,Bivalvia,Unionoida,Unionidae,N,S,Yes,1999
Pulaski,Epioblasma brevidens,Cumberlandian Combshell,Bivalvia,Unionoida,Unionidae,E,E,Yes,2020
Pulaski,Epioblasma capsaeformis,Oyster Mussel,Bivalvia,Unionoida,Unionidae,E,E,Yes,2020
Pulaski,Epioblasma triquetra,Snuffbox,Bivalvia,Unionoida,Unionidae,E,E,Yes,2020
Pulaski,Epioblasma walkeri,Tan Riffleshell,Bivalvia,Unionoida,Unionidae,E,E,Yes,1924
Pulaski,Fusconaia subrotunda,Longsolid,Bivalvia,Unionoida,Unionidae,T,T,Yes,1984
Pulaski,Lampsilis ovata,Pocketbook,Bivalvia,Unionoida,Unionidae,N,E,Yes,2020
Pulaski,Leaunio lienosus,Little Spectaclecase,Bivalvia,Unionoida,Unionidae,N,T,Yes,1983
Pulaski,Leaunio vanuxemensis,Mountain Creekshell,Bivalvia,Unionoida,Unionidae,N,E,Yes,1980
Pulaski,Ligumia recta,Black Sandshell,Bivalvia,Unionoida,Unionidae,N,S,Yes,2010
Pulaski,Medionidus conradicus,Cumberland Moccasinshell,Bivalvia,Unionoida,Unionidae,N,E,Yes,2005
Pulaski,Obovaria subrotunda,Round Hickorynut,Bivalvia,Unionoida,Unionidae,T,T,Yes,2020
Pulaski,Pegias fabula,Littlewing Pearlymussel,Bivalvia,Unionoida,Unionidae,E,E,Yes,1985
Pulaski,Plethobasus cooperianus,Orangefoot Pimpleback,Bivalvia,Unionoida,Unionidae,E,E,Yes,1982
Pulaski,Plethobasus cyphyus,Sheepnose,Bivalvia,Unionoida,Unionidae,E,E,Yes,1984
Pulaski,Pleurobema clava,Clubshell,Bivalvia,Unionoida,Unionidae,E,E,Yes,1998
Pulaski,Pleurobema oviforme,Tennessee Clubshell,Bivalvia,Unionoida,Unionidae,N,E,Yes,2020
Pulaski,Pleurobema rubrum,Pyramid Pigtoe,Bivalvia,Unionoida,Unionidae,PT,E,Yes,1924
Pulaski,Ptychobranchus subtentus,Fluted Kidneyshell,Bivalvia,Unionoida,Unionidae,E,E,Yes,2020
Pulaski,Theliderma cylindrica,Rabbitsfoot,Bivalvia,Unionoida,Unionidae,T,E,Yes,2020
Pulaski,Toxolasma lividum,Purple Lilliput,Bivalvia,Unionoida,Unionidae,N,E,Yes,2020
Pulaski,Venustaconcha troostensis,Cumberland Bean,Bivalvia,Unionoida,Unionidae,E,E,Yes,2020
Pulaski,Cambarus Deweesae,Valley Flame Crayfish,Malacostraca,Decapoda,Cambaridae,N,S,Yes,2024
Pulaski,Orconectes packardi,Appalachian Cave Crayfish,Malacostraca,Decapoda,Cambaridae,N,T,Yes,2023
Pulaski,Spilogale putorius,Eastern Spotted Skunk,Mammalia,Carnivora,Mephitidae,N,S,Yes,2004
Pulaski,Corynorhinus rafinesquii,Rafinesque's Big-eared Bat,Mammalia,Chiroptera,Vespertilionidae,N,S,Yes,2026
Pulaski,Corynorhinus townsendii virginianus,Virginia Big-eared Bat,Mammalia,Chiroptera,Vespertilionidae,E,E,Yes,2016
Pulaski,Myotis grisescens,Gray Myotis,Mammalia,Chiroptera,Vespertilionidae,E,T,Yes,2025
Pulaski,Myotis leibii,Eastern Small-footed Myotis,Mammalia,Chiroptera,Vespertilionidae,N,T,Yes,2024
Pulaski,Myotis lucifugus,Little Brown Bat,Mammalia,Chiroptera,Vespertilionidae,N,T,Yes,2026
Pulaski,Myotis septentrionalis,Northern Long-Eared Bat,Mammalia,Chiroptera,Vespertilionidae,E,E,Yes,2020
Pulaski,Myotis sodalis,Indiana Bat,Mammalia,Chiroptera,Vespertilionidae,E,E,Yes,2026
Pulaski,Perimyotis subflavus,Tricolored Bat,Mammalia,Chiroptera,Vespertilionidae,PE,T,Yes,2026
Pulaski,Ichthyomyzon greeleyi,Mountain Brook Lamprey,Petromyzontida,Petromyzontiformes,Petromyzontidae,N,T,Yes,2013
Pulaski,Ophisaurus attenuatus longicaudus,Eastern Slender Glass Lizard,Reptilia,Squamata,Anguidae,N,T,Yes,1965
Pulaski,Cemophora coccinea,Scarletsnake,Reptilia,Squamata,Colubridae,N,S,Yes,1956
Pulaski,Plestiodon anthracinus,Coal Skink,Reptilia,Squamata,Scincidae,N,E,Yes,2016
Pulaski,Plestiodon inexpectatus,Southeastern Five-lined Skink,Reptilia,Squamata,Scincidae,N,S,Yes,1987
Robertson,Lota lota,Burbot,Actinopterygii,Gadiformes,Gadidae,N,S,Yes,1967
Robertson,Cryptobranchus alleganiensis alleganiensis,Eastern Hellbender,Amphibia,Caudata,Cryptobranchidae,PE,S,Yes,2016
Robertson,Accipiter striatus,Sharp-shinned Hawk,Aves,Accipitriformes,Accipitridae,N,S,Yes,2001
Robertson,Pandion haliaetus,Osprey,Aves,Accipitriformes,Pandionidae,N,S,Yes,2001
Robertson,Certhia americana,Brown Creeper,Aves,Passeriformes,Certhiidae,N,T,No,2001
Robertson,Centronyx henslowii,Henslow's Sparrow,Aves,Passeriformes,Passerellidae,N,S,Yes,1996
Robertson,Tyto furcata,American Barn Owl,Aves,Strigiformes,Tytonidae,N,S,Yes,2021
Robertson,Alasmidonta marginata,Elktoe,Bivalvia,Unionoida,Unionidae,N,T,Yes,2016
Robertson,Cyprogenia stegaria,Fanshell,Bivalvia,Unionoida,Unionidae,E,E,Yes,2016
Robertson,Elliptio crassidens,Elephantear,Bivalvia,Unionoida,Unionidae,N,S,Yes,1991
Robertson,Fusconaia subrotunda,Longsolid,Bivalvia,Unionoida,Unionidae,T,T,Yes,2007
Robertson,Lampsilis ovata,Pocketbook,Bivalvia,Unionoida,Unionidae,N,E,Yes,2016
Robertson,Ligumia recta,Black Sandshell,Bivalvia,Unionoida,Unionidae,N,S,Yes,2016
Robertson,Obovaria subrotunda,Round Hickorynut,Bivalvia,Unionoida,Unionidae,T,T,Yes,1991
Robertson,Pleurobema clava,Clubshell,Bivalvia,Unionoida,Unionidae,E,E,Yes,1984
Robertson,Simpsonaias ambigua,Salamander Mussel,Bivalvia,Unionoida,Unionidae,N,T,Yes,2016
Robertson,Mustela nivalis,Least Weasel,Mammalia,Carnivora,Mustelidae,N,S,Yes,2024
Robertson,Perimyotis subflavus,Tricolored Bat,Mammalia,Chiroptera,Vespertilionidae,PE,T,Yes,2003
Rockcastle,Phenacobius uranops,Stargazing Minnow,Actinopterygii,Cypriniformes,Leuciscidae,N,S,Yes,1986
Rockcastle,Allohistium maydeni,Redlips Darter,Actinopterygii,Perciformes,Percidae,N,S,Yes,2016
Rockcastle,Etheostoma nebra,Buck Darter,Actinopterygii,Perciformes,Percidae,N,E,Yes,1979
Rockcastle,Percina squamata,Olive Darter,Actinopterygii,Perciformes,Percidae,N,E,Yes,1996
Rockcastle,Cryptobranchus alleganiensis alleganiensis,Eastern Hellbender,Amphibia,Caudata,Cryptobranchidae,PE,S,Yes,2012
Rockcastle,Accipiter striatus,Sharp-shinned Hawk,Aves,Accipitriformes,Accipitridae,N,S,Yes,2013
Rockcastle,Circus hudsonius,Northern Harrier,Aves,Accipitriformes,Accipitridae,N,T,Yes,2013
Rockcastle,Haliaeetus leucocephalus,Bald Eagle,Aves,Accipitriformes,Accipitridae,N,S,Yes,2025
Rockcastle,Pandion haliaetus,Osprey,Aves,Accipitriformes,Pandionidae,N,S,Yes,2012
Rockcastle,Lophodytes cucullatus,Hooded Merganser,Aves,Anseriformes,Anatidae,N,T,Yes,2014
Rockcastle,Actitis macularius,Spotted Sandpiper,Aves,Charadriiformes,Scolopacidae,N,E,Yes,2004
Rockcastle,Fulica americana,American Coot,Aves,Gruiformes,Rallidae,N,E,No,2007
Rockcastle,Riparia riparia,Bank Swallow,Aves,Passeriformes,Hirundinidae,N,S,Yes,2007
Rockcastle,Lanius ludovicianus,Loggerhead Shrike,Aves,Passeriformes,Laniidae,N,S,Yes,2013
Rockcastle,Centronyx henslowii,Henslow's Sparrow,Aves,Passeriformes,Passerellidae,N,S,Yes,1996
Rockcastle,Cistothorus stellaris,Sedge Wren,Aves,Passeriformes,Troglodytidae,N,S,Yes,2012
Rockcastle,Ardea alba,Great Egret,Aves,Pelecaniformes,Ardeidae,N,T,Yes,2005
Rockcastle,Bubulcus ibis,Cattle Egret,Aves,Pelecaniformes,Ardeidae,N,S,No,1996
Rockcastle,Podilymbus podiceps,Pied-billed Grebe,Aves,Podicipediformes,Podicipedidae,N,E,Yes,2014
Rockcastle,Tyto furcata,American Barn Owl,Aves,Strigiformes,Tytonidae,N,S,Yes,2010
Rockcastle,Actinonaias pectorosa,Pheasantshell,Bivalvia,Unionoida,Unionidae,N,S,Yes,2025
Rockcastle,Alasmidonta atropurpurea,Cumberland Elktoe,Bivalvia,Unionoida,Unionidae,E,E,Yes,1985
Rockcastle,Alasmidonta marginata,Elktoe,Bivalvia,Unionoida,Unionidae,N,T,Yes,1993
Rockcastle,Alasmidonta viridis,Slippershell Mussel,Bivalvia,Unionoida,Unionidae,N,S,Yes,1992
Rockcastle,Cambarunio taeniatus,Painted Creekshell,Bivalvia,Unionoida,Unionidae,N,S,Yes,2025
Rockcastle,Elliptio crassidens,Elephantear,Bivalvia,Unionoida,Unionidae,N,S,Yes,1986
Rockcastle,Fusconaia subrotunda,Longsolid,Bivalvia,Unionoida,Unionidae,T,T,Yes,1970
Rockcastle,Lampsilis ovata,Pocketbook,Bivalvia,Unionoida,Unionidae,N,E,Yes,1970
Rockcastle,Leaunio lienosus,Little Spectaclecase,Bivalvia,Unionoida,Unionidae,N,T,Yes,1986
Rockcastle,Ligumia recta,Black Sandshell,Bivalvia,Unionoida,Unionidae,N,S,Yes,2025
Rockcastle,Medionidus conradicus,Cumberland Moccasinshell,Bivalvia,Unionoida,Unionidae,N,E,Yes,2003
Rockcastle,Obovaria subrotunda,Round Hickorynut,Bivalvia,Unionoida,Unionidae,T,T,Yes,1999
Rockcastle,Pegias fabula,Littlewing Pearlymussel,Bivalvia,Unionoida,Unionidae,E,E,Yes,1993
Rockcastle,Pleurobema oviforme,Tennessee Clubshell,Bivalvia,Unionoida,Unionidae,N,E,Yes,2019
Rockcastle,Ptychobranchus subtentus,Fluted Kidneyshell,Bivalvia,Unionoida,Unionidae,E,E,Yes,1993
Rockcastle,Theliderma cylindrica,Rabbitsfoot,Bivalvia,Unionoida,Unionidae,T,E,Yes,1911
Rockcastle,Toxolasma lividum,Purple Lilliput,Bivalvia,Unionoida,Unionidae,N,E,Yes,2003
Rockcastle,Venustaconcha troostensis,Cumberland Bean,Bivalvia,Unionoida,Unionidae,E,E,Yes,2023
Rockcastle,Cambarus deweesae,Valley Flame Crayfish,Malacostraca,Decapoda,Cambaridae,N,S,Yes,2024
Rockcastle,Cambarus hazardi,Brawny Crayfish,Malacostraca,Decapoda,Cambaridae,N,S,Yes,1968
Rockcastle,Orconectes packardi,Appalachian Cave Crayfish,Malacostraca,Decapoda,Cambaridae,N,T,Yes,2014
Rockcastle,Corynorhinus rafinesquii,Rafinesque's Big-eared Bat,Mammalia,Chiroptera,Vespertilionidae,N,S,Yes,2026
Rockcastle,Corynorhinus townsendii virginianus,Virginia Big-eared Bat,Mammalia,Chiroptera,Vespertilionidae,E,E,Yes,2026
Rockcastle,Myotis grisescens,Gray Myotis,Mammalia,Chiroptera,Vespertilionidae,E,T,Yes,2014
Rockcastle,Myotis leibii,Eastern Small-footed Myotis,Mammalia,Chiroptera,Vespertilionidae,N,T,Yes,2022
Rockcastle,Myotis lucifugus,Little Brown Bat,Mammalia,Chiroptera,Vespertilionidae,N,T,Yes,2026
Rockcastle,Myotis septentrionalis,Northern Long-Eared Bat,Mammalia,Chiroptera,Vespertilionidae,E,E,Yes,2024
Rockcastle,Myotis sodalis,Indiana Bat,Mammalia,Chiroptera,Vespertilionidae,E,E,Yes,2026
Rockcastle,Perimyotis subflavus,Tricolored Bat,Mammalia,Chiroptera,Vespertilionidae,PE,T,Yes,2026
Rockcastle,Ichthyomyzon greeleyi,Mountain Brook Lamprey,Petromyzontida,Petromyzontiformes,Petromyzontidae,N,T,Yes,2023
Rockcastle,Plestiodon anthracinus,Coal Skink,Reptilia,Squamata,Scincidae,N,E,Yes,2015
Rowan,Ictiobus niger,Black Buffalo,Actinopterygii,Cypriniformes,Catostomidae,N,S,Yes,2018
Rowan,Percopsis omiscomaycus,Trout-Perch,Actinopterygii,Percopsiformes,Percopsidae,N,S,Yes,1986
Rowan,Noturus stigmosus,Northern Madtom,Actinopterygii,Siluriformes,Ictaluridae,N,S,Yes,2016
Rowan,Cryptobranchus alleganiensis alleganiensis,Eastern Hellbender,Amphibia,Caudata,Cryptobranchidae,PE,S,Yes,2025
Rowan,Accipiter striatus,Sharp-shinned Hawk,Aves,Accipitriformes,Accipitridae,N,S,Yes,2014
Rowan,Circus hudsonius,Northern Harrier,Aves,Accipitriformes,Accipitridae,N,T,Yes,2014
Rowan,Haliaeetus leucocephalus,Bald Eagle,Aves,Accipitriformes,Accipitridae,N,S,Yes,2016
Rowan,Pandion haliaetus,Osprey,Aves,Accipitriformes,Pandionidae,N,S,Yes,2014
Rowan,Lophodytes cucullatus,Hooded Merganser,Aves,Anseriformes,Anatidae,N,T,Yes,2014
Rowan,Spatula clypeata,Northern Shoveler,Aves,Anseriformes,Anatidae,N,E,No,2003
Rowan,Spatula discors,Blue-winged Teal,Aves,Anseriformes,Anatidae,N,T,No,2006
Rowan,Sternula antillarum athalassos,Interior Least Tern,Aves,Charadriiformes,Laridae,N,E,Yes,1985
Rowan,Actitis macularius,Spotted Sandpiper,Aves,Charadriiformes,Scolopacidae,N,E,Yes,2015
Rowan,Bartramia longicauda,Upland Sandpiper,Aves,Charadriiformes,Scolopacidae,N,H,Yes,2006
Rowan,Falco peregrinus,Peregrine Falcon,Aves,Falconiformes,Falconidae,N,E,Yes,2013
Rowan,Fulica americana,American Coot,Aves,Gruiformes,Rallidae,N,E,No,2003
Rowan,Gallinula galeata,Common Gallinule,Aves,Gruiformes,Rallidae,N,T,Yes,2001
Rowan,Pheucticus ludovicianus,Rose-breasted Grosbeak,Aves,Passeriformes,Cardinalidae,N,S,No,2004
Rowan,Certhia americana,Brown Creeper,Aves,Passeriformes,Certhiidae,N,T,No,2010
Rowan,Riparia riparia,Bank Swallow,Aves,Passeriformes,Hirundinidae,N,S,Yes,2014
Rowan,Dolichonyx oryzivorus,Bobolink,Aves,Passeriformes,Icteridae,N,S,Yes,2014
Rowan,Cardellina canadensis,Canada Warbler,Aves,Passeriformes,Parulidae,N,S,Yes,2011
Rowan,Setophaga fusca,Blackburnian Warbler,Aves,Passeriformes,Parulidae,N,T,No,2010
Rowan,Vermivora chrysoptera,Golden-winged Warbler,Aves,Passeriformes,Parulidae,N,E,Yes,2011
Rowan,Junco hyemalis,Dark-eyed Junco,Aves,Passeriformes,Passerellidae,N,S,No,2010
Rowan,Passerculus sandwichensis,Savannah Sparrow,Aves,Passeriformes,Passerellidae,N,S,Yes,2014
Rowan,Cistothorus stellaris,Sedge Wren,Aves,Passeriformes,Troglodytidae,N,S,Yes,2012
Rowan,Thryomanes bewickii,Bewick's Wren,Aves,Passeriformes,Troglodytidae,N,H,Yes,2000
Rowan,Empidonax minimus,Least Flycatcher,Aves,Passeriformes,Tyrannidae,N,E,Yes,2011
Rowan,Ardea alba,Great Egret,Aves,Pelecaniformes,Ardeidae,N,T,Yes,2014
Rowan,Botaurus lentiginosus,American Bittern,Aves,Pelecaniformes,Ardeidae,N,H,Yes,2013
Rowan,Bubulcus ibis,Cattle Egret,Aves,Pelecaniformes,Ardeidae,N,S,No,2003
Rowan,Egretta caerulea,Little Blue Heron,Aves,Pelecaniformes,Ardeidae,N,E,No,2005
Rowan,Nycticorax nycticorax,Black-crowned Night-heron,Aves,Pelecaniformes,Ardeidae,N,T,Yes,2013
Rowan,Podilymbus podiceps,Pied-billed Grebe,Aves,Podicipediformes,Podicipedidae,N,E,Yes,2014
Rowan,Tyto furcata,American Barn Owl,Aves,Strigiformes,Tytonidae,N,S,Yes,2022
Rowan,Phalacrocorax auritus,Double-crested Cormorant,Aves,Suliformes,Phalacrocoracidae,N,S,No,2003
Rowan,Alasmidonta viridis,Slippershell Mussel,Bivalvia,Unionoida,Unionidae,N,S,Yes,1991
Rowan,Epioblasma triquetra,Snuffbox,Bivalvia,Unionoida,Unionidae,E,E,Yes,1991
Rowan,Fusconaia subrotunda,Longsolid,Bivalvia,Unionoida,Unionidae,T,T,Yes,1989
Rowan,Lampsilis abrupta,Pink Mucket,Bivalvia,Unionoida,Unionidae,E,E,Yes,1994
Rowan,Lampsilis ovata,Pocketbook,Bivalvia,Unionoida,Unionidae,N,E,Yes,1969
Rowan,Obovaria subrotunda,Round Hickorynut,Bivalvia,Unionoida,Unionidae,T,T,Yes,1991
Rowan,Cambarus hazardi,Brawny Crayfish,Malacostraca,Decapoda,Cambaridae,N,S,Yes,1978
Rowan,Spilogale putorius,Eastern Spotted Skunk,Mammalia,Carnivora,Mephitidae,N,S,Yes,2009
Rowan,Mustela nivalis,Least Weasel,Mammalia,Carnivora,Mustelidae,N,S,Yes,1995
Rowan,Corynorhinus rafinesquii,Rafinesque's Big-eared Bat,Mammalia,Chiroptera,Vespertilionidae,N,S,Yes,2008
Rowan,Corynorhinus townsendii virginianus,Virginia Big-eared Bat,Mammalia,Chiroptera,Vespertilionidae,E,E,Yes,1992
Rowan,Myotis grisescens,Gray Myotis,Mammalia,Chiroptera,Vespertilionidae,E,T,Yes,2005
Rowan,Myotis leibii,Eastern Small-footed Myotis,Mammalia,Chiroptera,Vespertilionidae,N,T,Yes,2002
Rowan,Myotis lucifugus,Little Brown Bat,Mammalia,Chiroptera,Vespertilionidae,N,T,Yes,2008
Rowan,Myotis septentrionalis,Northern Long-Eared Bat,Mammalia,Chiroptera,Vespertilionidae,E,E,Yes,2013
Rowan,Myotis sodalis,Indiana Bat,Mammalia,Chiroptera,Vespertilionidae,E,E,Yes,2009
Rowan,Perimyotis subflavus,Tricolored Bat,Mammalia,Chiroptera,Vespertilionidae,PE,T,Yes,2021
Rowan,Ichthyomyzon fossor,Northern Brook Lamprey,Petromyzontida,Petromyzontiformes,Petromyzontidae,N,T,Yes,2000
Rowan,Cemophora coccinea,Scarletsnake,Reptilia,Squamata,Colubridae,N,S,Yes,1983
Rowan,Lampropeltis elapsoides,Scarlet Kingsnake,Reptilia,Squamata,Colubridae,N,E,Yes,1938
Rowan,Thamnophis saurita saurita,Eastern Ribbonsnake,Reptilia,Squamata,Colubridae,N,S,Yes,1949
Russell,Acipenser fulvescens,Lake Sturgeon,Actinopterygii,Acipenseriformes,Acipenseridae,N,E,Yes,2023
Russell,Cryptobranchus alleganiensis alleganiensis,Eastern Hellbender,Amphibia,Caudata,Cryptobranchidae,PE,S,Yes,2010
Russell,Accipiter striatus,Sharp-shinned Hawk,Aves,Accipitriformes,Accipitridae,N,S,Yes,2010
Russell,Circus hudsonius,Northern Harrier,Aves,Accipitriformes,Accipitridae,N,T,Yes,2013
Russell,Haliaeetus leucocephalus,Bald Eagle,Aves,Accipitriformes,Accipitridae,N,S,Yes,2022
Russell,Pandion haliaetus,Osprey,Aves,Accipitriformes,Pandionidae,N,S,Yes,2013
Russell,Lophodytes cucullatus,Hooded Merganser,Aves,Anseriformes,Anatidae,N,T,Yes,2014
Russell,Actitis macularius,Spotted Sandpiper,Aves,Charadriiformes,Scolopacidae,N,E,Yes,2014
Russell,Dolichonyx oryzivorus,Bobolink,Aves,Passeriformes,Icteridae,N,S,Yes,2008
Russell,Lanius ludovicianus,Loggerhead Shrike,Aves,Passeriformes,Laniidae,N,S,Yes,2015
Russell,Cardellina canadensis,Canada Warbler,Aves,Passeriformes,Parulidae,N,S,Yes,2002
Russell,Vermivora chrysoptera,Golden-winged Warbler,Aves,Passeriformes,Parulidae,N,E,Yes,2005
Russell,Junco hyemalis,Dark-eyed Junco,Aves,Passeriformes,Passerellidae,N,S,No,2005
Russell,Passerculus sandwichensis,Savannah Sparrow,Aves,Passeriformes,Passerellidae,N,S,Yes,2014
Russell,Sitta canadensis,Red-breasted Nuthatch,Aves,Passeriformes,Sittidae,N,E,No,2006
Russell,Sitta pusilla,Brown-headed Nuthatch,Aves,Passeriformes,Sittidae,N,E,No,1999
Russell,Ardea alba,Great Egret,Aves,Pelecaniformes,Ardeidae,N,T,Yes,2010
Russell,Bubulcus ibis,Cattle Egret,Aves,Pelecaniformes,Ardeidae,N,S,No,2005
Russell,Podilymbus podiceps,Pied-billed Grebe,Aves,Podicipediformes,Podicipedidae,N,E,Yes,2014
Russell,Tyto furcata,American Barn Owl,Aves,Strigiformes,Tytonidae,N,S,Yes,2022
Russell,Phalacrocorax auritus,Double-crested Cormorant,Aves,Suliformes,Phalacrocoracidae,N,S,No,2003
Russell,Cumberlandia monodonta,Spectaclecase,Bivalvia,Unionoida,Margaritiferidae,E,E,Yes,1947
Russell,Actinonaias pectorosa,Pheasantshell,Bivalvia,Unionoida,Unionidae,N,S,Yes,1982
Russell,Alasmidonta marginata,Elktoe,Bivalvia,Unionoida,Unionidae,N,T,Yes,1982
Russell,Cambarunio taeniatus,Painted Creekshell,Bivalvia,Unionoida,Unionidae,N,S,Yes,1947
Russell,Cyprogenia stegaria,Fanshell,Bivalvia,Unionoida,Unionidae,E,E,Yes,1997
Russell,Dromus dromas,Dromedary Pearlymussel,Bivalvia,Unionoida,Unionidae,E,E,Yes,1997
Russell,Elliptio crassidens,Elephantear,Bivalvia,Unionoida,Unionidae,N,S,Yes,1982
Russell,Epioblasma brevidens,Cumberlandian Combshell,Bivalvia,Unionoida,Unionidae,E,E,Yes,2023
Russell,Epioblasma capsaeformis,Oyster Mussel,Bivalvia,Unionoida,Unionidae,E,E,Yes,1948
Russell,Epioblasma obliquata,Catspaw,Bivalvia,Unionoida,Unionidae,E,E,Yes,1982
Russell,Epioblasma triquetra,Snuffbox,Bivalvia,Unionoida,Unionidae,E,E,Yes,2023
Russell,Epioblasma walkeri,Tan Riffleshell,Bivalvia,Unionoida,Unionidae,E,E,Yes,1947
Russell,Fusconaia subrotunda,Longsolid,Bivalvia,Unionoida,Unionidae,T,T,Yes,1982
Russell,Lampsilis abrupta,Pink Mucket,Bivalvia,Unionoida,Unionidae,E,E,Yes,1982
Russell,Lampsilis ovata,Pocketbook,Bivalvia,Unionoida,Unionidae,N,E,Yes,1982
Russell,Leaunio lienosus,Little Spectaclecase,Bivalvia,Unionoida,Unionidae,N,T,Yes,1948
Russell,Ligumia recta,Black Sandshell,Bivalvia,Unionoida,Unionidae,N,S,Yes,1982
Russell,Medionidus conradicus,Cumberland Moccasinshell,Bivalvia,Unionoida,Unionidae,N,E,Yes,1947
Russell,Obovaria retusa,Ring Pink,Bivalvia,Unionoida,Unionidae,E,E,Yes,1997
Russell,Obovaria subrotunda,Round Hickorynut,Bivalvia,Unionoida,Unionidae,T,T,Yes,2023
Russell,Plethobasus cooperianus,Orangefoot Pimpleback,Bivalvia,Unionoida,Unionidae,E,E,Yes,1997
Russell,Plethobasus cyphyus,Sheepnose,Bivalvia,Unionoida,Unionidae,E,E,Yes,1982
Russell,Pleurobema oviforme,Tennessee Clubshell,Bivalvia,Unionoida,Unionidae,N,E,Yes,1947
Russell,Pleurobema plenum,Rough Pigtoe,Bivalvia,Unionoida,Unionidae,E,E,Yes,1947
Russell,Pleurobema rubrum,Pyramid Pigtoe,Bivalvia,Unionoida,Unionidae,PT,E,Yes,1982
Russell,Theliderma cylindrica,Rabbitsfoot,Bivalvia,Unionoida,Unionidae,T,E,Yes,1947
Russell,Toxolasma lividum,Purple Lilliput,Bivalvia,Unionoida,Unionidae,N,E,Yes,1949
Russell,Venustaconcha troostensis,Cumberland Bean,Bivalvia,Unionoida,Unionidae,E,E,Yes,1982
Russell,Cambarus Deweesae,Valley Flame Crayfish,Malacostraca,Decapoda,Cambaridae,N,S,Yes,2024
Russell,Faxonius durelli,Saddle Crayfish,Malacostraca,Decapoda,Cambaridae,N,S,No,2014
Russell,Corynorhinus rafinesquii,Rafinesque's Big-eared Bat,Mammalia,Chiroptera,Vespertilionidae,N,S,Yes,2014
Russell,Myotis leibii,Eastern Small-footed Myotis,Mammalia,Chiroptera,Vespertilionidae,N,T,Yes,2014
Russell,Myotis lucifugus,Little Brown Bat,Mammalia,Chiroptera,Vespertilionidae,N,T,Yes,2014
Russell,Myotis septentrionalis,Northern Long-Eared Bat,Mammalia,Chiroptera,Vespertilionidae,E,E,Yes,2014
Russell,Perimyotis subflavus,Tricolored Bat,Mammalia,Chiroptera,Vespertilionidae,PE,T,Yes,2014
Scott,Nocomis biguttatus,Hornyhead Chub,Actinopterygii,Cypriniformes,Leuciscidae,N,S,Yes,1986
Scott,Lithobates pipiens,Northern Leopard Frog,Amphibia,Anura,Ranidae,N,S,Yes,2014
Scott,Accipiter striatus,Sharp-shinned Hawk,Aves,Accipitriformes,Accipitridae,N,S,Yes,2009
Scott,Circus hudsonius,Northern Harrier,Aves,Accipitriformes,Accipitridae,N,T,Yes,2012
Scott,Haliaeetus leucocephalus,Bald Eagle,Aves,Accipitriformes,Accipitridae,N,S,Yes,2021
Scott,Ictinia mississippiensis,Mississippi Kite,Aves,Accipitriformes,Accipitridae,N,S,No,2007
Scott,Pandion haliaetus,Osprey,Aves,Accipitriformes,Pandionidae,N,S,Yes,2013
Scott,Dolichonyx oryzivorus,Bobolink,Aves,Passeriformes,Icteridae,N,S,Yes,2011
Scott,Lanius ludovicianus,Loggerhead Shrike,Aves,Passeriformes,Laniidae,N,S,Yes,2013
Scott,Cardellina canadensis,Canada Warbler,Aves,Passeriformes,Parulidae,N,S,Yes,2012
Scott,Vermivora chrysoptera,Golden-winged Warbler,Aves,Passeriformes,Parulidae,N,E,Yes,2009
Scott,Centronyx henslowii,Henslow's Sparrow,Aves,Passeriformes,Passerellidae,N,S,Yes,1996
Scott,Passerculus sandwichensis,Savannah Sparrow,Aves,Passeriformes,Passerellidae,N,S,Yes,2012
Scott,Thryomanes bewickii,Bewick's Wren,Aves,Passeriformes,Troglodytidae,N,H,Yes,2005
Scott,Empidonax minimus,Least Flycatcher,Aves,Passeriformes,Tyrannidae,N,E,Yes,2012
Scott,Podilymbus podiceps,Pied-billed Grebe,Aves,Podicipediformes,Podicipedidae,N,E,Yes,2014
Scott,Asio flammeus,Short-eared Owl,Aves,Strigiformes,Strigidae,N,E,Yes,2013
Scott,Tyto furcata,American Barn Owl,Aves,Strigiformes,Tytonidae,N,S,Yes,2022
Scott,Alasmidonta atropurpurea,Cumberland Elktoe,Bivalvia,Unionoida,Unionidae,E,E,Yes,1987
Scott,Alasmidonta marginata,Elktoe,Bivalvia,Unionoida,Unionidae,N,T,Yes,2024
Scott,Alasmidonta viridis,Slippershell Mussel,Bivalvia,Unionoida,Unionidae,N,S,Yes,2022
Scott,Cambarunio taeniatus,Painted Creekshell,Bivalvia,Unionoida,Unionidae,N,S,Yes,1987
Scott,Ligumia recta,Black Sandshell,Bivalvia,Unionoida,Unionidae,N,S,Yes,1987
Scott,Myotis grisescens,Gray Myotis,Mammalia,Chiroptera,Vespertilionidae,E,T,Yes,2025
Scott,Myotis lucifugus,Little Brown Bat,Mammalia,Chiroptera,Vespertilionidae,N,T,Yes,2019
Scott,Myotis septentrionalis,Northern Long-Eared Bat,Mammalia,Chiroptera,Vespertilionidae,E,E,Yes,2019
Scott,Myotis sodalis,Indiana Bat,Mammalia,Chiroptera,Vespertilionidae,E,E,Yes,2025
Scott,Perimyotis subflavus,Tricolored Bat,Mammalia,Chiroptera,Vespertilionidae,PE,T,Yes,2013
Shelby,Percopsis omiscomaycus,Trout-Perch,Actinopterygii,Percopsiformes,Percopsidae,N,S,Yes,1955
Shelby,Lithobates pipiens,Northern Leopard Frog,Amphibia,Anura,Ranidae,N,S,Yes,1972
Shelby,Accipiter striatus,Sharp-shinned Hawk,Aves,Accipitriformes,Accipitridae,N,S,Yes,2014
Shelby,Circus hudsonius,Northern Harrier,Aves,Accipitriformes,Accipitridae,N,T,Yes,2013
Shelby,Haliaeetus leucocephalus,Bald Eagle,Aves,Accipitriformes,Accipitridae,N,S,Yes,2021
Shelby,Pandion haliaetus,Osprey,Aves,Accipitriformes,Pandionidae,N,S,Yes,2014
Shelby,Lophodytes cucullatus,Hooded Merganser,Aves,Anseriformes,Anatidae,N,T,Yes,2014
Shelby,Actitis macularius,Spotted Sandpiper,Aves,Charadriiformes,Scolopacidae,N,E,Yes,2014
Shelby,Falco peregrinus,Peregrine Falcon,Aves,Falconiformes,Falconidae,N,E,Yes,2013
Shelby,Dolichonyx oryzivorus,Bobolink,Aves,Passeriformes,Icteridae,N,S,Yes,2007
Shelby,Lanius ludovicianus,Loggerhead Shrike,Aves,Passeriformes,Laniidae,N,S,Yes,2013
Shelby,Chondestes grammacus,Lark Sparrow,Aves,Passeriformes,Passerellidae,N,S,No,1984
Shelby,Passerculus sandwichensis,Savannah Sparrow,Aves,Passeriformes,Passerellidae,N,S,Yes,2014
Shelby,Empidonax minimus,Least Flycatcher,Aves,Passeriformes,Tyrannidae,N,E,Yes,2013
Shelby,Ardea alba,Great Egret,Aves,Pelecaniformes,Ardeidae,N,T,Yes,2013
Shelby,Nycticorax nycticorax,Black-crowned Night-heron,Aves,Pelecaniformes,Ardeidae,N,T,Yes,2014
Shelby,Podilymbus podiceps,Pied-billed Grebe,Aves,Podicipediformes,Podicipedidae,N,E,Yes,2014
Shelby,Asio flammeus,Short-eared Owl,Aves,Strigiformes,Strigidae,N,E,Yes,2017
Shelby,Asio otus,Long-eared Owl,Aves,Strigiformes,Strigidae,N,E,Yes,1984
Shelby,Tyto furcata,American Barn Owl,Aves,Strigiformes,Tytonidae,N,S,Yes,2022
Shelby,Alasmidonta viridis,Slippershell Mussel,Bivalvia,Unionoida,Unionidae,N,S,Yes,2024
Shelby,Simpsonaias ambigua,Salamander Mussel,Bivalvia,Unionoida,Unionidae,N,T,Yes,2005
Shelby,Mustela nivalis,Least Weasel,Mammalia,Carnivora,Mustelidae,N,S,Yes,1997
Shelby,Myotis lucifugus,Little Brown Bat,Mammalia,Chiroptera,Vespertilionidae,N,T,Yes,2007
Shelby,Myotis sodalis,Indiana Bat,Mammalia,Chiroptera,Vespertilionidae,E,E,Yes,2013
Simpson,Vexillichthys atripinnis,Blackfin Sucker,Actinopterygii,Cypriniformes,Catostomidae,N,S,Yes,1986
Simpson,Hemitremia flammea,Flame Chub,Actinopterygii,Cypriniformes,Leuciscidae,N,E,Yes,2022
Simpson,Nothonotus maculatus,Spotted Darter,Actinopterygii,Perciformes,Percidae,N,T,Yes,2017
Simpson,Typhlichthys subterraneus,Southern Cavefish,Actinopterygii,Percopsiformes,Amblyopsidae,N,S,Yes,2011
Simpson,Noturus exilis,Slender Madtom,Actinopterygii,Siluriformes,Ictaluridae,N,E,Yes,2022
Simpson,Cryptobranchus alleganiensis alleganiensis,Eastern Hellbender,Amphibia,Caudata,Cryptobranchidae,PE,S,Yes,1984
Simpson,Accipiter striatus,Sharp-shinned Hawk,Aves,Accipitriformes,Accipitridae,N,S,Yes,2002
Simpson,Haliaeetus leucocephalus,Bald Eagle,Aves,Accipitriformes,Accipitridae,N,S,Yes,2023
Simpson,Pandion haliaetus,Osprey,Aves,Accipitriformes,Pandionidae,N,S,Yes,2002
Simpson,Lophodytes cucullatus,Hooded Merganser,Aves,Anseriformes,Anatidae,N,T,Yes,1996
Simpson,Spatula discors,Blue-winged Teal,Aves,Anseriformes,Anatidae,N,T,No,1996
Simpson,Actitis macularius,Spotted Sandpiper,Aves,Charadriiformes,Scolopacidae,N,E,Yes,1996
Simpson,Fulica americana,American Coot,Aves,Gruiformes,Rallidae,N,E,No,1996
Simpson,Dolichonyx oryzivorus,Bobolink,Aves,Passeriformes,Icteridae,N,S,Yes,2007
Simpson,Lanius ludovicianus,Loggerhead Shrike,Aves,Passeriformes,Laniidae,N,S,Yes,1996
Simpson,Chondestes grammacus,Lark Sparrow,Aves,Passeriformes,Passerellidae,N,S,No,2010
Simpson,Passerculus sandwichensis,Savannah Sparrow,Aves,Passeriformes,Passerellidae,N,S,Yes,2010
Simpson,Cistothorus stellaris,Sedge Wren,Aves,Passeriformes,Troglodytidae,N,S,Yes,1996
Simpson,Thryomanes bewickii,Bewick's Wren,Aves,Passeriformes,Troglodytidae,N,H,Yes,2010
Simpson,Vireo bellii,Bell's Vireo,Aves,Passeriformes,Vireonidae,N,S,Yes,2013
Simpson,Ardea alba,Great Egret,Aves,Pelecaniformes,Ardeidae,N,T,Yes,1955
Simpson,Podilymbus podiceps,Pied-billed Grebe,Aves,Podicipediformes,Podicipedidae,N,E,Yes,1996
Simpson,Tyto furcata,American Barn Owl,Aves,Strigiformes,Tytonidae,N,S,Yes,2022
Simpson,Alasmidonta marginata,Elktoe,Bivalvia,Unionoida,Unionidae,N,T,Yes,1927
Simpson,Alasmidonta viridis,Slippershell Mussel,Bivalvia,Unionoida,Unionidae,N,S,Yes,2025
Simpson,Cambarunio taeniatus,Painted Creekshell,Bivalvia,Unionoida,Unionidae,N,S,Yes,2025
Simpson,Lampsilis ovata,Pocketbook,Bivalvia,Unionoida,Unionidae,N,E,Yes,1983
Simpson,Leaunio ortmanni,Kentucky Creekshell,Bivalvia,Unionoida,Unionidae,N,E,Yes,2022
Simpson,Leaunio vanuxemensis,Mountain Creekshell,Bivalvia,Unionoida,Unionidae,N,E,Yes,2025
Simpson,Toxolasma lividum,Purple Lilliput,Bivalvia,Unionoida,Unionidae,N,E,Yes,1927
Simpson,Barbicambarus cornutus,Bottlebrush Crayfish,Malacostraca,Decapoda,Cambaridae,N,S,Yes,2020
Simpson,Orconectes pellucidus,Mammoth Cave Crayfish,Malacostraca,Decapoda,Cambaridae,N,S,Yes,2010
Simpson,Myotis grisescens,Gray Myotis,Mammalia,Chiroptera,Vespertilionidae,E,T,Yes,2025
Simpson,Perimyotis subflavus,Tricolored Bat,Mammalia,Chiroptera,Vespertilionidae,PE,T,Yes,1997
Simpson,Aspidoscelis sexlineatus,Six-lined Racerunner,Reptilia,Squamata,Teiidae,N,S,Yes,1985
Spencer,Accipiter striatus,Sharp-shinned Hawk,Aves,Accipitriformes,Accipitridae,N,S,Yes,2010
Spencer,Circus hudsonius,Northern Harrier,Aves,Accipitriformes,Accipitridae,N,T,Yes,2012
Spencer,Haliaeetus leucocephalus,Bald Eagle,Aves,Accipitriformes,Accipitridae,N,S,Yes,2021
Spencer,Pandion haliaetus,Osprey,Aves,Accipitriformes,Pandionidae,N,S,Yes,2011
Spencer,Certhia americana,Brown Creeper,Aves,Passeriformes,Certhiidae,N,T,No,2000
Spencer,Vireo bellii,Bell's Vireo,Aves,Passeriformes,Vireonidae,N,S,Yes,1996
Spencer,Ardea alba,Great Egret,Aves,Pelecaniformes,Ardeidae,N,T,Yes,2012
Spencer,Podilymbus podiceps,Pied-billed Grebe,Aves,Podicipediformes,Podicipedidae,N,E,Yes,2012
Spencer,Tyto furcata,American Barn Owl,Aves,Strigiformes,Tytonidae,N,S,Yes,1979
Spencer,Alasmidonta viridis,Slippershell Mussel,Bivalvia,Unionoida,Unionidae,N,S,Yes,2005
Spencer,Cyprogenia stegaria,Fanshell,Bivalvia,Unionoida,Unionidae,E,E,Yes,1979
Spencer,Elliptio crassidens,Elephantear,Bivalvia,Unionoida,Unionidae,N,S,Yes,2011
Spencer,Epioblasma triquetra,Snuffbox,Bivalvia,Unionoida,Unionidae,E,E,Yes,1982
Spencer,Ligumia recta,Black Sandshell,Bivalvia,Unionoida,Unionidae,N,S,Yes,2024
Spencer,Obovaria subrotunda,Round Hickorynut,Bivalvia,Unionoida,Unionidae,T,T,Yes,2005
Spencer,Pleurobema clava,Clubshell,Bivalvia,Unionoida,Unionidae,E,E,Yes,2024
Spencer,Pleurobema rubrum,Pyramid Pigtoe,Bivalvia,Unionoida,Unionidae,PT,E,Yes,2024
Spencer,Toxolasma lividum,Purple Lilliput,Bivalvia,Unionoida,Unionidae,N,E,Yes,2022
Spencer,Myotis grisescens,Gray Myotis,Mammalia,Chiroptera,Vespertilionidae,E,T,Yes,2007
Spencer,Myotis lucifugus,Little Brown Bat,Mammalia,Chiroptera,Vespertilionidae,N,T,Yes,2007
Spencer,Myotis septentrionalis,Northern Long-Eared Bat,Mammalia,Chiroptera,Vespertilionidae,E,E,Yes,2005
Spencer,Myotis sodalis,Indiana Bat,Mammalia,Chiroptera,Vespertilionidae,E,E,Yes,2007
Spencer,Perimyotis subflavus,Tricolored Bat,Mammalia,Chiroptera,Vespertilionidae,PE,T,Yes,2007
Taylor,Phenacobius uranops,Stargazing Minnow,Actinopterygii,Cypriniformes,Leuciscidae,N,S,Yes,2009
Taylor,Ammocrypta clara,Western Sand Darter,Actinopterygii,Perciformes,Percidae,N,E,Yes,1986
Taylor,Percina macrocephala,Longhead Darter,Actinopterygii,Perciformes,Percidae,N,E,Yes,2002
Taylor,Cryptobranchus alleganiensis alleganiensis,Eastern Hellbender,Amphibia,Caudata,Cryptobranchidae,PE,S,Yes,2023
Taylor,Accipiter striatus,Sharp-shinned Hawk,Aves,Accipitriformes,Accipitridae,N,S,Yes,2001
Taylor,Circus hudsonius,Northern Harrier,Aves,Accipitriformes,Accipitridae,N,T,Yes,2012
Taylor,Haliaeetus leucocephalus,Bald Eagle,Aves,Accipitriformes,Accipitridae,N,S,Yes,2021
Taylor,Pandion haliaetus,Osprey,Aves,Accipitriformes,Pandionidae,N,S,Yes,2017
Taylor,Lophodytes cucullatus,Hooded Merganser,Aves,Anseriformes,Anatidae,N,T,Yes,2017
Taylor,Actitis macularius,Spotted Sandpiper,Aves,Charadriiformes,Scolopacidae,N,E,Yes,2014
Taylor,Riparia riparia,Bank Swallow,Aves,Passeriformes,Hirundinidae,N,S,Yes,2006
Taylor,Dolichonyx oryzivorus,Bobolink,Aves,Passeriformes,Icteridae,N,S,Yes,2011
Taylor,Lanius ludovicianus,Loggerhead Shrike,Aves,Passeriformes,Laniidae,N,S,Yes,1996
Taylor,Centronyx henslowii,Henslow's Sparrow,Aves,Passeriformes,Passerellidae,N,S,Yes,2012
Taylor,Junco hyemalis,Dark-eyed Junco,Aves,Passeriformes,Passerellidae,N,S,No,1905
Taylor,Passerculus sandwichensis,Savannah Sparrow,Aves,Passeriformes,Passerellidae,N,S,Yes,2011
Taylor,Cistothorus stellaris,Sedge Wren,Aves,Passeriformes,Troglodytidae,N,S,Yes,2004
Taylor,Thryomanes bewickii,Bewick's Wren,Aves,Passeriformes,Troglodytidae,N,H,Yes,2002
Taylor,Ardea alba,Great Egret,Aves,Pelecaniformes,Ardeidae,N,T,Yes,2014
Taylor,Podilymbus podiceps,Pied-billed Grebe,Aves,Podicipediformes,Podicipedidae,N,E,Yes,2018
Taylor,Asio flammeus,Short-eared Owl,Aves,Strigiformes,Strigidae,N,E,Yes,2018
Taylor,Tyto furcata,American Barn Owl,Aves,Strigiformes,Tytonidae,N,S,Yes,2022
Taylor,Alasmidonta marginata,Elktoe,Bivalvia,Unionoida,Unionidae,N,T,Yes,1958
Taylor,Alasmidonta viridis,Slippershell Mussel,Bivalvia,Unionoida,Unionidae,N,S,Yes,1958
Taylor,Cyprogenia stegaria,Fanshell,Bivalvia,Unionoida,Unionidae,E,E,Yes,1958
Taylor,Epioblasma rangiana,Northern Riffleshell,Bivalvia,Unionoida,Unionidae,E,E,Yes,1958
Taylor,Epioblasma triquetra,Snuffbox,Bivalvia,Unionoida,Unionidae,E,E,Yes,1992
Taylor,Fusconaia subrotunda,Longsolid,Bivalvia,Unionoida,Unionidae,T,T,Yes,1958
Taylor,Lampsilis ovata,Pocketbook,Bivalvia,Unionoida,Unionidae,N,E,Yes,1964
Taylor,Leaunio lienosus,Little Spectaclecase,Bivalvia,Unionoida,Unionidae,N,T,Yes,1958
Taylor,Ligumia recta,Black Sandshell,Bivalvia,Unionoida,Unionidae,N,S,Yes,2013
Taylor,Pleurobema clava,Clubshell,Bivalvia,Unionoida,Unionidae,E,E,Yes,2000
Taylor,Theliderma cylindrica,Rabbitsfoot,Bivalvia,Unionoida,Unionidae,T,E,Yes,2004
Taylor,Toxolasma lividum,Purple Lilliput,Bivalvia,Unionoida,Unionidae,N,E,Yes,2012
Taylor,Barbicambarus cornutus,Bottlebrush Crayfish,Malacostraca,Decapoda,Cambaridae,N,S,Yes,2009
Taylor,Cambarus hazardi,Brawny Crayfish,Malacostraca,Decapoda,Cambaridae,N,S,Yes,2001
Taylor,Corynorhinus rafinesquii,Rafinesque's Big-eared Bat,Mammalia,Chiroptera,Vespertilionidae,N,S,Yes,1960
Taylor,Myotis grisescens,Gray Myotis,Mammalia,Chiroptera,Vespertilionidae,E,T,Yes,2025
Taylor,Myotis lucifugus,Little Brown Bat,Mammalia,Chiroptera,Vespertilionidae,N,T,Yes,1986
Taylor,Myotis septentrionalis,Northern Long-Eared Bat,Mammalia,Chiroptera,Vespertilionidae,E,E,Yes,2004
Taylor,Myotis sodalis,Indiana Bat,Mammalia,Chiroptera,Vespertilionidae,E,E,Yes,1976
Taylor,Perimyotis subflavus,Tricolored Bat,Mammalia,Chiroptera,Vespertilionidae,PE,T,Yes,2016
Taylor,Lethenteron appendix,American Brook Lamprey,Petromyzontida,Petromyzontiformes,Petromyzontidae,N,T,Yes,2004
Todd,Lepomis miniatus,Redspotted Sunfish,Actinopterygii,Centrarchiformes,Centrarchidae,N,T,Yes,2009
Todd,Etheostoma tecumsehi,Shawnee Darter,Actinopterygii,Perciformes,Percidae,N,S,Yes,2017
Todd,Accipiter striatus,Sharp-shinned Hawk,Aves,Accipitriformes,Accipitridae,N,S,Yes,1998
Todd,Circus hudsonius,Northern Harrier,Aves,Accipitriformes,Accipitridae,N,T,Yes,2013
Todd,Haliaeetus leucocephalus,Bald Eagle,Aves,Accipitriformes,Accipitridae,N,S,Yes,2023
Todd,Lophodytes cucullatus,Hooded Merganser,Aves,Anseriformes,Anatidae,N,T,Yes,2013
Todd,Sternula antillarum athalassos,Interior Least Tern,Aves,Charadriiformes,Laridae,N,E,Yes,2008
Todd,Lanius ludovicianus,Loggerhead Shrike,Aves,Passeriformes,Laniidae,N,S,Yes,2016
Todd,Centronyx henslowii,Henslow's Sparrow,Aves,Passeriformes,Passerellidae,N,S,Yes,2008
Todd,Passerculus sandwichensis,Savannah Sparrow,Aves,Passeriformes,Passerellidae,N,S,Yes,2014
Todd,Ardea alba,Great Egret,Aves,Pelecaniformes,Ardeidae,N,T,Yes,2011
Todd,Bubulcus ibis,Cattle Egret,Aves,Pelecaniformes,Ardeidae,N,S,No,2001
Todd,Egretta caerulea,Little Blue Heron,Aves,Pelecaniformes,Ardeidae,N,E,No,2006
Todd,Egretta thula,Snowy Egret,Aves,Pelecaniformes,Ardeidae,N,E,No,2006
Todd,Podilymbus podiceps,Pied-billed Grebe,Aves,Podicipediformes,Podicipedidae,N,E,Yes,2008
Todd,Tyto furcata,American Barn Owl,Aves,Strigiformes,Tytonidae,N,S,Yes,2022
Todd,Phalacrocorax auritus,Double-crested Cormorant,Aves,Suliformes,Phalacrocoracidae,N,S,No,2008
Todd,Actinonaias pectorosa,Pheasantshell,Bivalvia,Unionoida,Unionidae,N,S,Yes,1953
Todd,Alasmidonta viridis,Slippershell Mussel,Bivalvia,Unionoida,Unionidae,N,S,Yes,2020
Todd,Cambarunio taeniatus,Painted Creekshell,Bivalvia,Unionoida,Unionidae,N,S,Yes,2020
Todd,Cyprogenia stegaria,Fanshell,Bivalvia,Unionoida,Unionidae,E,E,Yes,1953
Todd,Lampsilis ovata,Pocketbook,Bivalvia,Unionoida,Unionidae,N,E,Yes,1953
Todd,Leaunio lienosus,Little Spectaclecase,Bivalvia,Unionoida,Unionidae,N,T,Yes,1949
Todd,Leaunio vanuxemensis,Mountain Creekshell,Bivalvia,Unionoida,Unionidae,N,E,Yes,2022
Todd,Ligumia recta,Black Sandshell,Bivalvia,Unionoida,Unionidae,N,S,Yes,1953
Todd,Obovaria retusa,Ring Pink,Bivalvia,Unionoida,Unionidae,E,E,Yes,1953
Todd,Obovaria subrotunda,Round Hickorynut,Bivalvia,Unionoida,Unionidae,T,T,Yes,1953
Todd,Pegias fabula,Littlewing Pearlymussel,Bivalvia,Unionoida,Unionidae,E,E,Yes,1953
Todd,Ptychobranchus subtentus,Fluted Kidneyshell,Bivalvia,Unionoida,Unionidae,E,E,Yes,1953
Todd,Toxolasma lividum,Purple Lilliput,Bivalvia,Unionoida,Unionidae,N,E,Yes,2020
Todd,Lacunicambarus chimera,Crawzilla Crawdad,Malacostraca,Decapoda,Cambaridae,N,S,Yes,2001
Todd,Ophisaurus attenuatus longicaudus,Eastern Slender Glass Lizard,Reptilia,Squamata,Anguidae,N,T,Yes,1989
Todd,Thamnophis saurita saurita,Eastern Ribbonsnake,Reptilia,Squamata,Colubridae,N,S,Yes,2006
Trigg,Acipenser fulvescens,Lake Sturgeon,Actinopterygii,Acipenseriformes,Acipenseridae,N,E,Yes,2019
Trigg,Menidia audens,Mississippi Silverside,Actinopterygii,Atheriniformes,Atherinopsidae,N,T,No,2021
Trigg,Lepomis miniatus,Redspotted Sunfish,Actinopterygii,Centrarchiformes,Centrarchidae,N,T,Yes,1995
Trigg,Ictiobus niger,Black Buffalo,Actinopterygii,Cypriniformes,Catostomidae,N,S,Yes,2021
Trigg,Etheostoma proeliare,Cypress Darter,Actinopterygii,Perciformes,Percidae,N,T,Yes,1995
Trigg,Nothonotus microlepidus,Smallscale Darter,Actinopterygii,Perciformes,Percidae,N,E,Yes,2016
Trigg,Typhlichthys subterraneus,Southern Cavefish,Actinopterygii,Percopsiformes,Amblyopsidae,N,S,Yes,1986
Trigg,Noturus exilis,Slender Madtom,Actinopterygii,Siluriformes,Ictaluridae,N,E,Yes,2007
Trigg,Accipiter striatus,Sharp-shinned Hawk,Aves,Accipitriformes,Accipitridae,N,S,Yes,2014
Trigg,Circus hudsonius,Northern Harrier,Aves,Accipitriformes,Accipitridae,N,T,Yes,2013
Trigg,Haliaeetus leucocephalus,Bald Eagle,Aves,Accipitriformes,Accipitridae,N,S,Yes,2023
Trigg,Pandion haliaetus,Osprey,Aves,Accipitriformes,Pandionidae,N,S,Yes,2021
Trigg,Lophodytes cucullatus,Hooded Merganser,Aves,Anseriformes,Anatidae,N,T,Yes,2014
Trigg,Spatula clypeata,Northern Shoveler,Aves,Anseriformes,Anatidae,N,E,No,1977
Trigg,Spatula discors,Blue-winged Teal,Aves,Anseriformes,Anatidae,N,T,No,2008
Trigg,Sternula antillarum athalassos,Interior Least Tern,Aves,Charadriiformes,Laridae,N,E,Yes,2005
Trigg,Actitis macularius,Spotted Sandpiper,Aves,Charadriiformes,Scolopacidae,N,E,Yes,2013
Trigg,Falco peregrinus,Peregrine Falcon,Aves,Falconiformes,Falconidae,N,E,Yes,2014
Trigg,Fulica americana,American Coot,Aves,Gruiformes,Rallidae,N,E,No,2007
Trigg,Pheucticus ludovicianus,Rose-breasted Grosbeak,Aves,Passeriformes,Cardinalidae,N,S,No,2009
Trigg,Certhia americana,Brown Creeper,Aves,Passeriformes,Certhiidae,N,T,No,1981
Trigg,Corvus ossifragus,Fish Crow,Aves,Passeriformes,Corvidae,N,S,No,2004
Trigg,Riparia riparia,Bank Swallow,Aves,Passeriformes,Hirundinidae,N,S,Yes,2013
Trigg,Dolichonyx oryzivorus,Bobolink,Aves,Passeriformes,Icteridae,N,S,Yes,2013
Trigg,Lanius ludovicianus,Loggerhead Shrike,Aves,Passeriformes,Laniidae,N,S,Yes,2017
Trigg,Cardellina canadensis,Canada Warbler,Aves,Passeriformes,Parulidae,N,S,Yes,2009
Trigg,Setophaga fusca,Blackburnian Warbler,Aves,Passeriformes,Parulidae,N,T,No,2002
Trigg,Vermivora chrysoptera,Golden-winged Warbler,Aves,Passeriformes,Parulidae,N,E,Yes,2011
Trigg,Centronyx henslowii,Henslow's Sparrow,Aves,Passeriformes,Passerellidae,N,S,Yes,2017
Trigg,Chondestes grammacus,Lark Sparrow,Aves,Passeriformes,Passerellidae,N,S,No,2008
Trigg,Junco hyemalis,Dark-eyed Junco,Aves,Passeriformes,Passerellidae,N,S,No,2010
Trigg,Passerculus sandwichensis,Savannah Sparrow,Aves,Passeriformes,Passerellidae,N,S,Yes,2014
Trigg,Peucaea aestivalis,Bachman's Sparrow,Aves,Passeriformes,Passerellidae,N,E,Yes,2014
Trigg,Pooecetes gramineus,Vesper Sparrow,Aves,Passeriformes,Passerellidae,N,E,No,2004
Trigg,Sitta canadensis,Red-breasted Nuthatch,Aves,Passeriformes,Sittidae,N,E,No,1981
Trigg,Cistothorus stellaris,Sedge Wren,Aves,Passeriformes,Troglodytidae,N,S,Yes,2014
Trigg,Thryomanes bewickii,Bewick's Wren,Aves,Passeriformes,Troglodytidae,N,H,Yes,2008
Trigg,Empidonax minimus,Least Flycatcher,Aves,Passeriformes,Tyrannidae,N,E,Yes,2005
Trigg,Vireo bellii,Bell's Vireo,Aves,Passeriformes,Vireonidae,N,S,Yes,2014
Trigg,Ardea alba,Great Egret,Aves,Pelecaniformes,Ardeidae,N,T,Yes,2016
Trigg,Botaurus lentiginosus,American Bittern,Aves,Pelecaniformes,Ardeidae,N,H,Yes,2010
Trigg,Bubulcus ibis,Cattle Egret,Aves,Pelecaniformes,Ardeidae,N,S,No,2016
Trigg,Egretta caerulea,Little Blue Heron,Aves,Pelecaniformes,Ardeidae,N,E,No,2008
Trigg,Egretta thula,Snowy Egret,Aves,Pelecaniformes,Ardeidae,N,E,No,2006
Trigg,Nycticorax nycticorax,Black-crowned Night-heron,Aves,Pelecaniformes,Ardeidae,N,T,Yes,2016
Trigg,Podilymbus podiceps,Pied-billed Grebe,Aves,Podicipediformes,Podicipedidae,N,E,Yes,2014
Trigg,Asio flammeus,Short-eared Owl,Aves,Strigiformes,Strigidae,N,E,Yes,2013
Trigg,Tyto furcata,American Barn Owl,Aves,Strigiformes,Tytonidae,N,S,Yes,2022
Trigg,Phalacrocorax auritus,Double-crested Cormorant,Aves,Suliformes,Phalacrocoracidae,N,S,No,2011
Trigg,Alasmidonta marginata,Elktoe,Bivalvia,Unionoida,Unionidae,N,T,Yes,1931
Trigg,Anodontoides ferussacianus,Cylindrical Papershell,Bivalvia,Unionoida,Unionidae,N,S,Yes,2019
Trigg,Elliptio crassidens,Elephantear,Bivalvia,Unionoida,Unionidae,N,S,Yes,2001
Trigg,Leaunio lienosus,Little Spectaclecase,Bivalvia,Unionoida,Unionidae,N,T,Yes,1989
Trigg,Leaunio pataecus,Dwarf Rainbow,Bivalvia,Unionoida,Unionidae,N,E,Yes,2021
Trigg,Leaunio vanuxemensis,Mountain Creekshell,Bivalvia,Unionoida,Unionidae,N,E,Yes,2019
Trigg,Obovaria retusa,Ring Pink,Bivalvia,Unionoida,Unionidae,E,E,Yes,1911
Trigg,Plethobasus cooperianus,Orangefoot Pimpleback,Bivalvia,Unionoida,Unionidae,E,E,Yes,1911
Trigg,Toxolasma lividum,Purple Lilliput,Bivalvia,Unionoida,Unionidae,N,E,Yes,2019
Trigg,Cambarus deweesae,Valley Flame Crayfish,Malacostraca,Decapoda,Cambaridae,N,S,Yes,2025
Trigg,Cambarus friaufi,Hairy Crayfish,Malacostraca,Decapoda,Cambaridae,N,S,Yes,2000
Trigg,Faxonius kentuckiensis,Kentucky Crayfish,Malacostraca,Decapoda,Cambaridae,N,T,Yes,2005
Trigg,Lacunicambarus chimera,Crawzilla Crawdad,Malacostraca,Decapoda,Cambaridae,N,S,Yes,2005
Trigg,Lacunicambarus erythrodactylus,Warpaint Mudbug,Malacostraca,Decapoda,Cambaridae,N,T,No,2025
Trigg,Orconectes pellucidus,Mammoth Cave Crayfish,Malacostraca,Decapoda,Cambaridae,N,S,Yes,2003
Trigg,Myotis austroriparius,Southeastern Myotis,Mammalia,Chiroptera,Vespertilionidae,N,S,Yes,2022
Trigg,Myotis grisescens,Gray Myotis,Mammalia,Chiroptera,Vespertilionidae,E,T,Yes,2025
Trigg,Myotis lucifugus,Little Brown Bat,Mammalia,Chiroptera,Vespertilionidae,N,T,Yes,2018
Trigg,Myotis septentrionalis,Northern Long-Eared Bat,Mammalia,Chiroptera,Vespertilionidae,E,E,Yes,2013
Trigg,Myotis sodalis,Indiana Bat,Mammalia,Chiroptera,Vespertilionidae,E,E,Yes,2018
Trigg,Perimyotis subflavus,Tricolored Bat,Mammalia,Chiroptera,Vespertilionidae,PE,T,Yes,2025
Trigg,Ichthyomyzon castaneus,Chestnut Lamprey,Petromyzontida,Petromyzontiformes,Petromyzontidae,N,S,Yes,2022
Trigg,Cemophora coccinea,Scarletsnake,Reptilia,Squamata,Colubridae,N,S,Yes,2018
Trigg,Lampropeltis elapsoides,Scarlet Kingsnake,Reptilia,Squamata,Colubridae,N,E,Yes,2025
Trigg,Pituophis melanoleucus,Eastern Pinesnake,Reptilia,Squamata,Colubridae,N,E,Yes,2018
Trigg,Tantilla coronata,Southeastern Crowned Snake,Reptilia,Squamata,Colubridae,N,T,Yes,2023
Trigg,Thamnophis saurita saurita,Eastern Ribbonsnake,Reptilia,Squamata,Colubridae,N,S,Yes,1999
Trigg,Plestiodon inexpectatus,Southeastern Five-lined Skink,Reptilia,Squamata,Scincidae,N,S,Yes,2022
Trigg,Aspidoscelis sexlineatus,Six-lined Racerunner,Reptilia,Squamata,Teiidae,N,S,Yes,2022
Trigg,Sistrurus miliarius streckeri,Western Pygmy Rattlesnake,Reptilia,Squamata,Viperidae,N,E,Yes,2022
Trimble,Ictiobus niger,Black Buffalo,Actinopterygii,Cypriniformes,Catostomidae,N,S,Yes,2021
Trimble,Cryptobranchus alleganiensis alleganiensis,Eastern Hellbender,Amphibia,Caudata,Cryptobranchidae,PE,S,Yes,1972
Trimble,Accipiter striatus,Sharp-shinned Hawk,Aves,Accipitriformes,Accipitridae,N,S,Yes,2001
Trimble,Haliaeetus leucocephalus,Bald Eagle,Aves,Accipitriformes,Accipitridae,N,S,Yes,2021
Trimble,Falco peregrinus,Peregrine Falcon,Aves,Falconiformes,Falconidae,N,E,Yes,2023
Trimble,Riparia riparia,Bank Swallow,Aves,Passeriformes,Hirundinidae,N,S,Yes,1996
Trimble,Obovaria retusa,Ring Pink,Bivalvia,Unionoida,Unionidae,E,E,Yes,1982
Trimble,Pleurobema rubrum,Pyramid Pigtoe,Bivalvia,Unionoida,Unionidae,PT,E,Yes,1982
Trimble,Theliderma cylindrica,Rabbitsfoot,Bivalvia,Unionoida,Unionidae,T,E,Yes,1982
Trimble,Myotis grisescens,Gray Myotis,Mammalia,Chiroptera,Vespertilionidae,E,T,Yes,2009
Trimble,Myotis lucifugus,Little Brown Bat,Mammalia,Chiroptera,Vespertilionidae,N,T,Yes,2009
Trimble,Myotis sodalis,Indiana Bat,Mammalia,Chiroptera,Vespertilionidae,E,E,Yes,2009
Trimble,Perimyotis subflavus,Tricolored Bat,Mammalia,Chiroptera,Vespertilionidae,PE,T,Yes,2009
Union,Acipenser fulvescens,Lake Sturgeon,Actinopterygii,Acipenseriformes,Acipenseridae,N,E,Yes,2020
Union,Menidia audens,Mississippi Silverside,Actinopterygii,Atheriniformes,Atherinopsidae,N,T,No,2022
Union,Ictiobus niger,Black Buffalo,Actinopterygii,Cypriniformes,Catostomidae,N,S,Yes,2022
Union,Hybognathus hayi,Cypress Minnow,Actinopterygii,Cypriniformes,Leuciscidae,N,E,Yes,2011
Union,Accipiter striatus,Sharp-shinned Hawk,Aves,Accipitriformes,Accipitridae,N,S,Yes,2013
Union,Circus hudsonius,Northern Harrier,Aves,Accipitriformes,Accipitridae,N,T,Yes,2014
Union,Haliaeetus leucocephalus,Bald Eagle,Aves,Accipitriformes,Accipitridae,N,S,Yes,2023
Union,Ictinia mississippiensis,Mississippi Kite,Aves,Accipitriformes,Accipitridae,N,S,No,2004
Union,Pandion haliaetus,Osprey,Aves,Accipitriformes,Pandionidae,N,S,Yes,2013
Union,Lophodytes cucullatus,Hooded Merganser,Aves,Anseriformes,Anatidae,N,T,Yes,2015
Union,Spatula clypeata,Northern Shoveler,Aves,Anseriformes,Anatidae,N,E,No,2007
Union,Spatula discors,Blue-winged Teal,Aves,Anseriformes,Anatidae,N,T,No,2015
Union,Sternula antillarum athalassos,Interior Least Tern,Aves,Charadriiformes,Laridae,N,E,Yes,2020
Union,Actitis macularius,Spotted Sandpiper,Aves,Charadriiformes,Scolopacidae,N,E,Yes,2014
Union,Bartramia longicauda,Upland Sandpiper,Aves,Charadriiformes,Scolopacidae,N,H,Yes,2001
Union,Falco peregrinus,Peregrine Falcon,Aves,Falconiformes,Falconidae,N,E,Yes,2018
Union,Fulica americana,American Coot,Aves,Gruiformes,Rallidae,N,E,No,2014
Union,Gallinula galeata,Common Gallinule,Aves,Gruiformes,Rallidae,N,T,Yes,2012
Union,Pheucticus ludovicianus,Rose-breasted Grosbeak,Aves,Passeriformes,Cardinalidae,N,S,No,2014
Union,Certhia americana,Brown Creeper,Aves,Passeriformes,Certhiidae,N,T,No,2009
Union,Corvus ossifragus,Fish Crow,Aves,Passeriformes,Corvidae,N,S,No,2006
Union,Riparia riparia,Bank Swallow,Aves,Passeriformes,Hirundinidae,N,S,Yes,2014
Union,Dolichonyx oryzivorus,Bobolink,Aves,Passeriformes,Icteridae,N,S,Yes,2003
Union,Lanius ludovicianus,Loggerhead Shrike,Aves,Passeriformes,Laniidae,N,S,Yes,1996
Union,Vermivora chrysoptera,Golden-winged Warbler,Aves,Passeriformes,Parulidae,N,E,Yes,2013
Union,Junco hyemalis,Dark-eyed Junco,Aves,Passeriformes,Passerellidae,N,S,No,2009
Union,Passerculus sandwichensis,Savannah Sparrow,Aves,Passeriformes,Passerellidae,N,S,Yes,2014
Union,Cistothorus stellaris,Sedge Wren,Aves,Passeriformes,Troglodytidae,N,S,Yes,2013
Union,Empidonax minimus,Least Flycatcher,Aves,Passeriformes,Tyrannidae,N,E,Yes,2013
Union,Vireo bellii,Bell's Vireo,Aves,Passeriformes,Vireonidae,N,S,Yes,2012
Union,Ardea alba,Great Egret,Aves,Pelecaniformes,Ardeidae,N,T,Yes,2014
Union,Botaurus lentiginosus,American Bittern,Aves,Pelecaniformes,Ardeidae,N,H,Yes,2008
Union,Bubulcus ibis,Cattle Egret,Aves,Pelecaniformes,Ardeidae,N,S,No,2006
Union,Egretta thula,Snowy Egret,Aves,Pelecaniformes,Ardeidae,N,E,No,2006
Union,Ixobrychus exilis,Least Bittern,Aves,Pelecaniformes,Ardeidae,N,T,Yes,2013
Union,Nyctanassa violacea,Yellow-crowned Night-heron,Aves,Pelecaniformes,Ardeidae,N,T,Yes,2014
Union,Nycticorax nycticorax,Black-crowned Night-heron,Aves,Pelecaniformes,Ardeidae,N,T,Yes,2012
Union,Podilymbus podiceps,Pied-billed Grebe,Aves,Podicipediformes,Podicipedidae,N,E,Yes,2014
Union,Asio flammeus,Short-eared Owl,Aves,Strigiformes,Strigidae,N,E,Yes,2007
Union,Tyto furcata,American Barn Owl,Aves,Strigiformes,Tytonidae,N,S,Yes,2022
Union,Phalacrocorax auritus,Double-crested Cormorant,Aves,Suliformes,Phalacrocoracidae,N,S,No,2007
Union,Elliptio crassidens,Elephantear,Bivalvia,Unionoida,Unionidae,N,S,Yes,1982
Union,Lampsilis ovata,Pocketbook,Bivalvia,Unionoida,Unionidae,N,E,Yes,1982
Union,Ligumia recta,Black Sandshell,Bivalvia,Unionoida,Unionidae,N,S,Yes,2015
Union,Obovaria retusa,Ring Pink,Bivalvia,Unionoida,Unionidae,E,E,Yes,1914
Union,Obovaria subrotunda,Round Hickorynut,Bivalvia,Unionoida,Unionidae,T,T,Yes,2009
Union,Pleurobema clava,Clubshell,Bivalvia,Unionoida,Unionidae,E,E,Yes,2009
Union,Pleurobema rubrum,Pyramid Pigtoe,Bivalvia,Unionoida,Unionidae,PT,E,Yes,2009
Union,Potamilus capax,Fat Pocketbook,Bivalvia,Unionoida,Unionidae,E,T,Yes,2025
Union,Toxolasma texasiense,Texas Lilliput,Bivalvia,Unionoida,Unionidae,N,T,Yes,1981
Union,Lacunicambarus chimera,Crawzilla Crawdad,Malacostraca,Decapoda,Cambaridae,N,S,Yes,2024
Union,Myotis austroriparius,Southeastern Myotis,Mammalia,Chiroptera,Vespertilionidae,N,S,Yes,2023
Union,Myotis grisescens,Gray Myotis,Mammalia,Chiroptera,Vespertilionidae,E,T,Yes,2023
Union,Myotis lucifugus,Little Brown Bat,Mammalia,Chiroptera,Vespertilionidae,N,T,Yes,2011
Union,Myotis septentrionalis,Northern Long-Eared Bat,Mammalia,Chiroptera,Vespertilionidae,E,E,Yes,1992
Union,Myotis sodalis,Indiana Bat,Mammalia,Chiroptera,Vespertilionidae,E,E,Yes,2023
Union,Perimyotis subflavus,Tricolored Bat,Mammalia,Chiroptera,Vespertilionidae,PE,T,Yes,1993
Union,Sorex cinereus,Cinereus Shrew,Mammalia,Eulipotyphla,Soricidae,N,S,Yes,1978
Union,Ichthyomyzon castaneus,Chestnut Lamprey,Petromyzontida,Petromyzontiformes,Petromyzontidae,N,S,Yes,1986
Union,Nerodia erythrogaster neglecta,Copperbelly Watersnake,Reptilia,Squamata,Colubridae,T,T,Yes,2014
Union,Thamnophis saurita saurita,Eastern Ribbonsnake,Reptilia,Squamata,Colubridae,N,S,Yes,1999
Warren,Hybopsis amnis,Pallid Shiner,Actinopterygii,Cypriniformes,Leuciscidae,N,E,Yes,1986
Warren,Phenacobius uranops,Stargazing Minnow,Actinopterygii,Cypriniformes,Leuciscidae,N,S,Yes,1986
Warren,Ammocrypta clara,Western Sand Darter,Actinopterygii,Perciformes,Percidae,N,E,Yes,2019
Warren,Nothonotus maculatus,Spotted Darter,Actinopterygii,Perciformes,Percidae,N,T,Yes,2019
Warren,Percina macrocephala,Longhead Darter,Actinopterygii,Perciformes,Percidae,N,E,Yes,2019
Warren,Typhlichthys subterraneus,Southern Cavefish,Actinopterygii,Percopsiformes,Amblyopsidae,N,S,Yes,2011
Warren,Noturus exilis,Slender Madtom,Actinopterygii,Siluriformes,Ictaluridae,N,E,Yes,1986
Warren,Cryptobranchus alleganiensis alleganiensis,Eastern Hellbender,Amphibia,Caudata,Cryptobranchidae,PE,S,Yes,2020
Warren,Plethodon pauleyi,Yellow-spotted Woodland Salamander,Amphibia,Caudata,Plethodontidae,N,E,Yes,2025
Warren,Accipiter striatus,Sharp-shinned Hawk,Aves,Accipitriformes,Accipitridae,N,S,Yes,2013
Warren,Circus hudsonius,Northern Harrier,Aves,Accipitriformes,Accipitridae,N,T,Yes,2014
Warren,Haliaeetus leucocephalus,Bald Eagle,Aves,Accipitriformes,Accipitridae,N,S,Yes,2021
Warren,Ictinia mississippiensis,Mississippi Kite,Aves,Accipitriformes,Accipitridae,N,S,No,2008
Warren,Pandion haliaetus,Osprey,Aves,Accipitriformes,Pandionidae,N,S,Yes,2013
Warren,Lophodytes cucullatus,Hooded Merganser,Aves,Anseriformes,Anatidae,N,T,Yes,2014
Warren,Spatula clypeata,Northern Shoveler,Aves,Anseriformes,Anatidae,N,E,No,2008
Warren,Spatula discors,Blue-winged Teal,Aves,Anseriformes,Anatidae,N,T,No,2008
Warren,Sternula antillarum athalassos,Interior Least Tern,Aves,Charadriiformes,Laridae,N,E,Yes,2010
Warren,Actitis macularius,Spotted Sandpiper,Aves,Charadriiformes,Scolopacidae,N,E,Yes,2013
Warren,Bartramia longicauda,Upland Sandpiper,Aves,Charadriiformes,Scolopacidae,N,H,Yes,2011
Warren,Falco peregrinus,Peregrine Falcon,Aves,Falconiformes,Falconidae,N,E,Yes,2013
Warren,Fulica americana,American Coot,Aves,Gruiformes,Rallidae,N,E,No,2008
Warren,Pheucticus ludovicianus,Rose-breasted Grosbeak,Aves,Passeriformes,Cardinalidae,N,S,No,2004
Warren,Certhia americana,Brown Creeper,Aves,Passeriformes,Certhiidae,N,T,No,2004
Warren,Riparia riparia,Bank Swallow,Aves,Passeriformes,Hirundinidae,N,S,Yes,2013
Warren,Dolichonyx oryzivorus,Bobolink,Aves,Passeriformes,Icteridae,N,S,Yes,2014
Warren,Lanius ludovicianus,Loggerhead Shrike,Aves,Passeriformes,Laniidae,N,S,Yes,2015
Warren,Cardellina canadensis,Canada Warbler,Aves,Passeriformes,Parulidae,N,S,Yes,2007
Warren,Setophaga fusca,Blackburnian Warbler,Aves,Passeriformes,Parulidae,N,T,No,2007
Warren,Vermivora chrysoptera,Golden-winged Warbler,Aves,Passeriformes,Parulidae,N,E,Yes,2012
Warren,Centronyx henslowii,Henslow's Sparrow,Aves,Passeriformes,Passerellidae,N,S,Yes,2015
Warren,Chondestes grammacus,Lark Sparrow,Aves,Passeriformes,Passerellidae,N,S,No,2008
Warren,Junco hyemalis,Dark-eyed Junco,Aves,Passeriformes,Passerellidae,N,S,No,2003
Warren,Passerculus sandwichensis,Savannah Sparrow,Aves,Passeriformes,Passerellidae,N,S,Yes,2014
Warren,Pooecetes gramineus,Vesper Sparrow,Aves,Passeriformes,Passerellidae,N,E,No,2008
Warren,Sitta canadensis,Red-breasted Nuthatch,Aves,Passeriformes,Sittidae,N,E,No,2008
Warren,Cistothorus stellaris,Sedge Wren,Aves,Passeriformes,Troglodytidae,N,S,Yes,2012
Warren,Thryomanes bewickii,Bewick's Wren,Aves,Passeriformes,Troglodytidae,N,H,Yes,1996
Warren,Empidonax minimus,Least Flycatcher,Aves,Passeriformes,Tyrannidae,N,E,Yes,2010
Warren,Vireo bellii,Bell's Vireo,Aves,Passeriformes,Vireonidae,N,S,Yes,2015
Warren,Ardea alba,Great Egret,Aves,Pelecaniformes,Ardeidae,N,T,Yes,2011
Warren,Botaurus lentiginosus,American Bittern,Aves,Pelecaniformes,Ardeidae,N,H,Yes,2008
Warren,Bubulcus ibis,Cattle Egret,Aves,Pelecaniformes,Ardeidae,N,S,No,2013
Warren,Egretta caerulea,Little Blue Heron,Aves,Pelecaniformes,Ardeidae,N,E,No,2006
Warren,Egretta thula,Snowy Egret,Aves,Pelecaniformes,Ardeidae,N,E,No,2006
Warren,Nyctanassa violacea,Yellow-crowned Night-heron,Aves,Pelecaniformes,Ardeidae,N,T,Yes,2010
Warren,Nycticorax nycticorax,Black-crowned Night-heron,Aves,Pelecaniformes,Ardeidae,N,T,Yes,1998
Warren,Podilymbus podiceps,Pied-billed Grebe,Aves,Podicipediformes,Podicipedidae,N,E,Yes,2014
Warren,Asio flammeus,Short-eared Owl,Aves,Strigiformes,Strigidae,N,E,Yes,2000
Warren,Asio otus,Long-eared Owl,Aves,Strigiformes,Strigidae,N,E,Yes,1918
Warren,Tyto furcata,American Barn Owl,Aves,Strigiformes,Tytonidae,N,S,Yes,2022
Warren,Phalacrocorax auritus,Double-crested Cormorant,Aves,Suliformes,Phalacrocoracidae,N,S,No,2008
Warren,Cumberlandia monodonta,Spectaclecase,Bivalvia,Unionoida,Margaritiferidae,E,E,Yes,2021
Warren,Alasmidonta marginata,Elktoe,Bivalvia,Unionoida,Unionidae,N,T,Yes,2019
Warren,Alasmidonta viridis,Slippershell Mussel,Bivalvia,Unionoida,Unionidae,N,S,Yes,2004
Warren,Anodontoides ferussacianus,Cylindrical Papershell,Bivalvia,Unionoida,Unionidae,N,S,Yes,1966
Warren,Cambarunio taeniatus,Painted Creekshell,Bivalvia,Unionoida,Unionidae,N,S,Yes,1986
Warren,Cyprogenia stegaria,Fanshell,Bivalvia,Unionoida,Unionidae,E,E,Yes,2025
Warren,Elliptio crassidens,Elephantear,Bivalvia,Unionoida,Unionidae,N,S,Yes,2023
Warren,Epioblasma obliquata,Catspaw,Bivalvia,Unionoida,Unionidae,E,E,Yes,1988
Warren,Epioblasma rangiana,Northern Riffleshell,Bivalvia,Unionoida,Unionidae,E,E,Yes,1988
Warren,Epioblasma triquetra,Snuffbox,Bivalvia,Unionoida,Unionidae,E,E,Yes,1993
Warren,Fusconaia subrotunda,Longsolid,Bivalvia,Unionoida,Unionidae,T,T,Yes,2025
Warren,Lampsilis abrupta,Pink Mucket,Bivalvia,Unionoida,Unionidae,E,E,Yes,2022
Warren,Lampsilis ovata,Pocketbook,Bivalvia,Unionoida,Unionidae,N,E,Yes,2022
Warren,Leaunio lienosus,Little Spectaclecase,Bivalvia,Unionoida,Unionidae,N,T,Yes,1979
Warren,Leaunio ortmanni,Kentucky Creekshell,Bivalvia,Unionoida,Unionidae,N,E,Yes,2023
Warren,Ligumia recta,Black Sandshell,Bivalvia,Unionoida,Unionidae,N,S,Yes,2025
Warren,Obovaria retusa,Ring Pink,Bivalvia,Unionoida,Unionidae,E,E,Yes,2008
Warren,Obovaria subrotunda,Round Hickorynut,Bivalvia,Unionoida,Unionidae,T,T,Yes,2014
Warren,Plethobasus cyphyus,Sheepnose,Bivalvia,Unionoida,Unionidae,E,E,Yes,2025
Warren,Pleurobema clava,Clubshell,Bivalvia,Unionoida,Unionidae,E,E,Yes,2020
Warren,Pleurobema plenum,Rough Pigtoe,Bivalvia,Unionoida,Unionidae,E,E,Yes,2025
Warren,Pleurobema rubrum,Pyramid Pigtoe,Bivalvia,Unionoida,Unionidae,PT,E,Yes,2023
Warren,Potamilus purpuratus,Bleufer,Bivalvia,Unionoida,Unionidae,N,E,Yes,1974
Warren,Simpsonaias ambigua,Salamander Mussel,Bivalvia,Unionoida,Unionidae,N,T,Yes,1969
Warren,Theliderma cylindrica,Rabbitsfoot,Bivalvia,Unionoida,Unionidae,T,E,Yes,2008
Warren,Toxolasma lividum,Purple Lilliput,Bivalvia,Unionoida,Unionidae,N,E,Yes,1927
Warren,Barbicambarus cornutus,Bottlebrush Crayfish,Malacostraca,Decapoda,Cambaridae,N,S,Yes,2016
Warren,Faxonius durelli,Saddle Crayfish,Malacostraca,Decapoda,Cambaridae,N,S,No,1997
Warren,Lacunicambarus chimera,Crawzilla Crawdad,Malacostraca,Decapoda,Cambaridae,N,S,Yes,2002
Warren,Orconectes pellucidus,Mammoth Cave Crayfish,Malacostraca,Decapoda,Cambaridae,N,S,Yes,2011
Warren,Corynorhinus rafinesquii,Rafinesque's Big-eared Bat,Mammalia,Chiroptera,Vespertilionidae,N,S,Yes,2013
Warren,Myotis grisescens,Gray Myotis,Mammalia,Chiroptera,Vespertilionidae,E,T,Yes,2019
Warren,Myotis lucifugus,Little Brown Bat,Mammalia,Chiroptera,Vespertilionidae,N,T,Yes,2019
Warren,Myotis septentrionalis,Northern Long-Eared Bat,Mammalia,Chiroptera,Vespertilionidae,E,E,Yes,2013
Warren,Myotis sodalis,Indiana Bat,Mammalia,Chiroptera,Vespertilionidae,E,E,Yes,2019
Warren,Perimyotis subflavus,Tricolored Bat,Mammalia,Chiroptera,Vespertilionidae,PE,T,Yes,2025
Warren,Ichthyomyzon castaneus,Chestnut Lamprey,Petromyzontida,Petromyzontiformes,Petromyzontidae,N,S,Yes,2018
Warren,Ichthyomyzon greeleyi,Mountain Brook Lamprey,Petromyzontida,Petromyzontiformes,Petromyzontidae,N,T,Yes,1973
Warren,Lethenteron appendix,American Brook Lamprey,Petromyzontida,Petromyzontiformes,Petromyzontidae,N,T,Yes,2017
Warren,Pantherophis guttatus,Red Cornsnake,Reptilia,Squamata,Colubridae,N,S,Yes,1992
Warren,Tantilla coronata,Southeastern Crowned Snake,Reptilia,Squamata,Colubridae,N,T,Yes,1967
Warren,Aspidoscelis sexlineatus,Six-lined Racerunner,Reptilia,Squamata,Teiidae,N,S,Yes,2024
Washington,Platygobio gracilis,Flathead Chub,Actinopterygii,Cypriniformes,Leuciscidae,N,S,Yes,2024
Washington,Falco peregrinus,Peregrine Falcon,Aves,Falconiformes,Falconidae,N,E,Yes,2013
Washington,Dolichonyx oryzivorus,Bobolink,Aves,Passeriformes,Icteridae,N,S,Yes,2005
Washington,Lanius ludovicianus,Loggerhead Shrike,Aves,Passeriformes,Laniidae,N,S,Yes,2023
Washington,Centronyx henslowii,Henslow's Sparrow,Aves,Passeriformes,Passerellidae,N,S,Yes,2010
Washington,Chondestes grammacus,Lark Sparrow,Aves,Passeriformes,Passerellidae,N,S,No,1996
Washington,Passerculus sandwichensis,Savannah Sparrow,Aves,Passeriformes,Passerellidae,N,S,Yes,2010
Washington,Thryomanes bewickii,Bewick's Wren,Aves,Passeriformes,Troglodytidae,N,H,Yes,2002
Washington,Tyto furcata,American Barn Owl,Aves,Strigiformes,Tytonidae,N,S,Yes,2022
Washington,Alasmidonta viridis,Slippershell Mussel,Bivalvia,Unionoida,Unionidae,N,S,Yes,2024
Washington,Simpsonaias ambigua,Salamander Mussel,Bivalvia,Unionoida,Unionidae,N,T,Yes,2024
Washington,Lacunicambarus chimera,Crawzilla Crawdad,Malacostraca,Decapoda,Cambaridae,N,S,Yes,1973
Washington,Mustela nivalis,Least Weasel,Mammalia,Carnivora,Mustelidae,N,S,Yes,2008
Wayne,Acipenser fulvescens,Lake Sturgeon,Actinopterygii,Acipenseriformes,Acipenseridae,N,E,Yes,2018
Wayne,Erimystax insignis,Blotched Chub,Actinopterygii,Cypriniformes,Leuciscidae,N,E,Yes,1986
Wayne,Hybopsis amnis,Pallid Shiner,Actinopterygii,Cypriniformes,Leuciscidae,N,E,Yes,1986
Wayne,Miniellus albizonatus,Palezone Shiner,Actinopterygii,Cypriniformes,Leuciscidae,E,E,Yes,2025
Wayne,Paranotropis sp. cf. spectrunculus,Sawfin Shiner,Actinopterygii,Cypriniformes,Leuciscidae,N,E,Yes,1990
Wayne,Allohistium maydeni,Redlips Darter,Actinopterygii,Perciformes,Percidae,N,S,Yes,1980
Wayne,Ammocrypta clara,Western Sand Darter,Actinopterygii,Perciformes,Percidae,N,E,Yes,1925
Wayne,Percina macrocephala,Longhead Darter,Actinopterygii,Perciformes,Percidae,N,E,Yes,1891
Wayne,Accipiter striatus,Sharp-shinned Hawk,Aves,Accipitriformes,Accipitridae,N,S,Yes,2010
Wayne,Circus hudsonius,Northern Harrier,Aves,Accipitriformes,Accipitridae,N,T,Yes,2014
Wayne,Haliaeetus leucocephalus,Bald Eagle,Aves,Accipitriformes,Accipitridae,N,S,Yes,2025
Wayne,Pandion haliaetus,Osprey,Aves,Accipitriformes,Pandionidae,N,S,Yes,2014
Wayne,Lophodytes cucullatus,Hooded Merganser,Aves,Anseriformes,Anatidae,N,T,Yes,2013
Wayne,Spatula discors,Blue-winged Teal,Aves,Anseriformes,Anatidae,N,T,No,2006
Wayne,Actitis macularius,Spotted Sandpiper,Aves,Charadriiformes,Scolopacidae,N,E,Yes,2014
Wayne,Fulica americana,American Coot,Aves,Gruiformes,Rallidae,N,E,No,2008
Wayne,Certhia americana,Brown Creeper,Aves,Passeriformes,Certhiidae,N,T,No,2006
Wayne,Riparia riparia,Bank Swallow,Aves,Passeriformes,Hirundinidae,N,S,Yes,2000
Wayne,Dolichonyx oryzivorus,Bobolink,Aves,Passeriformes,Icteridae,N,S,Yes,2014
Wayne,Lanius ludovicianus,Loggerhead Shrike,Aves,Passeriformes,Laniidae,N,S,Yes,2017
Wayne,Centronyx henslowii,Henslow's Sparrow,Aves,Passeriformes,Passerellidae,N,S,Yes,2007
Wayne,Junco hyemalis,Dark-eyed Junco,Aves,Passeriformes,Passerellidae,N,S,No,2008
Wayne,Passerculus sandwichensis,Savannah Sparrow,Aves,Passeriformes,Passerellidae,N,S,Yes,2014
Wayne,Pooecetes gramineus,Vesper Sparrow,Aves,Passeriformes,Passerellidae,N,E,No,2003
Wayne,Sitta canadensis,Red-breasted Nuthatch,Aves,Passeriformes,Sittidae,N,E,No,2008
Wayne,Ardea alba,Great Egret,Aves,Pelecaniformes,Ardeidae,N,T,Yes,2014
Wayne,Botaurus lentiginosus,American Bittern,Aves,Pelecaniformes,Ardeidae,N,H,Yes,2004
Wayne,Bubulcus ibis,Cattle Egret,Aves,Pelecaniformes,Ardeidae,N,S,No,2014
Wayne,Egretta caerulea,Little Blue Heron,Aves,Pelecaniformes,Ardeidae,N,E,No,2006
Wayne,Egretta thula,Snowy Egret,Aves,Pelecaniformes,Ardeidae,N,E,No,2006
Wayne,Podilymbus podiceps,Pied-billed Grebe,Aves,Podicipediformes,Podicipedidae,N,E,Yes,2014
Wayne,Asio flammeus,Short-eared Owl,Aves,Strigiformes,Strigidae,N,E,Yes,2004
Wayne,Tyto furcata,American Barn Owl,Aves,Strigiformes,Tytonidae,N,S,Yes,2022
Wayne,Phalacrocorax auritus,Double-crested Cormorant,Aves,Suliformes,Phalacrocoracidae,N,S,No,2004
Wayne,Cumberlandia monodonta,Spectaclecase,Bivalvia,Unionoida,Margaritiferidae,E,E,Yes,1911
Wayne,Actinonaias pectorosa,Pheasantshell,Bivalvia,Unionoida,Unionidae,N,S,Yes,1988
Wayne,Alasmidonta marginata,Elktoe,Bivalvia,Unionoida,Unionidae,N,T,Yes,1988
Wayne,Alasmidonta viridis,Slippershell Mussel,Bivalvia,Unionoida,Unionidae,N,S,Yes,2025
Wayne,Cambarunio taeniatus,Painted Creekshell,Bivalvia,Unionoida,Unionidae,N,S,Yes,2025
Wayne,Cyprogenia stegaria,Fanshell,Bivalvia,Unionoida,Unionidae,E,E,Yes,1947
Wayne,Dromus dromas,Dromedary Pearlymussel,Bivalvia,Unionoida,Unionidae,E,E,Yes,1911
Wayne,Elliptio crassidens,Elephantear,Bivalvia,Unionoida,Unionidae,N,S,Yes,1947
Wayne,Epioblasma brevidens,Cumberlandian Combshell,Bivalvia,Unionoida,Unionidae,E,E,Yes,1947
Wayne,Epioblasma capsaeformis,Oyster Mussel,Bivalvia,Unionoida,Unionidae,E,E,Yes,1911
Wayne,Fusconaia subrotunda,Longsolid,Bivalvia,Unionoida,Unionidae,T,T,Yes,1911
Wayne,Lampsilis abrupta,Pink Mucket,Bivalvia,Unionoida,Unionidae,E,E,Yes,1947
Wayne,Lampsilis ovata,Pocketbook,Bivalvia,Unionoida,Unionidae,N,E,Yes,1983
Wayne,Leaunio lienosus,Little Spectaclecase,Bivalvia,Unionoida,Unionidae,N,T,Yes,1988
Wayne,Leaunio vanuxemensis,Mountain Creekshell,Bivalvia,Unionoida,Unionidae,N,E,Yes,1948
Wayne,Ligumia recta,Black Sandshell,Bivalvia,Unionoida,Unionidae,N,S,Yes,1947
Wayne,Medionidus conradicus,Cumberland Moccasinshell,Bivalvia,Unionoida,Unionidae,N,E,Yes,2019
Wayne,Obovaria retusa,Ring Pink,Bivalvia,Unionoida,Unionidae,E,E,Yes,1910
Wayne,Obovaria subrotunda,Round Hickorynut,Bivalvia,Unionoida,Unionidae,T,T,Yes,2019
Wayne,Pegias fabula,Littlewing Pearlymussel,Bivalvia,Unionoida,Unionidae,E,E,Yes,1991
Wayne,Plethobasus cooperianus,Orangefoot Pimpleback,Bivalvia,Unionoida,Unionidae,E,E,Yes,1911
Wayne,Plethobasus cyphyus,Sheepnose,Bivalvia,Unionoida,Unionidae,E,E,Yes,1911
Wayne,Pleurobema oviforme,Tennessee Clubshell,Bivalvia,Unionoida,Unionidae,N,E,Yes,2025
Wayne,Pleurobema plenum,Rough Pigtoe,Bivalvia,Unionoida,Unionidae,E,E,Yes,1947
Wayne,Pleurobema rubrum,Pyramid Pigtoe,Bivalvia,Unionoida,Unionidae,PT,E,Yes,1911
Wayne,Ptychobranchus subtentus,Fluted Kidneyshell,Bivalvia,Unionoida,Unionidae,E,E,Yes,2019
Wayne,Toxolasma lividum,Purple Lilliput,Bivalvia,Unionoida,Unionidae,N,E,Yes,2019
Wayne,Venustaconcha troostensis,Cumberland Bean,Bivalvia,Unionoida,Unionidae,E,E,Yes,2019
Wayne,Orconectes barri,Cumberland Plateau Cave Crayfish,Malacostraca,Decapoda,Cambaridae,N,T,Yes,2004
Wayne,Spilogale putorius,Eastern Spotted Skunk,Mammalia,Carnivora,Mephitidae,N,S,Yes,2012
Wayne,Corynorhinus rafinesquii,Rafinesque's Big-eared Bat,Mammalia,Chiroptera,Vespertilionidae,N,S,Yes,2025
Wayne,Myotis grisescens,Gray Myotis,Mammalia,Chiroptera,Vespertilionidae,E,T,Yes,2025
Wayne,Myotis leibii,Eastern Small-footed Myotis,Mammalia,Chiroptera,Vespertilionidae,N,T,Yes,2025
Wayne,Myotis lucifugus,Little Brown Bat,Mammalia,Chiroptera,Vespertilionidae,N,T,Yes,2025
Wayne,Myotis septentrionalis,Northern Long-Eared Bat,Mammalia,Chiroptera,Vespertilionidae,E,E,Yes,2020
Wayne,Myotis sodalis,Indiana Bat,Mammalia,Chiroptera,Vespertilionidae,E,E,Yes,2025
Wayne,Perimyotis subflavus,Tricolored Bat,Mammalia,Chiroptera,Vespertilionidae,PE,T,Yes,2025
Wayne,Ichthyomyzon greeleyi,Mountain Brook Lamprey,Petromyzontida,Petromyzontiformes,Petromyzontidae,N,T,Yes,2016
Webster,Lithobates areolatus circulosus,Northern Crawfish Frog,Amphibia,Anura,Ranidae,N,S,Yes,2016
Webster,Accipiter striatus,Sharp-shinned Hawk,Aves,Accipitriformes,Accipitridae,N,S,Yes,1999
Webster,Circus hudsonius,Northern Harrier,Aves,Accipitriformes,Accipitridae,N,T,Yes,2008
Webster,Haliaeetus leucocephalus,Bald Eagle,Aves,Accipitriformes,Accipitridae,N,S,Yes,2023
Webster,Actitis macularius,Spotted Sandpiper,Aves,Charadriiformes,Scolopacidae,N,E,Yes,1999
Webster,Falco peregrinus,Peregrine Falcon,Aves,Falconiformes,Falconidae,N,E,Yes,2005
Webster,Lanius ludovicianus,Loggerhead Shrike,Aves,Passeriformes,Laniidae,N,S,Yes,2007
Webster,Centronyx henslowii,Henslow's Sparrow,Aves,Passeriformes,Passerellidae,N,S,Yes,2011
Webster,Vireo bellii,Bell's Vireo,Aves,Passeriformes,Vireonidae,N,S,Yes,2012
Webster,Botaurus lentiginosus,American Bittern,Aves,Pelecaniformes,Ardeidae,N,H,Yes,1999
Webster,Podilymbus podiceps,Pied-billed Grebe,Aves,Podicipediformes,Podicipedidae,N,E,Yes,1926
Webster,Tyto furcata,American Barn Owl,Aves,Strigiformes,Tytonidae,N,S,Yes,2022
Webster,Elliptio crassidens,Elephantear,Bivalvia,Unionoida,Unionidae,N,S,Yes,1993
Webster,Leaunio lienosus,Little Spectaclecase,Bivalvia,Unionoida,Unionidae,N,T,Yes,2022
Webster,Toxolasma texasiense,Texas Lilliput,Bivalvia,Unionoida,Unionidae,N,T,Yes,2022
Webster,Faxonius kentuckiensis,Kentucky Crayfish,Malacostraca,Decapoda,Cambaridae,N,T,Yes,1981
Webster,Faxonius rafinesquei,Rough River Crayfish,Malacostraca,Decapoda,Cambaridae,N,S,Yes,1999
Webster,Lacunicambarus chimera,Crawzilla Crawdad,Malacostraca,Decapoda,Cambaridae,N,S,Yes,2025
Webster,Nerodia erythrogaster neglecta,Copperbelly Watersnake,Reptilia,Squamata,Colubridae,T,T,Yes,2011
Whitley,Acipenser fulvescens,Lake Sturgeon,Actinopterygii,Acipenseriformes,Acipenseridae,N,E,Yes,2023
Whitley,Chrosomus cumberlandensis,Blackside Dace,Actinopterygii,Cypriniformes,Leuciscidae,T,T,Yes,2021
Whitley,Etheostoma sagitta,Cumberland Arrow Darter,Actinopterygii,Perciformes,Percidae,N,S,Yes,2022
Whitley,Etheostoma susanae,Cumberland Darter,Actinopterygii,Perciformes,Percidae,E,E,Yes,2018
Whitley,Percina squamata,Olive Darter,Actinopterygii,Perciformes,Percidae,N,E,Yes,1961
Whitley,Cryptobranchus alleganiensis alleganiensis,Eastern Hellbender,Amphibia,Caudata,Cryptobranchidae,PE,S,Yes,2020
Whitley,Accipiter striatus,Sharp-shinned Hawk,Aves,Accipitriformes,Accipitridae,N,S,Yes,1998
Whitley,Haliaeetus leucocephalus,Bald Eagle,Aves,Accipitriformes,Accipitridae,N,S,Yes,2022
Whitley,Pandion haliaetus,Osprey,Aves,Accipitriformes,Pandionidae,N,S,Yes,2010
Whitley,Actitis macularius,Spotted Sandpiper,Aves,Charadriiformes,Scolopacidae,N,E,Yes,2011
Whitley,Pheucticus ludovicianus,Rose-breasted Grosbeak,Aves,Passeriformes,Cardinalidae,N,S,No,2023
Whitley,Vermivora chrysoptera,Golden-winged Warbler,Aves,Passeriformes,Parulidae,N,E,Yes,2023
Whitley,Actinonaias pectorosa,Pheasantshell,Bivalvia,Unionoida,Unionidae,N,S,Yes,1995
Whitley,Alasmidonta atropurpurea,Cumberland Elktoe,Bivalvia,Unionoida,Unionidae,E,E,Yes,1996
Whitley,Alasmidonta viridis,Slippershell Mussel,Bivalvia,Unionoida,Unionidae,N,S,Yes,1966
Whitley,Anodontoides denigratus,Cumberland Papershell,Bivalvia,Unionoida,Unionidae,N,E,Yes,2021
Whitley,Cambarunio taeniatus,Painted Creekshell,Bivalvia,Unionoida,Unionidae,N,S,Yes,1910
Whitley,Elliptio crassidens,Elephantear,Bivalvia,Unionoida,Unionidae,N,S,Yes,1968
Whitley,Lampsilis ovata,Pocketbook,Bivalvia,Unionoida,Unionidae,N,E,Yes,1984
Whitley,Leaunio lienosus,Little Spectaclecase,Bivalvia,Unionoida,Unionidae,N,T,Yes,1933
Whitley,Medionidus conradicus,Cumberland Moccasinshell,Bivalvia,Unionoida,Unionidae,N,E,Yes,1972
Whitley,Venustaconcha troostensis,Cumberland Bean,Bivalvia,Unionoida,Unionidae,E,E,Yes,1972
Whitley,Cambarus buntingi,Longclaw Crayfish,Malacostraca,Decapoda,Cambaridae,N,T,Yes,2024
Whitley,Cambarus deweesae,Valley Flame Crayfish,Malacostraca,Decapoda,Cambaridae,N,S,Yes,2021
Whitley,Cambarus hazardi,Brawny Crayfish,Malacostraca,Decapoda,Cambaridae,N,S,Yes,1979
Whitley,Spilogale putorius,Eastern Spotted Skunk,Mammalia,Carnivora,Mephitidae,N,S,Yes,2017
Whitley,Corynorhinus rafinesquii,Rafinesque's Big-eared Bat,Mammalia,Chiroptera,Vespertilionidae,N,S,Yes,1994
Whitley,Myotis leibii,Eastern Small-footed Myotis,Mammalia,Chiroptera,Vespertilionidae,N,T,Yes,2009
Whitley,Myotis lucifugus,Little Brown Bat,Mammalia,Chiroptera,Vespertilionidae,N,T,Yes,2019
Whitley,Myotis septentrionalis,Northern Long-Eared Bat,Mammalia,Chiroptera,Vespertilionidae,E,E,Yes,2013
Whitley,Myotis sodalis,Indiana Bat,Mammalia,Chiroptera,Vespertilionidae,E,E,Yes,2013
Whitley,Perimyotis subflavus,Tricolored Bat,Mammalia,Chiroptera,Vespertilionidae,PE,T,Yes,2019
Whitley,Ophisaurus attenuatus longicaudus,Eastern Slender Glass Lizard,Reptilia,Squamata,Anguidae,N,T,Yes,2018
Whitley,Cemophora coccinea,Scarletsnake,Reptilia,Squamata,Colubridae,N,S,Yes,1951
Whitley,Lampropeltis elapsoides,Scarlet Kingsnake,Reptilia,Squamata,Colubridae,N,E,Yes,1951
Whitley,Pituophis melanoleucus,Eastern Pinesnake,Reptilia,Squamata,Colubridae,N,E,Yes,1975
Whitley,Plestiodon anthracinus,Coal Skink,Reptilia,Squamata,Scincidae,N,E,Yes,2003
Whitley,Plestiodon inexpectatus,Southeastern Five-lined Skink,Reptilia,Squamata,Scincidae,N,S,Yes,2021
Wolfe,Etheostoma spilotum,Kentucky Arrow Darter,Actinopterygii,Perciformes,Percidae,T,T,Yes,2025
Wolfe,Cryptobranchus alleganiensis alleganiensis,Eastern Hellbender,Amphibia,Caudata,Cryptobranchidae,PE,S,Yes,2008
Wolfe,Accipiter striatus,Sharp-shinned Hawk,Aves,Accipitriformes,Accipitridae,N,S,Yes,2011
Wolfe,Haliaeetus leucocephalus,Bald Eagle,Aves,Accipitriformes,Accipitridae,N,S,Yes,2002
Wolfe,Falco peregrinus,Peregrine Falcon,Aves,Falconiformes,Falconidae,N,E,Yes,2009
Wolfe,Certhia americana,Brown Creeper,Aves,Passeriformes,Certhiidae,N,T,No,2010
Wolfe,Corvus corax,Common Raven,Aves,Passeriformes,Corvidae,N,T,Yes,2011
Wolfe,Junco hyemalis,Dark-eyed Junco,Aves,Passeriformes,Passerellidae,N,S,No,2011
Wolfe,Sitta canadensis,Red-breasted Nuthatch,Aves,Passeriformes,Sittidae,N,E,No,2012
Wolfe,Tyto furcata,American Barn Owl,Aves,Strigiformes,Tytonidae,N,S,Yes,1967
Wolfe,Alasmidonta marginata,Elktoe,Bivalvia,Unionoida,Unionidae,N,T,Yes,2004
Wolfe,Alasmidonta viridis,Slippershell Mussel,Bivalvia,Unionoida,Unionidae,N,S,Yes,1988
Wolfe,Lampsilis ovata,Pocketbook,Bivalvia,Unionoida,Unionidae,N,E,Yes,1974
Wolfe,Obovaria subrotunda,Round Hickorynut,Bivalvia,Unionoida,Unionidae,T,T,Yes,1967
Wolfe,Cambarus hazardi,Brawny Crayfish,Malacostraca,Decapoda,Cambaridae,N,S,Yes,2012
Wolfe,Spilogale putorius,Eastern Spotted Skunk,Mammalia,Carnivora,Mephitidae,N,S,Yes,2023
Wolfe,Corynorhinus rafinesquii,Rafinesque's Big-eared Bat,Mammalia,Chiroptera,Vespertilionidae,N,S,Yes,2022
Wolfe,Corynorhinus townsendii virginianus,Virginia Big-eared Bat,Mammalia,Chiroptera,Vespertilionidae,E,E,Yes,2010
Wolfe,Myotis lucifugus,Little Brown Bat,Mammalia,Chiroptera,Vespertilionidae,N,T,Yes,2009
Wolfe,Myotis septentrionalis,Northern Long-Eared Bat,Mammalia,Chiroptera,Vespertilionidae,E,E,Yes,2009
Wolfe,Myotis sodalis,Indiana Bat,Mammalia,Chiroptera,Vespertilionidae,E,E,Yes,1988
Wolfe,Perimyotis subflavus,Tricolored Bat,Mammalia,Chiroptera,Vespertilionidae,PE,T,Yes,2017
Wolfe,Ichthyomyzon fossor,Northern Brook Lamprey,Petromyzontida,Petromyzontiformes,Petromyzontidae,N,T,Yes,2023
Wolfe,Lethenteron appendix,American Brook Lamprey,Petromyzontida,Petromyzontiformes,Petromyzontidae,N,T,Yes,2022
Wolfe,Pantherophis guttatus,Red Cornsnake,Reptilia,Squamata,Colubridae,N,S,Yes,1976
Woodford,Nocomis biguttatus,Hornyhead Chub,Actinopterygii,Cypriniformes,Leuciscidae,N,S,Yes,1990
Woodford,Lithobates pipiens,Northern Leopard Frog,Amphibia,Anura,Ranidae,N,S,Yes,1985
Woodford,Cryptobranchus alleganiensis alleganiensis,Eastern Hellbender,Amphibia,Caudata,Cryptobranchidae,PE,S,Yes,2000
Woodford,Accipiter striatus,Sharp-shinned Hawk,Aves,Accipitriformes,Accipitridae,N,S,Yes,1983
Woodford,Circus hudsonius,Northern Harrier,Aves,Accipitriformes,Accipitridae,N,T,Yes,2008
Woodford,Haliaeetus leucocephalus,Bald Eagle,Aves,Accipitriformes,Accipitridae,N,S,Yes,2021
Woodford,Lophodytes cucullatus,Hooded Merganser,Aves,Anseriformes,Anatidae,N,T,Yes,2011
Woodford,Gallinula galeata,Common Gallinule,Aves,Gruiformes,Rallidae,N,T,Yes,1905
Woodford,Pheucticus ludovicianus,Rose-breasted Grosbeak,Aves,Passeriformes,Cardinalidae,N,S,No,2007
Woodford,Certhia americana,Brown Creeper,Aves,Passeriformes,Certhiidae,N,T,No,2012
Woodford,Dolichonyx oryzivorus,Bobolink,Aves,Passeriformes,Icteridae,N,S,Yes,2014
Woodford,Lanius ludovicianus,Loggerhead Shrike,Aves,Passeriformes,Laniidae,N,S,Yes,2015
Woodford,Junco hyemalis,Dark-eyed Junco,Aves,Passeriformes,Passerellidae,N,S,No,2012
Woodford,Passerculus sandwichensis,Savannah Sparrow,Aves,Passeriformes,Passerellidae,N,S,Yes,2014
Woodford,Cistothorus stellaris,Sedge Wren,Aves,Passeriformes,Troglodytidae,N,S,Yes,1996
Woodford,Thryomanes bewickii,Bewick's Wren,Aves,Passeriformes,Troglodytidae,N,H,Yes,1996
Woodford,Ardea alba,Great Egret,Aves,Pelecaniformes,Ardeidae,N,T,Yes,2014
Woodford,Nyctanassa violacea,Yellow-crowned Night-heron,Aves,Pelecaniformes,Ardeidae,N,T,Yes,1997
Woodford,Podilymbus podiceps,Pied-billed Grebe,Aves,Podicipediformes,Podicipedidae,N,E,Yes,2014
Woodford,Asio otus,Long-eared Owl,Aves,Strigiformes,Strigidae,N,E,Yes,1990
Woodford,Tyto furcata,American Barn Owl,Aves,Strigiformes,Tytonidae,N,S,Yes,2013
Woodford,Alasmidonta viridis,Slippershell Mussel,Bivalvia,Unionoida,Unionidae,N,S,Yes,2013
Woodford,Macrochelys temminckii,Alligator Snapping Turtle,Chelonia,Testudines,Chelydridae,PT,E,Yes,2022
Woodford,Mustela nivalis,Least Weasel,Mammalia,Carnivora,Mustelidae,N,S,Yes,2001
Woodford,Corynorhinus rafinesquii,Rafinesque's Big-eared Bat,Mammalia,Chiroptera,Vespertilionidae,N,S,Yes,1987
Woodford,Myotis grisescens,Gray Myotis,Mammalia,Chiroptera,Vespertilionidae,E,T,Yes,2013
Woodford,Perimyotis subflavus,Tricolored Bat,Mammalia,Chiroptera,Vespertilionidae,PE,T,Yes,2013
