Common Name,Scientific Name,Status,State,Taxon Key
Abbott's booby,Papasula (=Sula) abbotti,Endangered,All,2480983
Aboriginal Prickly-apple,Harrisia (=Cereus) aboriginum (=gracilis),Endangered,All,5384198
Acklins ground iguana,Cyclura rileyi nuchalis,Threatened,All,5224648
Acuña Cactus,Echinomastus erectocentrus var. acunensis,Endangered,All,11097408
Addax,Addax nasomaculatus,Endangered,All,2441101
Adriatic sturgeon,Acipenser naccarii,Endangered,All,2402193
A`e,Zanthoxylum dipetalum var. tomentosum,Endangered,All,4272368
A`e,Zanthoxylum hawaiiense,Endangered,All,3190080
A`e,Zanthoxylum oahuense,Endangered,All,3190114
African coelacanth,Latimeria chalumnae,Threatened,All,2441273
African dwarf crocodile,Osteolaemus tetraspis tetraspis,Endangered,All,2441385
African elephant,Loxodonta africana,Threatened,All,2435350
African penguin,Spheniscus demersus,Endangered,All,5229384
African slender-snouted crocodile,Crocodylus cataphractus,Endangered,All,2441403
African viviparous toads,Nectophrynoides spp.,Endangered,All,
African wild ass,Equus africanus,Endangered,All,5787168
African wild dog,Lycaon pictus,Endangered,All,5219317
`Ahinahina,Argyroxiphium sandwicense ssp. macrocephalum,Threatened,All,7528350
`Ahinahina,Argyroxiphium sandwicense ssp. sandwicense,Endangered,All,7223054
"`Aiakeakua, popolo",Solanum sandwicense,Endangered,All,2931620
`Aiea,Nothocestrum breviflorum,Endangered,All,2928719
`Aiea,Nothocestrum latifolium,Endangered,All,2928714
`Aiea,Nothocestrum peltatum,Endangered,All,2928716
Akekee,Loxops caeruleirostris,Endangered,All,5231617
akiapolaau,Hemignathus wilsoni,Endangered,All,2494611
Akikiki,Oreomystis bairdi,Endangered,All,2494355
`Akohekohe (crested honeycreeper),Palmeria dolei,Endangered,All,5231622
`Akoko,Euphorbia celastroides var. kaenana,Endangered,All,3069979
`Akoko,Euphorbia deppeana,Endangered,All,3066293
`Akoko,Euphorbia eleanoriae,Endangered,All,3067702
`Akoko,Euphorbia haeleeleana,Endangered,All,3067836
`Akoko,Euphorbia herbstii,Endangered,All,3065516
`Akoko,Euphorbia kuwaleana,Endangered,All,3070104
`Akoko,Euphorbia remyi var. kauaiensis,Endangered,All,3069272
`Akoko,Euphorbia remyi var. remyi,Endangered,All,6709099
`Akoko,Euphorbia rockii,Endangered,All,3066636
`Akoko,Euphorbia skottsbergii var. skottsbergii,Endangered,All,3067988
'Akoko,Euphorbia halemanui,Endangered,All,3067517
`aku,Cyanea tritomantha,Endangered,All,5412268
`aku`aku,Cyanea platyphylla,Endangered,All,5412208
`Ala `ala wai nui,Peperomia subpetiolata,Endangered,All,3086464
Ala balik (trout),Salmo platycephalus,Endangered,All,2351565
Alabama beach mouse,Peromyscus polionotus ammobates,Endangered,All,2437996
Alabama Canebrake Pitcher Plant,Sarracenia rubra ssp. alabamensis,Endangered,All,5572814
Alabama cavefish,Speoplatyrhinus poulsoni,Endangered,All,2401719
Alabama cave shrimp,Palaemonias alabamae,Endangered,All,2223015
Alabama lampmussel,Lampsilis virescens,Endangered,All,2288159
Alabama Leather Flower,Clematis socialis,Endangered,All,3033591
Alabama moccasinshell,Medionidus acutissimus,Threatened,All,2287913
Alabama pearlshell,Margaritifera marrianae,Endangered,All,2287873
Alabama red-bellied turtle,Pseudemys alabamensis,Endangered,All,2442820
Alabama streak-sorus fern,Thelypteris pilosa var. alabamensis,Threatened,All,10970901
Alabama sturgeon,Scaphirhynchus suttkusi,Endangered,All,2402090
Alameda whipsnake (=striped racer),Masticophis lateralis euryxanthus,Threatened,All,6161705
Alamosa springsnail,Tryonia alamosae,Endangered,All,7500928
Alani,Melicope adscendens,Endangered,All,3190339
Alani,Melicope balloui,Endangered,All,3190220
Alani,Melicope christophersenii,Endangered,All,3190353
Alani,Melicope degeneri,Endangered,All,3190243
Alani,Melicope haupuensis,Endangered,All,3190320
Alani,Melicope hiiakae,Endangered,All,3190228
Alani,Melicope knudsenii,Endangered,All,3190194
Alani,Melicope lydgatei,Endangered,All,3190328
Alani,Melicope makahae,Endangered,All,3190203
Alani,Melicope mucronulata,Endangered,All,3190225
Alani,Melicope munroi,Endangered,All,3190349
Alani,Melicope ovalis,Endangered,All,3190241
Alani,Melicope pallida,Endangered,All,3190299
Alani,Melicope paniculata,Endangered,All,3190245
Alani,Melicope puberula,Endangered,All,3190378
Alani,Melicope quadrangularis,Endangered,All,3190322
Alani,Melicope reflexa,Endangered,All,3190326
Alani,Melicope saint-johnii,Endangered,All,7960789
Alani,Melicope zahlbruckneri,Endangered,All,3190351
Alaotra Grebe,Tachybaptus rufolavatus,Endangered,All,2482042
Aldabra Warbler (old world warbler),Nesillas aldabranus,Endangered,All,
Aleutian shield fern,Polystichum aleuticum,Endangered,All,4046853
Algerian nuthatch,Sitta ledanti,Endangered,All,2484883
Allen's Cay iguana,Cyclura cychlura inornata,Threatened,All,5224642
Altamaha Spinymussel,Elliptio spinosa,Endangered,All,2288307
Amargosa niterwort,Nitrophila mohavensis,Endangered,All,3083628
Amargosa vole,Microtus californicus scirpensis,Endangered,All,2438603
Amazonian manatee,Trichechus inunguis,Endangered,All,2435292
Amber darter,Percina antesella,Endangered,All,2382088
American burying beetle,Nicrophorus americanus,Threatened,All,1038971
American chaffseed,Schwalbea americana,Endangered,All,3172121
American crocodile,Crocodylus acutus,Threatened,All,2441329
American crocodile,Crocodylus acutus,Endangered,All,2441329
American hart's-tongue fern,Asplenium scolopendrium var. americanum,Threatened,All,4256560
Amsterdam Albatross,Diomedia amsterdamensis,Endangered,All,
Anastasia Island beach mouse,Peromyscus polionotus phasma,Endangered,All,2437996
`Anaunau,Lepidium arbuscula,Endangered,All,5376908
Anchialine pool shrimp,Vetericaris chaceorum,Endangered,All,2223890
Anchialine pool Shrimp,Procaris hawaiana,Endangered,All,6454483
Andean cat,Felis jacobita,Endangered,All,2434979
Andean condor,Vultur gryphus,Endangered,All,2481907
Andean flamingo,Phoenicoparrus andinus,Endangered,All,2481106
Andrew's frigatebird,Fregata andrewsi,Endangered,All,2480185
Andros Island ground iguana,Cyclura cychlura cychlura,Threatened,All,7061487
Anegada ground iguana,Cyclura pinguis,Endangered,All,5960673
Angel shark,Squatina squatina,Endangered,All,2417781
Angulated tortoise,Geochelone yniphora,Endangered,All,2441673
Anjouan Island sparrowhawk,Accipiter francesii pusillus,Endangered,All,6066158
Anjouan scops owl,Otus rutilus capnodes,Endangered,All,5232283
Anthony's riversnail,Athearnia anthonyi,Endangered,All,5782551
Anthricinan yellow-faced bee,Hylaeus anthracinus,Endangered,All,1349739
Antioch Dunes evening-primrose,Oenothera deltoides ssp. howellii,Endangered,All,6428520
`Anunu,Sicyos albus,Endangered,All,
`Anunu,Sicyos macrophyllus,Endangered,All,
Apalachicola rosemary,Conradina glabra,Endangered,All,2927105
Apaporis River caiman,Caiman crocodilus apaporiensis,Endangered,All,6162968
Apennine chamois,Rupicapra rupicapra ornata,Endangered,All,5706425
Aplokating-palaoan,Psychotria malaspinae,Endangered,All,2921560
Appalachian elktoe,Alasmidonta raveneliana,Endangered,All,2287897
Appalachian monkeyface (pearlymussel),Theliderma sparsa,Endangered,All,5782385
Applegate's milk-vetch,Astragalus applegatei,Endangered,All,
Aquatic box turtle,Terrapene coahuila,Endangered,All,2443167
Arabian gazelle,Gazella gazella,Endangered,All,5220154
Arabian oryx,Oryx leucoryx,Endangered,All,5220164
Arabian ostrich,Struthio camelus syriacus,Endangered,All,6175925
Arabian tahr,Hemitragus jayakari,Endangered,All,5220173
Argali,Ovis ammon,Threatened,All,2441122
Argali,Ovis ammon,Endangered,All,2441122
Argentine angelshark,Squatina argentina,Endangered,All,2417805
Arizona Cliffrose,Purshia (=Cowania) subintegra,Endangered,All,5370310
Arizona eryngo,Eryngium sparganophyllum,Endangered,All,3034395
Arizona hedgehog cactus,Echinocereus arizonicus ssp. arizonicus,Endangered,All,7810711
Arkansas fatmucket,Lampsilis powellii,Threatened,All,2288135
Arkansas River shiner,Notropis girardi,Threatened,All,2362242
Armored snail,Marstonia pachyta,Endangered,All,2300122
Arroyo (=arroyo southwestern) toad,Anaxyrus californicus,Endangered,All,2422897
Aruba Island rattlesnake,Crotalus unicolor,Threatened,All,2444438
Ash-breasted tit-tyrant,Anairetes alpinus,Endangered,All,2482685
Ash-grey paintbrush,Castilleja cinerea,Threatened,All,3170589
Ash Meadows Amargosa pupfish,Cyprinodon nevadensis mionectes,Endangered,All,4284433
Ash Meadows blazingstar,Mentzelia leucophylla,Threatened,All,5331506
Ash Meadows gumplant,Grindelia fraxinipratensis,Threatened,All,3146287
Ash Meadows ivesia,Ivesia kingii var. eremica,Threatened,All,11317936
Ash meadows milk-vetch,Astragalus phoenix,Threatened,All,5345256
Ash Meadows naucorid,Ambrysus amargosus,Threatened,All,2020311
Ash Meadows speckled dace,Rhinichthys osculus nevadensis,Endangered,All,2359791
Ash Meadows sunray,Enceliopsis nudicaulis var. corrugata,Threatened,All,3132443
Ashy dogweed,Thymophylla tephroleuca,Endangered,All,3144436
Asian bonytongue,Scleropages formosus,Endangered,All,2402231
Asian elephant,Elephas maximus,Endangered,All,5219461
Asian golden (=Temmnick's) cat,Catopuma (=Felis) temminckii,Endangered,All,2435094
Asian tapir,Tapirus indicus,Endangered,All,7818962
Asian wild ass,Equus hemionus,Endangered,All,2440893
Assimulans yellow-faced bee,Hylaeus assimulans,Endangered,All,1349567
Atitlan grebe,Podilymbus gigas,Endangered,All,2482076
Atlantic humpback dolphin,Sousa teuszii,Endangered,All,2440505
Atlantic Humpback Dolphin,Sousa teuszii,Endangered,All,2440505
Atlantic pigtoe,Fusconaia masoni,Threatened,All,2288184
Atlantic salmon,Salmo salar,Endangered,All,7595433
Atlantic salt marsh snake,Nerodia clarkii taeniata,Threatened,All,9561070
Atlantic sturgeon,Acipenser oxyrinchus oxyrinchus,Endangered,All,4287132
Atlantic sturgeon,Acipenser oxyrinchus oxyrinchus,Endangered,All,4287132
Atlantic sturgeon,Acipenser oxyrinchus oxyrinchus,Endangered,All,4287132
Atlantic sturgeon,Acipenser oxyrinchus oxyrinchus,Endangered,All,4287132
Atlantic sturgeon,Acipenser oxyrinchus oxyrinchus,Threatened,All,4287132
Attwater's greater prairie-chicken,Tympanuchus cupido attwateri,Endangered,All,6180015
Audouin's gull,Larus audouinii,Endangered,All,7406504
Aukland Island rail,Rallus pectoralis muelleri,Endangered,All,5228187
Aupaka,Isodendrion hosakae,Endangered,All,2874470
Aupaka,Isodendrion laurifolium,Endangered,All,2874477
Aupaka,Isodendrion longifolium,Threatened,All,2874468
Austin blind Salamander,Eurycea waterlooensis,Endangered,All,5218361
Australian native mouse,Notomys aquilo,Endangered,All,2438978
Australian native mouse,Zyzomys pedunculatus,Endangered,All,2439329
Autumn Buttercup,Ranunculus aestivalis (=acriformis),Endangered,All,3033315
Avahi,Avahi laniger (entire genus),Endangered,All,2436426
Avon Park harebells,Crotalaria avonensis,Endangered,All,2942306
`Awikiwiki,Canavalia molokaiensis,Endangered,All,2962046
`Awikiwiki,Canavalia napaliensis,Endangered,All,2962081
`Awikiwiki,Canavalia pubescens,Endangered,All,2962148
Awiwi,Schenkia sebaeoides,Endangered,All,5595251
'Awiwi,Kadua cookiana,Endangered,All,2903861
Aye-aye,Daubentonia madagascariensis,Endangered,All,5219587
Ayumodoki (loach),Hymenophysa curta,Endangered,All,8315311
Azores wood pigeon,Columba palumbus azorica,Endangered,All,2495459
Babirusa,Babyrousa babyrussa,Endangered,All,2441209
Bactrian camel,Camelus bactrianus,Endangered,All,2441238
Bactrian deer,Cervus elaphus bactrianus,Endangered,All,4262355
Bahaman or Cuban parrot,Amazona leucocephala,Endangered,All,2479655
Bakersfield cactus,Opuntia treleasei,Endangered,All,5621328
Baker's larkspur,Delphinium bakeri,Endangered,All,3033732
Balcones spike,Fusconaia iheringi,Endangered,All,11144793
Baluchistan bear,Ursus thibetanus gedrosianus,Endangered,All,6163860
Banbury Springs limpet,Idaholanx fresti,Endangered,All,
Banded cotinga,Cotinga maculata,Endangered,All,5230385
Banded hare wallaby,Lagostrophus fasciatus,Endangered,All,2440134
Banded wattle-eye,Platysteira laticincta,Endangered,All,2492315
Band-rumped Storm-petrel,Hydrobates castro,Endangered,All,2482001
Banggai cardinalfish,Pterapogon kauderni,Threatened,All,2397627
Bannerman's turaco,Tauraco bannermani,Endangered,All,2475229
Banteng,Bos javanicus,Endangered,All,2441027
Barbados yellow warbler (=wood),Dendroica petechia petechia,Endangered,All,7341835
Barbary deer,Cervus elaphus barbarus,Endangered,All,6165148
Barbary hyena,Hyaena hyaena barbara,Endangered,All,5218777
Barbary serval,Leptailurus (=Felis) serval constantina,Endangered,All,2435172
Barbary stag,Cervus elaphus barbarus,Endangered,All,6165148
Bariaco,Trichilia triacantha,Endangered,All,3190495
Barneby reed-mustard,Schoenocrambe barnebyi,Endangered,All,3047784
Barneby ridge-cress,Lepidium barnebyanum,Endangered,All,5376581
Barred bandicoot,Perameles bougainville,Endangered,All,5219458
Barrens topminnow,Fundulus julisia,Endangered,All,5203656
Barrington land iguana,Conolophus pallidus,Endangered,All,5224630
Bar-tailed pheasant,Syrmaticus humaie,Endangered,All,
Barton Springs salamander,Eurycea sosorum,Endangered,All,5218352
Bartram's hairstreak Butterfly,Strymon acis bartrami,Endangered,All,6237359
Bartram's stonecrop,Graptopetalum bartramii,Threatened,All,2985703
Bay checkerspot butterfly,Euphydryas editha bayensis,Threatened,All,1908011
Bayou darter,Etheostoma rubrum,Threatened,All,2382317
Beach jacquemontia,Jacquemontia reclinata,Endangered,All,5341718
beach layia,Layia carnosa,Threatened,All,5392987
bearded Seal,Erignathus barbatus nauticus,Threatened,All,6163803
bearded Seal,Erignathus barbatus nauticus,Threatened,All,6163803
beardless chinchweed,Pectis imberbis,Endangered,All,5405538
Bear Valley sandwort,Arenaria ursina,Threatened,All,3085285
Beautiful goetzea,Goetzea elegans,Endangered,All,2928899
Beautiful pawpaw,Deeringothamnus pulchellus,Endangered,All,3156175
Beautiful shiner,Cyprinella formosa,Threatened,All,5207648
Beaver (Mongolian),Castor fiber birulai,Endangered,All,4409131
Bee Creek Cave harvestman,Texella reddelli,Endangered,All,2182073
Behren's silverspot butterfly,Speyeria zerene behrensii,Endangered,All,4299420
Beluga sturgeon,Huso huso,Threatened,All,2402105
beluga whale,Delphinapterus leucas,Endangered,All,5220003
Ben Lomond spineflower,Chorizanthe pungens var. hartwegiana,Endangered,All,4034902
Ben Lomond wallflower,Erysimum teretifolium,Endangered,All,3048368
Benton County cave crayfish,Cambarus aculabrum,Endangered,All,2227319
Berenghenas halomtano,Solanum guamense,Endangered,All,2929725
Bermuda petrel,Pterodroma cahow,Endangered,All,2481465
Big Bend gambusia,Gambusia gaigei,Endangered,All,2350638
Big Creek Crayfish,Faxonius peruncus,Threatened,All,8938838
big-leaved crownbeard,Verbesina dissita,Threatened,All,3148061
Big Pine partridge pea,Chamaecrista lineata keyensis,Endangered,All,2950404
Big Sandy crayfish,Cambarus callainus,Threatened,All,8899029
Big Spring spinedace,Lepidomeda mollispinis pratensis,Threatened,All,2361895
Birdwing pearlymussel,Lemiox rimosus,Endangered,All,2288178
Black Abalone,Haliotis cracherodii,Endangered,All,2293077
black-breasted puffleg,Eriocnemis nigrivestis,Endangered,All,5228530
Blackburn's sphinx moth,Manduca blackburni,Endangered,All,1864007
Black caiman,Melanosuchus niger,Endangered,All,2441409
Black-capped Petrel,Pterodroma hasitata,Endangered,All,2481477
Blackchin guitarfish,Rhinobatos cemiculus,Threatened,All,7532383
Black clubshell,Pleurobema curtum,Endangered,All,2288101
Black colobus monkey,Colobus satanas,Endangered,All,5963046
Black-faced impala,Aepyceros melampus petersi,Endangered,All,4262729
Black-footed cat,Felis nigripes,Endangered,All,2435037
Black-footed ferret,Mustela nigripes,Endangered,All,5218985
Black-fronted piping-guan,Pipile jacutinga,Endangered,All,2482303
Black hooded (black-headed) antwren,Formicivora erythronotos,Endangered,All,2490044
Black howler monkey,Alouatta pigra,Threatened,All,2436653
Black lace cactus,Echinocereus reichenbachii var. albertii,Endangered,All,10906479
Blackline Hawaiian damselfly,Megalagrion nigrohamatum nigrolineatum,Endangered,All,6243141
Black-necked Crane,Grus nigricollis,Endangered,All,2474960
Black pinesnake,Pituophis melanoleucus lodingi,Threatened,All,6162125
Black rhinoceros,Diceros bicornis,Endangered,All,5220111
Blackside dace,Phoxinus cumberlandensis,Threatened,All,2365380
Black softshell turtle,Trionyx nigricans,Endangered,All,2442549
Black spored quillwort,Isoetes melanospora,Endangered,All,2688311
Black Stilt,Himantopus novaezelandiae,Endangered,All,5229125
Black warrior (=Sipsey Fork) Waterdog,Necturus alabamensis,Endangered,All,2432057
Bliss Rapids snail,Taylorconcha serpenticola,Threatened,All,8976237
Blodgett's silverbush,Argythamnia blodgettii,Threatened,All,5380293
Blowout penstemon,Penstemon haydenii,Endangered,All,7764992
Blue-billed curassow,Crax alberti,Endangered,All,2482178
bluemask darter,Etheostoma akatulo,Endangered,All,2382240
Blue Ridge goldenrod,Solidago spithamaea,Threatened,All,7854339
Blue shiner,Cyprinella caerulea,Threatened,All,5207694
blue-tailed mole skink,Eumeces egregius lividus,Threatened,All,4287453
Blue-throated macaw,Ara glaucogularis,Endangered,All,5959235
Blue-throated (=ochre-marked) parakeet,Pyrrhura cruentata,Endangered,All,2479855
Blue whale,Balaenoptera musculus,Endangered,All,2440735
Blunt-nosed leopard lizard,Gambelia silus,Endangered,All,
Blyth's tragopan pheasant,Tragopan blythii,Endangered,All,2473540
Bocaccio,Sebastes paucispinis,Endangered,All,2335466
bog buck moth,Hemileuca maia menyanthevora (=H. iroquois),Endangered,All,1865313
bog turtle,Glyptemys muhlenbergii,Threatened,All,2443122
Bolivian short-tailed chinchilla,Chinchilla chinchilla boliviana,Endangered,All,5706732
Bolson tortoise,Gopherus flavomarginatus,Endangered,All,2441819
Bone Cave harvestman,Texella reyesi,Endangered,All,6908601
Bontebok,Damaliscus pygarus (=dorcas) dorcas,Endangered,All,2441042
Bonytail,Gila elegans,Endangered,All,2360109
Boulder darter,Etheostoma wapiti,Endangered,All,2382213
Boulder star coral,Orbicella franksi,Threatened,All,7454567
Bowhead whale,Balaena mysticetus,Endangered,All,2440330
Bracted twistflower,Streptanthus bracteatus,Threatened,All,3041575
Brady pincushion cactus,Pediocactus bradyi,Endangered,All,3084063
Braun's rock-cress,Arabis perstellata,Endangered,All,8258667
Braunton's milk-vetch,Astragalus brauntonii,Endangered,All,5346019
Brazilian guitarfish,Rhinobatos horkelii,Endangered,All,
Brazilian sideneck turtle,Phrynops hogei,Endangered,All,2442081
Brazilian three-toed sloth,Bradypus torquatus,Endangered,All,2436351
Brazillian merganser,Mergus octosetaceus,Endangered,All,5232480
Brindled nail-tailed wallaby,Onychogalea fraenata,Endangered,All,2440152
Britton's beargrass,Nolina brittoniana,Endangered,All,2776991
Broad-snouted caiman,Caiman latirostris,Threatened,All,5846511
Broad-snouted caiman,Caiman latirostris,Endangered,All,5846511
Brooksville bellflower,Campanula robinsiae,Endangered,All,12227511
Brother's Island tuatara,Sphenodon guntheri,Endangered,All,5227650
Brown-banded antpitta,Grallaria milleri,Endangered,All,2490519
Brown bear,Ursus arctos arctos,Endangered,All,7193950
Brown bear,Ursus arctos pruinosus,Endangered,All,6163852
Brown eared pheasant,Crossoptilon mantchuricum,Endangered,All,2474098
Brown Hyena,Parahyaena (=Hyaena) brunnea,Endangered,All,5218780
Bruneau Hot springsnail,Pyrgulopsis bruneauensis,Endangered,All,2299975
Brush-tailed rat-kangaroo,Bettongia penicillata,Endangered,All,2440026
Buena Vista Lake shrew,Sorex ornatus relictus,Endangered,All,6163345
Buff-headed marmoset,Callithrix flaviceps,Endangered,All,5219543
Bull Trout,Salvelinus confluentus,Threatened,All,2351244
Bulmer's fruit bat (=flying fox),Aproteles bulmerae,Endangered,All,2432939
Bumblebee bat,Craseonycteris thonglongyai,Endangered,All,2433358
Bunched arrowhead,Sagittaria fasciculata,Endangered,All,5328953
Bunched cory cactus,Coryphantha ramillosa,Threatened,All,3084427
Burke's goldfields,Lasthenia burkei,Endangered,All,3144226
Burmese peacock turtle,Morenia ocellata,Endangered,All,5220623
Butte County meadowfoam,Limnanthes floccosa ssp. californica,Endangered,All,5659329
Cabot's tragopan pheasant,Tragopan caboti,Endangered,All,2473545
Cabrera's hutia,Capromys angelcabrerai,Endangered,All,2437643
Cactus ferruginous pygmy-owl,Glaucidium brasilianum cactorum,Threatened,All,5232122
Caerulean Paradise flycatcher,Eutrichomyias rowleyi,Endangered,All,2486697
Cahaba shiner,Notropis cahabae,Endangered,All,2362300
Calamianes (=Philippine) deer,Axis porcinus calamianensis,Endangered,All,5220130
California condor,Gymnogyps californianus,Endangered,All,2481920
California freshwater shrimp,Syncaris pacifica,Endangered,All,2223027
California jewelflower,Caulanthus californicus,Endangered,All,3042043
California least tern,Sternula antillarum browni,Endangered,All,6065775
California Orcutt grass,Orcuttia californica,Endangered,All,2702926
California red-legged frog,Rana draytonii,Threatened,All,2426756
California Ridgway's rail,Rallus obsoletus obsoletus,Endangered,All,9006862
California seablite,Suaeda californica,Endangered,All,6447732
California taraxacum,Taraxacum californicum,Endangered,All,5394436
California tiger Salamander,Ambystoma californiense,Threatened,All,2431960
California tiger Salamander,Ambystoma californiense,Endangered,All,2431960
California tiger Salamander,Ambystoma californiense,Endangered,All,2431960
Calistoga allocarya,Plagiobothrys strictus,Endangered,All,2925730
Callippe silverspot butterfly,Speyeria callippe callippe,Endangered,All,7206001
Cameroon clawless otter,Aonyx congicus (=congica) microdon,Endangered,All,2433900
Cameroon toad,Bufo superciliaris,Endangered,All,10679545
Campbell Island flightless teal,Anas aucklandica nesiotis,Endangered,All,2498120
Canada Lynx,Lynx canadensis,Threatened,All,2435263
Canarian black oystercatcher,Haematopus meadewaldoi,Endangered,All,2480267
Canby's dropwort,Oxypolis canbyi,Endangered,All,7463757
Candy darter,Etheostoma osburni,Endangered,All,2382323
Canelo Hills ladies'-tresses,Spiranthes delitescens,Endangered,All,2805497
Canoe Creek Clubshell,Pleurobema athearni,Endangered,All,7439205
Cantabrian capercaillie,Tetrao urogallus cantabricus,Endangered,All,6180052
Capa rosa,Callicarpa ampla,Endangered,All,5341131
Cape Fear shiner,Notropis mekistocholas,Endangered,All,2362226
Cape Mountain zebra,Equus zebra ssp. zebra,Endangered,All,2440888
Cape Sable seaside sparrow,Ammospiza maritima mirabilis,Endangered,All,6173500
Cape Sable Thoroughwort,Chromolaena frustrata,Endangered,All,3087745
Capped Langur,Trachypithecus (=Presbytis) pileatus,Endangered,All,2436538
Carolina heelsplitter,Lasmigona decorata,Endangered,All,2288263
Carolina madtom,Noturus furiosus,Endangered,All,2341034
Carolina northern flying squirrel,Glaucomys sabrinus coloratus,Endangered,All,6163591
Carson wandering skipper,Pseudocopaeodes eunus obscurus,Endangered,All,4301418
Carter's mustard,Warea carteri,Endangered,All,5375486
Carter's panicgrass,Panicum fauriei var. carteri,Endangered,All,2705118
Carter's small-flowered flax,Linum carteri carteri,Endangered,All,2873888
Casey's June Beetle,Dinacoma caseyi,Endangered,All,1054051
Catalina Island mountain-mahogany,Cercocarpus traskiae,Endangered,All,3001938
Cat Island turtle,Trachemys terrapen,Endangered,All,2442942
Cauca guan,Penelope perspicax,Endangered,All,2482224
Cayman Brac ground iguana,Cyclura nubila caymanensis,Threatened,All,5224658
Cebello halumtano,Bulbophyllum guamense,Threatened,All,2842972
Cebu black shama (thrush),Copsychus niger cebuensis,Endangered,All,2492679
Cedros Island mule Deer,Odocoileus hemionus cerrosensis,Endangered,All,6165153
Central American river turtle,Dermatemys mawii,Endangered,All,2442495
Central American tapir,Tapirus bairdii,Endangered,All,8395500
Ceylon mugger crocodile,Crocodylus palustris kimbula,Endangered,All,2441350
Chambered nautilus,Nautilus pompilius,Threatened,All,2289202
Chapman rhododendron,Rhododendron chapmanii,Endangered,All,7431782
Chatham Island petrel,Pterodroma axillaris,Endangered,All,2481447
Chatham Island pigeon,Hemiphaga novaeseelandiae chathamensis,Endangered,All,4851668
Chatham Island robin,Petroica traversi,Endangered,All,2489317
Cheat Mountain salamander,Plethodon nettingi,Threatened,All,2431478
Cheer pheasant,Catreus wallichii,Endangered,All,5227753
Cheetah,Acinonyx jubatus,Endangered,All,2435270
Cherokee darter,Etheostoma scotti,Threatened,All,2382310
Cherry-throated tanager,Nemosia rourei,Endangered,All,5230588
Chihuahua chub,Gila nigrescens,Threatened,All,2360076
Chilean false larch,Fitzroya cupressoides,Threatened,All,2684353
Chilean woodstar,Eulidia yarrellii,Endangered,All,2476046
Chiltan (=wild goat) markhor,Capra falconeri (=aegragrus) chiltanensis,Endangered,All,4262710
Chimpanzee,Pan troglodytes,Endangered,All,5219534
Chinese alligator,Alligator sinensis,Endangered,All,2441368
Chinese Camp brodiaea,Brodiaea pallida,Threatened,All,2767716
Chinese egret,Egretta eulophotes,Endangered,All,2480887
Chinese giant salamander,Andrias davidianus (=davidianus d.),Endangered,All,2432037
Chinese monal pheasant,Lophophorus lhuysii,Endangered,All,5227748
Chinese River Dolphin,Lipotes vexillifer,Endangered,All,2440328
Chinese sturgeon,Acipenser sinensis,Endangered,All,2402151
Chinook salmon,Oncorhynchus (=Salmo) tshawytscha,Endangered,All,5204024
Chinook salmon,Oncorhynchus (=Salmo) tshawytscha,Threatened,All,5204024
Chinook salmon,Oncorhynchus (=Salmo) tshawytscha,Endangered,All,5204024
Chinook salmon,Oncorhynchus (=Salmo) tshawytscha,Threatened,All,5204024
Chinook salmon,Oncorhynchus (=Salmo) tshawytscha,Threatened,All,5204024
Chinook salmon,Oncorhynchus (=Salmo) tshawytscha,Threatened,All,5204024
Chinook salmon,Oncorhynchus (=Salmo) tshawytscha,Threatened,All,5204024
Chinook salmon,Oncorhynchus (=Salmo) tshawytscha,Threatened,All,5204024
Chinook salmon,Oncorhynchus (=Salmo) tshawytscha,Threatened,All,5204024
Chipola slabshell,Elliptio chipolaensis,Threatened,All,2288323
Chiricahua leopard frog,Rana chiricahuensis,Threatened,All,2427049
Chisos Mountain hedgehog Cactus,Echinocereus chisoensis var. chisoensis,Threatened,All,12201883
Chittenango ovate amber snail,Novisuccinea chittenangoensis,Threatened,All,2297225
Choctaw bean,Obovaria choctawensis,Endangered,All,7753433
Choctawhatchee beach mouse,Peromyscus polionotus allophrys,Endangered,All,2437996
Chorro Creek bog thistle,Cirsium fontinale var. obispoense,Endangered,All,4222723
Christmas Island goshawk,Accipiter fasciatus natalis,Endangered,All,6178065
Chucky Madtom,Noturus crypticus,Endangered,All,2341027
Chum salmon,Oncorhynchus keta,Threatened,All,5204014
Chum salmon,Oncorhynchus keta,Threatened,All,5204014
Chupacallos,Pleodendron macranthum,Endangered,All,3153984
Chupadera springsnail,Pyrgulopsis chupaderae,Endangered,All,2299979
Cicek (minnow),Acanthorutilus handlirschi,Endangered,All,2360976
Clara Hunt's milk-vetch,Astragalus clarianus,Endangered,All,5344591
Clarke's weaver,Ploceus golandi,Endangered,All,2494010
Clark's gazelle,Ammodorcas clarkei,Endangered,All,2441128
Clay-Loving wild buckwheat,Eriogonum pelinophilum,Endangered,All,2889635
Clay phacelia,Phacelia argillacea,Endangered,All,2928212
Clay reed-mustard,Schoenocrambe argillacea,Threatened,All,3047777
Clay's hibiscus,Hibiscus clayi,Endangered,All,3152563
Clear Creek gambusia,Gambusia heterochir,Endangered,All,2350631
Clouded leopard,Neofelis nebulosa,Endangered,All,2435079
Cloven-feathered dove,Drepanoptila holosericea,Endangered,All,2495724
clover lupine,Lupinus tidestromii,Endangered,All,2963895
Clover Valley speckled dace,Rhinichthys osculus oligoporus,Endangered,All,2359791
Clubshell,Pleurobema clava,Endangered,All,2288099
Coachella Valley fringe-toed lizard,Uma inornata,Threatened,All,2451133
Coachella Valley milk-vetch,Astragalus lentiginosus var. coachellae,Endangered,All,5344873
Coastal California gnatcatcher,Polioptila californica californica,Threatened,All,7596905
Coastal dunes milk-vetch,Astragalus tener var. titi,Endangered,All,5344523
Cobana negra,Stahlia monosperma,Threatened,All,9471573
Cochise pincushion cactus,Coryphantha robbinsorum,Threatened,All,3942438
Cochito,Phocoena sinus,Endangered,All,2440665
Coffin Cave mold beetle,Batrisodes texanus,Endangered,All,1041272
Coho salmon,Oncorhynchus (=Salmo) kisutch,Threatened,All,5204034
Coho salmon,Oncorhynchus (=Salmo) kisutch,Threatened,All,5204034
Coho salmon,Oncorhynchus (=Salmo) kisutch,Threatened,All,5204034
Coho salmon,Oncorhynchus (=Salmo) kisutch,Endangered,All,5204034
Cokendolpher Cave Harvestman,Texella cokendolpheri,Endangered,All,6908614
Colorado pikeminnow,Ptychocheilus lucius,Endangered,All,5205692
Columbian white-tailed deer,Odocoileus virginianus leucurus,Threatened,All,6165150
Colusa grass,Neostapfia colusana,Threatened,All,2705471
Comal Springs dryopid beetle,Stygoparnus comalensis,Endangered,All,1033454
Comal Springs riffle beetle,Heterelmis comalensis,Endangered,All,1033532
Comanche Springs pupfish,Cyprinodon elegans,Endangered,All,2347912
Common Guitarfish,Rhinobatos rhinobatos,Threatened,All,2419005
Conasauga logperch,Percina jenkinsi,Endangered,All,2382077
Conejo dudleya,Dudleya abramsii ssp. parva,Threatened,All,4198191
Congo dwarf crocodile,Osteolaemus tetraspis osborni,Endangered,All,11173057
Conservancy fairy shrimp,Branchinecta conservatio,Endangered,All,
Contra Costa goldfields,Lasthenia conjugens,Endangered,All,3144243
Contra Costa wallflower,Erysimum capitatum var. angustatum,Endangered,All,7068679
Cook's holly,Ilex cookii,Endangered,All,5414265
Cook's lomatium,Lomatium cookii,Endangered,All,
Cooley's meadowrue,Thalictrum cooleyi,Endangered,All,
Cooley's water-willow,Justicia cooleyi,Endangered,All,3771277
Coosa moccasinshell,Medionidus parvulus,Endangered,All,2287912
Copperbelly water snake,Nerodia erythrogaster neglecta,Threatened,All,5223362
Corsican red deer,Cervus elaphus corsicanus,Endangered,All,4262370
Corsican swallowtail butterfly,Papilio hospiton,Endangered,All,1938050
Costa Rican jatropha,Jatropha costaricensis,Endangered,All,3072745
Costa Rican puma,Puma (=Felis) concolor costaricensis,Endangered,All,6164624
Cotton-top tamarin,Saguinus oedipus,Endangered,All,2436469
Coyote ceanothus,Ceanothus ferrisae,Endangered,All,3039371
Cracking pearlymussel,Hemistena lata,Endangered,All,2287900
Crenulate lead-plant,Amorpha crenulata,Endangered,All,5357368
Crescent nail-tailed wallaby,Onychogalea lunata,Endangered,All,2440153
Crested caracara (Audubon's) [FL DPS],Caracara plancus audubonii,Threatened,All,8991514
Crimson Hawaiian damselfly,Megalagrion leptodemas,Endangered,All,1422096
Cuatro Cienegas softshell turtle,Trionyx ater,Endangered,All,2442680
Cuba hook-billed kite,Chondrohierax uncinatus wilsonii,Endangered,All,5788514
Cuban crocodile,Crocodylus rhombifer,Endangered,All,2441322
Cuban ground iguana,Cyclura nubila nubila,Threatened,All,7190280
Cuban solenodon,Solenodon cubanus,Endangered,All,5219469
Cuba sandhill crane,Grus canadensis nesiotes,Endangered,All,6176786
Cui-ui,Chasmistes cujus,Endangered,All,2359093
Culebra Island giant anole,Anolis roosevelti,Endangered,All,2467442
Cumberland bean (pearlymussel),Villosa trabalis,Endangered,All,9420328
Cumberland darter,Etheostoma susanae,Endangered,All,2382315
Cumberland elktoe,Alasmidonta atropurpurea,Endangered,All,2287888
Cumberlandian combshell,Epioblasma brevidens,Endangered,All,2288227
Cumberland monkeyface (pearlymussel),Theliderma intermedia,Endangered,All,5782386
Cumberland pigtoe,Pleuronaia gibber,Endangered,All,9410624
Cumberland rosemary,Conradina verticillata,Threatened,All,2927103
Curtis Pearlymussel,Epioblasma curtisii,Endangered,All,9376033
Cushenbury buckwheat,Eriogonum ovalifolium var. vineum,Endangered,All,8184835
Cushenbury milk-vetch,Astragalus albens,Endangered,All,5345434
Cushenbury oxytheca,Oxytheca parishii var. goodmaniana,Endangered,All,4037560
Cylindrical lioplax (snail),Lioplax cyclostomaformis,Endangered,All,9651920
Daggernose Shark,Isogomphodon oxyrhynchus,Endangered,All,2418200
Dakota Skipper,Hesperia dacotae,Threatened,All,5142293
Dama gazelle,Gazella dama,Endangered,All,4262713
Dappled mountain robin,Arcanator orostruthus,Threatened,All,2493189
Dark pigtoe,Pleurobema furvum,Endangered,All,2288098
Davis' green pitaya,Echinocereus viridiflorus var. davisii,Endangered,All,3953494
Day gecko,Phelsuma edwardnewtoni,Endangered,All,2447495
DeBeque phacelia,Phacelia submutica,Threatened,All,3611840
Decurrent false aster,Boltonia decurrens,Threatened,All,5393595
Delhi Sands flower-loving fly,Rhaphiomidas terminatus abdominalis,Endangered,All,1591138
Del Mar manzanita,Arctostaphylos glandulosa subsp. crassifolia,Endangered,All,6399571
Delta green ground beetle,Elaphrus viridis,Threatened,All,1035540
Delta smelt,Hypomesus transpacificus,Threatened,All,2410879
Deltoid spurge,Chamaesyce deltoidea ssp. deltoidea,Endangered,All,7066870
Desert bandicoot,Perameles eremiana,Endangered,All,5219456
Desert dace,Eremichthys acros,Threatened,All,2362069
Desert monitor,Varanus griseus,Endangered,All,9628941
Desert (=plain) rat-kangaroo,Caloprymnus campestris,Endangered,All,2440028
Desert pupfish,Cyprinodon macularius,Endangered,All,2347892
Desert slender salamander,Batrachoseps aridus,Endangered,All,2431763
Desert tortoise,Gopherus agassizii,Threatened,All,2441814
Desert yellowhead,Yermo xanthocephalus,Threatened,All,3140120
Devils Hole pupfish,Cyprinodon diabolis,Endangered,All,2347934
Devils River minnow,Dionda diaboli,Threatened,All,2365630
Dhole,Cuon alpinus,Endangered,All,2434317
Diamond Darter,Crystallaria cincotta,Endangered,All,2382194
Diamond Head schiedea,Schiedea adamantis,Endangered,All,5384427
Diamond Tryonia,Pseudotryonia adamantina,Endangered,All,5784324
Diana monkey,Cercopithecus diana,Endangered,All,5219576
Dibbler,Antechinus apicalis,Endangered,All,2435446
Diminutive Amphipod,Gammarus hyalleloides,Endangered,All,
Dixie Valley Toad,Anaxyrus williamsi,Endangered,All,10897495
Djibouti francolin,Francolinus ochropectus,Endangered,All,2473859
Dolphin and Union caribou,Rangifer tarandus groenlandicus x pearyi,Endangered,All,5220114
Douc langur,Pygathrix nemaeus,Endangered,All,2436529
Drill,Mandrillus (=Papio) leucophaeus,Endangered,All,5219557
Dromedary pearlymussel,Dromus dromas,Endangered,All,5189349
Dudley Bluffs bladderpod,Lesquerella congesta,Threatened,All,3049042
Dudley Bluffs twinpod,Physaria obcordata,Threatened,All,3049170
Dugong,Dugong dugon,Endangered,All,9729967
dusky gopher frog,Rana sevosa,Endangered,All,2427168
Dusky sea snake,Aipysurus fuscus,Endangered,All,2450136
Duskytail darter,Etheostoma percnurum,Endangered,All,2382252
Dwarf Bear-poppy,Arctomecon humilis,Endangered,All,2888377
Dwarf hutia,Capromys nana,Endangered,All,
Dwarf iliau,Wilkesia hobdyi,Endangered,All,3151340
Dwarf lake iris,Iris lacustris,Threatened,All,5298482
Dwarf naupaka,Scaevola coriacea,Endangered,All,5407598
Dwarf sawfish,Pristis clavata,Endangered,All,5216282
Dwarf wedgemussel,Alasmidonta heterodon,Endangered,All,2287885
Eastern Black rail,Laterallus jamaicensis jamaicensis,Threatened,All,7191378
Eastern Hellbender,Cryptobranchus alleganiensis alleganiensis,Endangered,All,2432031
Eastern indigo snake,Drymarchon couperi,Threatened,All,2452317
Eastern jerboa marsupial,Antechinomys laniger,Endangered,All,2435419
Eastern Massasauga (=rattlesnake),Sistrurus catenatus,Threatened,All,9223124
Eastern native-cat,Dasyurus viverrinus,Endangered,All,2435357
Eastern prairie fringed orchid,Platanthera leucophaea,Threatened,All,2798308
Easy yellow-faced bee,Hylaeus facilis,Endangered,All,1350004
Edward's pheasant,Lophura edwardsi,Endangered,All,5227960
Egyptian Tortoise,Testudo kleinmanni,Threatened,All,2441511
Eiao Marquesas reed-Warbler,Acrocephalus percernis aquilonis,Endangered,All,8100143
El Dorado bedstraw,Galium californicum ssp. sierrae,Endangered,All,2914292
Eld's brow-antlered Deer,Cervus eldi,Endangered,All,
Elfin tree fern,Cyathea dryopteroides,Endangered,All,5274900
Elfin-woods warbler,Setophaga angelae,Threatened,All,6093389
Elkhorn coral,Acropora palmata,Threatened,All,5184657
Elliot's pheasant,Syrmaticus ellioti,Endangered,All,2473483
El Segundo blue butterfly,Euphilotes battoides allyni,Endangered,All,4300234
emperor penguin,Aptenodytes forsteri,Threatened,All,2481661
`Ena`ena,Pseudognaphalium sandwicensium var. molokaiense,Endangered,All,4273520
Encinitas baccharis,Baccharis vanessae,Threatened,All,3129531
erect-crested penguin,Eudyptes sclateri,Threatened,All,2481642
Erubia,Solanum drymophilum,Endangered,All,2931649
Eskimo curlew,Numenius borealis,Endangered,All,2481783
Esmeraldas woodstar,Chaetocercus berlepschi,Endangered,All,5228578
Etonia rosemary,Conradina etonia,Endangered,All,9468070
Etowah darter,Etheostoma etowahae,Endangered,All,2382237
Eulachon,Thaleichthys pacificus,Threatened,All,2410903
Euler's flycatcher,Empidonax euleri johnstonei,Endangered,All,6174537
Eurasian peregrine falcon,Falco peregrinus peregrinus,Endangered,All,8873117
Eureka Dune grass,Swallenia alexandrae,Threatened,All,2702720
European sturgeon,Acipenser sturio,Endangered,All,2402203
Everglades bully,Sideroxylon reclinatum ssp. austrofloridense,Threatened,All,2886840
Everglade snail kite,Rostrhamus sociabilis plumbeus,Endangered,All,6178076
Exuma Island iguana,Cyclura cychlura figginsi,Threatened,All,5224644
Eyrean grasswren (flycatcher),Amytornis goyderi,Endangered,All,2487554
Fadang,Cycas micronesica,Threatened,All,2683207
false killer whale,Pseudorca crassidens,Endangered,All,2440440
false spike,Fusconaia mitchelli,Endangered,All,5782264
False water rat,Xeromys myoides,Endangered,All,2439284
Fanshell,Cyprogenia stegaria,Endangered,All,5189381
Fassett's locoweed,Oxytropis campestris var. chartacea,Threatened,All,5361546
Fat pocketbook,Potamilus capax,Endangered,All,2287988
Fat threeridge (mussel),Amblema neislerii,Endangered,All,2287971
Fea's muntjac,Muntiacus feae,Endangered,All,2440944
Fender's blue butterfly,Icaricia icarioides fenderi,Threatened,All,1932056
Few-flowered navarretia,Navarretia leucocephala ssp. pauciflora (=N. pauciflora),Endangered,All,4056684
Fickeisen plains cactus,Pediocactus peeblesianus ssp. fickeiseniae,Endangered,All,6708967
Field's mouse,Pseudomys fieldi,Endangered,All,5219794
Fiji banded iguana,Brachylophus fasciatus,Endangered,All,5224625
Fiji crested iguana,Brachylophus vitiensis,Endangered,All,5224624
Fiji petrel,Pseudobulweria macgillivrayi,Endangered,All,2481503
Finback whale,Balaenoptera physalus,Endangered,All,2440718
Finelined pocketbook,Hamiota altilis,Threatened,All,5782464
Finerayed pigtoe,Fusconaia cuneolus,Endangered,All,2288182
fiordland crested penguin,Eudyptes pachyrhynchus,Threatened,All,2481634
Fisher,Pekania pennanti,Endangered,All,8631083
Fish Slough milk-vetch,Astragalus lentiginosus var. piscinensis,Threatened,All,5344879
Flat-headed cat,Prionailurus (=Felis) planiceps,Endangered,All,2434917
Flat pebblesnail,Lepyrium showalteri,Endangered,All,
Flat-spired three-toothed Snail,Triodopsis platysayoides,Threatened,All,2295723
Flattened musk turtle,Sternotherus depressus,Threatened,All,5220391
Fleshy-fruit gladecress,Leavenworthia crassa,Endangered,All,3047237
Fleshy owl's-clover,Castilleja campestris ssp. succulenta,Threatened,All,6440153
Floreana tree-Finch,Camarhynchus pauper,Endangered,All,2491674
Florida bonamia,Bonamia grandiflora,Threatened,All,5341698
Florida bonneted bat,Eumops floridanus,Endangered,All,5787307
Florida brickell-bush,Brickellia mosieri,Endangered,All,5698203
Florida bristle fern,Trichomanes punctatum ssp. floridanum,Endangered,All,8380229
Florida grasshopper sparrow,Ammodramus savannarum floridanus,Endangered,All,6173487
Florida Keys mole skink,Plestiodon egregius egregius,Endangered,All,9019218
Florida leafwing Butterfly,Anaea troglodyta floridalis,Endangered,All,4299839
Florida panther,Puma (=Felis) concolor coryi,Endangered,All,6164590
Florida perforate cladonia,Cladonia perforata,Endangered,All,3391108
Florida pineland crabgrass,Digitaria pauciflora,Threatened,All,5289978
Florida prairie-clover,Dalea carthagenensis floridana,Endangered,All,10860043
Florida salt marsh vole,Microtus pennsylvanicus dukecampbelli,Endangered,All,2438655
Florida scrub-jay,Aphelocoma coerulescens,Threatened,All,2482400
Florida semaphore Cactus,Consolea corallicola,Endangered,All,3084346
Florida skullcap,Scutellaria floridana,Threatened,All,5341377
Florida torreya,Torreya taxifolia,Endangered,All,5284481
Florida ziziphus,Ziziphus celata,Endangered,All,9152134
Fluminense swallowtail butterfly,Parides ascanius,Endangered,All,1937161
Fluted kidneyshell,Ptychobranchus subtentus,Endangered,All,7432362
Flying earwig Hawaiian damselfly,Megalagrion nesiotes,Endangered,All,1422082
Foothill yellow-legged frog,Rana boylii,Threatened,All,2426814
Foothill yellow-legged frog,Rana boylii,Endangered,All,2426814
Foothill yellow-legged frog,Rana boylii,Threatened,All,2426814
Foothill yellow-legged frog,Rana boylii,Endangered,All,2426814
Forbes' parakeet,Cyanoramphus auriceps forbesi,Endangered,All,5229107
Formosan rock macaque,Macaca cyclopis,Threatened,All,2436615
Formosan sika deer,Cervus nippon taiouanus,Endangered,All,4262362
Formosan yellow-throated marten,Martes flavigula chrysospila,Endangered,All,5218846
Fosberg's love grass,Eragrostis fosbergii,Endangered,All,2705390
Fountain darter,Etheostoma fonticola,Endangered,All,2382361
Fountain thistle,Cirsium fontinale var. fontinale,Endangered,All,7066663
Four-petal pawpaw,Asimina tetramera,Endangered,All,3158032
Fragile tree snail,Samoana fragilis,Endangered,All,5783090
Fragrant prickly-apple,Cereus eriophorus var. fragrans,Endangered,All,11218700
Franciscan manzanita,Arctostaphylos franciscana,Endangered,All,4168664
Francois' langur,Trachypithecus (=Presbytis) francoisi,Endangered,All,2436539
Franklin's bumble bee,Bombus franklini,Endangered,All,1340443
Frecklebelly madtom,Noturus munitus,Threatened,All,2341015
Freira,Pterodroma madeira,Endangered,All,2481463
Fresno kangaroo rat,Dipodomys nitratoides exilis,Endangered,All,6163517
Friendly Ground-Dove,Gallicolumba stairi,Endangered,All,10891839
Fringe-backed fire-eye,Pyriglena atra,Endangered,All,2490067
Fringed campion,Silene polypetala,Endangered,All,5384810
Fringed Ornamental Tarantula,Poecilotheria ornata,Endangered,All,2154240
Frosted Flatwoods salamander,Ambystoma cingulatum,Threatened,All,2432011
Furbish lousewort,Pedicularis furbishiae,Threatened,All,3171686
Fuzzy pigtoe,Pleurobema strodeanum,Threatened,All,2288076
Gaimard's rat-kangaroo,Bettongia gaimardi,Endangered,All,2440025
Galapagos hawk,Buteo galapagoensis,Endangered,All,2480569
Galapagos penguin,Spheniscus mendiculus,Endangered,All,5229383
Galapagos petrel,Pterodroma phaeopygia,Threatened,All,2481460
Galapagos tortoise,Geochelone nigra (=elephantopus),Endangered,All,9527499
Gambel's watercress,Rorippa gambellii,Endangered,All,5375449
Garber's spurge,Chamaesyce garberi,Threatened,All,3069538
Garrett's mint,Dicerandra christmanii,Endangered,All,6069457
Gavial,Gavialis gangeticus,Endangered,All,2441360
Gaviota Tarplant,Deinandra increscens ssp. villosa,Endangered,All,4239180
Gelada baboon,Theropithecus gelada,Threatened,All,2436553
Gentian pinkroot,Spigelia gentianoides,Endangered,All,5414392
Gentner's fritillary,Fritillaria gentneri,Endangered,All,5300355
Geometric turtle,Psammobates geometricus,Endangered,All,2441749
Georgetown Salamander,Eurycea naufragia,Threatened,All,5218360
Georgia pigtoe,Pleurobema hanleyianum,Endangered,All,2288084
Georgia rockcress,Arabis georgiana,Threatened,All,5375138
Giant armadillo,Priodontes maximus,Endangered,All,5220096
Giant garter snake,Thamnophis gigas,Threatened,All,2457491
Giant ibis,Pseudibis gigantea,Endangered,All,2480779
Giant kangaroo rat,Dipodomys ingens,Endangered,All,2439550
Giant Manta Ray,Manta birostris,Threatened,All,9765493
Giant otter,Pteronura brasiliensis,Endangered,All,2433681
Giant panda,Ailuropoda melanoleuca,Endangered,All,2433399
Giant sable antelope,Hippotragus niger variani,Endangered,All,4262741
Giant scops owl,Mimizuku (=Otus) gurneyi,Endangered,All,5232357
Gibbons,Hylobates spp. (including Nomascus),Endangered,All,
Gierisch mallow,Sphaeralcea gierischii,Endangered,All,3938685
Gila chub,Gila intermedia,Endangered,All,2360136
Gila topminnow (incl. Yaqui),Poeciliopsis occidentalis,Endangered,All,2350470
Gila trout,Oncorhynchus gilae,Threatened,All,5204032
Glaucous macaw,Anodorhynchus glaucus,Endangered,All,2479360
Godfrey's butterwort,Pinguicula ionantha,Threatened,All,5415068
Goeldi's marmoset,Callimico goeldii,Endangered,All,2436464
golden-cheeked warbler,Setophaga chrysoparia,Endangered,All,6092637
Golden conure,Aratinga guarouba,Threatened,All,2480064
Golden coqui,Eleutherodactylus jasperi,Threatened,All,2424176
Golden langur,Trachypithecus (=Presbytis) geei,Endangered,All,2436536
Golden-rumped tamarin,Leontopithecus spp.,Endangered,All,
Golden sedge,Carex lutea,Endangered,All,2726286
Golden-shouldered parakeet,Psephotus chrysopterygius,Endangered,All,2480088
Goldline darter,Percina aurolineata,Threatened,All,2382063
Goliath Frog,Conraua goliath,Threatened,All,2428946
Gonzales tryonia,Tryonia circumstriata (=stocktonensis),Endangered,All,5192399
Gopher tortoise,Gopherus polyphemus,Threatened,All,2441812
Goral,Naemorhedus goral,Endangered,All,2441016
Gorgeted wood-quail,Odontophorus strophium,Endangered,All,5228041
Gorilla,Gorilla gorilla,Endangered,All,2436441
Gould's mouse,Pseudomys gouldii,Endangered,All,5219787
Government Canyon Bat Cave meshweaver,Cicurina vespera,Endangered,All,2144439
Government Canyon Bat Cave spider,Tayshaneta microps,Endangered,All,8207795
Gowen cypress,Cupressus goveniana ssp. goveniana,Threatened,All,7071088
Grand Cayman ground iguana,Cyclura lewisi,Endangered,All,7982719
Gray bat,Myotis grisescens,Endangered,All,
Gray (=entellus) langur,Semnopithecus (=Presbytis) entellus,Endangered,All,2436564
Gray whale,Eschrichtius robustus,Endangered,All,2440704
Gray wolf,Canis lupus,Endangered,All,5219173
Gray wolf,Canis lupus,Threatened,All,5219173
Greater adjutant,Leptoptilos dubius,Endangered,All,2481945
Great green macaw,Ara ambiguus,Endangered,All,5959233
Great Indian bustard,Ardeotis (=Choriotis) nigriceps,Endangered,All,2474902
Great Indian rhinoceros,Rhinoceros unicornis,Endangered,All,5220113
Greenback Cutthroat trout,Oncorhynchus clarkii stomias,Threatened,All,5711988
Greene's tuctoria,Tuctoria greenei,Endangered,All,2704085
Greenland white-tailed eagle,Haliaeetus albicilla groenlandicus,Endangered,All,6178082
Green Pitcher Plant,Sarracenia oreophila,Endangered,All,5421400
Green sawfish,Pristis zijsron,Endangered,All,5216288
Green sea turtle,Chelonia mydas,Endangered,All,2442225
Green sea turtle,Chelonia mydas,Threatened,All,2442225
Green sea turtle,Chelonia mydas,Threatened,All,2442225
Green sea turtle,Chelonia mydas,Threatened,All,2442225
Green sea turtle,Chelonia mydas,Endangered,All,2442225
Green sea turtle,Chelonia mydas,Threatened,All,2442225
Green sea turtle,Chelonia mydas,Threatened,All,2442225
Green sea turtle,Chelonia mydas,Threatened,All,2442225
Green sea turtle,Chelonia mydas,Threatened,All,2442225
Green sea turtle,Chelonia mydas,Threatened,All,2442225
Green sea turtle,Chelonia mydas,Endangered,All,2442225
green sturgeon,Acipenser medirostris,Threatened,All,2402118
Grenada gray-fronted dove,Leptotila rufaxilla wellsi,Endangered,All,2496079
Grenada hook-billed kite,Chondrohierax uncinatus mirus,Endangered,All,6178086
Grevy's zebra,Equus grevyi,Threatened,All,2440894
Grey-necked rockfowl,Picathartes oreas,Endangered,All,2482631
Grizzly bear,Ursus arctos horribilis,Threatened,All,6163845
Grotto Sculpin,Cottus specus,Endangered,All,8002759
Ground parrot,Pezoporus wallicus,Endangered,All,2479462
Guadalupe Fatmucket,Lampsilis bergmanni,Endangered,All,10526700
Guadalupe fescue,Festuca ligulata,Endangered,All,2704983
Guadalupe fur seal,Arctocephalus townsendi,Threatened,All,6486561
Guadalupe Orb,Cyclonaias necki,Endangered,All,10550596
Guadeloupe house wren,Troglodytes aedon guadeloupensis,Endangered,All,5231460
Guajon,Eleutherodactylus cooki,Threatened,All,2424078
Guam kingfisher,Todiramphus cinnamominus,Endangered,All,2475795
Guam rail,Gallirallus owstoni,Endangered,All,2474548
Guam tree snail,Partula radiolata,Endangered,All,5782998
Guatemalan Fir (=pinabete),Abies guatemalensis,Threatened,All,2685507
Guatemalan jaguarundi,Herpailurus (=Felis) yagouaroundi fossata,Endangered,All,6164636
Guizhou snub-nosed monkey,Rhinopithecus brelichi,Endangered,All,4267005
Gulf Coast jaguarundi,Puma yagouaroundi cacomitli,Endangered,All,6164629
Gulf Grouper,Mycteroperca jordani,Endangered,All,2388991
Gulf moccasinshell,Medionidus penicillatus,Endangered,All,2287909
Gulf of Mexico Bryde's Whale,Balaenoptera edeni,Endangered,All,2440714
Gulf sturgeon,Acipenser oxyrinchus (=oxyrhynchus) desotoi,Threatened,All,4287132
Gunnison Sage-grouse,Centrocercus minimus,Threatened,All,5959243
Gurney's pitta,Pitta gurneyi,Endangered,All,2489495
Guthrie's (=Pyne's) ground-plum,Astragalus bibullatus,Endangered,All,5347250
Guyandotte River crayfish,Cambarus veteranus,Endangered,All,2227343
Gypsum wild-buckwheat,Eriogonum gypsophilum,Threatened,All,2889579
haha,Cyanea crispa,Endangered,All,5412310
haha,Cyanea dunbariae,Endangered,All,5412201
haha,Cyanea duvalliorum,Endangered,All,5412189
haha,Cyanea gibsonii,Endangered,All,5412202
haha,Cyanea magnicalyx,Endangered,All,5412309
haha,Cyanea maritae,Endangered,All,5412169
haha,Cyanea mauiensis,Endangered,All,5412324
haha,Cyanea munroi,Endangered,All,5412277
Haha,Cyanea acuminata,Endangered,All,5412284
Haha,Cyanea asarifolia,Endangered,All,5412170
Haha,Cyanea asplenifolia,Endangered,All,5412143
Haha,Cyanea calycina,Endangered,All,5412217
Haha,Cyanea copelandii ssp. copelandii,Endangered,All,7222120
Haha,Cyanea copelandii ssp. haleakalaensis,Endangered,All,5412254
Haha,Cyanea dolichopoda,Endangered,All,5412327
Haha,Cyanea eleeleensis,Endangered,All,5412149
Haha,Cyanea glabra,Endangered,All,8648114
Haha,Cyanea grimesiana ssp. grimesiana,Endangered,All,7222118
Haha,Cyanea grimesiana ssp. obatae,Endangered,All,5412303
Haha,Cyanea hamatiflora ssp. carlsonii,Endangered,All,5412260
Haha,Cyanea hamatiflora ssp. hamatiflora,Endangered,All,7222121
Haha,Cyanea humboldtiana,Endangered,All,5412315
Haha,Cyanea kolekoleensis,Endangered,All,5412267
Haha,Cyanea koolauensis,Endangered,All,5412204
Haha,Cyanea kuhihewa,Endangered,All,5412191
Haha,Cyanea kunthiana,Endangered,All,5412153
Haha,Cyanea lanceolata,Endangered,All,5412113
Haha,Cyanea lobata,Endangered,All,5412291
Haha,Cyanea longiflora,Endangered,All,5412181
Haha,Cyanea mannii,Endangered,All,5412232
Haha,Cyanea marksii,Endangered,All,5412134
Haha,Cyanea mceldowneyi,Endangered,All,5412256
Haha,Cyanea obtusa,Endangered,All,5412160
Haha,Cyanea pinnatifida,Endangered,All,5412279
Haha,Cyanea procera,Endangered,All,5412126
Haha,Cyanea profuga,Endangered,All,5412314
Haha,Cyanea purpurellifolia,Endangered,All,5412177
Haha,Cyanea recta,Threatened,All,5412257
Haha,Cyanea remyi,Endangered,All,5412150
Haha,Cyanea rivularis,Endangered,All,5412099
Haha,Cyanea shipmanii,Endangered,All,5412179
Haha,Cyanea stictophylla,Endangered,All,5412192
Haha,Cyanea st.-johnii,Endangered,All,
Haha,Cyanea superba,Endangered,All,5412245
Haha,Cyanea truncata,Endangered,All,5412156
Haha,Cyanea undulata,Endangered,All,5412308
haha nui,Cyanea horrida,Endangered,All,5412130
Hahnel's Amazonian swallowtail butterfly,Parides hahneli,Endangered,All,1937187
Hairy Orcutt grass,Orcuttia pilosa,Endangered,All,2702920
Hairy rattleweed,Baptisia arachnifera,Endangered,All,2976108
Haitian solenodon,Solenodon paradoxus,Endangered,All,5219470
haiwale,Cyrtandra ferripilosa,Endangered,All,5591774
haiwale,Cyrtandra nanawaleensis,Endangered,All,5589895
haiwale,Cyrtandra wagneri,Endangered,All,5591735
Haiwale,Cyrtandra gracilis,Endangered,All,5415257
Haiwale,Cyrtandra paliku,Endangered,All,5589670
Haiwale,Cyrtandra waiolani,Endangered,All,5415164
Ha`iwale,Cyrtandra crenata,Endangered,All,5415177
Ha`iwale,Cyrtandra dentata,Endangered,All,5415300
Ha`iwale,Cyrtandra filipes,Endangered,All,5415193
Ha`iwale,Cyrtandra giffardii,Endangered,All,5415280
Ha`iwale,Cyrtandra hematos,Endangered,All,5415213
Ha`iwale,Cyrtandra kaulantha,Endangered,All,5415200
Ha`iwale,Cyrtandra kealiae ssp. kealiae,Threatened,All,7226165
Ha`iwale,Cyrtandra munroi,Endangered,All,5415109
Ha`iwale,Cyrtandra oenobarba,Endangered,All,5415259
Ha`iwale,Cyrtandra oxybapha,Endangered,All,5415149
Ha`iwale,Cyrtandra polyantha,Endangered,All,5415172
Ha`iwale,Cyrtandra sessilis,Endangered,All,5415138
Ha`iwale,Cyrtandra subumbellata,Endangered,All,8651270
Ha`iwale,Cyrtandra tintinnabula,Endangered,All,5415178
Ha`iwale,Cyrtandra viridiflora,Endangered,All,5415224
Hala pepe,Dracaena fernaldii,Endangered,All,5304702
Hala pepe,Dracaena forbesii,Endangered,All,5304644
Hala pepe,Dracaena konaensis,Endangered,All,5304685
Harperella,Ptilimnium nodosum,Endangered,All,3034204
Harper's beauty,Harperocallis flava,Endangered,All,2864283
Harpy eagle,Harpia harpyja,Endangered,All,2480516
Harris' mimic swallowtail butterfly,Eurytides lysithous harrisianus,Endangered,All,4694344
Hartmann's mountain zebra,Equus zebra hartmannae,Threatened,All,7799073
Hartweg's golden sunburst,Pseudobahia bahiifolia,Endangered,All,3115473
Hau kuahiwi,Hibiscadelphus giffardianus,Endangered,All,3152788
Hau kuahiwi,Hibiscadelphus hualalaiensis,Endangered,All,3152782
Hau kuahiwi,Hibiscadelphus woodii,Endangered,All,3152786
Hawaii akepa,Loxops coccineus,Endangered,All,5231618
Hawaiian bluegrass,Poa sandvicensis,Endangered,All,2704188
Hawaiian common gallinule,Gallinula galeata sandvicensis,Endangered,All,5228200
Hawaiian coot (alae ke`oke`o),Fulica alai,Endangered,All,2474386
Hawaiian crow,Corvus hawaiiensis,Endangered,All,2482517
Hawaiian duck,Anas wyvilliana,Endangered,All,2498072
Hawaiian gardenia,Gardenia brighamii,Endangered,All,5335036
Hawaiian goose,Branta (=Nesochen) sandvicensis,Threatened,All,5232445
Hawaiian hoary bat,Lasiurus cinereus semotus,Endangered,All,11210232
Hawaiian monk seal,Monachus schauinslandi,Endangered,All,8646426
Hawaiian petrel,Pterodroma sandwichensis,Endangered,All,2481449
Hawaiian picture-wing fly,Drosophila aglaia,Endangered,All,5074643
Hawaiian picture-wing fly,Drosophila differens,Endangered,All,5073752
Hawaiian picture-wing fly,Drosophila digressa,Endangered,All,5073692
Hawaiian picture-wing fly,Drosophila hemipeza,Endangered,All,5073664
Hawaiian picture-wing fly,Drosophila heteroneura,Endangered,All,5074647
Hawaiian picture-wing fly,Drosophila montgomeryi,Endangered,All,5074689
Hawaiian picture-wing fly,Drosophila mulli,Threatened,All,5074351
Hawaiian picture-wing fly,Drosophila musaphilia,Endangered,All,5074507
Hawaiian picture-wing fly,Drosophila neoclavisetae,Endangered,All,5073614
Hawaiian picture-wing fly,Drosophila obatai,Endangered,All,5074097
Hawaiian picture-wing fly,Drosophila ochrobasis,Endangered,All,5074951
Hawaiian picture-wing fly,Drosophila sharpi,Endangered,All,5074803
Hawaiian picture-wing fly,Drosophila substenoptera,Endangered,All,5074672
Hawaiian picture-wing fly,Drosophila tarphytrichia,Endangered,All,5074046
Hawaiian stilt,Himantopus mexicanus knudseni,Threatened,All,6066035
Hawaiian vetch,Vicia menziesii,Endangered,All,2975244
Hawaiian yellow-faced bee,Hylaeus kuakea,Endangered,All,1349570
Hawaiian yellow-faced bee,Hylaeus longiceps,Endangered,All,1349939
Hawaiian yellow-faced bee,Hylaeus mana,Endangered,All,1349626
Hawaii creeper,Loxops mana,Endangered,All,5231614
Hawksbill sea turtle,Eretmochelys imbricata,Endangered,All,8841716
Hay's Spring amphipod,Stygobromus hayi,Endangered,All,2217799
"Hayun Iagu (=(Guam), Tronkon guafi (Rota))",Serianthes nelsonii,Endangered,All,2944283
Heau,Exocarpos luteolus,Endangered,All,2889765
Heau,Exocarpos menziesii,Endangered,All,2889764
Heavy pigtoe,Pleurobema taitianum,Endangered,All,2288092
Heinroth's shearwater,Puffinus heinrothi,Threatened,All,5229369
Heliotrope milk-vetch,Astragalus montii,Threatened,All,5344558
Hell Creek Cave crayfish,Cambarus zophonastes,Endangered,All,2227326
Heller's blazingstar,Liatris helleri,Threatened,All,3104319
Helmeted honeyeater,Lichenostomus melanops cassidix (=Meliphaga c.),Endangered,All,6173982
Helmeted hornbill,Buceros (=Rhinoplax) vigil,Endangered,All,2475951
Helotes mold beetle,Batrisodes venyivi,Endangered,All,1041233
Hermes copper butterfly,Lycaena hermes,Threatened,All,1925408
Hickman's potentilla,Potentilla hickmanii,Endangered,All,5366971
Hierro giant lizard,Gallotia simonyi simonyi,Endangered,All,2468673
Higgins eye (pearlymussel),Lampsilis higginsii,Endangered,All,2288133
Highlands scrub hypericum,Hypericum cumulicola,Endangered,All,7349499
Higo Chumbo,Harrisia portoricensis,Threatened,All,5384190
Higuero de sierra,Crescentia portoricensis,Endangered,All,5415082
Hiko White River springfish,Crenichthys baileyi grandis,Endangered,All,4284447
Hilaris yellow-faced bee,Hylaeus hilaris,Endangered,All,1349735
Hillebrand's reedgrass,Calamagrostis hillebrandii,Endangered,All,8668454
Hilo ischaemum,Ischaemum byrone,Endangered,All,2702465
Hinckley oak,Quercus hinckleyi,Threatened,All,2880522
Hine's emerald dragonfly,Somatochlora hineana,Endangered,All,1429986
Hispid hare,Caprolagus hispidus,Endangered,All,2436938
Hoawa,Pittosporum halophilum,Endangered,All,2986250
Hoawa,Pittosporum hawaiiense,Endangered,All,2986303
Ho`awa,Pittosporum napaliense,Endangered,All,2986238
Hoffmann's rock-cress,Arabis hoffmannii,Endangered,All,
Hoffmann's slender-flowered gilia,Gilia tenuiflora ssp. hoffmannii,Endangered,All,5341582
Hohiu,Dryopteris glabra var. pusilla,Endangered,All,5657489
Holei,Ochrosia haleakalae,Endangered,All,3169636
Holei,Ochrosia kilaueaensis,Endangered,All,3169633
Holmgren milk-vetch,Astragalus holmgreniorum,Endangered,All,5345822
Holy Ghost ipomopsis,Ipomopsis sancti-spiritus,Endangered,All,2927963
Homerus swallowtail butterfly,Papilio homerus,Endangered,All,1937910
Honduran emerald hummingbird,Amazilia luciae,Endangered,All,2476456
Honohono,Haplostachys haplostachya,Endangered,All,2927158
Hooded Crane,Grus monacha,Endangered,All,2474943
Hook-billed hermit (hummingbird),Ramphodon (=Glaucis) dohrnii,Endangered,All,2476890
Hoover's spurge,Chamaesyce hooveri,Threatened,All,3067839
Horned guan,Oreophasis derbianus,Endangered,All,2482289
Houghton's goldenrod,Solidago houghtonii,Threatened,All,5388965
Houston toad,Bufo houstonensis,Endangered,All,2422886
Howell's spectacular thelypody,Thelypodium howellii ssp. spectabilis,Threatened,All,3053567
Howell's spineflower,Chorizanthe howellii,Endangered,All,2888915
Huachuca water-umbel,Lilaeopsis schaffneriana var. recurva,Endangered,All,3636412
Hulumoa,Korthalsella degeneri,Endangered,All,2889860
Humboldt penguin,Spheniscus humboldti,Threatened,All,5229386
Humpback chub,Gila cypha,Threatened,All,2360081
Humpback whale,Megaptera novaeangliae,Threatened,All,5220086
Humpback whale,Megaptera novaeangliae,Endangered,All,5220086
Humpback whale,Megaptera novaeangliae,Endangered,All,5220086
Humpback whale,Megaptera novaeangliae,Endangered,All,5220086
Humpback whale,Megaptera novaeangliae,Endangered,All,5220086
Humped tree snail,Partula gibba,Endangered,All,5783059
Hungerford's crawling water Beetle,Brychius hungerfordi,Endangered,All,1044486
Hutton tui chub,Gila bicolor ssp.,Threatened,All,8197854
Hyacinth macaw,Anodorhynchus hyacinthinus,Threatened,All,2479359
Ibadan malimbe,Malimbus ibadanensis,Endangered,All,2494000
Ibiza wall lizard,Podarcis pityusensis,Threatened,All,2469028
Ihi,Portulaca villosa,Endangered,All,7439084
Ihi`ihi,Marsilea villosa,Endangered,All,8001218
`I`iwi,Drepanis coccinea,Threatened,All,5231615
Ikan temoleh (minnow),Probarbus jullieni,Endangered,All,2363810
Illinois cave amphipod,Gammarus acherondytes,Endangered,All,2219854
Imperial parrot,Amazona imperialis,Endangered,All,2479610
Imperial pheasant,Lophura imperialis,Endangered,All,5227960
Imperial woodpecker,Campephilus imperialis,Endangered,All,2478577
Inagua Island turtle,Trachemys stejnegeri malonei,Endangered,All,6156996
Independence Valley speckled dace,Rhinichthys osculus lethoporus,Endangered,All,2359791
Indiana bat,Myotis sodalis,Endangered,All,2432418
Indian (=Bengal) monitor,Varanus bengalensis,Endangered,All,2470669
Indian Knob mountainbalm,Eriodictyon altissimum,Endangered,All,2928352
Indian python,Python molurus molurus,Endangered,All,2465369
Indian sawback turtle,Kachuga tecta tecta,Endangered,All,9365595
Indian softshell turtle,Trionyx gangeticus,Endangered,All,2442542
Indigo macaw,Anodorhynchus leari,Endangered,All,2479361
Indochina hog deer,Axis porcinus annamiticus,Endangered,All,5706323
Indri lemur,Indri indri,Endangered,All,2436432
Inflated heelsplitter,Potamilus inflatus,Threatened,All,2287987
Interrupted (=Georgia) Rocksnail,Leptoxis foremani,Endangered,All,5192838
Inyo California towhee,Melozone crissalis eremophilus,Threatened,All,7341600
Ione (incl. Irish Hill) buckwheat,Eriogonum apricum (incl. var. prostratum),Endangered,All,2889653
Ione manzanita,Arctostaphylos myrtifolia,Threatened,All,2882570
Iowa Pleistocene snail,Discus macclintocki,Endangered,All,5190487
Iriomote cat,Prionailurus (=Felis) bengalensis iriomotensis,Endangered,All,2434901
Island Barberry,Berberis pinnata ssp. insularis,Endangered,All,3981284
Island Grouper,Mycteroperca fusca,Threatened,All,2389030
Island malacothrix,Malacothrix squalida,Endangered,All,5387209
Island marble Butterfly,Euchloe ausonides insulanus,Endangered,All,4300656
island phacelia,Phacelia insularis ssp. insularis,Endangered,All,7096488
Island rush-rose,Helianthemum greenei,Threatened,All,6559957
Israel painted frog,Discoglossus nigriventer,Endangered,All,10851575
Ivory-billed woodpecker,Campephilus principalis,Endangered,All,2478561
Ivory Ornamental Tarantula,Poecilotheria subfusca,Endangered,All,2154242
Jaguar,Panthera onca,Endangered,All,5219426
Jamaican boa,Epicrates subflavus,Endangered,All,9244153
Jamaican iguana,Cyclura collei,Endangered,All,5960681
James spinymussel,Parvaspina collina,Endangered,All,9474980
Japanese Crane,Grus japonensis,Endangered,All,2474944
Japanese crested ibis,Nipponia nippon,Endangered,All,2480810
Japanese giant salamander,Andrias japonicus (=davidianus j.),Endangered,All,2432039
Japanese macaque,Macaca fuscata,Threatened,All,2436608
Javan rhinoceros,Rhinoceros sondaicus,Endangered,All,5220112
Jemez Mountains salamander,Plethodon neomexicanus,Endangered,All,2431494
Jentink's duiker,Cephalophus jentinki,Endangered,All,2441159
Jerdon's courser,Rhinoptilus bitorquatus,Endangered,All,2480736
Jesup's milk-vetch,Astragalus robbinsii var. jesupii,Endangered,All,5345280
Jollyville Plateau Salamander,Eurycea tonkawae,Threatened,All,5218375
Jones Cycladenia,Cycladenia humilis var. jonesii,Threatened,All,3614610
June sucker,Chasmistes liorus,Threatened,All,4286865
Junin grebe,Podiceps taczanowskii,Endangered,All,2482057
Junin rail,Laterallus tuerosi,Endangered,All,4852354
Kabul (straight-horned) markhor,Capra falconeri megaceros,Threatened,All,4262705
Kaempfer's tody-tyrant,Hemitriccus kaempferi,Endangered,All,2482985
Kagu,Rhynochetos jubatus,Endangered,All,2474354
Kakapo,Strigops habroptilus,Endangered,All,
Kaluga sturgeon,Huso dauricus,Endangered,All,2402100
Kamakahala,Labordia cyrtandrae,Endangered,All,4019913
Kamakahala,Labordia helleri,Endangered,All,9724674
Kamakahala,Labordia lydgatei,Endangered,All,9801597
Kamakahala,Labordia pumila,Endangered,All,9761586
Kamakahala,Labordia tinifolia var. lanaiensis,Endangered,All,9680001
Kamakahala,Labordia tinifolia var. wahiawaensis,Endangered,All,9690023
Kamakahala,Labordia triflora,Endangered,All,9671710
Kamanomano,Cenchrus agrimonioides,Endangered,All,5289725
Kamapua`a,Kadua fluviatilis,Endangered,All,2893614
Kandy Parachute Spider,Poecilotheria smithi,Endangered,All,2154239
Karner blue butterfly,Lycaeides melissa samuelis,Endangered,All,4300120
Kashmir stag,Cervus elaphus hanglu,Endangered,All,6165147
Kauai cave amphipod,Spelaeorchestia koloana,Endangered,All,2218614
Kauai cave wolf or pe'e pe'e maka 'ole spider,Adelocosa anops,Endangered,All,2147084
Kauai hau kuahiwi,Hibiscadelphus distans,Endangered,All,3152785
Kauila,Colubrina oppositifolia,Endangered,All,5372468
Kaulu,Pteralyxia kauaiensis,Endangered,All,3169655
Kaulu,Pteralyxia macrocarpa,Endangered,All,8688996
Kearney's blue-star,Amsonia kearneyana,Endangered,All,3169691
Keck's Checker-mallow,Sidalcea keckii,Endangered,All,3152727
Kemp's ridley sea turtle,Lepidochelys kempii,Endangered,All,2442165
Kendall Warm Springs dace,Rhinichthys osculus thermalis,Endangered,All,2359791
Kentucky arrow darter,Etheostoma spilotum,Threatened,All,7542142
Kentucky cave shrimp,Palaemonias ganteri,Endangered,All,2223016
Kentucky glade cress,Leavenworthia exigua laciniata,Threatened,All,3047229
Kenwood Marsh checker-mallow,Sidalcea oregana ssp. valida,Endangered,All,3940121
Kern mallow,Eremalche kernensis,Endangered,All,3935823
Kern primrose sphinx moth,Euproserpinus euterpe,Threatened,All,1862664
Key deer,Odocoileus virginianus clavium,Endangered,All,6165151
Key Largo cotton mouse,Peromyscus gossypinus allapaticola,Endangered,All,2437988
Key Largo woodrat,Neotoma floridana smalli,Endangered,All,2438444
Key ring-necked snake,Diadophis punctatus acricus,Endangered,All,6161393
Key tree cactus,Pilosocereus robinii,Endangered,All,3084378
Killer whale,Orcinus orca,Endangered,All,2440483
Kincaid's Lupine,Lupinus sulphureus ssp. kincaidii,Threatened,All,2963785
Kio`ele,Kadua coriacea,Endangered,All,4937910
Kiponapona,Phyllostegia racemosa,Endangered,All,2926481
Kneeland Prairie penny-cress,Thlaspi californicum,Endangered,All,3045288
Knieskern's Beaked-rush,Rhynchospora knieskernii,Threatened,All,2721248
Knowlton's cactus,Pediocactus knowltonii,Endangered,All,3084077
Koala,Phascolarctos cinereus,Threatened,All,2440012
Koch's pitta,Pitta kochi,Endangered,All,2489519
Kodachrome bladderpod,Lesquerella tumulosa,Endangered,All,3049179
Kohe malama malama o Kanaloa,Kanaloa kahoolawensis,Endangered,All,5355663
Koholapehu,Dubautia latifolia,Endangered,All,3134897
Kokako (wattlebird),Callaeas cinerea,Endangered,All,
Koki`o,Kokia cookei,Endangered,All,5406805
Koki`o,Kokia drynarioides,Endangered,All,5406802
Koki`o,Kokia kauaiensis,Endangered,All,5406804
Koki`o ke`oke`o,Hibiscus arnottianus ssp. immaculatus,Endangered,All,3939642
Koki`o ke`oke`o,Hibiscus waimeae ssp. hannerae,Endangered,All,8516428
Kolea,Myrsine fosbergii,Endangered,All,3169432
Kolea,Myrsine juddii,Endangered,All,3169425
Kolea,Myrsine knudsenii,Endangered,All,3169440
Kolea,Myrsine linearifolia,Threatened,All,3169413
Kolea,Myrsine mezii,Endangered,All,3169428
Kolea,Myrsine vaccinioides,Endangered,All,3169447
Komodo Island monitor,Varanus komodoensis,Endangered,All,2470854
kookoolau,Bidens hillebrandiana ssp. hillebrandiana,Endangered,All,7223491
Ko`oko`olau,Bidens amplectens,Endangered,All,5391688
Ko`oko`olau,Bidens campylotheca ssp. pentamera,Endangered,All,5701223
Ko`oko`olau,Bidens campylotheca ssp. waihoiensis,Endangered,All,5701222
Ko`oko`olau,Bidens conjuncta,Endangered,All,5391786
Ko`oko`olau,Bidens micrantha ssp. ctenophylla,Endangered,All,5700670
Ko`oko`olau,Bidens micrantha ssp. kalealaha,Endangered,All,5700668
Ko`oko`olau,Bidens wiebkei,Endangered,All,5392184
Ko`oloa`ula,Abutilon menziesii,Endangered,All,3152618
kopa,Kadua cordata remyi,Endangered,All,4937912
Kopiko,Psychotria grandiflora,Endangered,All,2922922
Kopiko,Psychotria hexandra var. oahuensis,Endangered,All,6449389
Kopiko,Psychotria hobdyi,Endangered,All,2920068
Koster's springsnail,Juturnia kosteri,Endangered,All,10044194
Kouprey,Bos sauveli,Endangered,All,2441018
Kral's water-plantain,Sagittaria secundifolia,Threatened,All,5328954
Kretschmarr Cave mold beetle,Texamaurops reddelli,Endangered,All,1039437
Kuahiwi laukahi,Plantago hawaiensis,Endangered,All,3189779
Kuahiwi laukahi,Plantago princeps,Endangered,All,3189754
Kuawawaenohu,Schiedea lychnoides,Endangered,All,5384683
Kuenzler hedgehog cactus,Echinocereus fendleri var. kuenzleri,Threatened,All,10733274
Kuhl's (=Bawean) deer,Axis porcinus kuhli,Endangered,All,5220129
Kulu`i,Nototrichium humile,Endangered,All,3084999
Kupukupu makali`i,Menisciopsis boydiae,Endangered,All,11808493
Lacy elimia (snail),Elimia crenatella,Threatened,All,2302179
La Graciosa thistle,Cirsium loncholepis,Endangered,All,4219327
Laguna Beach liveforever,Dudleya stolonifera,Threatened,All,2985915
Laguna Mountains skipper,Pyrgus ruralis lagunae,Endangered,All,5715180
Lahontan cutthroat trout,Oncorhynchus clarkii henshawi,Threatened,All,11115657
Lake County stonecrop,Parvisedum leiocarpum,Endangered,All,2985716
Lakela's mint,Dicerandra immaculata,Endangered,All,6069453
Lakeside daisy,Hymenoxys herbacea,Threatened,All,3112429
Lanai sandalwood (=`iliahi),Santalum haleakalae var. lanaiense,Endangered,All,7222046
Lanai tree snail,Partulina semicarinata,Endangered,All,5782894
Lanai tree snail,Partulina variabilis,Endangered,All,5782891
Lane Mountain milk-vetch,Astragalus jaegerianus,Endangered,All,5345472
Lange's metalmark butterfly,Apodemia mormo langei,Endangered,All,
Langford's tree snail,Partula langfordi,Endangered,All,5783036
Large desert marsupial-mouse,Sminthopsis psammophila,Endangered,All,2435403
Large-eared hutia,Capromys auritus,Endangered,All,2437645
Large-flowered fiddleneck,Amsinckia grandiflora,Endangered,All,2925886
Large-flowered skullcap,Scutellaria montana,Threatened,All,5341365
Large-flowered woolly meadowfoam,Limnanthes pumila ssp. grandiflora,Endangered,All,9216821
Large-fruited sand-verbena,Abronia macrocarpa,Endangered,All,5384869
Largetooth Sawfish,Pristis pristis,Endangered,All,5216276
Lar Valley viper,Vipera latifii,Endangered,All,5789497
Lassics lupine,Lupinus constancei,Endangered,All,2964007
Last Chance townsendia,Townsendia aprica,Threatened,All,5401965
Lau `ehu,Panicum niihauense,Endangered,All,2705122
Laulihilihi,Schiedea stellarioides,Endangered,All,5384407
Laurel dace,Chrosomus saylori,Endangered,All,7537528
Layne's butterweed,Senecio layneae,Threatened,All,3113963
Laysan duck,Anas laysanensis,Endangered,All,2498109
Laysan finch,Telespiza cantans,Endangered,All,2494416
Leadbeater's Possum,Gymnobelideus leadbeateri,Endangered,All,2440054
Leafy prairie-clover,Dalea foliosa,Endangered,All,5353340
Least Bell's vireo,Vireo bellii pusillus,Endangered,All,6175220
Leatherback sea turtle,Dermochelys coriacea,Endangered,All,9789983
Lee County cave isopod,Lirceus usdagalun,Endangered,All,2206170
Leedy's roseroot,Rhodiola integrifolia ssp. leedyi,Threatened,All,4200204
Lee pincushion cactus,Coryphantha sneedii var. leei,Threatened,All,11662783
lehua makanoe,Lysimachia daphnoides,Endangered,All,3169348
Lemurs,"Lemuridae (incl. genera Lemur, Phaner, Hapalemur, Lepilemur, Microcebus, Allocebus, Cheirogaleus, Varecia)",Endangered,All,
Leon Springs pupfish,Cyprinodon bovinus,Endangered,All,2347903
Leopard,Panthera pardus,Threatened,All,5219436
Leopard,Panthera pardus,Endangered,All,5219436
Leopard cat,Prionailurus (=Felis) bengalensis bengalensis,Endangered,All,7059278
Leopard darter,Percina pantherina,Threatened,All,2382071
Lesser rabbit bandicoot,Macrotis leucura,Endangered,All,5219459
Lesser rhea (incl. Darwin's),Rhea (=Pterocnemia) pennata,Endangered,All,2495160
Lesser slow loris,Nycticebus pygmaeus,Threatened,All,2436628
Lesueur's rat-kangaroo,Bettongia lesueur,Endangered,All,2440023
Lewton's polygala,Polygala lewtonii,Endangered,All,3191467
L'hoest's monkey,Cercopithecus lhoesti,Endangered,All,7416027
Light-footed Ridgway's rail,Rallus obsoletus levipes,Endangered,All,9135908
Liliwai,Acaena exigua,Endangered,All,5371196
Lion,Panthera leo ssp. leo,Endangered,All,7059275
Lion,Panthera leo ssp. melanochaita,Threatened,All,5219411
Lion-tailed macaque,Macaca silenus,Endangered,All,2436617
Little Aguja (=Creek) Pondweed,Potamogeton clystocarpus,Endangered,All,5826111
Little amphianthus,Amphianthus pusillus,Threatened,All,3729892
Little blue macaw,Cyanopsitta spixii,Endangered,All,2479185
Little Colorado spinedace,Lepidomeda vittata,Threatened,All,2361905
Little earth hutia,Capromys sanfelipensis,Endangered,All,2437644
Little Kern golden trout,Oncorhynchus aguabonita whitei,Threatened,All,5711991
Little planigale,Planigale ingrami subtilissima,Endangered,All,6163634
Littlewing pearlymussel,Pegias fabula,Endangered,All,2287996
Llanero Coqui,Eleutherodactylus juanariveroi,Endangered,All,2424131
Lloyd's Mariposa cactus,Sclerocactus mariposensis,Threatened,All,3084538
Loach minnow,Tiaroga cobitis,Endangered,All,2359827
Lobed Star Coral,Orbicella annularis,Threatened,All,7617481
Loch Lomond coyote thistle,Eryngium constancei,Endangered,All,3034396
Loggerhead sea turtle,Caretta caretta,Endangered,All,8894817
Loggerhead sea turtle,Caretta caretta,Threatened,All,8894817
Loggerhead sea turtle,Caretta caretta,Endangered,All,8894817
Loggerhead sea turtle,Caretta caretta,Endangered,All,8894817
Loggerhead sea turtle,Caretta caretta,Endangered,All,8894817
Loggerhead sea turtle,Caretta caretta,Threatened,All,8894817
Loggerhead sea turtle,Caretta caretta,Threatened,All,8894817
Loggerhead sea turtle,Caretta caretta,Threatened,All,8894817
Loggerhead sea turtle,Caretta caretta,Endangered,All,8894817
Lompoc yerba santa,Eriodictyon capitatum,Endangered,All,2928357
Longfin Smelt,Spirinchus thaleichthys,Endangered,All,2410897
Longhorn fairy shrimp,Branchinecta longiantenna,Endangered,All,
Long-legged warbler,Trichocichla rufa,Endangered,All,6100828
Longsolid,Fusconaia subrotunda,Threatened,All,2288194
Longspurred mint,Dicerandra cornutissima,Endangered,All,6069455
Long-tailed ground roller,Uratelornis chimaera,Endangered,All,2475329
Long-tailed langur,Presbytis potenziani,Threatened,All,5219563
Long-tailed marsupial-mouse,Sminthopsis longicaudata,Endangered,All,2435395
Long-tailed otter,Lontra (=Lutra) longicaudis (incl. platensis),Endangered,All,2433738
Lord Howe wood rail,Gallirallus (=Tricholimnas) sylvestris,Endangered,All,2474544
Lost River sucker,Deltistes luxatus,Endangered,All,2358958
Lotis blue butterfly,Lycaeides argyrognomon lotis,Endangered,All,6239005
Louisiana pearlshell,Margaritifera hembeli,Threatened,All,2287871
Louisiana pinesnake,Pituophis ruthveni,Threatened,All,2453867
Louisiana quillwort,Isoetes louisianensis,Endangered,All,2688309
loulu,Pritchardia aylmer-robinsonii,Endangered,All,5294655
loulu,Pritchardia bakeri,Endangered,All,6316823
loulu,Pritchardia hardyi,Endangered,All,5294651
loulu,Pritchardia kaalae,Endangered,All,5294631
loulu,Pritchardia lanigera,Endangered,All,5294660
loulu,Pritchardia maideniana,Endangered,All,5294641
loulu,Pritchardia munroi,Endangered,All,5294623
loulu,Pritchardia napaliensis,Endangered,All,5294666
loulu,Pritchardia remota,Endangered,All,5294655
loulu,Pritchardia schattaueri,Endangered,All,5294664
loulu,Pritchardia viscosa,Endangered,All,5294665
Lower Keys marsh rabbit,Sylvilagus palustris hefneri,Endangered,All,6164821
Lowland anoa,Bubalus depressicornis,Endangered,All,8085503
Luzon peacock swallowtail butterfly,Papilio chikae,Endangered,All,1937934
Lyon's pentachaeta,Pentachaeta lyonii,Endangered,All,5394834
Lyrate bladderpod,Lesquerella lyrata,Threatened,All,3044393
MacFarlane's four-o'clock,Mirabilis macfarlanei,Threatened,All,3086159
Madagascar pochard,Aythya innotata,Endangered,All,2498258
Madagascar radiated tortoise,Geochelone radiata,Endangered,All,2441666
Madagascar red owl,Tyto soumagnei,Endangered,All,5232371
Madagascar sea eagle,Haliaeetus vociferoides,Endangered,All,2480452
Madagascar serpent eagle,Eutriorchis astur,Endangered,All,2480471
Madison Cave isopod,Antrolana lira,Threatened,All,2212893
Madla Cave Meshweaver,Cicurina madla,Endangered,All,2144452
Magenta petrel,Pterodroma magentae,Endangered,All,2481476
Magnificent ramshorn,Planorbella magnifica,Endangered,All,5189730
Maguire primrose,Primula maguirei,Threatened,All,5414341
Mahoe,Alectryon macrococcus,Endangered,All,
Makou,Peucedanum sandwicense,Threatened,All,3034227
Makou,Ranunculus hawaiensis,Endangered,All,3033450
Makou,Ranunculus mauiensis,Endangered,All,3033422
Malabar large-spotted civet,Viverra civettina (=megaspila c.),Endangered,All,5219340
Maleo megapode,Macrocephalon maleo,Endangered,All,2482154
Malheur wire-lettuce,Stephanomeria malheurensis,Endangered,All,3141088
Mancos milk-vetch,Astragalus humillimus,Endangered,All,5346243
Mandrill,Mandrillus (=Papio) sphinx,Endangered,All,5219556
Maned wolf,Chrysocyon brachyurus,Endangered,All,2434450
Mann's bluegrass,Poa mannii,Endangered,All,2704206
Mantled howler monkey,Alouatta palliata,Endangered,All,2436649
Manus Island tree snail,Papustyla pulcherrima,Endangered,All,4304771
Many-flowered navarretia,Navarretia leucocephala ssp. plieantha,Endangered,All,4056675
Ma`oli`oli,Schiedea apokremnos,Endangered,All,5384429
Ma`oli`oli,Schiedea hawaiiensis,Endangered,All,5384422
Ma`oli`oli,Schiedea kealiae,Endangered,All,5384439
Ma`oli`oli,Schiedea pubescens,Endangered,All,5384405
Mao (= maomao) (honeyeater),Gymnomyza samoensis,Endangered,All,5230476
Mapele,Cyrtandra cyaneoides,Endangered,All,5415311
Marbled cat,Pardofelis (=Felis) marmorata,Endangered,All,2435089
Marbled Murrelet,Brachyramphus marmoratus,Threatened,All,5229281
Marcescent dudleya,Dudleya cymosa ssp. marcescens,Threatened,All,4198987
Margaretta's hermit,Phaethornis malaris margarettae,Endangered,All,6179099
Margay,Leopardus (=Felis) wiedii,Endangered,All,2434950
Maria Island ground lizard,Cnemidophorus vanzoi,Endangered,All,5227501
Maria Island snake,Liophus ornatus,Endangered,All,
Mariana (=aga) Crow,Corvus kubaryi,Endangered,All,2482506
Mariana common moorhen (pulattat),Gallinula chloropus guami,Endangered,All,5228208
Mariana eight-spot butterfly,Hypolimnas octocula marianensis,Endangered,All,6233034
Mariana fruit Bat (=Mariana flying fox),Pteropus mariannus mariannus,Threatened,All,7261774
Mariana swiftlet,Aerodramus bartschi,Endangered,All,2477241
Mariana wandering butterfly,Vagrans egistina,Endangered,All,
Marin dwarf-flax,Hesperolinon congestum,Threatened,All,2873830
Marine otter,Lontra (=Lutra) felina,Endangered,All,2433737
Mariposa pussypaws,Calyptridium pulchellum,Threatened,All,3084822
Marquesas pigeon,Ducula galeata,Endangered,All,2495987
Marron bacora,Solanum conocarpum,Endangered,All,9436926
Marsh deer,Blastocerus dichotomus,Endangered,All,2440963
marsh sandwort,Arenaria paludicola,Endangered,All,5384479
Martinique trembler (thrasher),Cinclocerthia ruficauda gutturalis,Endangered,All,2494984
Marungu sunbird,Nectarinia prigoginei,Endangered,All,6088122
Maryland darter,Etheostoma sellare,Endangered,All,2382401
Mascarene black petrel,Pterodroma aterrima,Endangered,All,
Masked bobwhite (quail),Colinus virginianus ridgwayi,Endangered,All,5228097
Mat-forming quillwort,Isoetes tegetiformans,Endangered,All,2688319
Maui dolphin,Cephalorhynchus hectori maui,Endangered,All,5220035
Maui parrotbill (Kiwikiu),Pseudonestor xanthophrys,Endangered,All,2494141
Maui reedgrass,Calamagrostis expansa,Endangered,All,2704867
Maui remya,Remya mauiensis,Endangered,All,3087569
Mauna Loa (=Ka'u) silversword,Argyroxiphium kauense,Endangered,All,3118117
Mauritius cuckoo-shrike,Coquus typicus,Endangered,All,2486753
Mauritius fody,Foudia rubra,Endangered,All,2494078
Mauritius kestrel,Falco punctatus,Endangered,All,2481005
Mauritius olivaceous Bulbul,Hypsipetes borbonicus olivaceus,Endangered,All,5788702
Mauritius parakeet,Psittacula echo,Endangered,All,5229071
Mayaguana iguana,Cyclura carinata bartschi,Threatened,All,5960671
McDonald's rock-cress,Arabis mcdonaldiana,Endangered,All,5552393
McNeill's deer,Cervus elaphus macneilii,Endangered,All,2440958
Mead's milkweed,Asclepias meadii,Threatened,All,3170259
Mediterranean monk seal,Monachus monachus,Endangered,All,2434779
Mehamehame,Flueggea neowawraea,Endangered,All,5382855
Mekong giant catfish,Pangasius sanitwongsei,Endangered,All,5202478
Meltwater lednian stonefly,Lednia tumana,Threatened,All,2002797
Menzies' wallflower,Erysimum menziesii,Endangered,All,3048483
Merriam's Montezuma quail,Cyrtonyx montezumae merriami,Endangered,All,7191005
Mesa Verde cactus,Sclerocactus mesae-verdae,Threatened,All,3084571
Metcalf Canyon jewelflower,Streptanthus albidus ssp. albidus,Endangered,All,3041621
Mexican blindcat (catfish),Prietella phreatophila,Endangered,All,2341045
Mexican bobcat,Lynx (=Felis) rufus escuinapae,Endangered,All,6164669
Mexican flannelbush,Fremontodendron mexicanum,Endangered,All,3152158
Mexican long-nosed bat,Leptonycteris nivalis,Endangered,All,2433317
Mexican prairie dog,Cynomys mexicanus,Endangered,All,2437234
Mexican spotted owl,Strix occidentalis lucida,Threatened,All,6176045
Mexican wolf,Canis lupus baileyi,Endangered,All,6164191
Mhorr gazelle,Gazella dama mhorr,Endangered,All,4262713
Miami Blue Butterfly,Cyclargus thomasi bethunebakeri,Endangered,All,6239379
Miami tiger beetle,Cicindelidia floridana,Endangered,All,10800430
Miccosukee gooseberry,Ribes echinellum,Threatened,All,2986118
Michaux's sumac,Rhus michauxii,Endangered,All,3190550
Michigan monkey-flower,Mimulus michiganensis,Endangered,All,7569866
Micronesian megapode,Megapodius laperouse,Endangered,All,2482128
Mikado pheasant,Syrmaticus mikado,Endangered,All,2473482
Military macaw,Ara militaris,Endangered,All,5959230
Mindoro imperial (=zone-tailed) pigeon,Ducula mindorensis,Endangered,All,2495989
Minnesota dwarf trout lily,Erythronium propullans,Endangered,All,2752832
Mission blue butterfly,Icaricia icarioides missionensis,Endangered,All,4300078
Mississippi sandhill crane,Antigone canadensis pulla,Endangered,All,6176783
Missouri bladderpod,Physaria filiformis,Threatened,All,3049220
Mitchell's satyr Butterfly,Neonympha mitchellii mitchellii,Endangered,All,7259474
Miyako tango (=Toyko bitterling),Tanakia tanago,Endangered,All,2366945
Moapa dace,Moapa coriacea,Endangered,All,2362734
Mohave tui chub,Gila bicolor ssp. mohavensis,Endangered,All,9450405
Mohr's Barbara's buttons,Marshallia mohrii,Threatened,All,5393637
Molokai `oloma`o,Myadestes lanaiensis rutha,Endangered,All,6171865
Mona boa,Epicrates monensis monensis,Threatened,All,8812600
Mona ground Iguana,Cyclura stejnegeri,Threatened,All,5224662
Mongolian saiga (antelope),Saiga tatarica mongolica,Endangered,All,4262509
Monterey clover,Trifolium trichocalyx,Endangered,All,5358766
Monterey gilia,Gilia tenuiflora ssp. arenaria,Endangered,All,5341584
Monterey spineflower,Chorizanthe pungens var. pungens,Threatened,All,7095564
Monte Verde golden toad,Bufo periglenes,Endangered,All,2422444
Morden's owlet,Otus ireneae,Endangered,All,5232277
Morefields Leather Flower,Clematis morefieldii,Endangered,All,3033552
Moroccan gazelle,Gazella dorcas massaesyla,Endangered,All,5706402
Morro Bay kangaroo rat,Dipodomys heermanni morroensis,Endangered,All,6163506
Morro manzanita,Arctostaphylos morroensis,Threatened,All,2882602
Morro shoulderband (=Banded dune) snail,Helminthoglypta walkeriana,Threatened,All,2296175
Mountain anoa,Bubalus quarlesi,Endangered,All,7846959
Mountain (=Cuvier's) gazelle,Gazella cuvieri,Endangered,All,5220148
Mountain golden heather,Hudsonia montana,Threatened,All,5331112
Mountainous Star Coral,Orbicella faveolata,Threatened,All,8279523
Mountain pygmy possum,Burramys parvus,Endangered,All,2440237
Mountain sweet pitcher-plant,Sarracenia rubra ssp. jonesii,Endangered,All,5572770
Mountain tapir,Tapirus pinchaque,Endangered,All,2440899
Mountain yellow-legged frog,Rana muscosa,Endangered,All,2426791
Mountain yellow-legged frog,Rana muscosa,Endangered,All,2426791
Mountain zebra,Equus zebra zebra,Endangered,All,2440888
Mount Charleston blue butterfly,Icaricia (Plebejus) shasta charlestonensis,Endangered,All,
Mount Graham red squirrel,Tamiasciurus fremonti grahamensis,Endangered,All,4263527
Mount Hermon June beetle,Polyphylla barbata,Endangered,All,1057467
Mt. Rainier white-tailed ptarmigan,Lagopus leucura rainierensis,Threatened,All,5227723
Mugger crocodile,Crocodylus palustris palustris,Endangered,All,2441350
Munz's onion,Allium munzii,Endangered,All,2856654
Musk deer,Moschus spp. (all species),Endangered,All,
Myrtle's silverspot butterfly,Speyeria zerene myrtleae,Endangered,All,4299410
Naenae,Dubautia kalalauensis,Endangered,All,3134944
Naenae,Dubautia kenwoodii,Endangered,All,3134931
Na`ena`e,Dubautia herbstobatae,Endangered,All,3134932
Na`ena`e,Dubautia imbricata ssp. imbricata,Endangered,All,4273566
Na`ena`e,Dubautia pauciflorula,Endangered,All,3134878
Na`ena`e,Dubautia plantaginea ssp. humilis,Endangered,All,4230378
Na`ena`e,Dubautia plantaginea ssp. magnifolia,Endangered,All,4230372
Na`ena`e,Dubautia waialealae,Endangered,All,3134936
Nani wai`ale`ale,Viola kauaiensis var. wahiawaensis,Endangered,All,5708721
Nanu,Gardenia mannii,Endangered,All,5335163
Nanu,Gardenia remyi,Endangered,All,5335108
Napa bluegrass,Poa napensis,Endangered,All,2704313
Narrow-headed gartersnake,Thamnophis rufipunctatus,Threatened,All,2457639
Narrownose smoothhound shark,Mustelus schmitti,Threatened,All,2418324
Narrow pigtoe,Fusconaia escambia,Threatened,All,2288187
Narrow sawfish,Anoxypristis cuspidata,Endangered,All,2420848
Nashville crayfish,Orconectes shoupi,Endangered,All,9141927
Nassau grouper,Epinephelus striatus,Threatened,All,2388300
(=Native yellow hibiscus) ma`o hau hele,Hibiscus brackenridgei,Endangered,All,3152587
Navajo sedge,Carex specuicola,Threatened,All,2723114
Navasota ladies-tresses,Spiranthes parksii,Endangered,All,2805420
Neches River rose-mallow,Hibiscus dasycalyx,Threatened,All,3152550
nehe,Lipochaeta fauriei,Endangered,All,5386786
nehe,Lipochaeta lobata var. leptophylla,Endangered,All,8211120
nehe,Lipochaeta micrantha,Endangered,All,6064731
nehe,Lipochaeta venosa,Endangered,All,5386798
nehe,Lipochaeta waimeaensis,Endangered,All,5386797
nehe,Melanthera kamolensis,Endangered,All,5386824
nehe,Melanthera tenuifolia,Endangered,All,5386792
Nekogigi (catfish),Coreobagrus ichikawai,Endangered,All,2338655
Nellie's cory cactus,Escobaria minima,Endangered,All,11848043
Neosho madtom,Noturus placidus,Threatened,All,2341029
Neosho Mucket,Lampsilis rafinesqueana,Endangered,All,2288166
Neuse River waterdog,Necturus lewisi,Threatened,All,2432046
Nevin's barberry,Berberis nevinii,Endangered,All,10629007
Newcomb's snail,Erinna newcombi,Threatened,All,5784503
Newcomb's Tree snail,Newcombia cumingi,Endangered,All,5782948
Newell''s shearwater,Puffinus newelli,Threatened,All,9503570
New Holland mouse,Pseudomys novaehollandiae,Endangered,All,5219790
New Mexico meadow jumping mouse,Zapus hudsonius luteus,Endangered,All,2439467
New Mexico ridge-nosed rattlesnake,Crotalus willardi obscurus,Threatened,All,6157409
New Zealand bushwren,Xenicus longipes,Endangered,All,2484584
New Zealand shore plover,Thinornis novaeseelandiae,Endangered,All,2480340
New Zealand thrush (wattlebird),Turnagra capensis,Endangered,All,2482431
Niangua darter,Etheostoma nianguae,Threatened,All,2382336
Nichol's Turk's head cactus,Echinocactus horizonthalonius var. nicholii,Endangered,All,3944103
Nicklin's pearlymussel,Megalonaias nicklineana,Endangered,All,8005536
Night (=Australian) parrot,Geopsittacus occidentalis,Endangered,All,2479466
Nightingale reed warbler (old world warbler),Acrocephalus luscinia,Endangered,All,
Nihoa finch,Telespiza ultima,Endangered,All,2494419
Nihoa millerbird (old world warbler),Acrocephalus familiaris kingi,Endangered,All,5231336
Nile crocodile,Crocodylus niloticus,Threatened,All,2441341
Nioi,Eugenia koolauensis,Endangered,All,5417286
Nipomo Mesa lupine,Lupinus nipomensis,Endangered,All,2963855
No common name,Abutilon eremitopetalum,Endangered,All,3152604
No common name,Abutilon sandwicense,Endangered,All,3152605
No common name,Achyranthes mutica,Endangered,All,7936377
No common name,Acropora globiceps,Threatened,All,5784792
No common name,Acropora jacquelineae,Threatened,All,5784799
No common name,Acropora lokani,Threatened,All,5184640
No common name,Acropora pharaonis,Threatened,All,5184568
No common name,Acropora retusa,Threatened,All,5784810
No common name,Acropora rudis,Threatened,All,5184665
No common name,Acropora speciosa,Threatened,All,5784809
No common name,Acropora tenella,Threatened,All,5184706
No common name,Agave eggersiana,Endangered,All,2766898
No common name,Amaranthus brownii,Endangered,All,5384352
No common name,Anacropora spinosa,Threatened,All,2259997
No common name,Aristida chaseae,Endangered,All,2706266
No common name,Asplenium dielerectum,Endangered,All,4257738
No common name,Asplenium diellaciniatum,Endangered,All,4257723
No common name,Asplenium (=Diellia) dielfalcatum (=falcata),Endangered,All,4257733
No common name,Asplenium dielmannii,Endangered,All,4257715
No common name,Asplenium dielpallidum,Endangered,All,7229299
No common name,Asplenium peruvianum var. insulare,Endangered,All,4257962
No common name,Asplenium unisorum,Endangered,All,4258717
No common name,Auerodendron pauciflorum,Endangered,All,3039407
No common name,Bonamia menziesii,Endangered,All,5341696
No common name,Calyptranthes thomasiana,Endangered,All,10804104
No common name,Cantharellus noumeae,Endangered,All,5184831
No common name,Catesbaea melanocarpa,Endangered,All,2910982
No common name,Chamaecrista glandulosa var. mirabilis,Endangered,All,2949579
No common name,Cordia bellonis,Endangered,All,2926361
No common name,Cranichis ricartii,Endangered,All,2789729
No common name,Cyanea kauaulaensis,Endangered,All,8330108
No common name,Cyperus fauriei,Endangered,All,2716129
No common name,Cyperus neokunthianus,Endangered,All,7821181
No common name,Cyperus pennatiformis,Endangered,All,8168842
No common name,Daphnopsis helleriana,Endangered,All,3188471
No common name,Delissea rhytidosperma,Endangered,All,3164993
No common name,Delissea undulata,Endangered,All,3164965
No common name,Dendrobium guamense,Threatened,All,5317520
No common name,Deparia kaalaana,Endangered,All,2650983
No common name,Diplazium molokaiense,Endangered,All,7758934
No common name,Doryopteris angelica,Endangered,All,3747781
No common name,Doryopteris takeuchii,Endangered,All,3749907
No common name,Elaphoglossum serpens,Endangered,All,2651055
No common name,Eugenia bryanii,Endangered,All,5416390
No common name,Eugenia woodburyana,Threatened,All,5417798
No common name,Euphyllia paradivisa,Threatened,All,9373972
No common name,Festuca hawaiiensis,Endangered,All,2705005
No common name,Festuca molokaiensis,Endangered,All,5827764
No common name,Geocarpon minimum,Threatened,All,3085364
No common name,Gesneria pauciflora,Threatened,All,5415323
No common name,Gonocalyx concolor,Endangered,All,2883021
No common name,Gouania hillebrandii,Endangered,All,8240892
No common name,Gouania meyenii,Endangered,All,5372441
No common name,Gouania vitifolia,Endangered,All,5372444
No common name,Hesperomannia arborescens,Endangered,All,3105848
No common name,Hesperomannia arbuscula,Endangered,All,3105849
No common name,Hesperomannia lydgatei,Endangered,All,3105851
No common name,Ilex sintenisii,Endangered,All,7154614
No common name,Isopora crateriformis,Threatened,All,5784814
No common name,Kadua degeneri,Endangered,All,4937909
No common name,Kadua haupuensis,Endangered,All,6288814
No common name,Kadua parvula,Endangered,All,2903962
No common name,Kadua st.-johnii,Endangered,All,
No common name,Keysseria (=Lagenifera) erici,Endangered,All,10704194
No common name,Keysseria (=Lagenifera) helenae,Endangered,All,10771340
No common name,Labordia lorenciana,Endangered,All,
No common name,Lepidium orbiculare,Endangered,All,5376451
No common name,Leptocereus grantianus,Endangered,All,5383990
No common name,Lobelia koolauensis,Endangered,All,5407871
No common name,Lobelia monostachya,Endangered,All,5408017
No common name,Lobelia niihauensis,Endangered,All,5408950
No common name,Lobelia oahuensis,Endangered,All,5407846
No common name,Lyonia truncata var. proctorii,Endangered,All,5683872
No common name,Lysimachia filifolia,Endangered,All,3169389
No common name,Lysimachia iniki,Endangered,All,4008112
No common name,Lysimachia lydgatei,Endangered,All,3169332
No common name,Lysimachia maxima,Endangered,All,7862069
No common name,Lysimachia pendens,Endangered,All,4006680
No common name,Lysimachia scopulensis,Endangered,All,4005717
No common name,Lysimachia venosa,Endangered,All,3169363
No common name,Maesa walkeri,Threatened,All,3722817
No common name,Melicope cornuta var. cornuta,Endangered,All,9380336
No common name,Melicope cornuta var. decurrens,Endangered,All,9264774
No common name,Melicope remyi,Endangered,All,9505798
No common name,Microlepia strigosa var. mauiensis,Endangered,All,3605069
No common name,Mitracarpus maxwelliae,Endangered,All,2912949
No common name,Mitracarpus polycladus,Threatened,All,2912908
No common name,Montipora australiensis,Threatened,All,2259942
No common name,Myrcia paganii,Endangered,All,10712487
No common name,Neraudia angulata,Endangered,All,2984371
No common name,Neraudia ovata,Endangered,All,2984372
No common name,Neraudia sericea,Endangered,All,2984374
No common name,Nervilia jacksoniae,Threatened,All,2836662
No common name,Nesogenes rotensis,Endangered,All,5669617
No common name,Osmoxylon mariannense,Endangered,All,3037132
No common name,Pavona diffluens,Threatened,All,2260530
No common name,Phlegmariurus stemmermanniae,Endangered,All,2688456
No common name,Phyllanthus saffordii,Endangered,All,5381199
No common name,Phyllostegia bracteata,Endangered,All,2926429
No common name,Phyllostegia brevidens,Endangered,All,2926483
No common name,Phyllostegia floribunda,Endangered,All,2926437
No common name,Phyllostegia glabra var. lanaiensis,Endangered,All,4273212
No common name,Phyllostegia haliakalae,Endangered,All,3884431
No common name,Phyllostegia helleri,Endangered,All,2926417
No common name,Phyllostegia hirsuta,Endangered,All,2926451
No common name,Phyllostegia hispida,Endangered,All,2926420
No common name,Phyllostegia kaalaensis,Endangered,All,2926419
No common name,Phyllostegia knudsenii,Endangered,All,2926479
No common name,Phyllostegia mannii,Endangered,All,2926456
No common name,Phyllostegia mollis,Endangered,All,2926426
No common name,Phyllostegia parviflora,Endangered,All,2926474
No common name,Phyllostegia pilosa,Endangered,All,3883943
No common name,Phyllostegia renovans,Endangered,All,3883875
No common name,Phyllostegia stachyoides,Endangered,All,2926431
No common name,Phyllostegia velutina,Endangered,All,2926415
No common name,Phyllostegia waimeae,Endangered,All,2926471
No common name,Phyllostegia warshaueri,Endangered,All,2926475
No common name,Phyllostegia wawrana,Endangered,All,2926443
No common name,Platanthera holochila,Endangered,All,2817508
No common name,Poa siphonoglossa,Endangered,All,2704312
No common name,Polyscias bisattenuata,Endangered,All,6307104
No common name,Polyscias flynnii,Endangered,All,6069270
No common name,Polyscias lydgatei,Endangered,All,6307099
No common name,Polyscias racemosa,Endangered,All,6069268
No common name,Polystichum calderonense,Endangered,All,2651090
No common name,Porites napopora,Threatened,All,5184784
No common name,Pteris lidgatei,Endangered,All,
No common name,Remya kauaiensis,Endangered,All,3087570
No common name,Remya montgomeryi,Endangered,All,3087568
No common name,Sanicula mariversa,Endangered,All,3034842
No common name,Sanicula purpurea,Endangered,All,3034850
No common name,Sanicula sandwicensis,Endangered,All,3034866
No common name,Santalum involutum,Endangered,All,3789277
No common name,Schiedea attenuata,Endangered,All,5384438
No common name,Schiedea diffusa ssp. macraei,Endangered,All,5384420
No common name,Schiedea diffusa subsp. diffusa,Endangered,All,6069249
No common name,Schiedea haleakalensis,Endangered,All,5384431
No common name,Schiedea helleri,Endangered,All,5384425
No common name,Schiedea hookeri,Endangered,All,5384412
No common name,Schiedea jacobii,Endangered,All,5586152
No common name,Schiedea kaalae,Endangered,All,5384416
No common name,Schiedea kauaiensis,Endangered,All,5384424
No common name,Schiedea laui,Endangered,All,5586137
No common name,Schiedea lydgatei,Endangered,All,5384446
No common name,Schiedea membranacea,Endangered,All,5384423
No common name,Schiedea nuttallii,Endangered,All,5384433
No common name,Schiedea obovata,Endangered,All,5586100
No common name,Schiedea salicaria,Endangered,All,5384406
No common name,Schiedea sarmentosa,Endangered,All,5384451
No common name,Schiedea spergulina var. leiopoda,Endangered,All,5384426
No common name,Schiedea spergulina var. spergulina,Threatened,All,5384426
No common name,Schiedea trinervis,Endangered,All,5835637
No common name,Schiedea verticillata,Endangered,All,5384418
No common name,Schiedea viscosa,Endangered,All,5384681
No common name,Schoepfia arenaria,Threatened,All,2889817
No common name,Seriatopora aculeata,Threatened,All,4879270
No common name,Sicyos lanceoloideus,Endangered,All,3624426
No common name,Siderastrea glynni,Endangered,All,2258895
No common name,Silene alexandri,Endangered,All,5384772
No common name,Silene hawaiiensis,Threatened,All,5384770
No common name,Silene lanceolata,Endangered,All,5384826
No common name,Silene perlmanii,Endangered,All,5384769
No common name,Spermolepis hawaiiensis,Endangered,All,
No common name,Stenogyne angustifolia var. angustifolia,Endangered,All,2927395
No common name,Stenogyne bifida,Endangered,All,2927424
No common name,Stenogyne campanulata,Endangered,All,2927448
No common name,Stenogyne cranwelliae,Endangered,All,2927428
No common name,Stenogyne kaalae ssp. sherffii,Endangered,All,3901589
No common name,Stenogyne kanehoana,Endangered,All,2927429
No common name,Stenogyne kauaulaensis,Endangered,All,6069447
No common name,Stenogyne kealiae,Endangered,All,2927437
No common name,Tabernaemontana rotensis,Threatened,All,10758315
No common name,Tectaria estremerana,Endangered,All,5654197
No common name,Ternstroemia subsessilis,Endangered,All,3189603
No common name,Tetramolopium arenarium,Endangered,All,3122303
No common name,Tetramolopium filiforme,Endangered,All,3122283
No common name,Tetramolopium lepidotum ssp. lepidotum,Endangered,All,7222617
No common name,Tetramolopium remyi,Endangered,All,3122296
No common name,Tetramolopium rockii,Threatened,All,3122307
No common name,Thelypteris inabonensis,Endangered,All,11772178
No common name,Thelypteris verecunda,Endangered,All,8620021
No common name,Thelypteris yaucoensis,Endangered,All,8529727
No common name,Tinospora homosepala,Endangered,All,3830584
No common name,Trematolobelia singularis,Endangered,All,3161792
No common name,Tubastraea floreana,Endangered,All,2259548
No common name,Tuberolabium guamense,Threatened,All,5310262
No common name,Varronia rupicola,Threatened,All,
No common name,Vernonia proctorii,Endangered,All,3099700
No common name,Vigna o-wahuensis,Endangered,All,
No common name,Viola helenae,Endangered,All,5331350
No common name,Viola lanaiensis,Endangered,All,5331187
No common name,Viola oahuensis,Endangered,All,5331316
No common name,Wikstroemia skottsbergiana,Endangered,All,5420860
No common name,Wikstroemia villosa,Endangered,All,5420871
No common name,Xylosma crenatum,Endangered,All,
[no common name] Beetle,Rhadine exilis,Endangered,All,7609979
[no common name] Beetle,Rhadine infernalis,Endangered,All,8167139
Noel's Amphipod,Gammarus desperatus,Endangered,All,2219866
Nohoanu,Geranium arboreum,Endangered,All,2890745
Nohoanu,Geranium hanaense,Endangered,All,2890579
Nohoanu,Geranium hillebrandii,Endangered,All,2890829
Nohoanu,Geranium kauaiense,Endangered,All,2891018
Nohoanu,Geranium multiflorum,Endangered,All,2890222
Noisy scrub-bird,Atrichornis clamosus,Endangered,All,2495098
noonday snail,Mesodon clarki nantahala,Threatened,All,12232061
Nordmann's greenshank,Tringa guttifer,Endangered,All,2481723
Norfolk Island parakeet,Cyanoramphus cookii (=novaezelandiae c.),Endangered,All,5229103
Norfolk Island white-eye,Zosterops albogularis,Endangered,All,2489367
North American wolverine,Gulo gulo luscus,Threatened,All,5219079
North Andean huemul,Hippocamelus antisensis,Endangered,All,2440980
North Atlantic Right Whale,Eubalaena glacialis,Endangered,All,2440339
North China sika deer,Cervus nippon mandarinus,Endangered,All,4262359
Northeastern beach tiger beetle,Habroscelimorpha dorsalis dorsalis,Threatened,All,9180146
Northern Aplomado Falcon,Falco femoralis septentrionalis,Endangered,All,6177968
Northern bald ibis,Geronticus eremita,Endangered,All,2480770
Northern Idaho Ground Squirrel,Urocitellus brunneus,Threatened,All,7640191
Northern Long-Eared Bat,Myotis septentrionalis,Endangered,All,2432436
Northern Mexican gartersnake,Thamnophis eques megalops,Threatened,All,6161436
Northern riffleshell,Epioblasma rangiana,Endangered,All,8007262
Northern Sea Otter,Enhydra lutris kenyoni,Threatened,All,6163935
Northern spotted owl,Strix occidentalis caurina,Threatened,All,6176043
Northern swift fox,Vulpes velox hebes,Endangered,All,5219290
Northern white rhinoceros,Ceratotherium simum cottoni,Endangered,All,7445659
Northern wild monkshood,Aconitum noveboracense,Threatened,All,3033676
North Pacific Right Whale,Eubalaena japonica,Endangered,All,9747921
North Park phacelia,Phacelia formosula,Endangered,All,2928220
Numbat,Myrmecobius fasciatus,Endangered,All,5219465
O`ahu `alauahio,Paroreomyza maculata,Endangered,All,2494579
Oahu elepaio,Chasiempis ibidis,Endangered,All,6086250
Oahu tree snails,Achatinella spp.,Endangered,All,
Oceanic Hawaiian damselfly,Megalagrion oceanicum,Endangered,All,1422087
Oceanic whitetip shark,Carcharhinus longimanus,Threatened,All,2418052
Ocelot,Leopardus (=Felis) pardalis,Endangered,All,2434982
Ochlockonee moccasinshell,Medionidus simpsonianus,Endangered,All,2287911
Ocmulgee skullcap,Scutellaria ocmulgee,Endangered,All,5341339
Oha,Delissea subcordata,Endangered,All,3164971
Ohai,Sesbania tomentosa,Endangered,All,2970754
`Oha wai,Clermontia drepanomorpha,Endangered,All,5407785
`Oha wai,Clermontia lindseyana,Endangered,All,5407798
`Oha wai,Clermontia oblongifolia ssp. brevipes,Endangered,All,5407697
`Oha wai,Clermontia oblongifolia ssp. mauiensis,Endangered,All,5407703
`Oha wai,Clermontia peleana,Endangered,All,5407756
`Oha wai,Clermontia pyrularia,Endangered,All,5407704
`Oha wai,Clermontia samuelii,Endangered,All,5407803
`Ohe,Joinvillea ascendens ascendens,Endangered,All,5293058
`Ohe`ohe,Polyscias gymnocarpa,Endangered,All,6069258
Ohlone tiger beetle,Cicindela ohlone,Endangered,All,1034911
Okeechobee gourd,Cucurbita okeechobeensis ssp. okeechobeensis,Endangered,All,7095962
Olive ridley sea turtle,Lepidochelys olivacea,Threatened,All,2442153
Olive ridley sea turtle,Lepidochelys olivacea,Endangered,All,2442153
olua,Hypolepis hawaiiensis var. mauiensis,Endangered,All,5532627
Olulu,Brighamia insignis,Endangered,All,3164381
Olympia pocket gopher,Thomomys mazama pugetensis,Threatened,All,4264518
Opuhe,Urera kaalae,Endangered,All,2984337
Orange-bellied parakeet,Neophema chrysogaster,Endangered,All,2479508
Orangeblack Hawaiian damselfly,Megalagrion xanthomelas,Endangered,All,1422077
Orangefoot pimpleback (pearlymussel),Plethobasus cooperianus,Endangered,All,2287976
Orangenacre mucket,Hamiota perovalis,Threatened,All,7862247
Orangutan,Pongo pygmaeus,Endangered,All,5219532
Orcutt's spineflower,Chorizanthe orcuttiana,Endangered,All,2888904
Oregon silverspot butterfly,Speyeria zerene hippolyta,Threatened,All,4299418
Oregon spotted frog,Rana pretiosa,Threatened,All,2426776
Oriental white stork,Ciconia boyciana (=ciconia b.),Endangered,All,2481916
Orinoco crocodile,Crocodylus intermedius,Endangered,All,2441344
Osterhout milkvetch,Astragalus osterhoutii,Endangered,All,5345753
Otay mesa-mint,Pogogyne nudiuscula,Endangered,All,2926973
Otay tarplant,Deinandra (=Hemizonia) conjugens,Threatened,All,3106618
Ouachita fanshell,Cyprogenia sp. cf. aberti,Threatened,All,
Ouachita rock pocketbook,Arcidens wheeleri,Endangered,All,2288280
`O`u (honeycreeper),Psittirostra psittacea,Endangered,All,2494566
Oval pigtoe,Pleurobema pyriforme,Endangered,All,2288058
Ovate clubshell,Pleurobema perovatum,Endangered,All,2288104
Owens pupfish,Cyprinodon radiosus,Endangered,All,2347874
Owens Tui Chub,Gila bicolor ssp. snyderi,Endangered,All,8197854
Oyster mussel,Epioblasma capsaeformis,Endangered,All,2288229
Ozark big-eared bat,Corynorhinus (=Plecotus) townsendii ingens,Endangered,All,6163674
Ozark cavefish,Amblyopsis rosae,Threatened,All,5212779
Ozark Hellbender,Cryptobranchus alleganiensis bishopi,Endangered,All,2432031
Pacific Hawaiian damselfly,Megalagrion pacificum,Endangered,All,1422093
"Pacific marten, Coastal DPS",Martes caurina,Threatened,All,5847373
Pacific pocket mouse,Perognathus longimembris pacificus,Endangered,All,6163502
Pacific sheath-tailed Bat,Emballonura semicaudata rotensis,Endangered,All,6163677
Pacific sheath-tailed Bat,Emballonura semicaudata semicaudata,Endangered,All,6163676
Pagi Island langur,Nasalis concolor,Endangered,All,4267130
Pagosa skyrocket,Ipomopsis polyantha,Endangered,All,2927988
Pahranagat roundtail chub,Gila robusta jordani,Endangered,All,2360128
Pahrump poolfish,Empetrichthys latos,Endangered,All,4284453
Pa`iniu,Astelia waialealae,Endangered,All,2853126
Painted rocksnail,Leptoxis taeniata,Threatened,All,5192842
Painted snake coiled forest snail,Anguispira picta,Threatened,All,2294154
Paiute cutthroat trout,Oncorhynchus clarkii seleniris,Threatened,All,5711987
Pakistan sand cat,Felis margarita scheffeli,Endangered,All,6164678
Palai la`au,Adenophorus periens,Endangered,All,5274942
Palapalai aumakua,Dryopteris crinalis var. podosorus,Endangered,All,5275135
Palawan peacock pheasant,Polyplectron emphanum,Endangered,All,2474075
Pale lilliput (pearlymussel),Toxolasma cylindrellus,Endangered,All,
Palezone shiner,Notropis albizonatus,Endangered,All,2362169
Palila (honeycreeper),Loxioides bailleui,Endangered,All,2494136
Pallid manzanita,Arctostaphylos pallida,Threatened,All,2882564
Pallid sturgeon,Scaphirhynchus albus,Endangered,All,2402088
Palma de manaca,Calyptronoma rivalis,Threatened,All,2732227
Palmate-bracted bird's beak,Cordylanthus palmatus,Endangered,All,6069340
Palo colorado,Ternstroemia luquillensis,Endangered,All,3189605
Palo de jazmin,Styrax portoricensis,Endangered,All,5371668
Palo de nigua,Cornutia obovata,Endangered,All,2925662
Palo de ramon,Banara vanderbiltii,Endangered,All,2874156
Palo de rosa,Ottoschulzia rhodoxylon,Threatened,All,3169091
Palos Verdes blue butterfly,Glaucopsyche lygdamus palosverdesensis,Endangered,All,4300145
Pamakani,Tetramolopium capillare,Endangered,All,3122262
Pamakani,Viola chamissoniana ssp. chamissoniana,Endangered,All,5331174
Pampas deer,Ozotoceros bezoarticus,Endangered,All,2440978
Panama City crayfish,Procambarus econfinae,Threatened,All,2227229
Panamanian golden frog,Atelopus varius zeteki,Endangered,All,5216695
Panamanian jaguarundi,Herpailurus (=Felis) yagouaroundi panamensis,Endangered,All,6164641
Papala,Charpentiera densiflora,Endangered,All,5384319
Papery whitlow-wort,Paronychia chartacea,Threatened,All,5384699
Parachute beardtongue,Penstemon debilis,Threatened,All,8417006
Paradise parakeet,Psephotus pulcherrimus,Endangered,All,2480087
Pariette cactus,Sclerocactus brevispinus,Threatened,All,3084579
Parish's daisy,Erigeron parishii,Threatened,All,3146623
Parma wallaby,Macropus parma,Endangered,All,5219984
Paudedo,Hedyotis megalantha,Endangered,All,2912151
Pauoa,Ctenitis squamigera,Endangered,All,2650920
Pawnee montane skipper,Hesperia leonardus montana,Threatened,All,5142305
Peacock softshell turtle,Trionyx hurum,Endangered,All,2442525
Pearl darter,Percina aurora,Threatened,All,2382100
Pearl River Map Turtle,Graptemys pearlensis,Threatened,All,7826255
Peck's cave amphipod,Stygobromus (=Stygonectes) pecki,Endangered,All,2217932
Pecos amphipod,Gammarus pecos,Endangered,All,2219869
Pecos assiminea snail,Assiminea pecos,Endangered,All,2301953
Pecos bluntnose shiner,Notropis simus pecosensis,Threatened,All,2362282
Pecos gambusia,Gambusia nobilis,Endangered,All,2350562
"Pecos (=puzzle, =paradox) sunflower",Helianthus paradoxus,Threatened,All,3119149
Pedate checker-mallow,Sidalcea pedata,Endangered,All,3152729
Pederseni''s Tiger Spider,Poecilotheria vittata,Endangered,All,5791511
Peebles Navajo cactus,Pediocactus peeblesianus ssp. peeblesianus,Endangered,All,7280814
Peirson's milk-vetch,Astragalus magdalenae var. peirsonii,Threatened,All,5343908
Pelos del diablo,Aristida portoricensis,Endangered,All,2706291
Pelzeln's gazelle,Gazella dorcas pelzelni,Endangered,All,5220149
Penasco least chipmunk,Tamias minimus atristriatus,Endangered,All,6163579
peninsular bighorn sheep,Ovis canadensis nelsoni,Endangered,All,4262556
Peninsular pronghorn,Antilocapra americana peninsularis,Endangered,All,6165145
Penland alpine fen mustard,Eutrema penlandii,Threatened,All,5375237
Penland beardtongue,Penstemon penlandii,Endangered,All,3171333
Pennell's bird's-beak,Cordylanthus tenuis ssp. capillaris,Endangered,All,5560364
Peppered chub,Macrhybopsis tetranema,Endangered,All,2362043
Perdido Key beach mouse,Peromyscus polionotus trissyllepsis,Endangered,All,2437996
Persian fallow deer,Dama mesopotamica (=dama m.),Endangered,All,5706324
Persistent trillium,Trillium persistens,Endangered,All,2742276
Peruvian plantcutter,Phytotoma raimondii,Endangered,All,2486492
Peter's Mountain mallow,Iliamna corei,Endangered,All,3939866
Phantom Springsnail,Pyrgulopsis texana,Endangered,All,9913538
Phantom Tryonia,Tryonia cheatumi,Endangered,All,5192396
Philippine cockatoo,Cacatua haematuropygia,Endangered,All,2479882
Philippine crocodile,Crocodylus novaeguineae mindorensis,Endangered,All,2441327
Philippine eagle,Pithecophaga jefferyi,Endangered,All,2480381
Philippine tarsier,Tarsius syrichta,Threatened,All,9220562
Pied tamarin,Saguinus bicolor,Endangered,All,2436470
Pigeon wings,Clitoria fragrans,Threatened,All,2946645
Pig-footed bandicoot,Chaeropus ecaudatus,Endangered,All,5219454
Pillar Coral,Dendrogyra cylindrus,Threatened,All,4944083
pilo,Kadua laxiflora,Endangered,All,2903893
Pilo kea lau li`i,Melicope rostrata,Endangered,All,9452982
Pima pineapple cactus,Coryphantha scheeri var. robustispina,Endangered,All,7283346
Pine Hill ceanothus,Ceanothus roderickii,Endangered,All,3039353
Pine Hill flannelbush,Fremontodendron californicum ssp. decumbens,Endangered,All,3152176
Pineland sandmat,Chamaesyce deltoidea pinetorum,Threatened,All,3067683
Pink fairy armadillo,Chlamyphorus truncatus,Endangered,All,5220098
Pink-headed duck,Rhodonessa caryophyllacea,Endangered,All,2498189
Pink mucket (pearlymussel),Lampsilis abrupta,Endangered,All,2288132
Pink pigeon,Columba mayeri,Endangered,All,5788471
Piping Plover,Charadrius melodus,Endangered,All,2480283
Piping Plover,Charadrius melodus,Threatened,All,2480283
Pismo clarkia,Clarkia speciosa ssp. immaculata,Endangered,All,5544898
Pitcher's thistle,Cirsium pitcheri,Threatened,All,3113668
Pitkin Marsh lily,Lilium pardalinum ssp. pitkinense,Endangered,All,2753209
Plains wanderer (=collared-hemipode),Pedionomus torquatus,Endangered,All,5229423
Plicate rocksnail,Leptoxis plicata,Endangered,All,5192858
Plymouth Redbelly Turtle = Plymouth Redbelly Cooter,Pseudemys rubriventris bangsi,Endangered,All,9601519
Po`e,Portulaca sclerocarpa,Endangered,All,3084701
Point Arena mountain beaver,Aplodontia rufa nigra,Endangered,All,6163526
Polar bear,Ursus maritimus,Threatened,All,2433451
Pollen's vanga,Xenopirostris polleni,Threatened,All,2495119
Ponape greater white-eye,Rukia longirostra,Endangered,All,2489426
Ponape mountain starling,Aplonis pelzelni,Endangered,All,2489032
Pondberry,Lindera melissifolia,Endangered,All,5371737
Popolo,Cyanea solanacea,Endangered,All,5412140
Popolo,Solanum nelsonii,Endangered,All,7553596
Popolo ku mai,Solanum incompletum,Endangered,All,2932379
Poweshiek skipperling,Oarisma poweshiek,Endangered,All,4301736
Prairie bush-clover,Lespedeza leptostachya,Threatened,All,2955734
Preble's meadow jumping mouse,Zapus hudsonius preblei,Threatened,All,2439467
Presidio clarkia,Clarkia franciscana,Endangered,All,5420956
Presidio Manzanita,Arctostaphylos hookeri var. ravenii,Endangered,All,8334665
Preuss' red colobus monkey,Procolobus (=Colobus) preussi (=badius p.),Endangered,All,4267000
Prices potato-bean,Apios priceana,Threatened,All,2966791
Proboscis monkey,Nasalis larvatus,Endangered,All,2436525
Prostrate milkweed,Asclepias prostrata,Endangered,All,3170330
Przewalski's horse,Equus przewalskii,Endangered,All,5787169
Pua `ala,Brighamia rockii,Endangered,All,3164378
Puaiohi,Myadestes palmeri,Endangered,All,2490842
Pudu,Pudu pudu,Endangered,All,2440911
Puerto Rican boa,Chilabothrus inornatus,Endangered,All,2465219
Puerto Rican broad-winged hawk,Buteo platypterus brunnescens,Endangered,All,6066247
Puerto Rican crested toad,Peltophryne lemur,Threatened,All,2422478
Puerto Rican harlequin butterfly,Atlantea tulita,Threatened,All,1892935
Puerto Rican nightjar,Antrostomus noctitherus,Endangered,All,6101181
Puerto Rican parrot,Amazona vittata,Endangered,All,2479642
Puerto Rican plain Pigeon,Patagioenas inornata wetmorei,Endangered,All,2495279
Puerto Rican sharp-shinned hawk,Accipiter striatus venator,Endangered,All,6066175
Puritan tiger beetle,Ellipsoptera puritana,Threatened,All,8253756
Purple amole,Chlorogalum purpureum,Threatened,All,11003244
Purple bankclimber (mussel),Elliptoideus sloatianus,Threatened,All,2288304
Purple bean,Villosa perpurpurea,Endangered,All,9420328
Purple Cat's paw (=Purple Cat's paw pearlymussel),Epioblasma obliquata,Endangered,All,2288233
Purple-faced langur,Presbytis senex,Threatened,All,12254229
Pu`uka`a,Cyperus trachysanthos,Endangered,All,2714296
Pygmy chimpanzee,Pan paniscus,Endangered,All,5219533
Pygmy fringe-tree,Chionanthus pygmaeus,Endangered,All,3172312
Pygmy hog,Sus salvanius,Endangered,All,2441220
Pygmy madtom,Noturus stanauli,Endangered,All,2341018
Pygmy Rabbit,Brachylagus idahoensis,Endangered,All,2436688
Pygmy Sculpin,Cottus paulus (=pygmaeus),Threatened,All,2334086
Pyrenean ibex,Capra pyrenaica pyrenaica,Endangered,All,2441054
Queen Alexandra's birdwing butterfly,Troides alexandrae,Endangered,All,1937441
Queen Charlotte goshawk,Accipiter gentilis laingi,Threatened,All,6178074
Queen Conch,Aliger gigas,Threatened,All,10903982
Queensland hairy-nosed wombat (incl. Barnard's),Lasiorhinus krefftii (formerly L. barnardi and L. gillespiei),Endangered,All,5219997
Queensland rat-kangaroo,Bettongia tropica,Endangered,All,2440024
Quino checkerspot butterfly,Euphydryas editha quino (=E. e. wrighti),Endangered,All,6233633
Quokka,Setonix brachyurus,Endangered,All,2440110
Rabbit bandicoot,Macrotis lagotis,Endangered,All,5219460
Rabbitsfoot,Quadrula cylindrica cylindrica,Threatened,All,7342653
Railroad Valley springfish,Crenichthys nevadae,Threatened,All,2347713
Raso lark,Alauda razae,Endangered,All,2490699
Rayed Bean,Villosa fabalis,Endangered,All,9810031
Razorback sucker,Xyrauchen texanus,Threatened,All,2359095
Razor-billed curassow,Mitu mitu mitu,Endangered,All,2482280
Red-backed squirrel monkey,Saimiri oerstedii,Endangered,All,2436664
Red-bellied monkey,Cercopithecus erythrogaster,Endangered,All,5219571
Red-billed curassow,Crax blumenbachii,Endangered,All,2482179
Red-browed parrot,Amazona rhodocorytha,Endangered,All,2479660
Red-capped parrot,Pionopsitta pileata,Endangered,All,2479983
Red-cockaded woodpecker,Dryobates borealis,Threatened,All,9046711
Red-eared nose-spotted monkey,Cercopithecus erythrotis,Endangered,All,5219577
Red-faced malkoha (cuckoo),Phaenicophaeus pyrrhocephalus,Endangered,All,2496523
Red Hills salamander,Phaeognathus hubrichti,Threatened,All,2431669
Red Hills vervain,Verbena californica,Threatened,All,2925509
Red lechwe,Kobus leche,Threatened,All,5220162
Red-necked parrot,Amazona arausiaca,Endangered,All,2479645
Red siskin,Carduelis cucullata,Endangered,All,5845578
Red-spectacled parrot,Amazona pretrei pretrei,Endangered,All,2479639
Red-tailed parrot,Amazona brasiliensis,Endangered,All,2479630
Red wolf,Canis rufus,Endangered,All,6164194
Relict darter,Etheostoma chienense,Threatened,All,2382400
Relict gull,Larus relictus,Endangered,All,8179135
Relict trillium,Trillium reliquum,Endangered,All,2742390
Resplendent quetzel,Pharomachrus mocinno ssp. mocinno,Endangered,All,7192478
Reticulated flatwoods salamander,Ambystoma bishopi,Endangered,All,2431958
Reunion cuckoo-shrike,Coquus newtoni,Endangered,All,2486791
Rice's whale,Balaenoptera ricei,Endangered,All,10840490
rim rock crowned snake,Tantilla oolitica,Endangered,All,2456463
Ringed map turtle,Graptemys oculifera,Threatened,All,2443106
Ringed seal,Phoca (=Pusa) hispida ladogensis,Endangered,All,4409343
Ringed Seal,Phoca (=Pusa) hispida botnica,Threatened,All,5219373
Ringed Seal,Phoca (=Pusa) hispida hispida,Threatened,All,7193943
Ringed Seal,Phoca (=Pusa) hispida ochotensis,Threatened,All,5219374
Ring Pink,Obovaria retusa,Endangered,All,2288366
Rio de Oro Dama gazelle,Gazella dama lozanoi,Endangered,All,4262713
Rio Grande Silvery Minnow,Hybognathus amarus,Endangered,All,2364398
riparian brush rabbit,Sylvilagus bachmani riparius,Endangered,All,6164827
riparian woodrat (= San Joaquin Valley),Neotoma fuscipes riparia,Endangered,All,2438455
Riverside fairy shrimp,Streptocephalus woottoni,Endangered,All,2235165
River terrapin,Batagur baska,Endangered,All,2443698
Roan Mountain bluet,Hedyotis purpurea var. montana,Endangered,All,5338841
Robber Baron Cave Meshweaver,Cicurina baronia,Endangered,All,2144418
Robust spineflower,Chorizanthe robusta var. robusta,Endangered,All,7219383
Rock gnome lichen,Gymnoderma lineare,Endangered,All,3391883
Rodrigues fody,Foudia flavicans,Endangered,All,2494079
Rodrigues fruit bat (=flying fox),Pteropus rodricensis,Endangered,All,5218645
Rodrigues warbler (old world warbler),Bebrornis rodericanus,Endangered,All,5789157
Roseate tern,Sterna dougallii dougallii,Threatened,All,7192421
Roseate tern,Sterna dougallii dougallii,Endangered,All,7192421
Roswell springsnail,Pyrgulopsis roswellensis,Endangered,All,2299974
Rota blue damselfly,Ischnura luta,Endangered,All,1423311
Rota bridled white-eye,Zosterops rotensis,Endangered,All,5788594
Rothschild's starling (myna),Leucopsar rothschildi,Endangered,All,2489068
Rough Cactus Coral,Mycetophyllia ferox,Threatened,All,2260297
Rough hornsnail,Pleurocera foremani,Endangered,All,5192884
Rough-leaved loosestrife,Lysimachia asperulaefolia,Endangered,All,3169350
Rough pigtoe,Pleurobema plenum,Endangered,All,2288073
rough popcornflower,Plagiobothrys hirtus,Threatened,All,2925700
Rough rabbitsfoot,Quadrula cylindrica strigillata,Endangered,All,7342653
Round Ebonyshell,Reginaia rotulata,Endangered,All,7563387
Round hickorynut,Obovaria subrotunda,Threatened,All,2288370
Round Island bolyeria boa,Bolyeria multocarinata,Endangered,All,2450972
Round Island casarea boa,Casarea dussumieri,Endangered,All,2450979
Round Island day gecko,Phelsuma guentheri,Endangered,All,2447444
Round Island skink,Leiolopisma telfairi,Threatened,All,
Round-leaved chaff-flower,Achyranthes splendens var. rotundata,Endangered,All,3085176
Round rocksnail,Leptoxis ampla,Threatened,All,5192861
Royal cinclodes,Cinclodes aricomae,Endangered,All,2485048
Royal marstonia (snail),Marstonia ogmorhaphe,Endangered,All,2300124
Roy Prairie pocket gopher,Thomomys mazama glacialis,Threatened,All,4264548
rufa red knot,Calidris canutus rufa,Threatened,All,6177952
Rugel's pawpaw,Deeringothamnus rugelii,Endangered,All,3156171
Rush Darter,Etheostoma phytophilum,Endangered,All,2382295
Rusty patched bumble bee,Bombus affinis,Endangered,All,1340481
Ruth's golden aster,Pityopsis ruthii,Endangered,All,3094303
Ryukyu rabbit,Pentalagus furnessi,Endangered,All,2436950
Ryukyu sika deer,Cervus nippon keramae,Endangered,All,4262357
Sacramento Mountains checkerspot Butterfly,Euphydryas anicia cloudcrofti,Endangered,All,1908044
Sacramento Mountains thistle,Cirsium vinaceum,Threatened,All,3113117
Sacramento Orcutt grass,Orcuttia viscida,Endangered,All,2702921
Sacramento prickly poppy,Argemone pleiacantha ssp. pinnatisecta,Endangered,All,8376241
Saimaa seal,Phoca hispida saimensis,Endangered,All,5219371
Saint Francis' satyr butterfly,Neonympha mitchellii francisci,Endangered,All,4299786
Sakhalin sturgeon,Acipenser mikadoi,Endangered,All,2402117
Salado Salamander,Eurycea chisholmensis,Threatened,All,5218374
Salmon-crested cockatoo,Cacatua moluccensis,Threatened,All,2479898
Salt Creek Tiger beetle,Cicindela nevadica lincolniana,Endangered,All,8814069
Salt marsh bird's-beak,Cordylanthus maritimus ssp. maritimus,Endangered,All,9872128
salt marsh harvest mouse,Reithrodontomys raviventris,Endangered,All,2437867
Saltwater crocodile,Crocodylus porosus,Threatened,All,2441333
Saltwater crocodile,Crocodylus porosus,Endangered,All,2441333
San Bernardino bluegrass,Poa atropurpurea,Endangered,All,2704253
San Bernardino Merriam's kangaroo rat,Dipodomys merriami parvus,Endangered,All,6163521
San Bernardino Mountains bladderpod,Lesquerella kingii ssp. bernardina,Endangered,All,3048944
San Bernardino springsnail,Pyrgulopsis bernardina,Threatened,All,2299985
San Bruno elfin butterfly,Callophrys mossii bayensis,Endangered,All,4300280
San Clemente Island woodland-star,Lithophragma maximum,Endangered,All,
San Clemente loggerhead shrike,Lanius ludovicianus mearnsi,Endangered,All,6172713
Sand dune phacelia,Phacelia argentea,Threatened,All,2928227
Sand flax,Linum arenicola,Endangered,All,2873891
Sand gazelle,Gazella subgutturosa marica,Endangered,All,5706400
San Diego ambrosia,Ambrosia pumila,Endangered,All,3110581
San Diego button-celery,Eryngium aristulatum var. parishii,Endangered,All,3633419
San Diego fairy shrimp,Branchinecta sandiegonensis,Endangered,All,
San Diego mesa-mint,Pogogyne abramsii,Endangered,All,2926980
San Diego thornmint,Acanthomintha ilicifolia,Threatened,All,2927083
Sandlace,Polygonella myriophylla,Endangered,All,5334486
Sandplain gerardia,Agalinis acuta,Endangered,All,8384214
Sand skink,Neoseps reynoldsi,Threatened,All,4821122
San Esteban Island chuckwalla,Sauromalus varius,Endangered,All,2459712
San Francisco garter snake,Thamnophis sirtalis tetrataenia,Endangered,All,6161469
San Francisco lessingia,Lessingia germanorum (=L.g. var. germanorum),Endangered,All,3095712
San Francisco Peaks ragwort,Packera franciscana,Threatened,All,3113931
San Jacinto Valley crownscale,Atriplex coronata var. notatior,Endangered,All,3760548
San Joaquin adobe sunburst,Pseudobahia peirsonii,Threatened,All,3115476
San Joaquin kit fox,Vulpes macrotis mutica,Endangered,All,5219311
San Joaquin Valley Orcutt grass,Orcuttia inaequalis,Threatened,All,2702923
San Joaquin wooly-threads,Monolopia (=Lembertia) congdonii,Endangered,All,3099307
San Marcos salamander,Eurycea nana,Threatened,All,5218369
San Mateo thornmint,Acanthomintha obovata ssp. duttonii,Endangered,All,2927085
San Mateo woolly sunflower,Eriophyllum latilobum,Endangered,All,3130480
San Rafael cactus,Pediocactus despainii,Endangered,All,3946592
Santa Ana River woolly-star,Eriastrum densifolium ssp. sanctorum,Endangered,All,2927814
Santa Ana sucker,Catostomus santaanae,Threatened,All,2359031
Santa Barbara Island liveforever,Dudleya traskiae,Endangered,All,2985874
Santa Catalina Island Fox,Urocyon littoralis catalinae,Threatened,All,6164355
Santa Clara Valley dudleya,Dudleya setchellii,Endangered,All,4199696
Santa Cruz cypress,Hesperocyparis abramsiana,Threatened,All,2684013
Santa Cruz Island bush-mallow,Malacothamnus fasciculatus var. nesioticus,Endangered,All,3152341
Santa Cruz Island fringepod,Thysanocarpus conchuliferus,Endangered,All,3051409
Santa Cruz Island malacothrix,Malacothrix indecora,Endangered,All,5387219
Santa Cruz Island rockcress,Sibara filifolia,Endangered,All,3048026
Santa Cruz long-toed salamander,Ambystoma macrodactylum croceum,Endangered,All,2431965
Santa Cruz tarplant,Holocarpha macradenia,Threatened,All,3091319
Santa Monica Mountains dudleyea,Dudleya cymosa ssp. ovatifolia,Threatened,All,4198970
Santa Rosa Island manzanita,Arctostaphylos confertiflora,Endangered,All,2882600
Sao Miguel bullfinch (finch),Pyrrhula pyrrhula murina,Endangered,All,4408970
Saudi Arabian gazelle,Gazella dorcas saudiya,Endangered,All,5220151
Sawback angelshark,Squatina aculeata,Endangered,All,2417808
Scaleshell mussel,Leptodea leptodon,Endangered,All,11071327
Scalloped Hammerhead Shark,Sphyrna lewini,Threatened,All,2418789
Scalloped Hammerhead Shark,Sphyrna lewini,Endangered,All,2418789
Scalloped Hammerhead Shark,Sphyrna lewini,Threatened,All,2418789
Scalloped Hammerhead Shark,Sphyrna lewini,Endangered,All,2418789
Scaly-tailed possum,Wyulda squamicaudata,Endangered,All,2440239
Scarlet-breasted robin (flycatcher),Petroica multicolor multicolor,Endangered,All,5846377
Scarlet macaw,Ara macao ssp. cyanopterus,Endangered,All,6170717
Scarlet macaw,Ara macao ssp. macao,Threatened,All,6170716
Schaus swallowtail butterfly,Heraclides aristodemus ponceanus,Endangered,All,1938063
Schweinitz's sunflower,Helianthus schweinitzii,Endangered,All,3119168
Scimitar-horned oryx,Oryx dammah,Endangered,All,5220165
Sclater's monal pheasant,Lophophorus sclateri,Endangered,All,5227749
Scotts Valley polygonum,Polygonum hickmanii,Endangered,All,5334345
Scotts Valley spineflower,Chorizanthe robusta var. hartwegii,Endangered,All,4034782
Scrub blazingstar,Liatris ohlingerae,Endangered,All,3104275
Scrub buckwheat,Eriogonum longifolium var. gnaphalifolium,Threatened,All,4038428
Scrub lupine,Lupinus aridorum,Endangered,All,2963954
Scrub mint,Dicerandra frutescens,Endangered,All,2926872
Scrub plum,Prunus geniculata,Endangered,All,3022647
Seabeach amaranth,Amaranthus pumilus,Threatened,All,5384399
sea bean,Mucuna persericea,Endangered,All,9144602
Sebastopol meadowfoam,Limnanthes vinculans,Endangered,All,5334530
Sei whale,Balaenoptera borealis,Endangered,All,2440709
Seledang,Bos gaurus,Endangered,All,4262588
Semper's warbler (=wood),Leucopeza semperi,Endangered,All,2489879
Sensitive joint-vetch,Aeschynomene virginica,Threatened,All,2949101
Sentry milk-vetch,Astragalus cremnophylax var. cremnophylax,Endangered,All,7225294
Serow,Naemorhedus (=Capricornis) sumatraensis,Endangered,All,4262616
Serpent Island gecko,Cyrtodactylus serpensinsula,Threatened,All,2447223
Seychelles fody (weaver-finch),Foudia sechellarum,Endangered,All,2494076
Seychelles kestrel,Falco araea,Endangered,All,
Seychelles lesser vasa parrot,Coracopsis nigra barklyi,Endangered,All,2479301
Seychelles magpie-robin (thrush),Copsychus sechellarum,Endangered,All,2492677
Seychelles paradise flycatcher,Terpsiphone corvina,Endangered,All,2486678
Seychelles scops owl,Otus magicus (=insularis) insularis,Endangered,All,5232293
Seychelles turtle dove,Streptopelia picturata rostrata,Endangered,All,8984507
Seychelles warbler (old world warbler),Bebrornis sechellensis,Endangered,All,5789156
Seychelles white-eye,Zosterops modesta,Endangered,All,
Shale barren rock cress,Boechera serotina,Endangered,All,10900022
Shansi sika deer,Cervus nippon grassianus,Endangered,All,4262376
Shapo,Ovis vignei vignei,Endangered,All,4262554
Shark Bay mouse,Pseudomys praeconis,Endangered,All,5219794
Sharpnose Shiner,Notropis oxyrhynchus,Endangered,All,2362335
Shasta crayfish,Pacifastacus fortis,Endangered,All,2226989
Sheepnose Mussel,Plethobasus cyphyus,Endangered,All,2287978
Shenandoah salamander,Plethodon shenandoah,Endangered,All,2431497
Shiny pigtoe,Fusconaia cor,Endangered,All,2288192
Shinyrayed pocketbook,Hamiota subangulata,Endangered,All,8182087
Shivwits milk-vetch,Astragalus ampullarioides,Endangered,All,5613256
Short-leaved rosemary,Conradina brevifolia,Endangered,All,2927107
Short-necked or western swamp turtle,Pseudemydura umbrina,Endangered,All,2442033
Shortnose sturgeon,Acipenser brevirostrum,Endangered,All,2402192
shortnose sucker,Chasmistes brevirostris,Endangered,All,2359089
Shortridge's mouse,Pseudomys shortridgei,Endangered,All,5219793
Short's bladderpod,Physaria globosa,Endangered,All,3049113
Short's goldenrod,Solidago shortii,Endangered,All,5388912
Short-tailed albatross,Phoebastria (=Diomedea) albatrus,Endangered,All,2481385
Shou,Cervus elaphus wallichi,Endangered,All,2440958
showy Indian clover,Trifolium amoenum,Endangered,All,5359508
Showy stickseed,Hackelia venusta,Endangered,All,2925947
Shrubby reed-mustard,Schoenocrambe suffrutescens,Endangered,All,3047780
Siamang,Symphalangus syndactylus,Endangered,All,4267277
Siamese crocodile,Crocodylus siamensis,Endangered,All,2441348
Siberian white Crane,Grus leucogeranus,Endangered,All,2474961
Sichuan snub-nosed monkey,Rhinopithecus roxellana,Endangered,All,7262005
Sickle darter,Percina williamsi,Threatened,All,2382038
Sierra Nevada bighorn sheep,Ovis canadensis sierrae,Endangered,All,8781781
Sierra Nevada red fox,Vulpes vulpes necator,Endangered,All,6164287
Sierra Nevada Yellow-legged Frog,Rana sierrae,Endangered,All,2426754
Sifakas,Propithecus spp.,Endangered,All,
Siler pincushion cactus,"Pediocactus (=Echinocactus,=Utahia) sileri",Threatened,All,3084074
Silver rice rat,Oryzomys palustris natator,Endangered,All,2438095
Silverspot,Speyeria nokomis nokomis,Threatened,All,7205993
Simien fox,Canis simensis,Endangered,All,5219143
Sinaloan jaguarundi,Puma yagouaroundi tolteca,Endangered,All,6164633
Singapore roundleaf horseshoe bat,Hipposideros ridleyi,Endangered,All,5218564
Sira curassow,Pauxi koepckeae,Endangered,All,6101193
Slabside Pearlymussel,Pleuronaia dolabelloides,Endangered,All,8347187
Slackwater darter,Etheostoma boschungi,Threatened,All,2382363
Slender-billed curlew,Numenius tenuirostris,Endangered,All,2481789
Slender-billed Grackle,Quisicalus palustris,Endangered,All,
Slender campeloma,Campeloma decampi,Endangered,All,2292549
Slender chub,Erimystax cahni,Threatened,All,2362092
Slenderclaw crayfish,Cambarus cracens,Endangered,All,2227363
Slender-horned gazelle,Gazella leptoceros,Endangered,All,5220150
Slender-horned spineflower,Dodecahema leptoceras,Endangered,All,2888848
Slender Orcutt grass,Orcuttia tenuis,Threatened,All,2702925
Slender-petaled mustard,Thelypodium stenopetalum,Endangered,All,3053629
Slender rush-pea,Hoffmannseggia tenella,Endangered,All,5347508
Slevin's skink,Emoia slevini,Endangered,All,2463370
Slickspot peppergrass,Lepidium papilliferum,Threatened,All,5377038
Small-anthered bittercress,Cardamine micranthera,Endangered,All,3045962
Smalleye Shiner,Notropis buccula,Endangered,All,2362153
Small's milkpea,Galactia smallii,Endangered,All,2984176
Smalltooth sawfish,Pristis pectinata,Endangered,All,5216292
Smalltooth sawfish,Pristis pectinata,Endangered,All,5216292
Small whorled pogonia,Isotria medeoloides,Threatened,All,2808818
Smith's blue butterfly,Euphilotes enoptes smithi,Endangered,All,4300193
Smoky madtom,Noturus baileyi,Endangered,All,2341038
Smoky mouse,Pseudomys fumeus,Endangered,All,5219786
Smoothback angelshark,Squatina oculata,Endangered,All,2417797
Smooth coneflower,Echinacea laevigata,Threatened,All,3150927
Snail [no common name],Eua zebrina,Endangered,All,5783077
Snail [no common name],Ostodes strigatus,Endangered,All,10583824
Snake River physa snail,Physella natricina,Endangered,All,5784742
Snakeroot,Eryngium cuneifolium,Endangered,All,3034409
Sneed pincushion cactus,Coryphantha sneedii var. sneedii,Endangered,All,11662783
Snow leopard,Uncia (=Panthera) uncia,Endangered,All,2435238
Snuffbox mussel,Epioblasma triquetra,Endangered,All,2288218
Sockeye salmon,Oncorhynchus (=Salmo) nerka,Endangered,All,5204039
Sockeye salmon,Oncorhynchus (=Salmo) nerka,Threatened,All,5204039
Socorro isopod,Thermosphaeroma thermophilus,Endangered,All,
Socorro mockingbird,Mimus graysoni,Endangered,All,5231681
Socorro springsnail,Pyrgulopsis neomexicana,Endangered,All,2300036
Soft bird's-beak,Cordylanthus mollis ssp. mollis,Endangered,All,7226291
Soft-leaved paintbrush,Castilleja mollis,Endangered,All,3170647
Solano grass,Tuctoria mucronata,Endangered,All,2704087
Solitary tinamou,Tinamus solitarius,Endangered,All,2477627
Sonoma alopecurus,Alopecurus aequalis var. sonomensis,Endangered,All,4107552
Sonoma spineflower,Chorizanthe valida,Endangered,All,2888934
Sonoma sunshine,Blennosperma bakeri,Endangered,All,3099006
Sonora chub,Gila ditaenia,Threatened,All,2360083
Sonoran pronghorn,Antilocapra americana sonoriensis,Endangered,All,6165142
Sonoran tiger salamander,Ambystoma mavortium stebbinsi,Endangered,All,2431978
Sonoyta mud turtle,Kinosternon sonoriense longifemorale,Endangered,All,6156858
South American (=Brazilian) tapir,Tapirus terrestris,Endangered,All,2440898
South American red-lined turtle,Trachemys scripta callirostris,Endangered,All,6157007
South Andean huemul,Hippocamelus bisulcus,Endangered,All,2440981
South Asian River dolphin,Platanista gangetica minor,Endangered,All,6165031
South China sika deer,Cervus nippon kopschi,Endangered,All,4262377
Southeastern beach mouse,Peromyscus polionotus niveiventris,Threatened,All,2437996
Southeastern rufous-vented ground cuckoo,Neomorphus geoffroyi dulcis,Endangered,All,5232022
Southern bearded saki,Chiropotes satanas satanas,Endangered,All,5219527
Southern clubshell,Pleurobema decisum,Endangered,All,2288061
Southern combshell,Epioblasma penita,Endangered,All,2288205
Southern-helmeted curassow,Pauxi unicornis,Endangered,All,2482267
Southern kidneyshell,Ptychobranchus jonesi,Endangered,All,5189345
Southern Mountain Caribou DPS,Rangifer tarandus ssp. caribou,Endangered,All,5220115
Southern mountain wild-buckwheat,Eriogonum kennedyi var. austromontanum,Threatened,All,4032961
Southern pigtoe,Pleurobema georgianum,Endangered,All,2288105
Southern planigale,Planigale tenuirostris,Endangered,All,2435465
Southern Right Whale,Eubalaena australis,Endangered,All,2440332
Southern river otter,Lontra (=Lutra) provocax,Endangered,All,2433736
southern rockhopper penguin,Eudyptes chrysocome,Threatened,All,2481635
Southern Sandshell,Hamiota australis,Threatened,All,8148580
Southern sea otter,Enhydra lutris nereis,Threatened,All,6163936
South Island Hector's dolphin,Cephalorhynchus hectori hectori,Threatened,All,7194017
South Llano Springs moss,Donrichardsia macroneuron,Endangered,All,2681589
South Texas ambrosia,Ambrosia cheiranthifolia,Endangered,All,3110667
Southwestern willow flycatcher,Empidonax traillii extimus,Endangered,All,6174856
Spalding's Catchfly,Silene spaldingii,Threatened,All,5384775
Spanish imperial eagle,Aquila heliaca adalberti,Endangered,All,2480510
Spanish lynx,Felis pardina,Endangered,All,2435261
Speckled pocketbook,Lampsilis streckeri,Endangered,All,2288161
Spectaclecase (mussel),Cumberlandia monodonta,Endangered,All,2287869
Spectacled eider,Somateria fischeri,Threatened,All,2498366
Sperm whale,Physeter catodon (=macrocephalus),Endangered,All,8123917
Spider monkey,Ateles geoffroyi frontatus,Endangered,All,5786074
Spider monkey,Ateles geoffroyl panamensis,Endangered,All,
Spikedace,Meda fulgida,Endangered,All,2361250
Spiny angelshark,Squatina guggenheim,Endangered,All,2417804
Spotfin Chub,Erimonax monachus,Threatened,All,5207718
Spotted linsang,Prionodon pardicolor,Endangered,All,5963054
Spotted pond turtle,Geoclemys hamiltonii,Endangered,All,2443250
Spotted Seal,Phoca largha,Threatened,All,2434791
Spreading avens,Geum radiatum,Endangered,All,5369781
Spreading navarretia,Navarretia fossalis,Threatened,All,2927688
Spring Creek bladderpod,Lesquerella perforata,Endangered,All,3044422
Spring-loving centaury,Centaurium namophilum,Threatened,All,3842824
Spring pygmy sunfish,Elassoma alabamae,Threatened,All,2380538
Springville clarkia,Clarkia springvillensis,Threatened,All,5420955
Spruce-fir moss spider,Microhexura montivaga,Endangered,All,2153078
Squirrel Chimney Cave shrimp,Palaemonetes cummingi,Threatened,All,8757238
Sri Lankan Ornamental Tarantula,Poecilotheria fasciata,Endangered,All,2154241
Staghorn coral,Acropora cervicornis,Threatened,All,5184681
St. Andrew beach mouse,Peromyscus polionotus peninsularis,Endangered,All,2437996
Star cactus,Astrophytum asterias,Endangered,All,5384219
St. Croix ground lizard,Ameiva polops,Endangered,All,10768051
Steamboat buckwheat,Eriogonum ovalifolium var. williamsiae,Endangered,All,4035831
Stebbins' morning-glory,Calystegia stebbinsii,Endangered,All,2928423
Steelhead (Rainbow Trout),Oncorhynchus (=Salmo) mykiss,Threatened,All,5204019
Steelhead (Rainbow Trout),Oncorhynchus (=Salmo) mykiss,Threatened,All,5204019
Steelhead (Rainbow Trout),Oncorhynchus (=Salmo) mykiss,Threatened,All,5204019
Steelhead (Rainbow Trout),Oncorhynchus (=Salmo) mykiss,Threatened,All,5204019
Steelhead (Rainbow Trout),Oncorhynchus (=Salmo) mykiss,Threatened,All,5204019
Steelhead (Rainbow Trout),Oncorhynchus (=Salmo) mykiss,Threatened,All,5204019
Steelhead (Rainbow Trout),Oncorhynchus (=Salmo) mykiss,Threatened,All,5204019
Steelhead (Rainbow Trout),Oncorhynchus (=Salmo) mykiss,Threatened,All,5204019
Steelhead (Rainbow Trout),Oncorhynchus (=Salmo) mykiss,Threatened,All,5204019
Steelhead (Rainbow Trout),Oncorhynchus (=Salmo) mykiss,Endangered,All,5204019
Steelhead (Rainbow Trout),Oncorhynchus (=Salmo) mykiss,Threatened,All,5204019
Steller sea lion,Eumetopias jubatus,Endangered,All,2433462
Steller's Eider,Polysticta stelleri,Threatened,All,5232431
Stephen Island frog,Leiopelma hamiltoni,Endangered,All,2429810
Stephens' kangaroo rat,Dipodomys stephensi (incl. D. cascus),Threatened,All,2439542
St. Francis River Crayfish,Faxonius quadruncus,Threatened,All,8952568
Stick-nest rat,Leporillus conditor,Endangered,All,2437780
St. Lucia Forest thrush,Cichlherminia iherminieri santaeluciae,Endangered,All,
St. Lucia house wren,Troglodytes aedon mesoleucus,Endangered,All,5231465
St. Lucia parrot,Amazona versicolor,Endangered,All,2479640
Stock Island tree snail,Orthalicus reses (not incl. nesodryas),Threatened,All,4304752
straight-horned markhor,Capra falconeri megaceros,Endangered,All,4262705
straight-horned markhor,Capra falconeri megaceros,Endangered,All,4262705
Streaked Horned lark,Eremophila alpestris strigata,Threatened,All,5230965
Striped smoothhound shark,Mustelus fasciatus,Endangered,All,2418344
St. Thomas prickly-ash,Zanthoxylum thomasianum,Endangered,All,8098278
Stump-tailed macaque,Macaca arctoides,Threatened,All,2436605
St Vincent parrot,Amazona guildingii,Endangered,All,2479650
Suisun thistle,Cirsium hydrophilum var. hydrophilum,Endangered,All,4274472
Sumatran rhinoceros,Dicerorhinus sumatrensis,Endangered,All,2440878
Suwannee alligator snapping turtle,Macrochelys suwanniensis,Threatened,All,8336846
Suwannee moccasinshell,Medionidus walkeri,Threatened,All,2287908
swale paintbrush,Castilleja ornata,Endangered,All,3170675
Swamp deer,Cervus duvauceli,Endangered,All,
Swamp pink,Helonias bullata,Threatened,All,2741669
Swayne's hartebeest,Alcelaphus buselaphus swaynei,Endangered,All,5706336
Swinhoe's pheasant,Lophura swinhoii,Endangered,All,5227984
Tahiti flycatcher,Pomarea nigra,Endangered,All,5230449
Taita thrush,Turdus olivaceus helleri,Endangered,All,5789050
Tamaraw,Bubalus mindorensis,Endangered,All,7349281
Tampico pearlymussel,Cyrtonaias tampicoensis tecomatensis,Endangered,All,2288039
Tana River mangabey,Cercocebus galeritus galeritus,Endangered,All,2436545
Tana River red colobus monkey,Procolobus (=Colobus) rufomitratus (=badius r.),Endangered,All,4266990
Tan riffleshell,Epioblasma florentina walkeri (=E. walkeri),Endangered,All,2288207
Tapered pigtoe,Fusconaia burkei,Threatened,All,8283695
Tar River spinymussel,Parvaspina steinstansana,Endangered,All,9595944
Tartaruga,Podocnemis expansa,Endangered,All,2442795
Tasmanian forester kangaroo,Macropus giganteus tasmaniensis,Endangered,All,5219983
Tasmanian tiger,Thylacinus cynocephalus,Endangered,All,2435474
Taylor's (=whulge) Checkerspot,Euphydryas editha taylori,Endangered,All,6233651
Telephus spurge,Euphorbia telephioides,Threatened,All,3065180
Temnick''s ground Pangolin,Manis temminckii,Endangered,All,5219630
Tenino pocket gopher,Thomomys mazama tumuli,Threatened,All,4264495
Tennessee yellow-eyed grass,Xyris tennesseensis,Endangered,All,2692672
Terlingua Creek cat's-eye,Cryptantha crassipes,Endangered,All,7844125
Texas ayenia,Ayenia limitaris,Endangered,All,3152189
Texas blind salamander,Eurycea rathbuni,Endangered,All,5218363
Texas fatmucket,Lampsilis bracteata,Endangered,All,2288155
Texas fawnsfoot,Truncilla macrodon,Threatened,All,2288274
Texas golden Gladecress,Leavenworthia texana,Endangered,All,3047235
Texas Hornshell,Popenaias popeii,Endangered,All,5782454
Texas pimpleback,Cyclonaias petrina,Endangered,All,9312423
Texas poppy-mallow,Callirhoe scabriuscula,Endangered,All,5406701
Texas prairie dawn-flower,Hymenoxys texana,Endangered,All,3150190
Texas snowbells,Styrax platanifolius ssp. texanus,Endangered,All,5541255
Texas trailing phlox,Phlox nivalis ssp. texensis,Endangered,All,6394629
Texas wild-rice,Zizania texana,Endangered,All,2703229
Thailand giant catfish,Pangasianodon gigas,Endangered,All,2340710
Thick-billed parrot,Rhynchopsitta pachyrhyncha,Endangered,All,2480013
Thin-spined porcupine,Chaetomys subspinosus,Endangered,All,2439749
Thread-leaved brodiaea,Brodiaea filifolia,Threatened,All,2767708
Three Forks Springsnail,Pyrgulopsis trivialis,Endangered,All,2300014
Three-keeled Asian turtle,Melanochelys tricarinata,Endangered,All,2443580
Thyolo alethe,Alethe choloensis,Endangered,All,7341373
Tibetan antelope,Panthalops hodgsonii,Endangered,All,
Tiburon jewelflower,Streptanthus niger,Endangered,All,3041629
Tiburon mariposa lily,Calochortus tiburonensis,Threatened,All,2750777
Tiburon paintbrush,Castilleja affinis ssp. neglecta,Endangered,All,3739401
tidewater goby,Eucyclogobius newberryi,Endangered,All,2378650
Tiehm's buckwheat,Eriogonum tiehmii,Endangered,All,2889623
Tiger,Panthera tigris,Endangered,All,5219416
Tiger cat,Leopardus (=Felis) tigrinus,Endangered,All,2434930
Tiny polygala,Polygala smallii,Endangered,All,3191403
Tipton kangaroo rat,Dipodomys nitratoides nitratoides,Endangered,All,7059259
Tobusch fishhook cactus,Sclerocactus brevihamatus ssp. tobuschii,Threatened,All,3943248
Todsen's pennyroyal,Hedeoma todsenii,Endangered,All,2926696
Tomistoma,Tomistoma schlegelii,Endangered,All,2441378
Tonkin snub-nosed monkey,Rhinopithecus avunculus,Endangered,All,4267009
Tooth Cave ground beetle,Rhadine persephone,Endangered,All,4988612
Tooth Cave pseudoscorpion,Tartarocreagris texana,Endangered,All,2126187
Tooth Cave spider,Tayshaneta myopica,Endangered,All,7387681
Topeka shiner,Notropis topeka (=tristis),Endangered,All,2362289
Toque macaque,Macaca sinica,Threatened,All,2436613
Tora hartebeest,Alcelaphus buselaphus tora,Endangered,All,5706333
Totoaba (seatrout or weakfish),Cynoscion macdonaldi,Endangered,All,2400452
Tracaja,Podocnemis unifilis,Endangered,All,2442782
Triangular Kidneyshell,Ptychobranchus greenii,Endangered,All,5189347
Trinidad white-headed curassow,Pipile pipile pipile,Endangered,All,2482300
Triple-ribbed milk-vetch,Astragalus tricarinatus,Endangered,All,5343860
Trispot darter,Etheostoma trisella,Threatened,All,2382382
Tristam's woodpecker,Dryocopus javensis richardsi,Endangered,All,5228846
Tuatara,Sphenodon punctatus,Endangered,All,5227650
Tulotoma snail,Tulotoma magnifica,Threatened,All,2292571
Tumbling Creek cavesnail,Antrobia culveri,Endangered,All,2299949
Turks and Caicos iguana,Cyclura carinata carinata,Threatened,All,5960671
Uakari (all species),Cacajao spp.,Endangered,All,
Ufa-halomtano,Heritiera longipetiolata,Endangered,All,3668997
Uhiuhi,Mezoneuron kavaiense,Endangered,All,5708614
Uinta Basin hookless cactus,Sclerocactus wetlandicus,Threatened,All,7280037
Ulugura bush-shrike,Malaconotus alius,Threatened,All,2484810
Umtanum desert buckwheat,Eriogonum codium,Threatened,All,2889668
unarmored threespine stickleback,Gasterosteus aculeatus williamsoni,Endangered,All,4286327
Uncompahgre fritillary butterfly,Boloria acrocnema,Endangered,All,5133989
Urial,Ovis musimon ophion,Endangered,All,6165156
Utah prairie dog,Cynomys parvidens,Threatened,All,2437235
Ute ladies'-tresses,Spiranthes diluvialis,Threatened,All,2805372
Uvillo,Eugenia haematocarpa,Endangered,All,5416301
Vahl's boxwood,Buxus vahlii,Endangered,All,2984667
Vail Lake ceanothus,Ceanothus ophiochilus,Threatened,All,3039362
Valley elderberry longhorn beetle,Desmocerus californicus dimorphus,Threatened,All,4292519
Vancouver Island marmot,Marmota vancouverensis,Endangered,All,2437365
Van Dam's vanga,Xenopirostris damii,Threatened,All,2495117
Vandenberg monkeyflower,Diplacus vandenbergensis,Endangered,All,7581315
Ventura Marsh Milk-vetch,Astragalus pycnostachyus var. lanosissimus,Endangered,All,5346483
Verity's dudleya,Dudleya verityi,Threatened,All,2985882
Vermilion darter,Etheostoma chermocki,Endangered,All,2382207
Vernal pool fairy shrimp,Branchinecta lynchi,Threatened,All,
Vernal pool tadpole shrimp,Lepidurus packardi,Endangered,All,5180071
Vicuna,Vicugna vicugna,Threatened,All,5220192
Vicuna,Vicugna vicugna,Endangered,All,5220192
Vinaceous-breasted parrot,Amazona vinacea,Endangered,All,2479617
Vine Hill clarkia,Clarkia imbricata,Endangered,All,7567029
Virginia big-eared bat,Corynorhinus (=Plecotus) townsendii virginianus,Endangered,All,6163669
Virginia fringed mountain snail,Polygyriscus virginianus,Endangered,All,2297274
Virginia round-leaf birch,Betula uber,Threatened,All,7423240
Virginia sneezeweed,Helenium virginicum,Threatened,All,5401858
Virginia spiraea,Spiraea virginiana,Threatened,All,3027290
Virgin Islands tree boa,Chilabothrus granti,Endangered,All,9391147
Virgin River Chub,Gila seminuda (=robusta),Endangered,All,2360105
Visayan deer,Cervus alfredi,Endangered,All,4262394
Volcano rabbit,Romerolagus diazi,Endangered,All,2436686
Waccamaw silverside,Menidia extensa,Threatened,All,2412294
wahine noho Kula,Isodendrion pyrifolium,Endangered,All,2874471
Walia ibex,Capra walie,Endangered,All,2441048
Walker's manioc,Manihot walkerae,Endangered,All,3061111
Warm Springs pupfish,Cyprinodon nevadensis pectoralis,Endangered,All,4284433
Warner sucker,Catostomus warnerensis,Threatened,All,2359059
Watercress darter,Etheostoma nuchale,Endangered,All,2382304
Watling Island ground iguana,Cyclura rileyi rileyi,Endangered,All,7061490
Wawae`iole,Phlegmariurus mannii,Endangered,All,2688554
Wawae`iole,Phlegmariurus nutans,Endangered,All,2688453
Webber's ivesia,Ivesia webberi,Threatened,All,5369081
Wedge spurge,Chamaesyce deltoidea serpyllum,Endangered,All,7893407
Welsh's milkweed,Asclepias welshii,Threatened,All,3170262
Wenatchee Mountains checkermallow,Sidalcea oregana var. calva,Endangered,All,7226546
West African manatee,Trichechus senegalensis,Threatened,All,2435294
West African ostrich,Struthio camelus spatzi,Endangered,All,7192643
Western bristlebird,Dasyornis longirostris (=brachypterus I.),Endangered,All,5230414
Western fanshell,Cyprogenia aberti,Threatened,All,5189380
Western giant eland,Taurotragus derbianus derbianus,Endangered,All,7261405
Western glacier stonefly,Zapada glacier,Threatened,All,2002832
Western hare wallaby,Lagorchestes hirsutus,Endangered,All,2440155
Western lily,Lilium occidentale,Endangered,All,2753475
Western mouse,Pseudomys occidentalis,Endangered,All,5219806
Western prairie fringed Orchid,Platanthera praeclara,Threatened,All,2798503
Western rufous bristlebird,Dasyornis broadbenti littoralis,Endangered,All,5230415
western snowy plover,Charadrius nivosus nivosus,Threatened,All,6065880
Western tragopan pheasant,Tragopan melanocephalus,Endangered,All,2473543
Western whipbird,Psophodes nigrogularis,Endangered,All,2495056
West Indian Manatee,Trichechus manatus,Threatened,All,2435296
West Indian Walnut (=Nogal),Juglans jamaicensis,Endangered,All,3054369
Wheeler's peperomia,Peperomia wheeleri,Endangered,All,3086418
White Abalone,Haliotis sorenseni,Endangered,All,2293070
Whitebark pine,Pinus albicaulis,Threatened,All,5285183
White birds-in-a-nest,Macbridea alba,Threatened,All,5341489
White bladderpod,Physaria pallida,Endangered,All,3049191
White Bluffs bladderpod,Physaria douglasii ssp. tuplashensis,Threatened,All,3048926
White-breasted guineafowl,Agelastes meleagrides,Threatened,All,2473337
White-breasted thrasher,Ramphocinclus brachyurus,Endangered,All,2494918
White-browed tit-spinetail,Leptasthenura xenothorax,Endangered,All,2485155
White catspaw (pearlymussel),Epioblasma perobliqua,Endangered,All,9569243
White Cay ground iguana,Cyclura rileyi cristata,Threatened,All,5224646
White cockatoo,Cacatua alba,Threatened,All,2479870
White-collared mangabey,Cercocebus torquatus,Endangered,All,2436544
White-eared (=buffy tufted-ear) marmoset,Callithrix aurita (=jacchus a.),Endangered,All,8827576
White eared pheasant,Crossoptilon crossoptilon,Endangered,All,2474101
white-flippered penguin,Eudyptula albosignata,Threatened,All,6178302
White-footed tamarin,Saguinus leucopus,Threatened,All,2436476
White fringeless orchid,Platanthera integrilabia,Threatened,All,2798460
White irisette,Sisyrinchium dichotomum,Endangered,All,5296305
White-naped Crane,Grus vipio,Endangered,All,2474942
White-necked crow,Corvus leucognaphalus,Endangered,All,2482486
White-necked rockfowl,Picathartes gymnocephalus,Endangered,All,2482632
White-nosed saki,Chiropotes albinasus,Endangered,All,5219526
white-rayed pentachaeta,Pentachaeta bellidiflora,Endangered,All,5394835
White River spinedace,Lepidomeda albivallis,Endangered,All,2361898
White River springfish,Crenichthys baileyi baileyi,Endangered,All,4284447
White sedge,Carex albida,Endangered,All,2723782
White sturgeon,Acipenser transmontanus,Endangered,All,2402122
White-tailed laurel Pigeon,Columba junoniae,Threatened,All,2495434
White wartyback (pearlymussel),Plethobasus cicatricosus,Endangered,All,2287977
White-winged cotinga,Xipholena atropurpurea,Endangered,All,2486347
White-winged guan,Penelope albipennis,Endangered,All,2482192
White-winged wood duck,Cairina scutulata,Endangered,All,2498183
Whooping crane,Grus americana,Endangered,All,2474941
Whorled Sunflower,Helianthus verticillatus,Endangered,All,3119217
Wide-leaf warea,Warea amplexifolia,Endangered,All,5375488
Wild yak,Bos mutus (=grunniens m.),Endangered,All,6165160
Willamette daisy,Erigeron decumbens,Endangered,All,7845106
willowy monardella,Monardella viminea,Endangered,All,3905582
Winged Mapleleaf,Quadrula fragosa,Endangered,All,5189358
Winkler cactus,Pediocactus winkleri,Threatened,All,3946573
Wireweed,Polygonella basiramia,Endangered,All,5334484
Wood Bison,Bison bison athabascae,Threatened,All,2441176
Woolly spider monkey,Brachyteles arachnoides,Endangered,All,2436666
Woundfin,Plagopterus argentissimus,Endangered,All,2366711
Wright fishhook cactus,Sclerocactus wrightiae,Endangered,All,3084580
Wright's marsh thistle,Cirsium wrightii,Threatened,All,3113171
Wyoming Toad,Anaxyrus baxteri,Endangered,All,2422894
Yacare Caiman,Caiman yacare,Threatened,All,5220210
Yadon's piperia,Piperia yadonii,Endangered,All,2796997
Yangtze Sturgeon,Acipenser dabryanus,Endangered,All,2402119
Yaqui catfish,Ictalurus pricei,Threatened,All,5202521
Yaqui chub,Gila purpurea,Endangered,All,2360079
Yarkand deer,Cervus elaphus yarkandensis,Endangered,All,4262355
Yellow-billed Cuckoo,Coccyzus americanus,Threatened,All,2496287
Yellow-billed parrot,Amazona collaria,Threatened,All,2479604
Yellow-blotched map turtle,Graptemys flavimaculata,Threatened,All,2443102
Yellowcheek Darter,Etheostoma moorei,Endangered,All,2382390
Yellow-crested cockatoo,Cacatua sulphurea,Endangered,All,2479893
yellow-eyed penguin,Megadyptes antipodes,Threatened,All,2481632
yelloweye rockfish,Sebastes ruberrimus,Threatened,All,2335415
Yellowfin madtom,Noturus flavipinnis,Threatened,All,2341022
Yellow-footed rock wallaby,Petrogale xanthopus,Endangered,All,2440122
Yellow lance,Elliptio lanceolata,Threatened,All,2288329
Yellow larkspur,Delphinium luteum,Endangered,All,3033702
Yellow monitor,Varanus flavescens,Endangered,All,2470651
Yellow-shouldered blackbird,Agelaius xanthomus,Endangered,All,2484449
Yellow-tailed woolly monkey,Lagothrix flavicauda,Endangered,All,2436657
Yelm pocket gopher,Thomomys mazama yelmensis,Threatened,All,4264484
Yosemite toad,Anaxyrus canorus,Threatened,All,2422932
Yreka phlox,Phlox hirsuta,Endangered,All,2927717
Yuma Ridgway's rail,Rallus obsoletus yumanensis,Endangered,All,9065502
Yunnan snub-nosed monkey,Rhinopithecus bieti,Endangered,All,4267007
Zanzibar red colobus monkey,Procolobus (=Colobus) pennantii (=kirki) kirki,Endangered,All,7262003
Zanzibar suni,Neotragus moschatus moschatus,Endangered,All,7261422
Zapata bladderpod,Physaria thamnophila,Endangered,All,3049198
Zayante band-winged grasshopper,Trimerotropis infantilis,Endangered,All,1709171
Zuni bluehead Sucker,Catostomus discobolus yarrowi,Endangered,All,4286866
Zuni fleabane,Erigeron rhizomatus,Threatened,All,3146967
Barn owl,Tyto alba,Endangered,Michigan,2497921
Black tern,Chlidonias niger,Threatened,Michigan,2481119
Caspian tern,Hydroprogne caspia,Threatened,Michigan,2481236
Cerulean warbler,Setophaga cerulea,Threatened,Michigan,6093350
Common gallinule,Gallinula galeata,Threatened,Michigan,5228200
Common loon,Gavia immer,Threatened,Michigan,2481962
Common tern,Sterna hirundo,Threatened,Michigan,9367409
Eastern whip-poor-will,Antrostomus vociferus,Threatened,Michigan,6101178
Evening grosbeak,Coccothraustes vespertinus,Threatened,Michigan,2494324
Forster’s tern,Sterna forsteri,Threatened,Michigan,5229247
Golden-winged warbler,Vermivora chrysoptera,Threatened,Michigan,5230811
Henslow’s sparrow,Centronyx henslowii,Endangered,Michigan,10850807
King rail,Rallus elegans,Endangered,Michigan,9480015
Kirtland’s warbler,Setophaga kirtlandii,Threatened,Michigan,6093362
Least bittern,Ixobrychus exilis,Threatened,Michigan,2480852
Long-eared owl,Asio otus,Endangered,Michigan,2497306
Louisiana waterthrush,Parkesia motacilla,Threatened,Michigan,6093862
Migrant loggerhead shrike,Lanius ludovicianus migrans,Endangered,Michigan,6172715
Northern goshawk,Accipiter gentilis,Threatened,Michigan,2480589
Peregrine falcon,Falco peregrinus,Threatened,Michigan,2481047
Piping plover,Charadrius melodus,Endangered,Michigan,2480283
Short-eared owl,Asio flammeus,Endangered,Michigan,2497295
Spruce grouse,Canachites canadensis,Threatened,Michigan,2473502
Upland sandpiper,Bartramia longicauda,Threatened,Michigan,2481705
Yellow rail,Coturnicops noveboracensis,Threatened,Michigan,5228183
Bigmouth shiner,Notropis dorsalis,Threatened,Michigan,2366615
Brindled madtom,Noturus miurus,Threatened,Michigan,2341024
Channel darter,Percina copelandi,Endangered,Michigan,2382084
Cisco,Coregonus artedi,Threatened,Michigan,2351092
Eastern sand darter,Ammocrypta pellucida,Threatened,Michigan,2381982
Ives lake cisco,Coregonus hubbsi,Threatened,Michigan,
Lake sturgeon,Acipenser fulvescens,Threatened,Michigan,2402120
Mooneye,Hiodon tergisus,Endangered,Michigan,2402318
Northern madtom,Noturus stigmosus,Endangered,Michigan,2341037
Orangethroat darter,Etheostoma spectabile,Threatened,Michigan,2382332
Pugnose minnow,Opsopoeodus emiliae,Endangered,Michigan,4286982
Pugnose shiner,Notropis anogenus,Endangered,Michigan,2362240
Redside dace,Clinostomus elongatus,Endangered,Michigan,2361178
River darter,Percina shumardi,Endangered,Michigan,2382101
River redhorse,Moxostoma carinatum,Threatened,Michigan,2358998
Sauger,Sander canadensis,Endangered,Michigan,2382152
Shortjaw cisco,Coregonus zenithicus,Endangered,Michigan,2350935
Silver chub,Macrhybopsis storeriana,Threatened,Michigan,2362045
Silver shiner,Notropis photogenis,Endangered,Michigan,2362321
Siskiwit lake cisco,Coregonus bartlettii,Threatened,Michigan,
Southern redbelly dace,Chrosomus erythrogaster,Endangered,Michigan,2365382
Western creek chubsucker,Erimyzon oblongus,Endangered,Michigan,2358941
Blanchard's cricket frog,Acris crepitans blanchardii,Threatened,Michigan,2427616
Copper-bellied water snake,Nerodia erythrogaster neglecta,Endangered,Michigan,5223362
Eastern box turtle,Terrapene carolina,Threatened,Michigan,2443173
Eastern fox snake,Pantherophis gloydi,Threatened,Michigan,2455654
Eastern massasauga rattlesnake,Sistrurus catenatus,Threatened,Michigan,9223124
Kirtland's snake,Clonophis kirtlandii,Endangered,Michigan,2456368
Marbled salamander,Ambystoma opacum,Endangered,Michigan,2432006
Six-lined racerunner,Aspidoscelis sexlineatus,Threatened,Michigan,2472425
Small-mouthed salamander,Ambystoma texanum,Endangered,Michigan,2431973
Spotted turtle,Clemmys guttata,Threatened,Michigan,5961001
Western lesser siren,Siren intermedia nettingi,Endangered,Michigan,2432063
Wood turtle,Glyptemys insculpta,Threatened,Michigan,2443115
Alleghany river cruiser,Macromia alleghaniensis,Threatened,Michigan,1429858
American bumble bee,Bombus penslyvanicus,Endangered,Michigan,
Culvers root borer,Papaipema sciata,Threatened,Michigan,1778021
Dukes' skipper,Euphyes dukesi,Threatened,Michigan,1942967
Elusive clubtail,Stylurus notatus,Threatened,Michigan,5051883
Frosted elfin,Callophrys irus,Threatened,Michigan,1930660
Gray petaltail,Tachopteryx thoreyi,Endangered,Michigan,5051735
Grizzled skipper,Pyrgus wyandot,Threatened,Michigan,5142367
Hine's emerald dragonfly,Somatochlora hineana,Endangered,Michigan,1429986
Hungerford's crawling water beetle,Brychius hungerfordi,Endangered,Michigan,1044486
Huron River leafhopper,Flexamia huroni,Endangered,Michigan,2047378
Karner blue,Lycaeides melissa samuelis,Threatened,Michigan,4300120
Lake Huron locust,Trimerotropis huroniana,Threatened,Michigan,1709175
Leadplant moth,Schinia lucens,Endangered,Michigan,9623501
Leafhopper,Flexamia reflexa,Threatened,Michigan,2047367
Mitchell's satyr,Neonympha mitchellii mitchellii,Endangered,Michigan,7259474
Nabokov's blue,Plebejus idas nabokovi,Threatened,Michigan,1926861
Ottoe skipper,Hesperia ottoe,Endangered,Michigan,5142239
Persius dusky wing,Erynnis persius,Threatened,Michigan,5977179
Phlox moth,Schinia indiana,Endangered,Michigan,9241725
Poweshiek skipperling,Oarisma poweshiek,Endangered,Michigan,4301736
Pygmy snaketail,Ophiogomphus howei,Threatened,Michigan,1426027
Robertson's flightless planthopper,Fitchiella robertsonii,Endangered,Michigan,8075330
Russet-tipped clubtail,Stylurus plagiatus,Endangered,Michigan,5051898
Rusty-patched bumble bee,Bombus affinis,Endangered,Michigan,1340481
Silphium borer moth,Papaipema silphii,Threatened,Michigan,1778008
Six-banded longhorn beetle,Dryobius sexnotatus,Threatened,Michigan,5001337
Swamp metalmark,Calephelis muticum,Endangered,Michigan,1935899
Three-staff underwing,Catocala amestris,Endangered,Michigan,1797379
Tiger spiketail,Cordulegaster erronea,Threatened,Michigan,11000373
Cougar,Felis concolor,Endangered,Michigan,2435099
Eastern pipistrelle,Perimyotis subflavus,Threatened,Michigan,7665644
Evening bat,Nycticeius humeralis,Threatened,Michigan,2432314
Indiana bat,Myotis sodalis,Endangered,Michigan,2432418
Least shrew,Cryptotis parva,Threatened,Michigan,5219509
Little brown bat,Myotis lucifugus,Threatened,Michigan,2432406
Lynx,Lynx canadensis,Endangered,Michigan,2435263
Northern long-eared bat,Myotis septentrionalis,Threatened,Michigan,2432436
Prairie vole,Microtus ochrogaster,Endangered,Michigan,2438671
A land snail (no common name),Catinella protracta,Endangered,Michigan,10160030
A land snail (no common name),Vallonia gracilicosta albula,Endangered,Michigan,2296014
A land snail (no common name),Vertigo modesta modesta,Endangered,Michigan,7344453
A land snail (no common name),Vertigo modesta parietalis,Endangered,Michigan,2293975
A land snail (no common name),Catinella gelida,Threatened,Michigan,
A land snail (no common name),Euconulus alderi,Threatened,Michigan,8336879
Acorn ramshorn,Planorbella multivolvis,Endangered,Michigan,5189732
Black sandshell,Ligumia recta,Threatened,Michigan,2288354
Carinate pillsnail,Euchemotrema hubrichti,Threatened,Michigan,2295635
Cherrystone drop,Hendersonia occulta,Threatened,Michigan,5189928
Clubshell,Pleurobema clava,Endangered,Michigan,2288099
Deep-throat vertigo,Vertigo nylanderi,Endangered,Michigan,2293990
Delicate vertigo,Vertigo bollesiana,Threatened,Michigan,2293980
Eastern pondmussel,Sagittunio nasutus,Endangered,Michigan,9763982
Fawnsfoot,Truncilla donaciformis,Endangered,Michigan,2288275
Foster mantleslug,Pallifera fosteri,Threatened,Michigan,2297113
Hickorynut,Obovaria olivaria,Endangered,Michigan,2288371
Hubricht's vertigo,Vertigo hubrichti,Endangered,Michigan,
Lambda snaggletooth,Gastrocopta holzingeri,Endangered,Michigan,2294024
Lilliput,Toxolasma parvum,Endangered,Michigan,7621602
Northern riffleshell,Epioblasma rangiana,Endangered,Michigan,8007262
Pleistocene catinella,Catinella exile,Threatened,Michigan,
Proud globe,Mesodon elevatus,Threatened,Michigan,5190871
Purple lilliput,Toxolasma lividus,Endangered,Michigan,
Purple wartyback,Cyclonaias tuberculata,Threatened,Michigan,2287949
Rayed bean,Paetulunio fabalis,Endangered,Michigan,9810031
Round hickorynut,Obovaria subrotunda,Endangered,Michigan,2288370
Salamander mussel,Simpsonaias ambigua,Endangered,Michigan,2288258
Six-whorl vertigo,Vertigo morsei,Endangered,Michigan,2294001
Slippershell,Alasmidonta viridis,Threatened,Michigan,2287894
Snuffbox,Epioblasma triquetra,Endangered,Michigan,2288218
Sterki's granule,Guppya sterkii,Endangered,Michigan,5715618
Threehorn wartyback,Obliquaria reflexa,Endangered,Michigan,11036466
Wavyrayed lampmussel,Lampsilis fasciola,Threatened,Michigan,2288147
White catspaw,Epioblasma perobliqua,Endangered,Michigan,9569243
Alpine bistort,Bistorta vivipara,Threatened,Michigan,2889299
Alpine blueberry,Vaccinium uliginosum,Threatened,Michigan,8073364
Alpine bluegrass,Poa alpina,Threatened,Michigan,2704234
Alpine sainfoin,Hedysarum alpinum,Endangered,Michigan,2949263
American chestnut,Castanea dentata,Endangered,Michigan,5333230
American rock-brake,Cryptogramma acrostichoides,Threatened,Michigan,5275452
Annual hedge hyssop,Gratiola virginiana,Threatened,Michigan,3171917
Arrowhead,Sagittaria montevidensis,Threatened,Michigan,5329111
Ashy whitlow grass,Draba cana,Endangered,Michigan,3049889
Assiniboia sedge,Carex assiniboinensis,Threatened,Michigan,2726356
Atlantic blue-eyed-grass,Sisyrinchium atlanticum,Threatened,Michigan,5296111
Awlwort,Subularia aquatica,Endangered,Michigan,5373421
Azure bluet,Houstonia caerulea,Threatened,Michigan,5338866
Bastard pennyroyal,Trichostema dichotomum,Threatened,Michigan,2926665
Bayonet rush,Juncus militaris,Threatened,Michigan,2701857
Beach three-awned grass,Aristida tuberculosa,Endangered,Michigan,2706285
Beard tongue,Penstemon calycosus,Threatened,Michigan,3171380
Bedstraw,Galium kamtschaticum,Endangered,Michigan,2914101
Big-leaf sandwort,Moehringia macrophylla,Threatened,Michigan,3085376
Black crowberry,Empetrum nigrum,Threatened,Michigan,8925249
Black sedge,Carex nigra,Endangered,Michigan,2724925
Black twinberry,Lonicera involucrata,Threatened,Michigan,5334253
Bladderwort,Utricularia subulata,Threatened,Michigan,3172419
Blue-eyed-grass,Sisyrinchium strictum,Threatened,Michigan,5296035
Blue-eyed-Mary,Collinsia verna,Threatened,Michigan,5414956
Blunt-lobed woodsia,Woodsia obtusa,Threatened,Michigan,11194010
Bog cotton,Eriophorum russeolum,Threatened,Michigan,2730262
Broad-leaved sedge,Carex platyphylla,Endangered,Michigan,2723827
Broomrape,Orobanche fasciculata,Threatened,Michigan,3173264
Bulrush sedge,Carex scirpoidea,Threatened,Michigan,2721925
Calypso,Calypso bulbosa,Threatened,Michigan,5323572
Canada rice grass,Piptatheropsis canadensis,Threatened,Michigan,6560152
Canadian burnet,Sanguisorba canadensis,Endangered,Michigan,3029411
Canbyi's bluegrass,Poa secunda,Endangered,Michigan,2704276
Carey's smartweed,Persicaria careyi,Threatened,Michigan,2889216
Cattail sedge,Carex typhina,Threatened,Michigan,2727017
Chives,Allium schoenoprasum,Threatened,Michigan,2855860
Climbing fern,Lygodium palmatum,Endangered,Michigan,2650432
Climbing fumitory,Adlumia fungosa,Threatened,Michigan,2888561
Common eyebright,Euphrasia nemorosa,Threatened,Michigan,3171964
Compass plant,Silphium laciniatum,Endangered,Michigan,3092583
Corn salad,Valerianella umbilicata,Endangered,Michigan,8607668
Cranefly orchid,Tipularia discolor,Endangered,Michigan,5308378
Cream wild indigo,Baptisia leucophaea,Endangered,Michigan,3911533
Creeping St. John's-wort,Hypericum adpressum,Endangered,Michigan,3189524
Creeping whitlow grass,Draba reptans,Threatened,Michigan,7839918
Cup plant,Silphium perfoliatum,Threatened,Michigan,3092576
Devil's club,Oplopanax horridus,Threatened,Michigan,3036356
Downy gentian,Gentiana puberulenta,Endangered,Michigan,3170041
Downy sunflower,Helianthus mollis,Threatened,Michigan,7937401
Dropseed,Sporobolus clandestinus,Endangered,Michigan,2704758
Drummond's aster,Symphyotrichum drummondii,Threatened,Michigan,3151612
Dwarf bilberry,Vaccinium cespitosum,Threatened,Michigan,2882861
Dwarf burhead,Echinodorus tenellus,Endangered,Michigan,2864529
Dwarf lake iris,Iris lacustris,Threatened,Michigan,5298482
Dwarf milkweed,Asclepias ovalifolia,Endangered,Michigan,3170264
Dwarf raspberry,Rubus acaulis,Threatened,Michigan,2992055
Dwarf spike-rush,Eleocharis parvula,Endangered,Michigan,2716818
Eastern few-fruited sedge,Carex oligocarpa,Threatened,Michigan,2722167
Edible valerian,Valeriana edulis var. ciliata,Threatened,Michigan,4094767
Encrusted saxifrage,Saxifraga paniculata,Threatened,Michigan,3032837
Engelmann's quillwort,Isoetes engelmannii,Endangered,Michigan,2688326
Evening campion,Silene nivea,Threatened,Michigan,7936925
Fairy bells,Prosartes hookeri,Threatened,Michigan,2752954
False asphodel,Tofieldia pusilla,Threatened,Michigan,2864429
False hop sedge,Carex lupuliformis,Threatened,Michigan,2727256
False pennyroyal,Trichostema brachiatum,Threatened,Michigan,2927171
False violet,Dalibarda repens,Threatened,Michigan,
Fescue sedge,Carex festucacea,Threatened,Michigan,2722803
Few-flowered nut rush,Scleria pauciflora,Endangered,Michigan,2712557
Fire pink,Silene virginica,Endangered,Michigan,5384823
Flattened spike rush,Eleocharis compressa,Threatened,Michigan,2716981
Fleshy stitchwort,Stellaria crassifolia,Endangered,Michigan,5384660
Floating bladderwort,Utricularia inflata,Endangered,Michigan,3172442
Floating marsh marigold,Caltha natans,Endangered,Michigan,
Florida mudmidget,Wolffiella gladiata,Threatened,Michigan,5330060
Forest skullcap,Scutellaria ovata,Threatened,Michigan,5341334
Forked aster,Eurybia furcata,Threatened,Michigan,5396123
Fragile prickly pear,Opuntia fragilis,Endangered,Michigan,5384113
Franklin's phacelia,Phacelia franklinii,Threatened,Michigan,2928201
Gattinger's gerardia,Agalinis gattingeri,Endangered,Michigan,3171236
Ginseng,Panax quinquefolius,Threatened,Michigan,5372246
Globe beak-rush,Rhynchospora recognita,Endangered,Michigan,2720815
Globe-fruited seedbox,Ludwigia sphaerocarpa,Endangered,Michigan,5421012
Goblin moonwort,Botrychium mormo,Endangered,Michigan,2650197
Goldenseal,Hydrastis canadensis,Threatened,Michigan,3033110
Goosefoot corn salad,Valerianella chenopodiifolia,Endangered,Michigan,2888768
Great northern aster,Canadanthus modestus,Threatened,Michigan,3137596
Greenish-white sedge,Carex albolutescens,Threatened,Michigan,2723628
Greenstar sedge,Carex viridistellata,Threatened,Michigan,9515780
Hairy mountain mint,Pycnanthemum pilosum,Threatened,Michigan,3890974
Hairy wild petunia,Ruellia humilis,Threatened,Michigan,5415395
Hall's bulrush,Schoenoplectiella hallii,Threatened,Michigan,2710705
Hart's-tongue fern,Asplenium scolopendrium var. americanum,Endangered,Michigan,4256560
Hay-scented fern,Dennstaedtia punctilobula,Endangered,Michigan,3605467
Heart-leaved arnica,Arnica cordifolia,Endangered,Michigan,5405914
Heart-leaved plantain,Plantago cordata,Endangered,Michigan,3189759
Hedge-hyssop,Gratiola aurea,Threatened,Michigan,3171931
Hill's pondweed,Potamogeton hillii,Threatened,Michigan,5301154
Hollow-stemmed Joe-pye weed,Eutrochium fistulosum,Threatened,Michigan,3138201
Houghton's goldenrod,Solidago houghtonii,Threatened,Michigan,5388965
Hudson Bay eyebright,Euphrasia hudsoniana,Threatened,Michigan,3171962
Hudson Bay sedge,Carex heleonastes,Endangered,Michigan,2728116
Hyssop-leaved fleabane,Erigeron hyssopifolius,Threatened,Michigan,3117492
Jacob's ladder,Polemonium reptans,Threatened,Michigan,2927849
Kitten-tails,Besseya bullii,Endangered,Michigan,3172149
Lakeside daisy,Tetraneuris herbacea,Endangered,Michigan,3112429
Lapland buttercup,Coptidium lapponicum,Threatened,Michigan,7554812
Large round-leaved orchid,Platanthera macrophylla,Threatened,Michigan,2797879
Large water starwort,Callitriche heterophylla,Threatened,Michigan,5372482
Least pinweed,Lechea minor,Threatened,Michigan,5331119
Leggett's pinweed,Lechea pulchella,Threatened,Michigan,5331141
Leiberg's panic grass,Dichanthelium leibergii,Threatened,Michigan,2702550
Limestone oak fern,Gymnocarpium robertianum,Threatened,Michigan,2650841
Longleaf arnica,Arnica lonchophylla,Endangered,Michigan,5405959
Macoun's buttercup,Ranunculus macounii,Threatened,Michigan,3033430
Manna grass,Glyceria acutiflora,Endangered,Michigan,2705501
Marsh grass-of-parnassus,Parnassia palustris,Threatened,Michigan,3032585
Maryland meadow beauty,Rhexia mariana,Threatened,Michigan,6370240
Mat muhly,Muhlenbergia richardsonis,Threatened,Michigan,2704017
Mermaid-weed,Proserpinaca pectinata,Endangered,Michigan,2984289
Michigan monkey flower,Mimulus michiganensis,Endangered,Michigan,7569866
Michigan moonwort,Botrychium michiganense,Threatened,Michigan,7355596
Mikania,Mikania scandens,Endangered,Michigan,5398828
Missouri rock cress,Boechera missouriensis,Threatened,Michigan,7742388
Moor rush,Juncus stygius,Endangered,Michigan,2701983
Mountain cranberry,Vaccinium vitis-idaea,Endangered,Michigan,2882835
Mountain fir moss,Huperzia appressa,Endangered,Michigan,6385640
Mountain mint,Pycnanthemum muticum,Threatened,Michigan,2927374
Mullein-foxglove,Dasistoma macrophylla,Threatened,Michigan,
Narrow-leaved gentian,Gentiana linearis,Threatened,Michigan,3170063
Narrow-leaved reedgrass,Calamagrostis stricta ssp. Stricta,Threatened,Michigan,6430948
Netted nut rush,Scleria reticularis,Threatened,Michigan,2712521
New England sedge,Carex novae-angliae,Threatened,Michigan,2725597
New England violet,Viola novae-angliae,Threatened,Michigan,5331232
Nodding pogonia,Triphora trianthophora,Threatened,Michigan,5310453
Nodding rattlesnake-root,Prenanthes crepidinea,Threatened,Michigan,3090775
Northern bayberry,Myrica pensylvanica,Threatened,Michigan,3169005
Northern bladderwort,Utricularia ochroleuca,Threatened,Michigan,3172429
Northern fairy bells,Prosartes trachycarpa,Threatened,Michigan,2752970
Northern oak fern,Gymnocarpium jessoense,Endangered,Michigan,2650848
Northern prostrate clubmoss,Lycopodiella margueritae,Threatened,Michigan,3990997
Northern ragwort,Packera indecora,Threatened,Michigan,8325712
Northern woodsia,Woodsia alpina,Endangered,Michigan,5275066
Orange- or yellow-fringed orchid,Platanthera ciliaris,Endangered,Michigan,2798080
Painted trillium,Trillium undulatum,Endangered,Michigan,2742335
Pale avens,Geum virginianum,Threatened,Michigan,5369702
Pale Indian paintbrush,Castilleja septentrionalis,Threatened,Michigan,3170627
Panic grass,Panicum longifolium,Threatened,Michigan,6068048
Panicled hawkweed,Hieracium paniculatum,Threatened,Michigan,8037207
Panicled screwstem,Bartonia paniculata,Threatened,Michigan,5414427
Pearlwort,Sagina nodosa,Threatened,Michigan,3085388
Philadelphia panic-grass,Panicum philadelphicum,Endangered,Michigan,8412627
Pine-drops,Pterospora andromedea,Threatened,Michigan,5334184
Pitcher's thistle,Cirsium pitcheri,Threatened,Michigan,3113668
Prairie birdfoot violet,Viola pedatifida,Endangered,Michigan,5331262
Prairie buttercup,Ranunculus rhomboideus,Threatened,Michigan,3033365
Prairie cinquefoil,Potentilla litoralis,Threatened,Michigan,6368584
Prairie coreopsis,Coreopsis palmata,Endangered,Michigan,3133989
Prairie golden alexanders,Zizia aptera,Threatened,Michigan,
Prairie moonwort,Botrychium campestre,Threatened,Michigan,2650190
Prairie or pale agoseris,Agoseris glauca,Threatened,Michigan,3092888
Prairie smoke,Geum triflorum,Threatened,Michigan,5369703
Prairie white-fringed orchid,Platanthera leucophaea,Endangered,Michigan,2798308
Prickly saxifrage,Saxifraga tricuspidata,Threatened,Michigan,3032759
Pumpelly's bromegrass,Bromus pumpellianus,Threatened,Michigan,4154191
Pumpkin ash,Fraxinus profunda,Threatened,Michigan,3172363
Purple cliff brake,Pellaea atropurpurea,Threatened,Michigan,5275441
Purple milkweed,Asclepias purpurascens,Threatened,Michigan,3170271
Purple spike rush,Eleocharis atropurpurea,Endangered,Michigan,2717771
Purple turtlehead,Chelone obliqua,Endangered,Michigan,5414932
Pygmy water lily,Nymphaea leibergii,Endangered,Michigan,2882435
Queen-of-the-prairie,Filipendula rubra,Threatened,Michigan,2988113
Ragwort,Packera insulae-regalis,Threatened,Michigan,9485645
Rattlesnake-master,Eryngium yuccifolium,Endangered,Michigan,3034408
Raven's-foot sedge,Carex crus-corvi,Endangered,Michigan,2724046
Red mulberry,Morus rubra,Threatened,Michigan,5361886
Red-fruited chokeberry,Aronia arbutifolia,Threatened,Michigan,5363629
Rock cress,Boechera dentata,Threatened,Michigan,7367041
Rock sandwort,Minuartia dawsonensis,Threatened,Michigan,5587064
Rock-rose,Chamaerhodos nuttallii var. keweenawensis,Endangered,Michigan,3031905
Rosepink,Sabatia angularis,Threatened,Michigan,5414514
Rosinweed,Silphium integrifolium,Threatened,Michigan,3092564
Ross's sedge,Carex rossii,Threatened,Michigan,2727055
Round-fruited St. John's-wort,Hypericum sphaerocarpum,Endangered,Michigan,3189476
Round-leaved violet,Viola rotundifolia,Threatened,Michigan,5331203
Round-seed panic-grass,Dichanthelium polyanthes,Endangered,Michigan,4133809
Sand cinquefoil,Potentilla supina,Threatened,Michigan,5366090
Satiny willow,Salix pellita,Threatened,Michigan,5372688
Sawtooth wormwood,Artemisia serrata,Threatened,Michigan,3121361
Scirpus-like rush,Juncus scirpoides,Threatened,Michigan,2701678
Sedge,Carex tincta,Endangered,Michigan,2722800
Sedge,Carex atratiformis,Threatened,Michigan,2722608
Sedge,Carex conjuncta,Threatened,Michigan,2729405
Sedge,Carex media,Threatened,Michigan,2725060
Shooting star,Primula meadia,Endangered,Michigan,6390043
Short-beak beak-rush,Rhynchospora nitens,Endangered,Michigan,2720772
Short-fruited rush,Juncus brachycarpus,Threatened,Michigan,2701435
Shortstalk chickweed,Cerastium brachypodum,Threatened,Michigan,3085466
Showy orchis,Galearis spectabilis,Threatened,Michigan,2850131
Side-oats grama grass,Bouteloua curtipendula,Endangered,Michigan,5289861
Skinner's gerardia,Agalinis skinneriana,Endangered,Michigan,3171219
Skullcap,Scutellaria nervosa,Endangered,Michigan,5341363
Slender beard tongue,Penstemon gracilis,Endangered,Michigan,3171415
Slender manna grass,Glyceria melicaria,Threatened,Michigan,2705498
Slender spike-rush,Eleocharis nitida,Endangered,Michigan,2716925
Slough grass,Beckmannia syzigachne,Threatened,Michigan,5290059
Small log fern,Dryopteris celsa,Threatened,Michigan,5275087
Small round-leaved orchis,Amerorchis rotundifolia,Endangered,Michigan,4926517
Small skullcap,Scutellaria parvula,Threatened,Michigan,5341380
Small yellow pond lily,Nuphar microphylla,Endangered,Michigan,6434939
Small-flowered wood rush,Luzula parviflora,Threatened,Michigan,2700961
Small-fruited spike-rush,Eleocharis microcarpa,Endangered,Michigan,2717386
Smooth ruellia,Ruellia strepens,Endangered,Michigan,5415414
Smooth whitlow grass,Draba glabella,Endangered,Michigan,3050232
Snow trillium,Trillium nivale,Threatened,Michigan,2742425
Southeastern adder's-tongue,Ophioglossum vulgatum,Endangered,Michigan,2650133
Spatulate moonwort,Botrychium spathulatum,Threatened,Michigan,2650211
Spike rush,Eleocharis radicans,Endangered,Michigan,2717287
Spotted pondweed,Potamogeton pulcher,Threatened,Michigan,5301137
Squashberry,Viburnum edule,Threatened,Michigan,2888613
Starry campion,Silene stellata,Threatened,Michigan,10889111
Stiff gentian,Gentianella quinquefolia,Threatened,Michigan,3169849
Stout smartweed,Persicaria robustior,Threatened,Michigan,2889144
Straw sedge,Carex straminea,Endangered,Michigan,2724367
Sullivant's milkweed,Asclepias sullivantii,Threatened,Michigan,3170265
Sun sedge,Carex inops,Threatened,Michigan,2723507
Swamp cottonwood,Populus heterophylla,Endangered,Michigan,3040239
Sweet Cicely,Osmorhiza depauperata,Threatened,Michigan,3034166
Sweet coltsfoot,Petasites sagittatus,Threatened,Michigan,4238351
Tall green milkweed,Asclepias hirtella,Threatened,Michigan,3170338
Tea-leaved willow,Salix planifolia,Threatened,Michigan,5372987
Three-ribbed spike rush,Eleocharis tricostata,Threatened,Michigan,2717835
Three-square bulrush,Schoenoplectus americanus,Endangered,Michigan,2711092
Tinted spurge,Euphorbia commutata,Threatened,Michigan,3070448
Toadshade,Trillium sessile,Threatened,Michigan,2742223
Twisted whitlow grass,Draba incana,Endangered,Michigan,3049770
Umbrella-grass,Fuirena pumila,Threatened,Michigan,2719021
Upland boneset,Eupatorium sessilifolium,Threatened,Michigan,5403176
Vasey's pondweed,Potamogeton vaseyi,Threatened,Michigan,5301208
Vasey's rush,Juncus vaseyi,Threatened,Michigan,2701308
Virginia bluebells,Mertensia virginica,Threatened,Michigan,5341242
Virginia flax,Linum virginianum,Threatened,Michigan,2873915
Virginia snakeroot,Endodeca serpentaria,Threatened,Michigan,3588874
Virginia spiderwort,Tradescantia virginiana,Threatened,Michigan,2765272
Voss's goldenrod,Solidago vossii,Endangered,Michigan,9453358
Walking fern,Asplenium rhizophyllum,Threatened,Michigan,2650633
Wall-rue,Asplenium ruta-muraria,Endangered,Michigan,2650625
Warty panic grass,Panicum verrucosum,Threatened,Michigan,9505116
Water willow,Justicia americana,Threatened,Michigan,5415426
Waterthread pondweed,Potamogeton bicupulatus,Threatened,Michigan,5301229
Weak stellate sedge,Carex seorsa,Threatened,Michigan,2725502
Western dock,Rumex occidentalis,Endangered,Michigan,6391790
Western mugwort,Artemisia ludoviciana,Threatened,Michigan,3120950
Western silvery aster,Symphyotrichum sericeum,Threatened,Michigan,3151742
White bergamot,Monarda clinopodia,Threatened,Michigan,5341398
White false indigo,Baptisia lactea,Threatened,Michigan,2976077
White gentian,Gentiana alba,Endangered,Michigan,12232463
White goldenrod,Solidago bicolor,Endangered,Michigan,5388960
White lady slipper,Cypripedium candidum,Threatened,Michigan,2820374
Whorled pogonia,Isotria verticillata,Threatened,Michigan,2808813
Wideflower phlox,Phlox ovata,Endangered,Michigan,2927759
Widgeon grass,Ruppia cirrhosa,Threatened,Michigan,2863987
Wild hyacinth,Camassia scilloides,Threatened,Michigan,2769112
Wild lilac,Ceanothus sanguineus,Threatened,Michigan,3039303
Wild rice,Zizania aquatica,Threatened,Michigan,2703228
Wild sweet potato,Ipomoea pandurata,Threatened,Michigan,2928514
Wild sweet William,Phlox maculata,Threatened,Michigan,2927783
Winged monkey flower,Mimulus alatus,Threatened,Michigan,6070769
Wisteria,Wisteria frutescens,Threatened,Michigan,2977310
Woodland everlasting,Omalotheca sylvatica,Threatened,Michigan,3103192
Woodland lettuce,Lactuca floridana,Threatened,Michigan,3140423
Yellow fumewort,Corydalis flavula,Threatened,Michigan,5334201
Yellow-flowered leafcup,Smallanthus uvedalia,Threatened,Michigan,3145280
Mead's Milkweed,Asclepias meadii,E,Missouri,3170259
Northern Long-eared Myotis,Myotis septentrionalis,E,Missouri,2432436
Indiana Myotis,Myotis sodalis,E,Missouri,2432418
King Rail,Rallus elegans,E,Missouri,9480015
Lake Sturgeon,Acipenser fulvescens,E,Missouri,2402120
Flathead Chub,Platygobio gracilis,E,Missouri,2362460
Pallid Sturgeon,Scaphirhynchus albus,E,Missouri,2402088
Lake Sturgeon,Acipenser fulvescens,E,Missouri,2402120
Northern Long-eared Myotis,Myotis septentrionalis,E,Missouri,2432436
Western Prairie Fringed Orchid,Platanthera praeclara,E,Missouri,2798503
Flathead Chub,Platygobio gracilis,E,Missouri,2362460
Pallid Sturgeon,Scaphirhynchus albus,E,Missouri,2402088
Plains Spotted Skunk,Spilogale interrupta,E,Missouri,9577333
Greater Prairie-chicken,Tympanuchus cupido,E,Missouri,2473510
Gray Myotis,Myotis grisescens,E,Missouri,
Northern Long-eared Myotis,Myotis septentrionalis,E,Missouri,2432436
Indiana Myotis,Myotis sodalis,E,Missouri,2432418
Yellow Mud Turtle,Kinosternon flavescens,E,Missouri,2442437
Neosho Mucket,Lampsilis rafinesqueana,E,Missouri,2288166
Swainson's Warbler,Limnothlypis swainsonii,E,Missouri,2489636
Gray Myotis,Myotis grisescens,E,Missouri,
Northern Long-eared Myotis,Myotis septentrionalis,E,Missouri,2432436
Bachman's Sparrow,Peucaea aestivalis,E,Missouri,7341544
Slippershell Mussel,Pressodonta viridis,E,Missouri,
Running Buffalo Clover,Trifolium stoloniferum,E,Missouri,5358976
Ozark Cavefish,Troglichthys rosae,E,Missouri,5212779
Mead's Milkweed,Asclepias meadii,E,Missouri,3170259
Northern Harrier,Circus hudsonius,E,Missouri,5229175
Redfin Darter,Etheostoma whipplei,E,Missouri,2382227
Gray Myotis,Myotis grisescens,E,Missouri,
Plains Spotted Skunk,Spilogale interrupta,E,Missouri,9577333
Greater Prairie-chicken,Tympanuchus cupido,E,Missouri,2473510
Mead's Milkweed,Asclepias meadii,E,Missouri,3170259
Northern Harrier,Circus hudsonius,E,Missouri,5229175
Mead's Milkweed,Asclepias meadii,E,Missouri,3170259
Niangua Darter,Etheostoma nianguae,E,Missouri,2382336
Gray Myotis,Myotis grisescens,E,Missouri,
Western Fanshell,Cyprogenia aberti,E,Missouri,5189380
Elephantear,Elliptio crassidens,E,Missouri,2288338
Curtis Pearlymussel,Epioblasma curtisii,E,Missouri,9376033
Snuffbox,Epioblasma triquetra,E,Missouri,2288218
Harlequin Darter,Etheostoma histrio,E,Missouri,2382337
Swainson's Warbler,Limnothlypis swainsonii,E,Missouri,2489636
Gray Myotis,Myotis grisescens,E,Missouri,
Taillight Shiner,Notropis maculatus,E,Missouri,2362203
Plains Spotted Skunk,Spilogale interrupta,E,Missouri,9577333
Lake Sturgeon,Acipenser fulvescens,E,Missouri,2402120
Topeka Shiner,Miniellus topeka,E,Missouri,
Gray Myotis,Myotis grisescens,E,Missouri,
Northern Long-eared Myotis,Myotis septentrionalis,E,Missouri,2432436
Indiana Myotis,Myotis sodalis,E,Missouri,2432418
Flathead Chub,Platygobio gracilis,E,Missouri,2362460
Pallid Sturgeon,Scaphirhynchus albus,E,Missouri,2402088
Running Buffalo Clover,Trifolium stoloniferum,E,Missouri,5358976
Lake Sturgeon,Acipenser fulvescens,E,Missouri,2402120
Flathead Chub,Platygobio gracilis,E,Missouri,2362460
Pallid Sturgeon,Scaphirhynchus albus,E,Missouri,2402088
Crystal Darter,Crystallaria asprella,E,Missouri,2382195
Western Fanshell,Cyprogenia aberti,E,Missouri,5189380
Western Chicken Turtle,Deirochelys reticularia miaria,E,Missouri,6157048
Elephantear,Elliptio crassidens,E,Missouri,2288338
Curtis Pearlymussel,Epioblasma curtisii,E,Missouri,9376033
Swamp Darter,Etheostoma fusiforme,E,Missouri,2382339
Harlequin Darter,Etheostoma histrio,E,Missouri,2382337
Goldstripe Darter,Etheostoma parvipinne,E,Missouri,2382350
Pink Mucket,Lampsilis abrupta,E,Missouri,2288132
Swainson's Warbler,Limnothlypis swainsonii,E,Missouri,2489636
Pondberry,Lindera melissifolia,E,Missouri,5371737
Sabine Shiner,Miniellus sabinae,E,Missouri,
Northern Long-eared Myotis,Myotis septentrionalis,E,Missouri,2432436
Taillight Shiner,Notropis maculatus,E,Missouri,2362203
Mountain Madtom,Noturus eleutherus,E,Missouri,2341021
Longnose Darter,Percina nasuta,E,Missouri,2382068
Ebonyshell,Reginaia ebenus,E,Missouri,7436337
Rabbitsfoot,Theliderma cylindrica,E,Missouri,7342653
Indiana Myotis,Myotis sodalis,E,Missouri,2432418
Lake Sturgeon,Acipenser fulvescens,E,Missouri,2402120
Gray Myotis,Myotis grisescens,E,Missouri,
Flathead Chub,Platygobio gracilis,E,Missouri,2362460
Pallid Sturgeon,Scaphirhynchus albus,E,Missouri,2402088
Running Buffalo Clover,Trifolium stoloniferum,E,Missouri,5358976
Eastern Hellbender,Cryptobranchus alleganiensis alleganiensis,E,Missouri,2432031
Niangua Darter,Etheostoma nianguae,E,Missouri,2382336
Gray Myotis,Myotis grisescens,E,Missouri,
Northern Long-eared Myotis,Myotis septentrionalis,E,Missouri,2432436
Indiana Myotis,Myotis sodalis,E,Missouri,2432418
Lake Sturgeon,Acipenser fulvescens,E,Missouri,2402120
Crystal Darter,Crystallaria asprella,E,Missouri,2382195
Harlequin Darter,Etheostoma histrio,E,Missouri,2382337
Shawnee Hills Cavefish,Forbesichthys papilliferus,E,Missouri,
Indiana Myotis,Myotis sodalis,E,Missouri,2432418
Pallid Sturgeon,Scaphirhynchus albus,E,Missouri,2402088
Interior Least Tern,Sterna antillarum athalassos,E,Missouri,6065773
Lake Sturgeon,Acipenser fulvescens,E,Missouri,2402120
American Bittern,Botaurus lentiginosus,E,Missouri,2480911
Northern Harrier,Circus hudsonius,E,Missouri,5229175
Indiana Myotis,Myotis sodalis,E,Missouri,2432418
Flathead Chub,Platygobio gracilis,E,Missouri,2362460
Pallid Sturgeon,Scaphirhynchus albus,E,Missouri,2402088
Prairie Massasauga,Sistrurus tergeminus tergeminus,E,Missouri,9454905
Swainson's Warbler,Limnothlypis swainsonii,E,Missouri,2489636
Gray Myotis,Myotis grisescens,E,Missouri,
Northern Long-eared Myotis,Myotis septentrionalis,E,Missouri,2432436
Indiana Myotis,Myotis sodalis,E,Missouri,2432418
Slippershell Mussel,Pressodonta viridis,E,Missouri,
Plains Spotted Skunk,Spilogale interrupta,E,Missouri,9577333
Mead's Milkweed,Asclepias meadii,E,Missouri,3170259
Mead's Milkweed,Asclepias meadii,E,Missouri,3170259
Northern Harrier,Circus hudsonius,E,Missouri,5229175
Spectaclecase,Cumberlandia monodonta,E,Missouri,2287869
Elephantear,Elliptio crassidens,E,Missouri,2288338
Niangua Darter,Etheostoma nianguae,E,Missouri,2382336
Geocarpon,Geocarpon minimum,E,Missouri,3085364
Pink Mucket,Lampsilis abrupta,E,Missouri,2288132
Gray Myotis,Myotis grisescens,E,Missouri,
American Burying Beetle,Nicrophorus americanus,E,Missouri,1038971
Ebonyshell,Reginaia ebenus,E,Missouri,7436337
Greater Prairie-chicken,Tympanuchus cupido,E,Missouri,2473510
Lake Sturgeon,Acipenser fulvescens,E,Missouri,2402120
American Bittern,Botaurus lentiginosus,E,Missouri,2480911
Gray Myotis,Myotis grisescens,E,Missouri,
Northern Long-eared Myotis,Myotis septentrionalis,E,Missouri,2432436
Indiana Myotis,Myotis sodalis,E,Missouri,2432418
Flathead Chub,Platygobio gracilis,E,Missouri,2362460
Pallid Sturgeon,Scaphirhynchus albus,E,Missouri,2402088
Prairie Massasauga,Sistrurus tergeminus tergeminus,E,Missouri,9454905
Interior Least Tern,Sterna antillarum athalassos,E,Missouri,6065773
Virginia Sneezeweed,Helenium virginicum,E,Missouri,5401858
Black-tailed Jackrabbit,Lepus californicus,E,Missouri,2436801
Gray Myotis,Myotis grisescens,E,Missouri,
Northern Long-eared Myotis,Myotis septentrionalis,E,Missouri,2432436
Missouri Bladderpod,Physaria filiformis,E,Missouri,3049220
Slippershell Mussel,Pressodonta viridis,E,Missouri,
Plains Spotted Skunk,Spilogale interrupta,E,Missouri,9577333
Ozark Cavefish,Troglichthys rosae,E,Missouri,5212779
Lake Sturgeon,Acipenser fulvescens,E,Missouri,2402120
Blanding's Turtle,Emydoidea blandingii,E,Missouri,5220530
Yellow Mud Turtle,Kinosternon flavescens,E,Missouri,2442437
Topeka Shiner,Miniellus topeka,E,Missouri,
Northern Long-eared Myotis,Myotis septentrionalis,E,Missouri,2432436
Indiana Myotis,Myotis sodalis,E,Missouri,2432418
Fat Pocketbook,Potamilus capax,E,Missouri,2287988
Ebonyshell,Reginaia ebenus,E,Missouri,7436337
Central Mudminnow,Umbra limi,E,Missouri,5203110
Lake Sturgeon,Acipenser fulvescens,E,Missouri,2402120
Northern Harrier,Circus hudsonius,E,Missouri,5229175
Yellow Mud Turtle,Kinosternon flavescens,E,Missouri,2442437
Pallid Sturgeon,Scaphirhynchus albus,E,Missouri,2402088
Plains Spotted Skunk,Spilogale interrupta,E,Missouri,9577333
Indiana Myotis,Myotis sodalis,E,Missouri,2432418
Prairie Massasauga,Sistrurus tergeminus tergeminus,E,Missouri,9454905
Lake Sturgeon,Acipenser fulvescens,E,Missouri,2402120
Spectaclecase,Cumberlandia monodonta,E,Missouri,2287869
Pink Mucket,Lampsilis abrupta,E,Missouri,2288132
Gray Myotis,Myotis grisescens,E,Missouri,
Northern Long-eared Myotis,Myotis septentrionalis,E,Missouri,2432436
Indiana Myotis,Myotis sodalis,E,Missouri,2432418
Flathead Chub,Platygobio gracilis,E,Missouri,2362460
Ebonyshell,Reginaia ebenus,E,Missouri,7436337
Pallid Sturgeon,Scaphirhynchus albus,E,Missouri,2402088
Lake Sturgeon,Acipenser fulvescens,E,Missouri,2402120
Elephantear,Elliptio crassidens,E,Missouri,2288338
Topeka Shiner,Miniellus topeka,E,Missouri,
Gray Myotis,Myotis grisescens,E,Missouri,
Flathead Chub,Platygobio gracilis,E,Missouri,2362460
Pallid Sturgeon,Scaphirhynchus albus,E,Missouri,2402088
Eastern Hellbender,Cryptobranchus alleganiensis alleganiensis,E,Missouri,2432031
Crystal Darter,Crystallaria asprella,E,Missouri,2382195
Spectaclecase,Cumberlandia monodonta,E,Missouri,2287869
Gray Myotis,Myotis grisescens,E,Missouri,
Northern Long-eared Myotis,Myotis septentrionalis,E,Missouri,2432436
Indiana Myotis,Myotis sodalis,E,Missouri,2432418
Sheepnose,Plethobasus cyphyus,E,Missouri,2287978
Scaleshell,Potamilus leptodon,E,Missouri,11071327
Running Buffalo Clover,Trifolium stoloniferum,E,Missouri,5358976
Mead's Milkweed,Asclepias meadii,E,Missouri,3170259
Northern Harrier,Circus hudsonius,E,Missouri,5229175
Geocarpon,Geocarpon minimum,E,Missouri,3085364
Gray Myotis,Myotis grisescens,E,Missouri,
Missouri Bladderpod,Physaria filiformis,E,Missouri,3049220
Greater Prairie-chicken,Tympanuchus cupido,E,Missouri,2473510
Spectaclecase,Cumberlandia monodonta,E,Missouri,2287869
Niangua Darter,Etheostoma nianguae,E,Missouri,2382336
Gray Myotis,Myotis grisescens,E,Missouri,
Northern Long-eared Myotis,Myotis septentrionalis,E,Missouri,2432436
Slippershell Mussel,Pressodonta viridis,E,Missouri,
Indiana Myotis,Myotis sodalis,E,Missouri,2432418
Northern Harrier,Circus hudsonius,E,Missouri,5229175
Northern Harrier,Circus hudsonius,E,Missouri,5229175
Ozark Hellbender,Cryptobranchus alleganiensis bishopi,E,Missouri,2432031
Virginia Sneezeweed,Helenium virginicum,E,Missouri,5401858
Gray Myotis,Myotis grisescens,E,Missouri,
Northern Long-eared Myotis,Myotis septentrionalis,E,Missouri,2432436
Indiana Myotis,Myotis sodalis,E,Missouri,2432418
Slippershell Mussel,Pressodonta viridis,E,Missouri,
Hine's Emerald,Somatochlora hineana,E,Missouri,1429986
Ozark Hellbender,Cryptobranchus alleganiensis bishopi,E,Missouri,2432031
Swainson's Warbler,Limnothlypis swainsonii,E,Missouri,2489636
Gray Myotis,Myotis grisescens,E,Missouri,
Northern Long-eared Myotis,Myotis septentrionalis,E,Missouri,2432436
Slippershell Mussel,Pressodonta viridis,E,Missouri,
Plains Spotted Skunk,Spilogale interrupta,E,Missouri,9577333
Harlequin Darter,Etheostoma histrio,E,Missouri,2382337
Cypress Minnow,Hybognathus hayi,E,Missouri,2364404
Fat Pocketbook,Potamilus capax,E,Missouri,2287988
Lake Sturgeon,Acipenser fulvescens,E,Missouri,2402120
Decurrent False Aster,Boltonia decurrens,E,Missouri,5393595
Crystal Darter,Crystallaria asprella,E,Missouri,2382195
Spectaclecase,Cumberlandia monodonta,E,Missouri,2287869
Elephantear,Elliptio crassidens,E,Missouri,2288338
Snuffbox,Epioblasma triquetra,E,Missouri,2288218
Pink Mucket,Lampsilis abrupta,E,Missouri,2288132
Gray Myotis,Myotis grisescens,E,Missouri,
Northern Long-eared Myotis,Myotis septentrionalis,E,Missouri,2432436
Indiana Myotis,Myotis sodalis,E,Missouri,2432418
Flathead Chub,Platygobio gracilis,E,Missouri,2362460
Sheepnose,Plethobasus cyphyus,E,Missouri,2287978
Scaleshell,Potamilus leptodon,E,Missouri,11071327
Winged Mapleleaf,Quadrula fragosa,E,Missouri,5189358
Ebonyshell,Reginaia ebenus,E,Missouri,7436337
Pallid Sturgeon,Scaphirhynchus albus,E,Missouri,2402088
Plains Spotted Skunk,Spilogale interrupta,E,Missouri,9577333
Lake Sturgeon,Acipenser fulvescens,E,Missouri,2402120
Crystal Darter,Crystallaria asprella,E,Missouri,2382195
Spectaclecase,Cumberlandia monodonta,E,Missouri,2287869
Elephantear,Elliptio crassidens,E,Missouri,2288338
Snuffbox,Epioblasma triquetra,E,Missouri,2288218
Pink Mucket,Lampsilis abrupta,E,Missouri,2288132
Gray Myotis,Myotis grisescens,E,Missouri,
Northern Long-eared Myotis,Myotis septentrionalis,E,Missouri,2432436
Indiana Myotis,Myotis sodalis,E,Missouri,2432418
Sheepnose,Plethobasus cyphyus,E,Missouri,2287978
Scaleshell,Potamilus leptodon,E,Missouri,11071327
Ebonyshell,Reginaia ebenus,E,Missouri,7436337
Pallid Sturgeon,Scaphirhynchus albus,E,Missouri,2402088
American Bittern,Botaurus lentiginosus,E,Missouri,2480911
Northern Harrier,Circus hudsonius,E,Missouri,5229175
Niangua Darter,Etheostoma nianguae,E,Missouri,2382336
Geocarpon,Geocarpon minimum,E,Missouri,3085364
Gray Myotis,Myotis grisescens,E,Missouri,
Northern Long-eared Myotis,Myotis septentrionalis,E,Missouri,2432436
Missouri Bladderpod,Physaria filiformis,E,Missouri,3049220
Ozark Cavefish,Troglichthys rosae,E,Missouri,5212779
Topeka Shiner,Miniellus topeka,E,Missouri,
Northern Long-eared Myotis,Myotis septentrionalis,E,Missouri,2432436
Eastern Prairie Fringed Orchid,Platanthera leucophaea,E,Missouri,2798308
Mead's Milkweed,Asclepias meadii,E,Missouri,3170259
Northern Harrier,Circus hudsonius,E,Missouri,5229175
Topeka Shiner,Miniellus topeka,E,Missouri,
Northern Long-eared Myotis,Myotis septentrionalis,E,Missouri,2432436
Indiana Myotis,Myotis sodalis,E,Missouri,2432418
Western Prairie Fringed Orchid,Platanthera praeclara,E,Missouri,2798503
Greater Prairie-chicken,Tympanuchus cupido,E,Missouri,2473510
Mead's Milkweed,Asclepias meadii,E,Missouri,3170259
Snuffbox,Epioblasma triquetra,E,Missouri,2288218
Geocarpon,Geocarpon minimum,E,Missouri,3085364
Gray Myotis,Myotis grisescens,E,Missouri,
Northern Long-eared Myotis,Myotis septentrionalis,E,Missouri,2432436
Spectaclecase,Cumberlandia monodonta,E,Missouri,2287869
Niangua Darter,Etheostoma nianguae,E,Missouri,2382336
Gray Myotis,Myotis grisescens,E,Missouri,
Northern Long-eared Myotis,Myotis septentrionalis,E,Missouri,2432436
Lake Sturgeon,Acipenser fulvescens,E,Missouri,2402120
American Bittern,Botaurus lentiginosus,E,Missouri,2480911
Blanding's Turtle,Emydoidea blandingii,E,Missouri,5220530
Western Prairie Fringed Orchid,Platanthera praeclara,E,Missouri,2798503
Flathead Chub,Platygobio gracilis,E,Missouri,2362460
King Rail,Rallus elegans,E,Missouri,9480015
Pallid Sturgeon,Scaphirhynchus albus,E,Missouri,2402088
Prairie Massasauga,Sistrurus tergeminus tergeminus,E,Missouri,9454905
Lake Sturgeon,Acipenser fulvescens,E,Missouri,2402120
Gray Myotis,Myotis grisescens,E,Missouri,
Flathead Chub,Platygobio gracilis,E,Missouri,2362460
Pallid Sturgeon,Scaphirhynchus albus,E,Missouri,2402088
Decurrent False Aster,Boltonia decurrens,E,Missouri,5393595
Virginia Sneezeweed,Helenium virginicum,E,Missouri,5401858
Gray Myotis,Myotis grisescens,E,Missouri,
Northern Long-eared Myotis,Myotis septentrionalis,E,Missouri,2432436
Plains Spotted Skunk,Spilogale interrupta,E,Missouri,9577333
Mead's Milkweed,Asclepias meadii,E,Missouri,3170259
Western Fanshell,Cyprogenia aberti,E,Missouri,5189380
Big Creek Crayfish,Faxonius peruncus,E,Missouri,8938838
St. Francis River Crayfish,Faxonius quadruncus,E,Missouri,8952568
Gray Myotis,Myotis grisescens,E,Missouri,
Northern Long-eared Myotis,Myotis septentrionalis,E,Missouri,2432436
Indiana Myotis,Myotis sodalis,E,Missouri,2432418
Bachman's Sparrow,Peucaea aestivalis,E,Missouri,7341544
Hine's Emerald,Somatochlora hineana,E,Missouri,1429986
Lake Sturgeon,Acipenser fulvescens,E,Missouri,2402120
Pallid Sturgeon,Scaphirhynchus albus,E,Missouri,2402088
American Bittern,Botaurus lentiginosus,E,Missouri,2480911
Northern Harrier,Circus hudsonius,E,Missouri,5229175
Western Fanshell,Cyprogenia aberti,E,Missouri,5189380
Redfin Darter,Etheostoma whipplei,E,Missouri,2382227
Neosho Mucket,Lampsilis rafinesqueana,E,Missouri,2288166
Black-tailed Jackrabbit,Lepus californicus,E,Missouri,2436801
Gray Myotis,Myotis grisescens,E,Missouri,
Neosho Madtom,Noturus placidus,E,Missouri,2341029
Rabbitsfoot,Theliderma cylindrica,E,Missouri,7342653
Ozark Cavefish,Troglichthys rosae,E,Missouri,5212779
Greater Prairie-chicken,Tympanuchus cupido,E,Missouri,2473510
Lake Sturgeon,Acipenser fulvescens,E,Missouri,2402120
Eastern Hellbender,Cryptobranchus alleganiensis alleganiensis,E,Missouri,2432031
Crystal Darter,Crystallaria asprella,E,Missouri,2382195
Spectaclecase,Cumberlandia monodonta,E,Missouri,2287869
Elephantear,Elliptio crassidens,E,Missouri,2288338
Pink Mucket,Lampsilis abrupta,E,Missouri,2288132
Gray Myotis,Myotis grisescens,E,Missouri,
Northern Long-eared Myotis,Myotis septentrionalis,E,Missouri,2432436
Indiana Myotis,Myotis sodalis,E,Missouri,2432418
Sheepnose,Plethobasus cyphyus,E,Missouri,2287978
Scaleshell,Potamilus leptodon,E,Missouri,11071327
Slippershell Mussel,Pressodonta viridis,E,Missouri,
Ebonyshell,Reginaia ebenus,E,Missouri,7436337
Pallid Sturgeon,Scaphirhynchus albus,E,Missouri,2402088
Indiana Myotis,Myotis sodalis,E,Missouri,2432418
Eastern Hellbender,Cryptobranchus alleganiensis alleganiensis,E,Missouri,2432031
Spectaclecase,Cumberlandia monodonta,E,Missouri,2287869
Gray Myotis,Myotis grisescens,E,Missouri,
Northern Long-eared Myotis,Myotis septentrionalis,E,Missouri,2432436
Indiana Myotis,Myotis sodalis,E,Missouri,2432418
Sheepnose,Plethobasus cyphyus,E,Missouri,2287978
Scaleshell,Potamilus leptodon,E,Missouri,11071327
Plains Spotted Skunk,Spilogale interrupta,E,Missouri,9577333
Lake Sturgeon,Acipenser fulvescens,E,Missouri,2402120
Flathead Chub,Platygobio gracilis,E,Missouri,2362460
Pallid Sturgeon,Scaphirhynchus albus,E,Missouri,2402088
Redfin Darter,Etheostoma whipplei,E,Missouri,2382227
Geocarpon,Geocarpon minimum,E,Missouri,3085364
Neosho Mucket,Lampsilis rafinesqueana,E,Missouri,2288166
Gray Myotis,Myotis grisescens,E,Missouri,
Missouri Bladderpod,Physaria filiformis,E,Missouri,3049220
Slippershell Mussel,Pressodonta viridis,E,Missouri,
Ozark Cavefish,Troglichthys rosae,E,Missouri,5212779
Greater Prairie-chicken,Tympanuchus cupido,E,Missouri,2473510
Lake Sturgeon,Acipenser fulvescens,E,Missouri,2402120
Northern Long-eared Myotis,Myotis septentrionalis,E,Missouri,2432436
Indiana Myotis,Myotis sodalis,E,Missouri,2432418
Sheepnose,Plethobasus cyphyus,E,Missouri,2287978
Ebonyshell,Reginaia ebenus,E,Missouri,7436337
Lake Sturgeon,Acipenser fulvescens,E,Missouri,2402120
Decurrent False Aster,Boltonia decurrens,E,Missouri,5393595
American Bittern,Botaurus lentiginosus,E,Missouri,2480911
Gray Myotis,Myotis grisescens,E,Missouri,
Northern Long-eared Myotis,Myotis septentrionalis,E,Missouri,2432436
Indiana Myotis,Myotis sodalis,E,Missouri,2432418
Fat Pocketbook,Potamilus capax,E,Missouri,2287988
King Rail,Rallus elegans,E,Missouri,9480015
Ebonyshell,Reginaia ebenus,E,Missouri,7436337
Pallid Sturgeon,Scaphirhynchus albus,E,Missouri,2402088
Running Buffalo Clover,Trifolium stoloniferum,E,Missouri,5358976
American Bittern,Botaurus lentiginosus,E,Missouri,2480911
Northern Harrier,Circus hudsonius,E,Missouri,5229175
Northern Long-eared Myotis,Myotis septentrionalis,E,Missouri,2432436
Indiana Myotis,Myotis sodalis,E,Missouri,2432418
Prairie Massasauga,Sistrurus tergeminus tergeminus,E,Missouri,9454905
Northern Harrier,Circus hudsonius,E,Missouri,5229175
Northern Long-eared Myotis,Myotis septentrionalis,E,Missouri,2432436
Indiana Myotis,Myotis sodalis,E,Missouri,2432418
Pallid Sturgeon,Scaphirhynchus albus,E,Missouri,2402088
American Bittern,Botaurus lentiginosus,E,Missouri,2480911
Northern Harrier,Circus hudsonius,E,Missouri,5229175
Northern Long-eared Myotis,Myotis septentrionalis,E,Missouri,2432436
Indiana Myotis,Myotis sodalis,E,Missouri,2432418
Western Fanshell,Cyprogenia aberti,E,Missouri,5189380
Snuffbox,Epioblasma triquetra,E,Missouri,2288218
Big Creek Crayfish,Faxonius peruncus,E,Missouri,8938838
St. Francis River Crayfish,Faxonius quadruncus,E,Missouri,8952568
Gray Myotis,Myotis grisescens,E,Missouri,
Northern Long-eared Myotis,Myotis septentrionalis,E,Missouri,2432436
Indiana Myotis,Myotis sodalis,E,Missouri,2432418
Longnose Darter,Percina nasuta,E,Missouri,2382068
Bachman's Sparrow,Peucaea aestivalis,E,Missouri,7341544
Plains Spotted Skunk,Spilogale interrupta,E,Missouri,9577333
Rabbitsfoot,Theliderma cylindrica,E,Missouri,7342653
Running Buffalo Clover,Trifolium stoloniferum,E,Missouri,5358976
Crystal Darter,Crystallaria asprella,E,Missouri,2382195
Spectaclecase,Cumberlandia monodonta,E,Missouri,2287869
Elephantear,Elliptio crassidens,E,Missouri,2288338
Niangua Darter,Etheostoma nianguae,E,Missouri,2382336
Pink Mucket,Lampsilis abrupta,E,Missouri,2288132
Gray Myotis,Myotis grisescens,E,Missouri,
Northern Long-eared Myotis,Myotis septentrionalis,E,Missouri,2432436
Scaleshell,Potamilus leptodon,E,Missouri,11071327
Ebonyshell,Reginaia ebenus,E,Missouri,7436337
Running Buffalo Clover,Trifolium stoloniferum,E,Missouri,5358976
Lake Sturgeon,Acipenser fulvescens,E,Missouri,2402120
Spectaclecase,Cumberlandia monodonta,E,Missouri,2287869
Cypress Minnow,Hybognathus hayi,E,Missouri,2364404
Higgins Eye,Lampsilis higginsii,E,Missouri,2288133
Gray Myotis,Myotis grisescens,E,Missouri,
Northern Long-eared Myotis,Myotis septentrionalis,E,Missouri,2432436
Indiana Myotis,Myotis sodalis,E,Missouri,2432418
Sheepnose,Plethobasus cyphyus,E,Missouri,2287978
Fat Pocketbook,Potamilus capax,E,Missouri,2287988
Ebonyshell,Reginaia ebenus,E,Missouri,7436337
Neosho Mucket,Lampsilis rafinesqueana,E,Missouri,2288166
Gray Myotis,Myotis grisescens,E,Missouri,
Northern Long-eared Myotis,Myotis septentrionalis,E,Missouri,2432436
Slippershell Mussel,Pressodonta viridis,E,Missouri,
Indiana Myotis,Myotis sodalis,E,Missouri,2432418
Spectaclecase,Cumberlandia monodonta,E,Missouri,2287869
Elephantear,Elliptio crassidens,E,Missouri,2288338
Niangua Darter,Etheostoma nianguae,E,Missouri,2382336
Pink Mucket,Lampsilis abrupta,E,Missouri,2288132
Gray Myotis,Myotis grisescens,E,Missouri,
Northern Long-eared Myotis,Myotis septentrionalis,E,Missouri,2432436
Flathead Chub,Platygobio gracilis,E,Missouri,2362460
Lake Sturgeon,Acipenser fulvescens,E,Missouri,2402120
Decurrent False Aster,Boltonia decurrens,E,Missouri,5393595
Snowy Egret,Egretta thula,E,Missouri,2480873
Harlequin Darter,Etheostoma histrio,E,Missouri,2382337
Taillight Shiner,Notropis maculatus,E,Missouri,2362203
Flathead Chub,Platygobio gracilis,E,Missouri,2362460
Ebonyshell,Reginaia ebenus,E,Missouri,7436337
Pallid Sturgeon,Scaphirhynchus albus,E,Missouri,2402088
Interior Least Tern,Sterna antillarum athalassos,E,Missouri,6065773
Central Mudminnow,Umbra limi,E,Missouri,5203110
Lake Sturgeon,Acipenser fulvescens,E,Missouri,2402120
Topeka Shiner,Miniellus topeka,E,Missouri,
Gray Myotis,Myotis grisescens,E,Missouri,
Flathead Chub,Platygobio gracilis,E,Missouri,2362460
Pallid Sturgeon,Scaphirhynchus albus,E,Missouri,2402088
Indiana Myotis,Myotis sodalis,E,Missouri,2432418
Lake Sturgeon,Acipenser fulvescens,E,Missouri,2402120
Eastern Hellbender,Cryptobranchus alleganiensis alleganiensis,E,Missouri,2432031
Gray Myotis,Myotis grisescens,E,Missouri,
Indiana Myotis,Myotis sodalis,E,Missouri,2432418
Flathead Chub,Platygobio gracilis,E,Missouri,2362460
Pallid Sturgeon,Scaphirhynchus albus,E,Missouri,2402088
Running Buffalo Clover,Trifolium stoloniferum,E,Missouri,5358976
Gray Myotis,Myotis grisescens,E,Missouri,
Harlequin Darter,Etheostoma histrio,E,Missouri,2382337
Cypress Minnow,Hybognathus hayi,E,Missouri,2364404
Swainson's Warbler,Limnothlypis swainsonii,E,Missouri,2489636
Taillight Shiner,Notropis maculatus,E,Missouri,2362203
Interior Least Tern,Sterna antillarum athalassos,E,Missouri,6065773
Central Mudminnow,Umbra limi,E,Missouri,5203110
Northern Harrier,Circus hudsonius,E,Missouri,5229175
Neosho Mucket,Lampsilis rafinesqueana,E,Missouri,2288166
Gray Myotis,Myotis grisescens,E,Missouri,
Northern Long-eared Myotis,Myotis septentrionalis,E,Missouri,2432436
Slippershell Mussel,Pressodonta viridis,E,Missouri,
Rabbitsfoot,Theliderma cylindrica,E,Missouri,7342653
Ozark Cavefish,Troglichthys rosae,E,Missouri,5212779
Greater Prairie-chicken,Tympanuchus cupido,E,Missouri,2473510
Northern Long-eared Myotis,Myotis septentrionalis,E,Missouri,2432436
Indiana Myotis,Myotis sodalis,E,Missouri,2432418
Prairie Massasauga,Sistrurus tergeminus tergeminus,E,Missouri,9454905
Ozark Hellbender,Cryptobranchus alleganiensis bishopi,E,Missouri,2432031
Coldwater Crayfish,Faxonius eupunctus,E,Missouri,8944006
Virginia Sneezeweed,Helenium virginicum,E,Missouri,5401858
Swainson's Warbler,Limnothlypis swainsonii,E,Missouri,2489636
Gray Myotis,Myotis grisescens,E,Missouri,
Northern Long-eared Myotis,Myotis septentrionalis,E,Missouri,2432436
Indiana Myotis,Myotis sodalis,E,Missouri,2432418
Bachman's Sparrow,Peucaea aestivalis,E,Missouri,7341544
Plains Spotted Skunk,Spilogale interrupta,E,Missouri,9577333
Lake Sturgeon,Acipenser fulvescens,E,Missouri,2402120
Crystal Darter,Crystallaria asprella,E,Missouri,2382195
Spectaclecase,Cumberlandia monodonta,E,Missouri,2287869
Elephantear,Elliptio crassidens,E,Missouri,2288338
Niangua Darter,Etheostoma nianguae,E,Missouri,2382336
Pink Mucket,Lampsilis abrupta,E,Missouri,2288132
Gray Myotis,Myotis grisescens,E,Missouri,
Scaleshell,Potamilus leptodon,E,Missouri,11071327
Ebonyshell,Reginaia ebenus,E,Missouri,7436337
Pallid Sturgeon,Scaphirhynchus albus,E,Missouri,2402088
Ozark Hellbender,Cryptobranchus alleganiensis bishopi,E,Missouri,2432031
Gray Myotis,Myotis grisescens,E,Missouri,
Northern Long-eared Myotis,Myotis septentrionalis,E,Missouri,2432436
Caney Mountain Cave Crayfish,Orconectes stygocaneyi,E,Missouri,9136079
Bachman's Sparrow,Peucaea aestivalis,E,Missouri,7341544
Slippershell Mussel,Pressodonta viridis,E,Missouri,
Plains Spotted Skunk,Spilogale interrupta,E,Missouri,9577333
Snowy Egret,Egretta thula,E,Missouri,2480873
Cypress Minnow,Hybognathus hayi,E,Missouri,2364404
Pallid Sturgeon,Scaphirhynchus albus,E,Missouri,2402088
Interior Least Tern,Sterna antillarum athalassos,E,Missouri,6065773
Lake Sturgeon,Acipenser fulvescens,E,Missouri,2402120
Grotto Sculpin,Cottus specus,E,Missouri,8002759
Crystal Darter,Crystallaria asprella,E,Missouri,2382195
Gray Myotis,Myotis grisescens,E,Missouri,
Northern Long-eared Myotis,Myotis septentrionalis,E,Missouri,2432436
Indiana Myotis,Myotis sodalis,E,Missouri,2432418
Pallid Sturgeon,Scaphirhynchus albus,E,Missouri,2402088
Interior Least Tern,Sterna antillarum athalassos,E,Missouri,6065773
Mead's Milkweed,Asclepias meadii,E,Missouri,3170259
Northern Harrier,Circus hudsonius,E,Missouri,5229175
Topeka Shiner,Miniellus topeka,E,Missouri,
Eastern Hellbender,Cryptobranchus alleganiensis alleganiensis,E,Missouri,2432031
Crystal Darter,Crystallaria asprella,E,Missouri,2382195
Spectaclecase,Cumberlandia monodonta,E,Missouri,2287869
Snuffbox,Epioblasma triquetra,E,Missouri,2288218
Gray Myotis,Myotis grisescens,E,Missouri,
Northern Long-eared Myotis,Myotis septentrionalis,E,Missouri,2432436
Indiana Myotis,Myotis sodalis,E,Missouri,2432418
Hine's Emerald,Somatochlora hineana,E,Missouri,1429986
Plains Spotted Skunk,Spilogale interrupta,E,Missouri,9577333
Running Buffalo Clover,Trifolium stoloniferum,E,Missouri,5358976
Lake Sturgeon,Acipenser fulvescens,E,Missouri,2402120
Decurrent False Aster,Boltonia decurrens,E,Missouri,5393595
American Bittern,Botaurus lentiginosus,E,Missouri,2480911
Higgins Eye,Lampsilis higginsii,E,Missouri,2288133
Gray Myotis,Myotis grisescens,E,Missouri,
Northern Long-eared Myotis,Myotis septentrionalis,E,Missouri,2432436
Indiana Myotis,Myotis sodalis,E,Missouri,2432418
Sheepnose,Plethobasus cyphyus,E,Missouri,2287978
Fat Pocketbook,Potamilus capax,E,Missouri,2287988
King Rail,Rallus elegans,E,Missouri,9480015
Ebonyshell,Reginaia ebenus,E,Missouri,7436337
Lake Sturgeon,Acipenser fulvescens,E,Missouri,2402120
American Bittern,Botaurus lentiginosus,E,Missouri,2480911
Flathead Chub,Platygobio gracilis,E,Missouri,2362460
King Rail,Rallus elegans,E,Missouri,9480015
Pallid Sturgeon,Scaphirhynchus albus,E,Missouri,2402088
Mead's Milkweed,Asclepias meadii,E,Missouri,3170259
Niangua Darter,Etheostoma nianguae,E,Missouri,2382336
Geocarpon,Geocarpon minimum,E,Missouri,3085364
Crystal Darter,Crystallaria asprella,E,Missouri,2382195
Spectaclecase,Cumberlandia monodonta,E,Missouri,2287869
Elephantear,Elliptio crassidens,E,Missouri,2288338
Gray Myotis,Myotis grisescens,E,Missouri,
Northern Long-eared Myotis,Myotis septentrionalis,E,Missouri,2432436
Indiana Myotis,Myotis sodalis,E,Missouri,2432418
Scaleshell,Potamilus leptodon,E,Missouri,11071327
Slippershell Mussel,Pressodonta viridis,E,Missouri,
Plains Spotted Skunk,Spilogale interrupta,E,Missouri,9577333
Topeka Shiner,Miniellus topeka,E,Missouri,
Northern Long-eared Myotis,Myotis septentrionalis,E,Missouri,2432436
Indiana Myotis,Myotis sodalis,E,Missouri,2432418
Lake Sturgeon,Acipenser fulvescens,E,Missouri,2402120
Spectaclecase,Cumberlandia monodonta,E,Missouri,2287869
Gray Myotis,Myotis grisescens,E,Missouri,
Sheepnose,Plethobasus cyphyus,E,Missouri,2287978
Fat Pocketbook,Potamilus capax,E,Missouri,2287988
Ebonyshell,Reginaia ebenus,E,Missouri,7436337
Gray Myotis,Myotis grisescens,E,Missouri,
Northern Long-eared Myotis,Myotis septentrionalis,E,Missouri,2432436
Indiana Myotis,Myotis sodalis,E,Missouri,2432418
Lake Sturgeon,Acipenser fulvescens,E,Missouri,2402120
American Bittern,Botaurus lentiginosus,E,Missouri,2480911
Yellow Mud Turtle,Kinosternon flavescens,E,Missouri,2442437
Pallid Sturgeon,Scaphirhynchus albus,E,Missouri,2402088
Mead's Milkweed,Asclepias meadii,E,Missouri,3170259
Gray Myotis,Myotis grisescens,E,Missouri,
Northern Long-eared Myotis,Myotis septentrionalis,E,Missouri,2432436
Indiana Myotis,Myotis sodalis,E,Missouri,2432418
Hine's Emerald,Somatochlora hineana,E,Missouri,1429986
Plains Spotted Skunk,Spilogale interrupta,E,Missouri,9577333
Western Fanshell,Cyprogenia aberti,E,Missouri,5189380
Western Chicken Turtle,Deirochelys reticularia miaria,E,Missouri,6157048
Elephantear,Elliptio crassidens,E,Missouri,2288338
Curtis Pearlymussel,Epioblasma curtisii,E,Missouri,9376033
Harlequin Darter,Etheostoma histrio,E,Missouri,2382337
Pink Mucket,Lampsilis abrupta,E,Missouri,2288132
Pondberry,Lindera melissifolia,E,Missouri,5371737
Gray Myotis,Myotis grisescens,E,Missouri,
Northern Long-eared Myotis,Myotis septentrionalis,E,Missouri,2432436
Slippershell Mussel,Pressodonta viridis,E,Missouri,
Ebonyshell,Reginaia ebenus,E,Missouri,7436337
Hine's Emerald,Somatochlora hineana,E,Missouri,1429986
Plains Spotted Skunk,Spilogale interrupta,E,Missouri,9577333
Lake Sturgeon,Acipenser fulvescens,E,Missouri,2402120
American Bittern,Botaurus lentiginosus,E,Missouri,2480911
Flathead Chub,Platygobio gracilis,E,Missouri,2362460
King Rail,Rallus elegans,E,Missouri,9480015
Pallid Sturgeon,Scaphirhynchus albus,E,Missouri,2402088
Northern Long-eared Myotis,Myotis septentrionalis,E,Missouri,2432436
Indiana Myotis,Myotis sodalis,E,Missouri,2432418
Northern Long-eared Myotis,Myotis septentrionalis,E,Missouri,2432436
Indiana Myotis,Myotis sodalis,E,Missouri,2432418
Lake Sturgeon,Acipenser fulvescens,E,Missouri,2402120
American Bittern,Botaurus lentiginosus,E,Missouri,2480911
Snowy Egret,Egretta thula,E,Missouri,2480873
Harlequin Darter,Etheostoma histrio,E,Missouri,2382337
Pallid Sturgeon,Scaphirhynchus albus,E,Missouri,2402088
Interior Least Tern,Sterna antillarum athalassos,E,Missouri,6065773
Ozark Hellbender,Cryptobranchus alleganiensis bishopi,E,Missouri,2432031
Virginia Sneezeweed,Helenium virginicum,E,Missouri,5401858
Swainson's Warbler,Limnothlypis swainsonii,E,Missouri,2489636
Gray Myotis,Myotis grisescens,E,Missouri,
Northern Long-eared Myotis,Myotis septentrionalis,E,Missouri,2432436
Indiana Myotis,Myotis sodalis,E,Missouri,2432418
Slippershell Mussel,Pressodonta viridis,E,Missouri,
Plains Spotted Skunk,Spilogale interrupta,E,Missouri,9577333
Northern Long-eared Myotis,Myotis septentrionalis,E,Missouri,2432436
Indiana Myotis,Myotis sodalis,E,Missouri,2432418
Plains Spotted Skunk,Spilogale interrupta,E,Missouri,9577333
Lake Sturgeon,Acipenser fulvescens,E,Missouri,2402120
Decurrent False Aster,Boltonia decurrens,E,Missouri,5393595
American Bittern,Botaurus lentiginosus,E,Missouri,2480911
Blanding's Turtle,Emydoidea blandingii,E,Missouri,5220530
Northern Long-eared Myotis,Myotis septentrionalis,E,Missouri,2432436
Indiana Myotis,Myotis sodalis,E,Missouri,2432418
Flathead Chub,Platygobio gracilis,E,Missouri,2362460
King Rail,Rallus elegans,E,Missouri,9480015
Ebonyshell,Reginaia ebenus,E,Missouri,7436337
Pallid Sturgeon,Scaphirhynchus albus,E,Missouri,2402088
Interior Least Tern,Sterna antillarum athalassos,E,Missouri,6065773
Central Mudminnow,Umbra limi,E,Missouri,5203110
Mead's Milkweed,Asclepias meadii,E,Missouri,3170259
Northern Harrier,Circus hudsonius,E,Missouri,5229175
Spectaclecase,Cumberlandia monodonta,E,Missouri,2287869
Niangua Darter,Etheostoma nianguae,E,Missouri,2382336
Geocarpon,Geocarpon minimum,E,Missouri,3085364
Pink Mucket,Lampsilis abrupta,E,Missouri,2288132
Gray Myotis,Myotis grisescens,E,Missouri,
American Burying Beetle,Nicrophorus americanus,E,Missouri,1038971
Greater Prairie-chicken,Tympanuchus cupido,E,Missouri,2473510
Big Creek Crayfish,Faxonius peruncus,E,Missouri,8938838
St. Francis River Crayfish,Faxonius quadruncus,E,Missouri,8952568
Gray Myotis,Myotis grisescens,E,Missouri,
Slippershell Mussel,Pressodonta viridis,E,Missouri,
Plains Spotted Skunk,Spilogale interrupta,E,Missouri,9577333
Lake Sturgeon,Acipenser fulvescens,E,Missouri,2402120
Decurrent False Aster,Boltonia decurrens,E,Missouri,5393595
American Bittern,Botaurus lentiginosus,E,Missouri,2480911
Eastern Hellbender,Cryptobranchus alleganiensis alleganiensis,E,Missouri,2432031
Crystal Darter,Crystallaria asprella,E,Missouri,2382195
Spectaclecase,Cumberlandia monodonta,E,Missouri,2287869
Elephantear,Elliptio crassidens,E,Missouri,2288338
Snuffbox,Epioblasma triquetra,E,Missouri,2288218
Pink Mucket,Lampsilis abrupta,E,Missouri,2288132
Gray Myotis,Myotis grisescens,E,Missouri,
Northern Long-eared Myotis,Myotis septentrionalis,E,Missouri,2432436
Indiana Myotis,Myotis sodalis,E,Missouri,2432418
Flathead Chub,Platygobio gracilis,E,Missouri,2362460
Sheepnose,Plethobasus cyphyus,E,Missouri,2287978
Scaleshell,Potamilus leptodon,E,Missouri,11071327
Slippershell Mussel,Pressodonta viridis,E,Missouri,
Ebonyshell,Reginaia ebenus,E,Missouri,7436337
Pallid Sturgeon,Scaphirhynchus albus,E,Missouri,2402088
Salamander Mussel,Simpsonaias ambigua,E,Missouri,2288258
Running Buffalo Clover,Trifolium stoloniferum,E,Missouri,5358976
Lake Sturgeon,Acipenser fulvescens,E,Missouri,2402120
Lake Sturgeon,Acipenser fulvescens,E,Missouri,2402120
Gray Myotis,Myotis grisescens,E,Missouri,
Northern Long-eared Myotis,Myotis septentrionalis,E,Missouri,2432436
Indiana Myotis,Myotis sodalis,E,Missouri,2432418
Flathead Chub,Platygobio gracilis,E,Missouri,2362460
Pallid Sturgeon,Scaphirhynchus albus,E,Missouri,2402088
Plains Spotted Skunk,Spilogale interrupta,E,Missouri,9577333
American Bittern,Botaurus lentiginosus,E,Missouri,2480911
Western Fanshell,Cyprogenia aberti,E,Missouri,5189380
Harlequin Darter,Etheostoma histrio,E,Missouri,2382337
Goldstripe Darter,Etheostoma parvipinne,E,Missouri,2382350
Pink Mucket,Lampsilis abrupta,E,Missouri,2288132
Indiana Myotis,Myotis sodalis,E,Missouri,2432418
Taillight Shiner,Notropis maculatus,E,Missouri,2362203
Fat Pocketbook,Potamilus capax,E,Missouri,2287988
Rabbitsfoot,Theliderma cylindrica,E,Missouri,7342653
Gray Myotis,Myotis grisescens,E,Missouri,
Northern Long-eared Myotis,Myotis septentrionalis,E,Missouri,2432436
Slippershell Mussel,Pressodonta viridis,E,Missouri,
Plains Spotted Skunk,Spilogale interrupta,E,Missouri,9577333
Ozark Cavefish,Troglichthys rosae,E,Missouri,5212779
Mead's Milkweed,Asclepias meadii,E,Missouri,3170259
Northern Long-eared Myotis,Myotis septentrionalis,E,Missouri,2432436
Indiana Myotis,Myotis sodalis,E,Missouri,2432418
Plains Spotted Skunk,Spilogale interrupta,E,Missouri,9577333
Tumbling Creek Cavesnail,Antrobia culveri,E,Missouri,2299949
Swainson's Warbler,Limnothlypis swainsonii,E,Missouri,2489636
Gray Myotis,Myotis grisescens,E,Missouri,
Northern Long-eared Myotis,Myotis septentrionalis,E,Missouri,2432436
Indiana Myotis,Myotis sodalis,E,Missouri,2432418
Bachman's Sparrow,Peucaea aestivalis,E,Missouri,7341544
Slippershell Mussel,Pressodonta viridis,E,Missouri,
Plains Spotted Skunk,Spilogale interrupta,E,Missouri,9577333
Ozark Hellbender,Cryptobranchus alleganiensis bishopi,E,Missouri,2432031
Spectaclecase,Cumberlandia monodonta,E,Missouri,2287869
Virginia Sneezeweed,Helenium virginicum,E,Missouri,5401858
Gray Myotis,Myotis grisescens,E,Missouri,
Northern Long-eared Myotis,Myotis septentrionalis,E,Missouri,2432436
Indiana Myotis,Myotis sodalis,E,Missouri,2432418
Bachman's Sparrow,Peucaea aestivalis,E,Missouri,7341544
Slippershell Mussel,Pressodonta viridis,E,Missouri,
Plains Spotted Skunk,Spilogale interrupta,E,Missouri,9577333
Mead's Milkweed,Asclepias meadii,E,Missouri,3170259
Northern Harrier,Circus hudsonius,E,Missouri,5229175
Plains Spotted Skunk,Spilogale interrupta,E,Missouri,9577333
Greater Prairie-chicken,Tympanuchus cupido,E,Missouri,2473510
Lake Sturgeon,Acipenser fulvescens,E,Missouri,2402120
Gray Myotis,Myotis grisescens,E,Missouri,
Northern Long-eared Myotis,Myotis septentrionalis,E,Missouri,2432436
Flathead Chub,Platygobio gracilis,E,Missouri,2362460
Pallid Sturgeon,Scaphirhynchus albus,E,Missouri,2402088
Running Buffalo Clover,Trifolium stoloniferum,E,Missouri,5358976
Spectaclecase,Cumberlandia monodonta,E,Missouri,2287869
Gray Myotis,Myotis grisescens,E,Missouri,
Northern Long-eared Myotis,Myotis septentrionalis,E,Missouri,2432436
Indiana Myotis,Myotis sodalis,E,Missouri,2432418
Slippershell Mussel,Pressodonta viridis,E,Missouri,
American Bittern,Botaurus lentiginosus,E,Missouri,2480911
Crystal Darter,Crystallaria asprella,E,Missouri,2382195
Western Fanshell,Cyprogenia aberti,E,Missouri,5189380
Western Chicken Turtle,Deirochelys reticularia miaria,E,Missouri,6157048
Elephantear,Elliptio crassidens,E,Missouri,2288338
Curtis Pearlymussel,Epioblasma curtisii,E,Missouri,9376033
Snuffbox,Epioblasma triquetra,E,Missouri,2288218
Big Creek Crayfish,Faxonius peruncus,E,Missouri,8938838
St. Francis River Crayfish,Faxonius quadruncus,E,Missouri,8952568
Pink Mucket,Lampsilis abrupta,E,Missouri,2288132
Swainson's Warbler,Limnothlypis swainsonii,E,Missouri,2489636
Gray Myotis,Myotis grisescens,E,Missouri,
Northern Long-eared Myotis,Myotis septentrionalis,E,Missouri,2432436
Indiana Myotis,Myotis sodalis,E,Missouri,2432418
Taillight Shiner,Notropis maculatus,E,Missouri,2362203
Mountain Madtom,Noturus eleutherus,E,Missouri,2341021
Longnose Darter,Percina nasuta,E,Missouri,2382068
Ebonyshell,Reginaia ebenus,E,Missouri,7436337
Rabbitsfoot,Theliderma cylindrica,E,Missouri,7342653
Running Buffalo Clover,Trifolium stoloniferum,E,Missouri,5358976
Niangua Darter,Etheostoma nianguae,E,Missouri,2382336
Virginia Sneezeweed,Helenium virginicum,E,Missouri,5401858
Gray Myotis,Myotis grisescens,E,Missouri,
Northern Long-eared Myotis,Myotis septentrionalis,E,Missouri,2432436
,Niangua Darter Known Range,E,Missouri,
Slippershell Mussel,Pressodonta viridis,E,Missouri,
Northern Long-eared Myotis,Myotis septentrionalis,E,Missouri,2432436
Indiana Myotis,Myotis sodalis,E,Missouri,2432418
Virginia Sneezeweed,Helenium virginicum,E,Missouri,5401858
Gray Myotis,Myotis grisescens,E,Missouri,
Northern Long-eared Myotis,Myotis septentrionalis,E,Missouri,2432436
Indiana Myotis,Myotis sodalis,E,Missouri,2432418
Scaleshell,Potamilus leptodon,E,Missouri,11071327
MUCKET,ACTINONAIAS LIGAMENTINA,Endangered,Mississippi,7688522
PURPLE WARTYBACK,CYCLONAIAS TUBERCULATA,Endangered,Mississippi,2287949
DELICATE SPIKE,ELLIPTIO ARCTATA,Endangered,Mississippi,2288309
CUMBERLANDIAN COMBSHELL,EPIOBLASMA BREVIDENS,Endangered,Mississippi,2288227
SOUTHERN COMBSHELL,EPIOBLASMA PENITA,Endangered,Mississippi,2288205
SNUFFBOX,EPIOBLASMA TRIQUETRA,Endangered,Mississippi,2288218
SPIKE,EURYNIA DILATATA,Endangered,Mississippi,7637385
ORANGE-NACRE MUCKET,HAMIOTA PEROVALIS,Endangered,Mississippi,7862247
ALABAMA MOCCASINSHELL,MEDIONIDUS ACUTISSIMUS,Endangered,Mississippi,2287913
SHEEPNOSE,PLETHOBASUS CYPHYUS,Endangered,Mississippi,2287978
BLACK CLUBSHELL,PLEUROBEMA CURTUM,Endangered,Mississippi,2288101
SOUTHERN CLUBSHELL,PLEUROBEMA DECISUM,Endangered,Mississippi,2288061
FLAT PIGTOE,PLEUROBEMA MARSHALLI,Endangered,Mississippi,2288107
TENNESSEE CLUBSHELL,PLEUROBEMA OVIFORME,Endangered,Mississippi,2288088
OVATE CLUBSHELL,PLEUROBEMA PEROVATUM,Endangered,Mississippi,2288104
PYRAMID PIGTOE,PLEUROBEMA RUBRUM,Endangered,Mississippi,2288082
HEAVY PIGTOE,PLEUROBEMA TAITIANUM,Endangered,Mississippi,2288092
SLABSIDE PEARLYMUSSEL,PLEURONAIA DOLABELLOIDES,Endangered,Mississippi,8347187
FAT POCKETBOOK,POTAMILUS CAPAX,Endangered,Mississippi,2287988
INFLATED HEELSPLITTER,POTAMILUS INFLATUS,Endangered,Mississippi,2287987
KIDNEYSHELL,PTYCHOBRANCHUS FASCIOLARIS,Endangered,Mississippi,5189344
RABBITSFOOT,THELIDERMA CYLINDRICA CYLINDRICA,Endangered,Mississippi,7342654
MONKEYFACE,THELIDERMA METANEVRA,Endangered,Mississippi,7834176
STIRRUPSHELL,THELIDERMA STAPES,Endangered,Mississippi,5782384
CAMP SHELBY BURROWING CRAWFISH,CREASERINUS GORDONI,Endangered,Mississippi,8837635
AMERICAN BURYING BEETLE,NICROPHORUS AMERICANUS,Endangered,Mississippi,1038971
MITCHELL’S SATYR,NEONYMPHA MITCHELLII MITCHELLII,Endangered,Mississippi,7259474
GULF STURGEON,ACIPENSER OXYRINCHUS DESOTOI,Endangered,Mississippi,4287132
PALLID STURGEON,SCAPHIRHYNCHUS ALBUS,Endangered,Mississippi,2402088
ALABAMA STURGEON,SCAPHIRHYNCHUS SUTTKUSI,Endangered,Mississippi,2402090
SOUTHERN REDBELLY DACE,CHROSOMUS ERYTHROGASTER,Endangered,Mississippi,2365382
BIGEYE SHINER,NOTROPIS BOOPS,Endangered,Mississippi,2362225
IRONCOLOR SHINER,NOTROPIS CHALYBAEUS,Endangered,Mississippi,2362302
SUCKERMOUTH MINNOW,PHENACOBIUS MIRABILIS,Endangered,Mississippi,2363799
CRYSTAL DARTER,CRYSTALLARIA ASPRELLA,Endangered,Mississippi,2382195
GREENSIDE DARTER,ETHEOSTOMA BLENNIOIDES,Endangered,Mississippi,2382397
BAYOU DARTER,ETHEOSTOMA RUBRUM,Endangered,Mississippi,2382317
PEARL DARTER,PERCINA AURORA,Endangered,Mississippi,2382100
SLENDERHEAD DARTER,PERCINA PHOXOCEPHALA,Endangered,Mississippi,2382095
SLENDER MADTOM,NOTURUS EXILIS,Endangered,Mississippi,2341039
PIEBALD MADTOM,NOTURUS GLADIATOR,Endangered,Mississippi,2341013
FRECKLEBELLY MADTOM,NOTURUS MUNITUS,Endangered,Mississippi,2341015
DUSKY GOPHER FROG,RANA SEVOSA,Endangered,Mississippi,2427168
ONE-TOED AMPHIUMA,AMPHIUMA PHOLETER,Endangered,Mississippi,2432083
HELLBENDER,CRYPTOBRANCHUS ALLEGANIENSIS,Endangered,Mississippi,2432031
GREEN SALAMANDER,ANEIDES AENEUS,Endangered,Mississippi,2431719
CAVE SALAMANDER,EURYCEA LUCIFUGA,Endangered,Mississippi,5218351
SPRING SALAMANDER,GYRINOPHILUS PORPHYRITICUS,Endangered,Mississippi,2431423
EASTERN INDIGO SNAKE,DRYMARCHON COUPERI,Endangered,Mississippi,2452317
RAINBOW SNAKE,FARANCIA ERYTROGRAMMA,Endangered,Mississippi,11255885
SOUTHERN HOGNOSE SNAKE,HETERODON SIMUS,Endangered,Mississippi,5223729
BLACK PINE SNAKE,PITUOPHIS MELANOLEUCUS LODINGI,Endangered,Mississippi,6162125
LOGGERHEAD SEA TURTLE,CARETTA CARETTA,Endangered,Mississippi,8894817
GREEN SEA TURTLE,CHELONIA MYDAS,Endangered,Mississippi,2442225
HAWKSBILL SEA TURTLE,ERETMOCHELYS IMBRICATA,Endangered,Mississippi,8841716
KEMP'S RIDLEY SEA TURTLE,LEPIDOCHELYS KEMPII,Endangered,Mississippi,2442165
LEATHERBACK SEA TURTLE,DERMOCHELYS CORIACEA,Endangered,Mississippi,9789983
YELLOW-BLOTCHED MAP TURTLE,GRAPTEMYS FLAVIMACULATA,Endangered,Mississippi,2443102
BLACK-KNOBBED MAP TURTLE,GRAPTEMYS NIGRINODA,Endangered,Mississippi,2443087
RINGED MAP TURTLE,GRAPTEMYS OCULIFERA,Endangered,Mississippi,2443106
ALABAMA RED-BELLIED TURTLE,PSEUDEMYS ALABAMENSIS,Endangered,Mississippi,2442820
GOPHER TORTOISE,GOPHERUS POLYPHEMUS,Endangered,Mississippi,2441812
PIPING PLOVER,CHARADRIUS MELODUS,Endangered,Mississippi,2480283
SNOWY PLOVER,CHARADRIUS NIVOSUS,Endangered,Mississippi,6065879
INTERIOR LEAST TERN,STERNULA ANTILLARUM ATHALASSOS,Endangered,Mississippi,6065773
WOOD STORK,MYCTERIA AMERICANA,Endangered,Mississippi,2481937
SWALLOW-TAILED KITE,ELANOIDES FORFICATUS,Endangered,Mississippi,2480461
PEREGRINE FALCON,FALCO PEREGRINUS,Endangered,Mississippi,2481047
MISSISSIPPI SANDHILL CRANE,GRUS CANADENSIS PULLA,Endangered,Mississippi,6176783
BACHMAN'S WARBLER,VERMIVORA BACHMANII,Endangered,Mississippi,5230816
BEWICK'S WREN,THRYOMANES BEWICKII,Endangered,Mississippi,2493843
BROWN PELICAN,PELECANUS OCCIDENTALIS,Endangered,Mississippi,5229158
IVORY-BILLED WOODPECKER,CAMPEPHILUS PRINCIPALIS,Endangered,Mississippi,2478561
RED-COCKADED WOODPECKER,PICOIDES BOREALIS,Endangered,Mississippi,9046711
FLORIDA PANTHER,PUMA CONCOLOR CORYI,Endangered,Mississippi,6164590
BLACK BEAR,URSUS AMERICANUS,Endangered,Mississippi,2433407
LOUISIANA BLACK BEAR,URSUS AMERICANUS LUTEOLUS,Endangered,Mississippi,6163830
GRAY MYOTIS,MYOTIS GRISESCENS,Endangered,Mississippi,
INDIANA OR SOCIAL MYOTIS,MYOTIS SODALIS,Endangered,Mississippi,2432418
MANATEE,TRICHECHUS MANATUS,Endangered,Mississippi,2435296
Osprey,Pandion haliaetus,Threatened,Illinois,2480726
Bewick's Wren,Thryomanes bewickii,Endangered,Illinois,2493843
Loggerhead Shrike,Lanius ludovicianus,Endangered,Illinois,2492870
Cerulean Warbler,Setophaga cerulea,Threatened,Illinois,6093350
Lake Sturgeon,Acipenser fulvescens,Endangered,Illinois,2402120
Cypress Minnow,Hybognathus hayi,Endangered,Illinois,2364404
Gray Bat,Myotis grisescens,Endangered,Illinois,
Indiana Bat,Myotis sodalis,Endangered,Illinois,2432418
Northern Long-eared Bat,Myotis septentrionalis,Endangered,Illinois,2432436
Spectaclecase,Margaritifera monodonta,Endangered,Illinois,2287869
Butterfly,Ellipsaria lineolata,Threatened,Illinois,2288379
Elephant-ear,Elliptio crassidens,Endangered,Illinois,2288338
Ebonyshell,Reginaia ebenus,Endangered,Illinois,7436337
Sheepnose,Plethobasus cyphyus,Endangered,Illinois,2287978
Arrowwood,Viburnum molle,Threatened,Illinois,2888618
Buffalo Clover,Trifolium reflexum,Threatened,Illinois,5359007
Stickleaf,Mentzelia oligosperma,Endangered,Illinois,5331429
Hill Prairie Larkspur,Delphinium carolinianum,Endangered,Illinois,3033700
Rock Elm,Ulmus thomasii,Endangered,Illinois,5361875
Limestone Riverbank Violet,Viola viarum,Endangered,Illinois,5331213
Drooping Sedge,Carex prasina,Threatened,Illinois,2726203
Leafy Bulrush,Scirpus polyphyllus,Endangered,Illinois,2720215
Virginia Bunchflower,Melanthium virginicum,Endangered,Illinois,5295857
Green Trillium,Trillium viride,Endangered,Illinois,2742258
Wolf's Bluegrass,Poa wolfii,Endangered,Illinois,2704327
Monkeyface,Quadrula metanevra,Threatened,Illinois,7834176
Bird-voiced Treefrog,Hyla avivoca,Threatened,Illinois,10771002
Illinois Chorus Frog,Pseudacris illinoensis,Threatened,Illinois,2428134
Eastern Narrowmouth Toad,Gastrophryne carolinensis,Threatened,Illinois,2421766
Little Blue Heron,Egretta caerulea,Endangered,Illinois,2480894
Osprey,Pandion haliaetus,Threatened,Illinois,2480726
Least Tern,Sternula antillarum,Endangered,Illinois,5789285
Loggerhead Shrike,Lanius ludovicianus,Endangered,Illinois,2492870
Cerulean Warbler,Setophaga cerulea,Threatened,Illinois,6093350
Swainson's Warbler,Limnothlypis swainsonii,Endangered,Illinois,2489636
Pallid Sturgeon,Scaphirhynchus albus,Endangered,Illinois,2402088
Cypress Minnow,Hybognathus hayi,Endangered,Illinois,2364404
Bigeye Shiner,Miniellus boops,Endangered,Illinois,
Sturgeon Chub,Macrhybopsis gelida,Endangered,Illinois,2362060
River Redhorse,Moxostoma carinatum,Threatened,Illinois,2358998
Banded Pygmy Sunfish,Elassoma zonatum,Threatened,Illinois,2380530
Bantam Sunfish,Lepomis symmetricus,Threatened,Illinois,2394485
Redspotted Sunfish,Lepomis miniatus,Threatened,Illinois,2394505
Crystal Darter,Crystallaria asprella,Endangered,Illinois,2382195
Southeastern Myotis,Myotis austroriparius,Endangered,Illinois,2432451
Gray Bat,Myotis grisescens,Endangered,Illinois,
Indiana Bat,Myotis sodalis,Endangered,Illinois,2432418
Northern Long-eared Bat,Myotis septentrionalis,Endangered,Illinois,2432436
Rafinesque's Big-eared Bat,Corynorhinus rafinesquii,Endangered,Illinois,2432491
Alligator Snapping Turtle,Macrochelys temminckii,Endangered,Illinois,5220318
River Cooter,Pseudemys concinna,Endangered,Illinois,8898408
Timber Rattlesnake,Crotalus horridus,Threatened,Illinois,2444468
Shrimp Crayfish,Faxonius lancifer,Endangered,Illinois,9059974
Water Willow,Justicia ovata,Endangered,Illinois,6359546
Eryngo,Eryngium prostratum,Endangered,Illinois,3034419
Decurrent False Aster,Boltonia decurrens,Threatened,Illinois,5393595
Squirting Cucumber,Melothria pendula,Threatened,Illinois,2874550
Smooth False Indigo,Amorpha nitens,Endangered,Illinois,5357379
Yellowwood,Cladrastis kentukea,Endangered,Illinois,2945513
Nuttall's Oak,Quercus texana,Endangered,Illinois,2878115
Willow Oak,Quercus phellos,Threatened,Illinois,2880652
Rock Chestnut Oak,Quercus montana,Threatened,Illinois,2881118
Water Hickory,Carya aquatica,Endangered,Illinois,8246850
Pale Hickory,Carya pallida,Endangered,Illinois,3054341
Butternut,Juglans cinerea,Endangered,Illinois,3054352
Creeping Loosestrife,Lysimachia radicans,Endangered,Illinois,3169383
Blue Jasmine,Clematis crispa,Endangered,Illinois,3033593
Tube Beard Tongue,Penstemon tubaeflorus,Endangered,Illinois,7332148
Storax,Styrax americanus,Threatened,Illinois,5371669
Bigleaf Snowbell Bush,Styrax grandifolius,Endangered,Illinois,5371677
Water Elm,Planera aquatica,Threatened,Illinois,5361858
Nettle,Urtica chamaedryoides,Threatened,Illinois,5361812
Swollen Sedge,Carex intumescens,Threatened,Illinois,2727755
Black-edged Sedge,Carex nigromarginata,Endangered,Illinois,2727797
Sharp-scaled Sedge,Carex oxylepis var. oxylepis,Threatened,Illinois,8350580
Willdenow's Sedge,Carex willdenowii,Threatened,Illinois,2725214
Hall's Bulrush,Schoenoplectiella hallii,Threatened,Illinois,2710705
Littlehead Nutrush,Scleria oligantha,Endangered,Illinois,2712784
Small Yellow Lady's Slipper,Cypripedium parviflorum,Endangered,Illinois,2820475
Arkansas Mannagrass,Glyceria arkansana,Endangered,Illinois,2705476
Mud Plantain,Heteranthera reniformis,Endangered,Illinois,2766151
Black Spleenwort,Asplenium resiliens,Endangered,Illinois,2650631
Southern Grape Fern,Sceptridium biternatum,Endangered,Illinois,3659097
Baby blue-eyes,Nemophila aphylla,Endangered,Illinois,2928029
Osprey,Pandion haliaetus,Threatened,Illinois,2480726
Least Tern,Sternula antillarum,Endangered,Illinois,5789285
Northern Madtom,Noturus stigmosus,Endangered,Illinois,2341037
Crystal Darter,Crystallaria asprella,Endangered,Illinois,2382195
Purple Wartyback,Cyclonaias tuberculata,Threatened,Illinois,2287949
Butterfly,Ellipsaria lineolata,Threatened,Illinois,2288379
Elephant-ear,Elliptio crassidens,Endangered,Illinois,2288338
Spike,Eurynia dilatata,Endangered,Illinois,7637385
Ebonyshell,Reginaia ebenus,Endangered,Illinois,7436337
Orangefoot Pimpleback,Plethobasus cooperianus,Endangered,Illinois,2287976
Ohio Pigtoe,Pleurobema cordatum,Endangered,Illinois,2288062
Rabbitsfoot,Theliderma cylindrica,Endangered,Illinois,7342653
Silverbell Tree,Halesia carolina,Endangered,Illinois,5371655
Galingale,Cyperus lancastriensis,Threatened,Illinois,2714637
Mudpuppy,Necturus maculosus,Threatened,Illinois,2432048
Monkeyface,Quadrula metanevra,Threatened,Illinois,7834176
Franklin's Ground Squirrel,Poliocitellus franklinii,Threatened,Illinois,7946545
Purple Lilliput,Toxolasma lividum,Endangered,Illinois,2288024
Black-crowned Night-Heron,Nycticorax nycticorax,Endangered,Illinois,2480863
Loggerhead Shrike,Lanius ludovicianus,Endangered,Illinois,2492870
Indiana Bat,Myotis sodalis,Endangered,Illinois,2432418
Northern Long-eared Bat,Myotis septentrionalis,Endangered,Illinois,2432436
Ornate Box Turtle,Terrapene ornata,Threatened,Illinois,2443168
Eastern Massasauga,Sistrurus catenatus,Endangered,Illinois,9223124
Prairie Rose Gentian,Sabatia campestris,Endangered,Illinois,5414501
Green Trillium,Trillium viride,Endangered,Illinois,2742258
Spring Ladies' Tresses,Spiranthes vernalis,Endangered,Illinois,2805347
Least Bittern,Ixobrychus exilis,Threatened,Illinois,2480852
Yellow-headed Blackbird,Xanthocephalus xanthocephalus,Endangered,Illinois,2484195
American Brook Lamprey,Lethenteron appendix,Threatened,Illinois,2421396
Mottled Sculpin,Cottus bairdii,Threatened,Illinois,2334131
Brassy Minnow,Hybognathus hankinsoni,Endangered,Illinois,2364394
Blacknose Shiner,Notropis heterolepis,Endangered,Illinois,2362139
Ozark Minnow,Miniellus nubilus,Threatened,Illinois,
Gravel Chub,Erimystax x-punctatus,Threatened,Illinois,2362094
Blanding's Turtle,Emydoidea blandingii,Endangered,Illinois,5220530
Spike,Eurynia dilatata,Endangered,Illinois,7637385
Wooly Milkweed,Asclepias lanuginosa,Endangered,Illinois,3170327
Forked Aster,Eurybia furcata,Threatened,Illinois,5396123
Slender Sandwort,Minuartia patula,Threatened,Illinois,8100630
Red-berried Elder,Sambucus racemosa ssp. pubens,Endangered,Illinois,8250865
Butternut,Juglans cinerea,Endangered,Illinois,3054352
Kittentails,Synthyris bullii,Threatened,Illinois,3172149
Rusty Patched Bumble Bee,Bombus affinis,Endangered,Illinois,1340481
American Bittern,Botaurus lentiginosus,Endangered,Illinois,2480911
Least Bittern,Ixobrychus exilis,Threatened,Illinois,2480852
Black-crowned Night-Heron,Nycticorax nycticorax,Endangered,Illinois,2480863
Short-eared Owl,Asio flammeus,Endangered,Illinois,2497295
Chuck-will's-widow,Antrostomus carolinensis,Threatened,Illinois,6101173
Cerulean Warbler,Setophaga cerulea,Threatened,Illinois,6093350
Starhead Topminnow,Fundulus dispar,Threatened,Illinois,5203653
Indiana Bat,Myotis sodalis,Endangered,Illinois,2432418
Northern Long-eared Bat,Myotis septentrionalis,Endangered,Illinois,2432436
Decurrent False Aster,Boltonia decurrens,Threatened,Illinois,5393595
Buffalo Clover,Trifolium reflexum,Threatened,Illinois,5359007
Pale False Foxglove,Agalinis skinneriana,Threatened,Illinois,3171219
Drooping Sedge,Carex prasina,Threatened,Illinois,2726203
Leafy Bulrush,Scirpus polyphyllus,Endangered,Illinois,2720215
Virginia Bunchflower,Melanthium virginicum,Endangered,Illinois,5295857
Wolf's Bluegrass,Poa wolfii,Endangered,Illinois,2704327
Northern Harrier,Circus hudsonius,Endangered,Illinois,5229175
King Rail,Rallus elegans,Endangered,Illinois,9480015
Loggerhead Shrike,Lanius ludovicianus,Endangered,Illinois,2492870
Cerulean Warbler,Setophaga cerulea,Threatened,Illinois,6093350
Yellow-headed Blackbird,Xanthocephalus xanthocephalus,Endangered,Illinois,2484195
American Brook Lamprey,Lethenteron appendix,Threatened,Illinois,2421396
Blacknose Shiner,Notropis heterolepis,Endangered,Illinois,2362139
Weed Shiner,Alburnops texanus,Endangered,Illinois,
Trout-perch,Percopsis omiscomaycus,Threatened,Illinois,2401709
Starhead Topminnow,Fundulus dispar,Threatened,Illinois,5203653
Indiana Bat,Myotis sodalis,Endangered,Illinois,2432418
Northern Long-eared Bat,Myotis septentrionalis,Endangered,Illinois,2432436
Blanding's Turtle,Emydoidea blandingii,Endangered,Illinois,5220530
Ornate Box Turtle,Terrapene ornata,Threatened,Illinois,2443168
Plains Hog-nosed Snake,Heterodon nasicus,Threatened,Illinois,5223725
Western Regal Fritillary,Argynnis idalia occidentalis,Threatened,Illinois,1905162
Decurrent False Aster,Boltonia decurrens,Threatened,Illinois,5393595
Tall Sunflower,Helianthus giganteus,Endangered,Illinois,3119240
Broomrape,Orobanche ludoviciana,Threatened,Illinois,3738693
Queen-of-the-prairie,Filipendula rubra,Threatened,Illinois,2988113
Jack Pine,Pinus banksiana,Endangered,Illinois,5285533
Rusty Patched Bumble Bee,Bombus affinis,Endangered,Illinois,1340481
Black-crowned Night-Heron,Nycticorax nycticorax,Endangered,Illinois,2480863
Least Tern,Sternula antillarum,Endangered,Illinois,5789285
Lake Sturgeon,Acipenser fulvescens,Endangered,Illinois,2402120
Bigeye Shiner,Miniellus boops,Endangered,Illinois,
Longnose Sucker,Catostomus catostomus,Threatened,Illinois,4286868
Starhead Topminnow,Fundulus dispar,Threatened,Illinois,5203653
Western Sand Darter,Ammocrypta clara,Endangered,Illinois,2381980
Indiana Bat,Myotis sodalis,Endangered,Illinois,2432418
Northern Long-eared Bat,Myotis septentrionalis,Endangered,Illinois,2432436
Ornate Box Turtle,Terrapene ornata,Threatened,Illinois,2443168
Smooth Softshell,Apalone mutica,Threatened,Illinois,2442712
Timber Rattlesnake,Crotalus horridus,Threatened,Illinois,2444468
Spectaclecase,Margaritifera monodonta,Endangered,Illinois,2287869
Butterfly,Ellipsaria lineolata,Threatened,Illinois,2288379
Ebonyshell,Reginaia ebenus,Endangered,Illinois,7436337
Narrow-leaved Green Milkweed,Asclepias stenophylla,Endangered,Illinois,3170321
Wooly Milkweed,Asclepias lanuginosa,Endangered,Illinois,3170327
Decurrent False Aster,Boltonia decurrens,Threatened,Illinois,5393595
Ozark Phacelia,Phacelia gilioides,Endangered,Illinois,2928177
Wild Blue Sage,Salvia azurea var. grandiflora,Threatened,Illinois,8283204
Stickleaf,Mentzelia oligosperma,Endangered,Illinois,5331429
Hill Prairie Larkspur,Delphinium carolinianum,Endangered,Illinois,3033700
Pale False Foxglove,Agalinis skinneriana,Threatened,Illinois,3171219
Grove Bluegrass,Poa alsodes,Endangered,Illinois,2704219
Norton's Nomia,Nomia nortoni,Threatened,Illinois,5042306
Blue Hearts,Buchnera americana,Threatened,Illinois,5415032
Least Tern,Sternula antillarum,Endangered,Illinois,5789285
Pallid Sturgeon,Scaphirhynchus albus,Endangered,Illinois,2402088
Weed Shiner,Alburnops texanus,Endangered,Illinois,
Sturgeon Chub,Macrhybopsis gelida,Endangered,Illinois,2362060
River Redhorse,Moxostoma carinatum,Threatened,Illinois,2358998
Trout-perch,Percopsis omiscomaycus,Threatened,Illinois,2401709
Four-toed Salamander,Hemidactylium scutatum,Threatened,Illinois,2431666
Least Bittern,Ixobrychus exilis,Threatened,Illinois,2480852
Common Gallinule,Gallinula galeata,Endangered,Illinois,5228200
Loggerhead Shrike,Lanius ludovicianus,Endangered,Illinois,2492870
Cerulean Warbler,Setophaga cerulea,Threatened,Illinois,6093350
Yellow-headed Blackbird,Xanthocephalus xanthocephalus,Endangered,Illinois,2484195
Pallid Shiner,Hybopsis amnis,Endangered,Illinois,2366623
Brassy Minnow,Hybognathus hankinsoni,Endangered,Illinois,2364394
Blacknose Shiner,Notropis heterolepis,Endangered,Illinois,2362139
Weed Shiner,Alburnops texanus,Endangered,Illinois,
Western Sand Darter,Ammocrypta clara,Endangered,Illinois,2381980
Indiana Bat,Myotis sodalis,Endangered,Illinois,2432418
Northern Long-eared Bat,Myotis septentrionalis,Endangered,Illinois,2432436
Gray/Timber Wolf,Canis lupus,Endangered,Illinois,5219173
Blanding's Turtle,Emydoidea blandingii,Endangered,Illinois,5220530
Ornate Box Turtle,Terrapene ornata,Threatened,Illinois,2443168
Plains Hog-nosed Snake,Heterodon nasicus,Threatened,Illinois,5223725
Lined Snake,Tropidoclonion lineatum,Threatened,Illinois,2454441
Timber Rattlesnake,Crotalus horridus,Threatened,Illinois,2444468
Iowa Amphipod,Stygobromus iowae,Endangered,Illinois,2217950
Aphrodite Fritillary,Argynnis aphrodite,Threatened,Illinois,1905301
Western Regal Fritillary,Argynnis idalia occidentalis,Threatened,Illinois,1905162
Butterfly,Ellipsaria lineolata,Threatened,Illinois,2288379
Ebonyshell,Reginaia ebenus,Endangered,Illinois,7436337
Higgins Eye,Lampsilis higginsii,Endangered,Illinois,2288133
Forked Aster,Eurybia furcata,Threatened,Illinois,5396123
Cliff Goldenrod,Solidago sciaphila,Threatened,Illinois,5389004
Stickseed,Hackelia deflexa var. americana,Endangered,Illinois,4059326
False Heather,Hudsonia tomentosa,Endangered,Illinois,5331111
Pinweed,Lechea intermedia,Endangered,Illinois,5331117
James' Clammyweed,Polanisia jamesii,Endangered,Illinois,3054265
Red-berried Elder,Sambucus racemosa ssp. pubens,Endangered,Illinois,8250865
Butternut,Juglans cinerea,Endangered,Illinois,3054352
Broomrape,Orobanche ludoviciana,Threatened,Illinois,3738693
False Bugbane,Actaea racemosa,Endangered,Illinois,7703757
American Bugbane,Actaea podocarpa,Endangered,Illinois,7703757
Redroot,Ceanothus herbaceus,Endangered,Illinois,3039322
Sullivantia,Sullivantia sullivantii,Threatened,Illinois,3032913
Kittentails,Synthyris bullii,Threatened,Illinois,3172149
Large-flowered Beard Tongue,Penstemon grandiflorus,Endangered,Illinois,3171531
Canada Violet,Viola canadensis,Endangered,Illinois,5331231
Jack Pine,Pinus banksiana,Endangered,Illinois,5285533
Umbrella Sedge,Cyperus grayoides,Threatened,Illinois,
Ill-scented Trillium,Trillium erectum,Endangered,Illinois,2742342
Small Yellow Lady's Slipper,Cypripedium parviflorum,Endangered,Illinois,2820475
Tubercled Orchid,Platanthera flava,Threatened,Illinois,2798014
Meadow Horsetail,Equisetum pratense,Threatened,Illinois,2687942
Dwarf Scouring Rush,Equisetum scirpoides,Endangered,Illinois,2687948
Ground Pine,Dendrolycopodium dendroideum,Endangered,Illinois,3991500
Rusty Patched Bumble Bee,Bombus affinis,Endangered,Illinois,1340481
Western Tall White Violet,Viola rugulosa,Endangered,Illinois,5663386
Mining Bee,Protandrena bancrofti,Threatened,Illinois,1355477
Sand Reed Leafhopper,Flexamia grammica,Endangered,Illinois,2047353
Monkeyface,Quadrula metanevra,Threatened,Illinois,7834176
Illinois Chorus Frog,Pseudacris illinoensis,Threatened,Illinois,2428134
American Bittern,Botaurus lentiginosus,Endangered,Illinois,2480911
Least Bittern,Ixobrychus exilis,Threatened,Illinois,2480852
Common Gallinule,Gallinula galeata,Endangered,Illinois,5228200
Chuck-will's-widow,Antrostomus carolinensis,Threatened,Illinois,6101173
Loggerhead Shrike,Lanius ludovicianus,Endangered,Illinois,2492870
Yellow-headed Blackbird,Xanthocephalus xanthocephalus,Endangered,Illinois,2484195
Lake Sturgeon,Acipenser fulvescens,Endangered,Illinois,2402120
River Redhorse,Moxostoma carinatum,Threatened,Illinois,2358998
Trout-perch,Percopsis omiscomaycus,Threatened,Illinois,2401709
Redspotted Sunfish,Lepomis miniatus,Threatened,Illinois,2394505
Indiana Bat,Myotis sodalis,Endangered,Illinois,2432418
Northern Long-eared Bat,Myotis septentrionalis,Endangered,Illinois,2432436
Blanding's Turtle,Emydoidea blandingii,Endangered,Illinois,5220530
Ornate Box Turtle,Terrapene ornata,Threatened,Illinois,2443168
Yellow Mud Turtle,Kinosternon flavescens,Endangered,Illinois,2442437
Smooth Softshell,Apalone mutica,Threatened,Illinois,2442712
Plains Hog-nosed Snake,Heterodon nasicus,Threatened,Illinois,5223725
Western Regal Fritillary,Argynnis idalia occidentalis,Threatened,Illinois,1905162
Decurrent False Aster,Boltonia decurrens,Threatened,Illinois,5393595
Royal Catchfly,Silene regia,Endangered,Illinois,5384746
Shore St. John's Wort,Hypericum adpressum,Endangered,Illinois,3189524
Patterson Bindweed,Stylisma pickeringii var. pattersonii,Endangered,Illinois,3677550
Bent Milk Vetch,Astragalus distortus,Endangered,Illinois,5344510
Pink Milkwort,Polygala incarnata,Endangered,Illinois,3191432
American Burnet,Sanguisorba canadensis,Endangered,Illinois,3029411
Pale False Foxglove,Agalinis skinneriana,Threatened,Illinois,3171219
Small Burhead,Echinodorus tenellus,Endangered,Illinois,2864529
Umbrella Sedge,Cyperus grayoides,Threatened,Illinois,
Vahl's Fimbry,Fimbristylis vahlii,Endangered,Illinois,2709016
Hall's Bulrush,Schoenoplectiella hallii,Threatened,Illinois,2710705
Northern Harrier,Circus hudsonius,Endangered,Illinois,5229175
Mudpuppy,Necturus maculosus,Threatened,Illinois,2432048
Blue Hearts,Buchnera americana,Threatened,Illinois,5415032
Least Bittern,Ixobrychus exilis,Threatened,Illinois,2480852
Black-crowned Night-Heron,Nycticorax nycticorax,Endangered,Illinois,2480863
Yellow-crowned Night-Heron,Nyctanassa violacea,Endangered,Illinois,2480953
Upland Sandpiper,Bartramia longicauda,Endangered,Illinois,2481705
Loggerhead Shrike,Lanius ludovicianus,Endangered,Illinois,2492870
Pallid Shiner,Hybopsis amnis,Endangered,Illinois,2366623
Bigeye Chub,Hybopsis amblops,Threatened,Illinois,2366620
Eastern Sand Darter,Ammocrypta pellucida,Threatened,Illinois,2381982
Bluebreast Darter,Nothonotus camurus,Threatened,Illinois,2382299
Indiana Bat,Myotis sodalis,Endangered,Illinois,2432418
Northern Long-eared Bat,Myotis septentrionalis,Endangered,Illinois,2432436
Franklin's Ground Squirrel,Poliocitellus franklinii,Threatened,Illinois,7946545
Blanding's Turtle,Emydoidea blandingii,Endangered,Illinois,5220530
Bigclaw Crayfish,Faxonius placidus,Endangered,Illinois,9051396
Purple Wartyback,Cyclonaias tuberculata,Threatened,Illinois,2287949
Spike,Eurynia dilatata,Endangered,Illinois,7637385
Wavy-rayed Lampmussel,Lampsilis fasciola,Endangered,Illinois,2288147
Salamander Mussel,Simpsonaias ambigua,Endangered,Illinois,2288258
Sangamon Phlox,Phlox pilosa ssp. sangamonensis,Endangered,Illinois,4056624
Rusty Patched Bumble Bee,Bombus affinis,Endangered,Illinois,1340481
Northern Riffleshell,Epioblasma rangiana,Endangered,Illinois,8007262
Northern Harrier,Circus hudsonius,Endangered,Illinois,5229175
Mudpuppy,Necturus maculosus,Threatened,Illinois,2432048
Monkeyface,Quadrula metanevra,Threatened,Illinois,7834176
Rainbow,Cambarunio iris,Endangered,Illinois,9749798
Upland Sandpiper,Bartramia longicauda,Endangered,Illinois,2481705
Loggerhead Shrike,Lanius ludovicianus,Endangered,Illinois,2492870
Franklin's Ground Squirrel,Poliocitellus franklinii,Threatened,Illinois,7946545
Kirtland's Snake,Clonophis kirtlandii,Threatened,Illinois,2456368
American Orpine,Hylotelephium telephioides,Threatened,Illinois,2985869
Jefferson Salamander,Ambystoma jeffersonianum,Threatened,Illinois,2431962
Bigeye Chub,Hybopsis amblops,Threatened,Illinois,2366620
River Chub,Nocomis micropogon,Endangered,Illinois,2365441
Gravel Chub,Erimystax x-punctatus,Threatened,Illinois,2362094
Greater Redhorse,Moxostoma valenciennesi,Endangered,Illinois,2358996
Indiana Bat,Myotis sodalis,Endangered,Illinois,2432418
Timber Rattlesnake,Crotalus horridus,Threatened,Illinois,2444468
Elephant-ear,Elliptio crassidens,Endangered,Illinois,2288338
Royal Catchfly,Silene regia,Endangered,Illinois,5384746
Norton's Nomia,Nomia nortoni,Threatened,Illinois,5042306
Monkeyface,Quadrula metanevra,Threatened,Illinois,7834176
Greater Prairie-Chicken,Tympanuchus cupido,Endangered,Illinois,2473510
Loggerhead Shrike,Lanius ludovicianus,Endangered,Illinois,2492870
Pugnose Shiner,Notropis anogenus,Endangered,Illinois,2362240
Eastern Sand Darter,Ammocrypta pellucida,Threatened,Illinois,2381982
Ornate Box Turtle,Terrapene ornata,Threatened,Illinois,2443168
Little Wabash Crayfish,Faxonius stannardi,Endangered,Illinois,9009477
Spike,Eurynia dilatata,Endangered,Illinois,7637385
Kidneyshell,Ptychobranchus fasciolaris,Endangered,Illinois,5189344
Shawnee Rocksnail,Lithasia obovata,Endangered,Illinois,2302312
Royal Catchfly,Silene regia,Endangered,Illinois,5384746
Prairie Rose Gentian,Sabatia campestris,Endangered,Illinois,5414501
Tube Beard Tongue,Penstemon tubaeflorus,Endangered,Illinois,7332148
Grass-leaved Lily,Stenanthium gramineum,Threatened,Illinois,2741746
Cluster Fescue,Festuca paradoxa,Threatened,Illinois,2704984
Two-flowered Melic Grass,Melica mutica,Endangered,Illinois,2703127
Monkeyface,Quadrula metanevra,Threatened,Illinois,7834176
Blue Hearts,Buchnera americana,Threatened,Illinois,5415032
Lake Sturgeon,Acipenser fulvescens,Endangered,Illinois,2402120
Pallid Shiner,Hybopsis amnis,Endangered,Illinois,2366623
Pugnose Shiner,Notropis anogenus,Endangered,Illinois,2362240
Weed Shiner,Alburnops texanus,Endangered,Illinois,
Western Sand Darter,Ammocrypta clara,Endangered,Illinois,2381980
Butterfly,Ellipsaria lineolata,Threatened,Illinois,2288379
Higgins Eye,Lampsilis higginsii,Endangered,Illinois,2288133
Kittentails,Synthyris bullii,Threatened,Illinois,3172149
Monkeyface,Quadrula metanevra,Threatened,Illinois,7834176
Osprey,Pandion haliaetus,Threatened,Illinois,2480726
Loggerhead Shrike,Lanius ludovicianus,Endangered,Illinois,2492870
Indiana Bat,Myotis sodalis,Endangered,Illinois,2432418
Ornate Box Turtle,Terrapene ornata,Threatened,Illinois,2443168
Kirtland's Snake,Clonophis kirtlandii,Threatened,Illinois,2456368
Eastern Massasauga,Sistrurus catenatus,Endangered,Illinois,9223124
Spike,Eurynia dilatata,Endangered,Illinois,7637385
Spring Ladies' Tresses,Spiranthes vernalis,Endangered,Illinois,2805347
Monkeyface,Quadrula metanevra,Threatened,Illinois,7834176
Least Bittern,Ixobrychus exilis,Threatened,Illinois,2480852
Common Gallinule,Gallinula galeata,Endangered,Illinois,5228200
Upland Sandpiper,Bartramia longicauda,Endangered,Illinois,2481705
Loggerhead Shrike,Lanius ludovicianus,Endangered,Illinois,2492870
Cerulean Warbler,Setophaga cerulea,Threatened,Illinois,6093350
American Brook Lamprey,Lethenteron appendix,Threatened,Illinois,2421396
Bigeye Shiner,Miniellus boops,Endangered,Illinois,
Eastern Sand Darter,Ammocrypta pellucida,Threatened,Illinois,2381982
Harlequin Darter,Etheostoma histrio,Endangered,Illinois,2382337
Indiana Bat,Myotis sodalis,Endangered,Illinois,2432418
Smooth Softshell,Apalone mutica,Threatened,Illinois,2442712
Kirtland's Snake,Clonophis kirtlandii,Threatened,Illinois,2456368
Swamp Metalmark,Calephelis muticum,Endangered,Illinois,1935899
Spike,Eurynia dilatata,Endangered,Illinois,7637385
Snuffbox,Epioblasma triquetra,Endangered,Illinois,2288218
Kidneyshell,Ptychobranchus fasciolaris,Endangered,Illinois,5189344
White Bergamot,Monarda clinopodia,Threatened,Illinois,5341398
Broomrape,Orobanche ludoviciana,Threatened,Illinois,3738693
Cluster Fescue,Festuca paradoxa,Threatened,Illinois,2704984
Northern Grape Fern,Sceptridium multifidum,Endangered,Illinois,7321468
Monkeyface,Quadrula metanevra,Threatened,Illinois,7834176
American Bittern,Botaurus lentiginosus,Endangered,Illinois,2480911
Least Bittern,Ixobrychus exilis,Threatened,Illinois,2480852
Snowy Egret,Egretta thula,Endangered,Illinois,2480873
Little Blue Heron,Egretta caerulea,Endangered,Illinois,2480894
Black-crowned Night-Heron,Nycticorax nycticorax,Endangered,Illinois,2480863
Yellow-crowned Night-Heron,Nyctanassa violacea,Endangered,Illinois,2480953
Osprey,Pandion haliaetus,Threatened,Illinois,2480726
Common Gallinule,Gallinula galeata,Endangered,Illinois,5228200
Piping Plover,Charadrius melodus,Endangered,Illinois,2480283
Upland Sandpiper,Bartramia longicauda,Endangered,Illinois,2481705
Wilson's Phalarope,Phalaropus tricolor,Endangered,Illinois,5229389
Black Tern,Chlidonias niger,Endangered,Illinois,2481119
Black-billed Cuckoo,Coccyzus erythropthalmus,Threatened,Illinois,2496286
Short-eared Owl,Asio flammeus,Endangered,Illinois,2497295
Chuck-will's-widow,Antrostomus carolinensis,Threatened,Illinois,6101173
Yellow-headed Blackbird,Xanthocephalus xanthocephalus,Endangered,Illinois,2484195
Mottled Sculpin,Cottus bairdii,Threatened,Illinois,2334131
Lake Sturgeon,Acipenser fulvescens,Endangered,Illinois,2402120
Cisco,Coregonus artedi,Endangered,Illinois,2351092
Brassy Minnow,Hybognathus hankinsoni,Endangered,Illinois,2364394
Blackchin Shiner,Miniellus heterodon,Threatened,Illinois,
Longnose Sucker,Catostomus catostomus,Threatened,Illinois,4286868
River Redhorse,Moxostoma carinatum,Threatened,Illinois,2358998
Trout-perch,Percopsis omiscomaycus,Threatened,Illinois,2401709
Starhead Topminnow,Fundulus dispar,Threatened,Illinois,5203653
Northern Long-eared Bat,Myotis septentrionalis,Endangered,Illinois,2432436
Franklin's Ground Squirrel,Poliocitellus franklinii,Threatened,Illinois,7946545
Spotted Turtle,Clemmys guttata,Endangered,Illinois,5961001
Blanding's Turtle,Emydoidea blandingii,Endangered,Illinois,5220530
Kirtland's Snake,Clonophis kirtlandii,Threatened,Illinois,2456368
Eastern Massasauga,Sistrurus catenatus,Endangered,Illinois,9223124
Purplish Copper,Tharsalea helloides,Threatened,Illinois,12229400
Swamp Metalmark,Calephelis muticum,Endangered,Illinois,1935899
Aphrodite Fritillary,Argynnis aphrodite,Threatened,Illinois,1905301
Western Regal Fritillary,Argynnis idalia occidentalis,Threatened,Illinois,1905162
Eryngium Stem Borer,Papaipema eryngii,Threatened,Illinois,1778047
Hine's Emerald Dragonfly,Somatochlora hineana,Endangered,Illinois,1429986
Elfin Skimmer,Nannothemis bella,Endangered,Illinois,1428462
Spike,Eurynia dilatata,Endangered,Illinois,7637385
Oval Milkweed,Asclepias ovalifolia,Endangered,Illinois,3170264
Wooly Milkweed,Asclepias lanuginosa,Endangered,Illinois,3170327
Forked Aster,Eurybia furcata,Threatened,Illinois,5396123
Pitcher's (Dune) Thistle,Cirsium pitcheri,Endangered,Illinois,3113668
Tall Sunflower,Helianthus giganteus,Endangered,Illinois,3119240
Lakeside Daisy,Tetraneuris herbacea,Endangered,Illinois,3112429
Sea Rocket,Cakile edentula var. lacustris,Threatened,Illinois,6392766
Slender Sandwort,Minuartia patula,Threatened,Illinois,8100630
Royal Catchfly,Silene regia,Endangered,Illinois,5384746
Great Chickweed,Stellaria pubera,Endangered,Illinois,5384664
Kalm's St. John's Wort,Hypericum kalmianum,Endangered,Illinois,3189461
Red Honeysuckle,Lonicera dioica var. glaucescens,Endangered,Illinois,5334261
Narrow-leaved Sundew,Drosera intermedia,Threatened,Illinois,3191157
Round-leaved Sundew,Drosera rotundifolia,Endangered,Illinois,3191030
Bearberry,Arctostaphylos uva-ursi,Endangered,Illinois,2882580
Leatherleaf,Chamaedaphne calyculata,Threatened,Illinois,5333436
Highbush Blueberry,Vaccinium corymbosum,Endangered,Illinois,2882849
Large Cranberry,Vaccinium macrocarpon,Endangered,Illinois,2882841
Small Cranberry,Vaccinium oxycoccos,Endangered,Illinois,2882940
Seaside Spurge,Euphorbia polygonifolia,Threatened,Illinois,3065669
Leafy Prairie Clover,Dalea foliosa,Endangered,Illinois,5353340
Pale Vetchling,Lathyrus ochroleucus,Threatened,Illinois,5356371
Prairie Bush Clover,Lespedeza leptostachya,Endangered,Illinois,2955734
Wood Vetch,Vicia caroliniana,Endangered,Illinois,2975000
Northern Cranesbill,Geranium bicknellii,Endangered,Illinois,2890075
Butternut,Juglans cinerea,Endangered,Illinois,3054352
Wild Blue Sage,Salvia azurea var. grandiflora,Threatened,Illinois,8283204
Flat-leaved Bladderwort,Utricularia intermedia,Threatened,Illinois,3172413
Small Bladderwort,Utricularia minor,Endangered,Illinois,3172414
Sweetfern,Comptonia peregrina,Endangered,Illinois,5414197
Downy Willow Herb,Epilobium strictum,Endangered,Illinois,3189105
Clustered Broomrape,Orobanche fasciculata,Endangered,Illinois,3173264
Carey's Heartsease,Persicaria careyi,Endangered,Illinois,2889216
Heart-leaved Plantain,Plantago cordata,Endangered,Illinois,3189759
Spotted Wintergreen,Chimaphila maculata,Endangered,Illinois,2888304
False Bugbane,Actaea racemosa,Endangered,Illinois,7703757
Shadbush,Amelanchier interior,Threatened,Illinois,3024097
Queen-of-the-prairie,Filipendula rubra,Threatened,Illinois,2988113
Dwarf Raspberry,Rubus pubescens,Threatened,Illinois,2989228
Bristly Blackberry,Rubus setosus,Threatened,Illinois,7769228
American Burnet,Sanguisorba canadensis,Endangered,Illinois,3029411
Balsam Poplar,Populus balsamifera,Endangered,Illinois,3040184
Dune Willow,Salix cordata,Endangered,Illinois,5372629
Pale False Foxglove,Agalinis skinneriana,Threatened,Illinois,3171219
Kittentails,Synthyris bullii,Threatened,Illinois,3172149
Downy Yellow Painted Cup,Castilleja sessiliflora,Endangered,Illinois,3170616
Large-flowered Beard Tongue,Penstemon grandiflorus,Endangered,Illinois,3171531
Marsh Speedwell,Veronica scutellata,Threatened,Illinois,3172072
Canada Violet,Viola canadensis,Endangered,Illinois,5331231
Hairy White Violet,Viola blanda,Endangered,Illinois,5331300
Trailing Juniper,Juniperus horizontalis,Endangered,Illinois,2684410
Tamarack,Larix laricina,Endangered,Illinois,2686231
Jack Pine,Pinus banksiana,Endangered,Illinois,5285533
Golden Sedge,Carex aurea,Threatened,Illinois,2729306
Sedge,Carex bromoides,Threatened,Illinois,2729333
Sedge,Carex garberi,Endangered,Illinois,2727544
Swollen Sedge,Carex intumescens,Threatened,Illinois,2727755
Pale Sedge,Carex pallescens,Endangered,Illinois,2726592
Tuckerman's Sedge,Carex tuckermanii,Endangered,Illinois,2723291
Little Green Sedge,Carex viridula,Threatened,Illinois,7646626
Capitate Spikerush,Eleocharis olivacea,Endangered,Illinois,7766369
Few-flowered Spikerush,Eleocharis quinqueflora,Endangered,Illinois,2717493
Beaked Spike Rush,Eleocharis rostellata,Threatened,Illinois,2717550
Beaked Rush,Rhynchospora alba,Endangered,Illinois,2721119
Bulrush,Scirpus hattorianus,Endangered,Illinois,2720130
Mountain Blue-eyed Grass,Sisyrinchium montanum,Endangered,Illinois,5296178
Common Bog Arrow Grass,Triglochin maritima,Threatened,Illinois,2865368
Slender Bog Arrow Grass,Triglochin palustris,Threatened,Illinois,2865280
Indian Cucumber Root,Medeola virginiana,Endangered,Illinois,2750658
Downy Solomon's Seal,Polygonatum pubescens,Endangered,Illinois,2770201
False Asphodel,Triantha glutinosa,Threatened,Illinois,9206474
Nodding Trillium,Trillium cernuum,Endangered,Illinois,2742194
Grass Pink Orchid,Calopogon tuberosus,Endangered,Illinois,2842641
Spotted Coral-root Orchid,Corallorhiza maculata,Endangered,Illinois,2797273
Orange Fringed Orchid,Platanthera ciliaris,Endangered,Illinois,2798080
Wood Orchid,Platanthera clavellata,Endangered,Illinois,2797979
Tubercled Orchid,Platanthera flava,Threatened,Illinois,2798014
Eastern Prairie Fringed Orchid,Platanthera leucophaea,Endangered,Illinois,2798308
Purple Fringed Orchid,Platanthera psycodes,Endangered,Illinois,2798313
Snake-mouth,Pogonia ophioglossoides,Endangered,Illinois,8036652
Yellow-lipped Ladies' Tresses,Spiranthes lucida,Endangered,Illinois,2805336
Marram Grass,Ammophila breviligulata,Threatened,Illinois,9432066
American Slough Grass,Beckmannia syzigachne,Endangered,Illinois,5290059
Northern Panic Grass,Dichanthelium boreale,Endangered,Illinois,2702568
Bearded Wheat Grass,Elymus trachycaulus,Endangered,Illinois,4104489
Weak Bluegrass,Poa saltuensis ssp. languida,Endangered,Illinois,2704318
Grass-leaved Pondweed,Potamogeton gramineus,Threatened,Illinois,5301183
White-stemmed Pondweed,Potamogeton praelongus,Endangered,Illinois,5301213
Fern Pondweed,Potamogeton robbinsii,Endangered,Illinois,5301182
Stiff Pondweed,Potamogeton strictifolius,Endangered,Illinois,5301217
Northern Grape Fern,Sceptridium multifidum,Endangered,Illinois,7321468
Dwarf Grape Fern,Botrychium simplex,Endangered,Illinois,2650180
Sedge,Carex formosa,Endangered,Illinois,2729219
Hairgrass,Avenella flexuosa,Endangered,Illinois,4149465
Sedge,Carex atlantica,Threatened,Illinois,2726854
Rusty Patched Bumble Bee,Bombus affinis,Endangered,Illinois,1340481
Richardson's Rush,Juncus alpinoarticulatus,Threatened,Illinois,2701930
Western Banded Killifish,Fundulus diaphanus menona,Threatened,Illinois,5712054
Northern Harrier,Circus hudsonius,Endangered,Illinois,5229175
Mudpuppy,Necturus maculosus,Threatened,Illinois,2432048
Hickey's groundpine,Dendrolycopodium hickeyi,Endangered,Illinois,3991491
Star-flower,Trientalis borealis,Endangered,Illinois,7983163
Leafhopper,Commellus colon,Endangered,Illinois,2046922
Naked Oil-collecting Bee,Macropis nuda,Endangered,Illinois,1345897
Shadbush,Amelanchier sanguinea,Endangered,Illinois,3023840
King Rail,Rallus elegans,Endangered,Illinois,9480015
Swink's St. John's Wort,Hypericum swinkianum,Endangered,Illinois,10886061
Blue Hearts,Buchnera americana,Threatened,Illinois,5415032
Ground Juniper,Juniperus communis,Endangered,Illinois,2684709
Sedge,Carex cryptolepis,Threatened,Illinois,2723912
Silvery Salamander,Ambystoma platineum,Endangered,Illinois,2432014
Black-billed Cuckoo,Coccyzus erythropthalmus,Threatened,Illinois,2496286
Loggerhead Shrike,Lanius ludovicianus,Endangered,Illinois,2492870
Cerulean Warbler,Setophaga cerulea,Threatened,Illinois,6093350
Northern Brook Lamprey,Ichthyomyzon fossor,Endangered,Illinois,2421249
Bigeye Chub,Hybopsis amblops,Threatened,Illinois,2366620
River Redhorse,Moxostoma carinatum,Threatened,Illinois,2358998
Eastern Sand Darter,Ammocrypta pellucida,Threatened,Illinois,2381982
Smooth Softshell,Apalone mutica,Threatened,Illinois,2442712
Eastern Ribbon Snake,Thamnophis saurita,Threatened,Illinois,2457577
Ebonyshell,Reginaia ebenus,Endangered,Illinois,7436337
Bloodleaf,Iresine rhizomatosa,Endangered,Illinois,3085031
Leatherflower,Clematis viorna,Endangered,Illinois,3033562
Storax,Styrax americanus,Threatened,Illinois,5371669
Mudpuppy,Necturus maculosus,Threatened,Illinois,2432048
Monkeyface,Quadrula metanevra,Threatened,Illinois,7834176
Hellbender,Cryptobranchus alleganiensis,Endangered,Illinois,2432031
River Redhorse,Moxostoma carinatum,Threatened,Illinois,2358998
Fat Pocketbook,Potamilus capax,Endangered,Illinois,2287988
Lea's Bog Lichen,Phaeophyscia leana,Threatened,Illinois,3428423
American Orpine,Hylotelephium telephioides,Threatened,Illinois,2985869
Loggerhead Shrike,Lanius ludovicianus,Endangered,Illinois,2492870
American Brook Lamprey,Lethenteron appendix,Threatened,Illinois,2421396
Bigeye Chub,Hybopsis amblops,Threatened,Illinois,2366620
Pugnose Shiner,Notropis anogenus,Endangered,Illinois,2362240
Eastern Sand Darter,Ammocrypta pellucida,Threatened,Illinois,2381982
Harlequin Darter,Etheostoma histrio,Endangered,Illinois,2382337
Blanding's Turtle,Emydoidea blandingii,Endangered,Illinois,5220530
Smooth Softshell,Apalone mutica,Threatened,Illinois,2442712
Tube Beard Tongue,Penstemon tubaeflorus,Endangered,Illinois,7332148
American Brook Lamprey,Lethenteron appendix,Threatened,Illinois,2421396
Kirtland's Snake,Clonophis kirtlandii,Threatened,Illinois,2456368
Spike,Eurynia dilatata,Endangered,Illinois,7637385
Rusty Patched Bumble Bee,Bombus affinis,Endangered,Illinois,1340481
Northern Harrier,Circus hudsonius,Endangered,Illinois,5229175
Monkeyface,Quadrula metanevra,Threatened,Illinois,7834176
Loggerhead Shrike,Lanius ludovicianus,Endangered,Illinois,2492870
American Brook Lamprey,Lethenteron appendix,Threatened,Illinois,2421396
Brassy Minnow,Hybognathus hankinsoni,Endangered,Illinois,2364394
Ozark Minnow,Miniellus nubilus,Threatened,Illinois,
Gravel Chub,Erimystax x-punctatus,Threatened,Illinois,2362094
Blanding's Turtle,Emydoidea blandingii,Endangered,Illinois,5220530
Kirtland's Snake,Clonophis kirtlandii,Threatened,Illinois,2456368
Wooly Milkweed,Asclepias lanuginosa,Endangered,Illinois,3170327
Red-berried Elder,Sambucus racemosa ssp. pubens,Endangered,Illinois,8250865
Queen-of-the-prairie,Filipendula rubra,Threatened,Illinois,2988113
Sedge,Carex echinata,Endangered,Illinois,2726894
Rusty Patched Bumble Bee,Bombus affinis,Endangered,Illinois,1340481
Weed Shiner,Alburnops texanus,Endangered,Illinois,
Spectaclecase,Margaritifera monodonta,Endangered,Illinois,2287869
Butterfly,Ellipsaria lineolata,Threatened,Illinois,2288379
Higgins Eye,Lampsilis higginsii,Endangered,Illinois,2288133
Monkeyface,Quadrula metanevra,Threatened,Illinois,7834176
Common Gallinule,Gallinula galeata,Endangered,Illinois,5228200
Northern Long-eared Bat,Myotis septentrionalis,Endangered,Illinois,2432436
Kirtland's Snake,Clonophis kirtlandii,Threatened,Illinois,2456368
Spike,Eurynia dilatata,Endangered,Illinois,7637385
Snuffbox,Epioblasma triquetra,Endangered,Illinois,2288218
Wavy-rayed Lampmussel,Lampsilis fasciola,Endangered,Illinois,2288147
Kidneyshell,Ptychobranchus fasciolaris,Endangered,Illinois,5189344
Purple Lilliput,Toxolasma lividum,Endangered,Illinois,2288024
Butternut,Juglans cinerea,Endangered,Illinois,3054352
Arkansas Sedge,Carex arkansana,Endangered,Illinois,2727559
Mudpuppy,Necturus maculosus,Threatened,Illinois,2432048
Monkeyface,Quadrula metanevra,Threatened,Illinois,7834176
American Bittern,Botaurus lentiginosus,Endangered,Illinois,2480911
Least Bittern,Ixobrychus exilis,Threatened,Illinois,2480852
Little Blue Heron,Egretta caerulea,Endangered,Illinois,2480894
Black-crowned Night-Heron,Nycticorax nycticorax,Endangered,Illinois,2480863
Yellow-crowned Night-Heron,Nyctanassa violacea,Endangered,Illinois,2480953
Osprey,Pandion haliaetus,Threatened,Illinois,2480726
Black Rail,Laterallus jamaicensis,Endangered,Illinois,2474590
Common Gallinule,Gallinula galeata,Endangered,Illinois,5228200
Upland Sandpiper,Bartramia longicauda,Endangered,Illinois,2481705
Black Tern,Chlidonias niger,Endangered,Illinois,2481119
Black-billed Cuckoo,Coccyzus erythropthalmus,Threatened,Illinois,2496286
Short-eared Owl,Asio flammeus,Endangered,Illinois,2497295
Loggerhead Shrike,Lanius ludovicianus,Endangered,Illinois,2492870
Yellow-headed Blackbird,Xanthocephalus xanthocephalus,Endangered,Illinois,2484195
Pugnose Shiner,Notropis anogenus,Endangered,Illinois,2362240
Blackchin Shiner,Miniellus heterodon,Threatened,Illinois,
Blacknose Shiner,Notropis heterolepis,Endangered,Illinois,2362139
Northern Long-eared Bat,Myotis septentrionalis,Endangered,Illinois,2432436
Franklin's Ground Squirrel,Poliocitellus franklinii,Threatened,Illinois,7946545
Blanding's Turtle,Emydoidea blandingii,Endangered,Illinois,5220530
Kirtland's Snake,Clonophis kirtlandii,Threatened,Illinois,2456368
Eastern Massasauga,Sistrurus catenatus,Endangered,Illinois,9223124
Purplish Copper,Tharsalea helloides,Threatened,Illinois,12229400
Hine's Emerald Dragonfly,Somatochlora hineana,Endangered,Illinois,1429986
Spike,Eurynia dilatata,Endangered,Illinois,7637385
Mead's Milkweed,Asclepias meadii,Endangered,Illinois,3170259
Lakeside Daisy,Tetraneuris herbacea,Endangered,Illinois,3112429
Slender Sandwort,Minuartia patula,Threatened,Illinois,8100630
Buffaloberry,Shepherdia canadensis,Endangered,Illinois,5372427
Tennessee Milk Vetch,Astragalus tennesseensis,Endangered,Illinois,5344468
Leafy Prairie Clover,Dalea foliosa,Endangered,Illinois,5353340
Pale Vetchling,Lathyrus ochroleucus,Threatened,Illinois,5356371
Prairie Bush Clover,Lespedeza leptostachya,Endangered,Illinois,2955734
Butternut,Juglans cinerea,Endangered,Illinois,3054352
Flat-leaved Bladderwort,Utricularia intermedia,Threatened,Illinois,3172413
Kankakee Mallow,Iliamna remota,Endangered,Illinois,6377799
Heart-leaved Plantain,Plantago cordata,Endangered,Illinois,3189759
Shadbush,Amelanchier interior,Threatened,Illinois,3024097
Queen-of-the-prairie,Filipendula rubra,Threatened,Illinois,2988113
Dwarf Raspberry,Rubus pubescens,Threatened,Illinois,2989228
Tube Beard Tongue,Penstemon tubaeflorus,Endangered,Illinois,7332148
Marsh Speedwell,Veronica scutellata,Threatened,Illinois,3172072
Rock Elm,Ulmus thomasii,Endangered,Illinois,5361875
Sedge,Carex bromoides,Threatened,Illinois,2729333
Tuckerman's Sedge,Carex tuckermanii,Endangered,Illinois,2723291
Little Green Sedge,Carex viridula,Threatened,Illinois,7646626
Bulrush,Scirpus hattorianus,Endangered,Illinois,2720130
Mountain Blue-eyed Grass,Sisyrinchium montanum,Endangered,Illinois,5296178
Virginia Bunchflower,Melanthium virginicum,Endangered,Illinois,5295857
Spotted Coral-root Orchid,Corallorhiza maculata,Endangered,Illinois,2797273
Small Yellow Lady's Slipper,Cypripedium parviflorum,Endangered,Illinois,2820475
Eastern Prairie Fringed Orchid,Platanthera leucophaea,Endangered,Illinois,2798308
Bearded Wheat Grass,Elymus trachycaulus,Endangered,Illinois,4104489
Wolf's Bluegrass,Poa wolfii,Endangered,Illinois,2704327
Green-fruited Bur-reed,Sparganium emersum,Endangered,Illinois,2702266
Quillwort,Isoetes butleri,Endangered,Illinois,2688265
Running Pine,Lycopodium clavatum,Endangered,Illinois,2688393
Rusty Patched Bumble Bee,Bombus affinis,Endangered,Illinois,1340481
Richardson's Rush,Juncus alpinoarticulatus,Threatened,Illinois,2701930
Western Banded Killifish,Fundulus diaphanus menona,Threatened,Illinois,5712054
Northern Harrier,Circus hudsonius,Endangered,Illinois,5229175
Cat's claw,Mimosa nuttallii,Endangered,Illinois,2969750
Alumroot Cellophane Bee,Colletes aestivalis,Endangered,Illinois,1348728
King Rail,Rallus elegans,Endangered,Illinois,9480015
Sedge,Carex cryptolepis,Threatened,Illinois,2723912
Pallid Shiner,Hybopsis amnis,Endangered,Illinois,2366623
Western Sand Darter,Ammocrypta clara,Endangered,Illinois,2381980
Butterfly,Ellipsaria lineolata,Threatened,Illinois,2288379
Higgins Eye,Lampsilis higginsii,Endangered,Illinois,2288133
Jefferson Salamander,Ambystoma jeffersonianum,Threatened,Illinois,2431962
Short-eared Owl,Asio flammeus,Endangered,Illinois,2497295
Cerulean Warbler,Setophaga cerulea,Threatened,Illinois,6093350
American Brook Lamprey,Lethenteron appendix,Threatened,Illinois,2421396
Bigeye Chub,Hybopsis amblops,Threatened,Illinois,2366620
Bigeye Shiner,Miniellus boops,Endangered,Illinois,
Northern Long-eared Bat,Myotis septentrionalis,Endangered,Illinois,2432436
Mudpuppy,Necturus maculosus,Threatened,Illinois,2432048
Yellow-crowned Night-Heron,Nyctanassa violacea,Endangered,Illinois,2480953
Common Gallinule,Gallinula galeata,Endangered,Illinois,5228200
Loggerhead Shrike,Lanius ludovicianus,Endangered,Illinois,2492870
Eastern Ribbon Snake,Thamnophis saurita,Threatened,Illinois,2457577
Little Wabash Crayfish,Faxonius stannardi,Endangered,Illinois,9009477
Royal Catchfly,Silene regia,Endangered,Illinois,5384746
Virginia Bunchflower,Melanthium virginicum,Endangered,Illinois,5295857
Grass-leaved Lily,Stenanthium gramineum,Threatened,Illinois,2741746
Spring Ladies' Tresses,Spiranthes vernalis,Endangered,Illinois,2805347
Northern Harrier,Circus hudsonius,Endangered,Illinois,5229175
Blue Hearts,Buchnera americana,Threatened,Illinois,5415032
Least Bittern,Ixobrychus exilis,Threatened,Illinois,2480852
Greater Prairie-Chicken,Tympanuchus cupido,Endangered,Illinois,2473510
Loggerhead Shrike,Lanius ludovicianus,Endangered,Illinois,2492870
Bigeye Chub,Hybopsis amblops,Threatened,Illinois,2366620
Bigeye Shiner,Miniellus boops,Endangered,Illinois,
Crystal Darter,Crystallaria asprella,Endangered,Illinois,2382195
Eastern Sand Darter,Ammocrypta pellucida,Threatened,Illinois,2381982
Franklin's Ground Squirrel,Poliocitellus franklinii,Threatened,Illinois,7946545
Ornate Box Turtle,Terrapene ornata,Threatened,Illinois,2443168
Kirtland's Snake,Clonophis kirtlandii,Threatened,Illinois,2456368
Timber Rattlesnake,Crotalus horridus,Threatened,Illinois,2444468
Little Wabash Crayfish,Faxonius stannardi,Endangered,Illinois,9009477
Eryngium Stem Borer,Papaipema eryngii,Threatened,Illinois,1778047
Royal Catchfly,Silene regia,Endangered,Illinois,5384746
Prairie Rose Gentian,Sabatia campestris,Endangered,Illinois,5414501
White Bergamot,Monarda clinopodia,Threatened,Illinois,5341398
Harvey's Buttercup,Ranunculus harveyi,Threatened,Illinois,7382396
Tube Beard Tongue,Penstemon tubaeflorus,Endangered,Illinois,7332148
Small Yellow Lady's Slipper,Cypripedium parviflorum,Endangered,Illinois,2820475
Least Bittern,Ixobrychus exilis,Threatened,Illinois,2480852
Osprey,Pandion haliaetus,Threatened,Illinois,2480726
Greater Prairie-Chicken,Tympanuchus cupido,Endangered,Illinois,2473510
Black-billed Cuckoo,Coccyzus erythropthalmus,Threatened,Illinois,2496286
Loggerhead Shrike,Lanius ludovicianus,Endangered,Illinois,2492870
Cerulean Warbler,Setophaga cerulea,Threatened,Illinois,6093350
Western Sand Darter,Ammocrypta clara,Endangered,Illinois,2381980
Indiana Bat,Myotis sodalis,Endangered,Illinois,2432418
Smooth Softshell,Apalone mutica,Threatened,Illinois,2442712
Kirtland's Snake,Clonophis kirtlandii,Threatened,Illinois,2456368
Eastern Massasauga,Sistrurus catenatus,Endangered,Illinois,9223124
Eryngium Stem Borer,Papaipema eryngii,Threatened,Illinois,1778047
Sheepnose,Plethobasus cyphyus,Endangered,Illinois,2287978
Prairie Rose Gentian,Sabatia campestris,Endangered,Illinois,5414501
White Bergamot,Monarda clinopodia,Threatened,Illinois,5341398
Heart-leaved Plantain,Plantago cordata,Endangered,Illinois,3189759
Harvey's Buttercup,Ranunculus harveyi,Threatened,Illinois,7382396
American Burnet,Sanguisorba canadensis,Endangered,Illinois,3029411
Tube Beard Tongue,Penstemon tubaeflorus,Endangered,Illinois,7332148
Sedge,Carex bromoides,Threatened,Illinois,2729333
Drooping Sedge,Carex prasina,Threatened,Illinois,2726203
Virginia Bunchflower,Melanthium virginicum,Endangered,Illinois,5295857
Grass-leaved Lily,Stenanthium gramineum,Threatened,Illinois,2741746
Two-flowered Melic Grass,Melica mutica,Endangered,Illinois,2703127
Mudpuppy,Necturus maculosus,Threatened,Illinois,2432048
Cat's claw,Mimosa nuttallii,Endangered,Illinois,2969750
Walsh's Anthophora,Anthophora walshii,Threatened,Illinois,5040392
Upland Sandpiper,Bartramia longicauda,Endangered,Illinois,2481705
Short-eared Owl,Asio flammeus,Endangered,Illinois,2497295
Bigeye Shiner,Miniellus boops,Endangered,Illinois,
Eastern Sand Darter,Ammocrypta pellucida,Threatened,Illinois,2381982
Indiana Bat,Myotis sodalis,Endangered,Illinois,2432418
Northern Long-eared Bat,Myotis septentrionalis,Endangered,Illinois,2432436
Franklin's Ground Squirrel,Poliocitellus franklinii,Threatened,Illinois,7946545
Kirtland's Snake,Clonophis kirtlandii,Threatened,Illinois,2456368
Eryngium Stem Borer,Papaipema eryngii,Threatened,Illinois,1778047
Wavy-rayed Lampmussel,Lampsilis fasciola,Endangered,Illinois,2288147
Mead's Milkweed,Asclepias meadii,Endangered,Illinois,3170259
Queen-of-the-prairie,Filipendula rubra,Threatened,Illinois,2988113
Northern Harrier,Circus hudsonius,Endangered,Illinois,5229175
Virginia Mining Bee,Andrena virginiana,Endangered,Illinois,1357671
Little Blue Heron,Egretta caerulea,Endangered,Illinois,2480894
River Redhorse,Moxostoma carinatum,Threatened,Illinois,2358998
Indiana Bat,Myotis sodalis,Endangered,Illinois,2432418
Northern Long-eared Bat,Myotis septentrionalis,Endangered,Illinois,2432436
River Cooter,Pseudemys concinna,Endangered,Illinois,8898408
Ornate Box Turtle,Terrapene ornata,Threatened,Illinois,2443168
Climbing Milkweed,Matelea decipiens,Endangered,Illinois,8687899
Dull Meadow Beauty,Rhexia mariana,Endangered,Illinois,6370240
False Bugbane,Actaea racemosa,Endangered,Illinois,7703757
Green Trillium,Trillium viride,Endangered,Illinois,2742258
Spring Ladies' Tresses,Spiranthes vernalis,Endangered,Illinois,2805347
Spotted Pondweed,Potamogeton pulcher,Endangered,Illinois,5301137
Illinois Chorus Frog,Pseudacris illinoensis,Threatened,Illinois,2428134
American Bittern,Botaurus lentiginosus,Endangered,Illinois,2480911
Least Bittern,Ixobrychus exilis,Threatened,Illinois,2480852
Black-crowned Night-Heron,Nycticorax nycticorax,Endangered,Illinois,2480863
Osprey,Pandion haliaetus,Threatened,Illinois,2480726
Common Gallinule,Gallinula galeata,Endangered,Illinois,5228200
Upland Sandpiper,Bartramia longicauda,Endangered,Illinois,2481705
Short-eared Owl,Asio flammeus,Endangered,Illinois,2497295
Lake Sturgeon,Acipenser fulvescens,Endangered,Illinois,2402120
Ironcolor Shiner,Alburnops chalybaeus,Threatened,Illinois,
River Redhorse,Moxostoma carinatum,Threatened,Illinois,2358998
Trout-perch,Percopsis omiscomaycus,Threatened,Illinois,2401709
Starhead Topminnow,Fundulus dispar,Threatened,Illinois,5203653
Redspotted Sunfish,Lepomis miniatus,Threatened,Illinois,2394505
Indiana Bat,Myotis sodalis,Endangered,Illinois,2432418
Northern Long-eared Bat,Myotis septentrionalis,Endangered,Illinois,2432436
Smooth Softshell,Apalone mutica,Threatened,Illinois,2442712
Ebonyshell,Reginaia ebenus,Endangered,Illinois,7436337
Decurrent False Aster,Boltonia decurrens,Threatened,Illinois,5393595
Royal Catchfly,Silene regia,Endangered,Illinois,5384746
Buffalo Clover,Trifolium reflexum,Threatened,Illinois,5359007
Butternut,Juglans cinerea,Endangered,Illinois,3054352
Prairie Spiderwort,Tradescantia bracteata,Endangered,Illinois,2765168
Blue Grama,Bouteloua gracilis,Endangered,Illinois,7861320
Wolf's Bluegrass,Poa wolfii,Endangered,Illinois,2704327
Northern Harrier,Circus hudsonius,Endangered,Illinois,5229175
Mudpuppy,Necturus maculosus,Threatened,Illinois,2432048
King Rail,Rallus elegans,Endangered,Illinois,9480015
Monkeyface,Quadrula metanevra,Threatened,Illinois,7834176
Least Tern,Sternula antillarum,Endangered,Illinois,5789285
Chuck-will's-widow,Antrostomus carolinensis,Threatened,Illinois,6101173
Cerulean Warbler,Setophaga cerulea,Threatened,Illinois,6093350
Gravel Chub,Erimystax x-punctatus,Threatened,Illinois,2362094
Redspotted Sunfish,Lepomis miniatus,Threatened,Illinois,2394505
Harlequin Darter,Etheostoma histrio,Endangered,Illinois,2382337
Gray Bat,Myotis grisescens,Endangered,Illinois,
Indiana Bat,Myotis sodalis,Endangered,Illinois,2432418
Eastern Small-footed Myotis,Myotis leibii,Threatened,Illinois,2432455
Northern Long-eared Bat,Myotis septentrionalis,Endangered,Illinois,2432436
River Cooter,Pseudemys concinna,Endangered,Illinois,8898408
Smooth Softshell,Apalone mutica,Threatened,Illinois,2442712
Timber Rattlesnake,Crotalus horridus,Threatened,Illinois,2444468
Indiana Crayfish,Faxonius indianensis,Endangered,Illinois,9193207
Little Wabash Crayfish,Faxonius stannardi,Endangered,Illinois,9009477
Ebonyshell,Reginaia ebenus,Endangered,Illinois,7436337
Fat Pocketbook,Potamilus capax,Endangered,Illinois,2287988
Kidneyshell,Ptychobranchus fasciolaris,Endangered,Illinois,5189344
Shawnee Rocksnail,Lithasia obovata,Endangered,Illinois,2302312
Lea's Bog Lichen,Phaeophyscia leana,Threatened,Illinois,3428423
Bloodleaf,Iresine rhizomatosa,Endangered,Illinois,3085031
American Orpine,Hylotelephium telephioides,Threatened,Illinois,2985869
Rock Chestnut Oak,Quercus montana,Threatened,Illinois,2881118
Butternut,Juglans cinerea,Endangered,Illinois,3054352
Spotted Wintergreen,Chimaphila maculata,Endangered,Illinois,2888304
Black Cohosh,Actaea rubifolia,Endangered,Illinois,
Sharp-scaled Sedge,Carex oxylepis var. oxylepis,Threatened,Illinois,8350580
Grass-leaved Lily,Stenanthium gramineum,Threatened,Illinois,2741746
Small Yellow Lady's Slipper,Cypripedium parviflorum,Endangered,Illinois,2820475
Panic Grass,Dichanthelium yadkinense,Endangered,Illinois,4133247
Bradley's Spleenwort,Asplenium bradleyi,Endangered,Illinois,2650685
Cliff Clubmoss,Huperzia porophila,Threatened,Illinois,2688531
Southern Grape Fern,Sceptridium biternatum,Endangered,Illinois,3659097
Monkeyface,Quadrula metanevra,Threatened,Illinois,7834176
Least Tern,Sternula antillarum,Endangered,Illinois,5789285
Gravel Chub,Erimystax x-punctatus,Threatened,Illinois,2362094
Northern Madtom,Noturus stigmosus,Endangered,Illinois,2341037
Eastern Sand Darter,Ammocrypta pellucida,Threatened,Illinois,2381982
Harlequin Darter,Etheostoma histrio,Endangered,Illinois,2382337
Elephant-ear,Elliptio crassidens,Endangered,Illinois,2288338
Ebonyshell,Reginaia ebenus,Endangered,Illinois,7436337
Fat Pocketbook,Potamilus capax,Endangered,Illinois,2287988
Onyx Rocksnail,Leptoxis praerosa,Endangered,Illinois,5192836
Monkeyface,Quadrula metanevra,Threatened,Illinois,7834176
Loggerhead Shrike,Lanius ludovicianus,Endangered,Illinois,2492870
Lake Sturgeon,Acipenser fulvescens,Endangered,Illinois,2402120
River Redhorse,Moxostoma carinatum,Threatened,Illinois,2358998
Indiana Bat,Myotis sodalis,Endangered,Illinois,2432418
Northern Long-eared Bat,Myotis septentrionalis,Endangered,Illinois,2432436
Smooth Softshell,Apalone mutica,Threatened,Illinois,2442712
Timber Rattlesnake,Crotalus horridus,Threatened,Illinois,2444468
Cobweb Skipper,Hesperia metea,Endangered,Illinois,5142298
Decurrent False Aster,Boltonia decurrens,Threatened,Illinois,5393595
Butternut,Juglans cinerea,Endangered,Illinois,3054352
Pink Milkwort,Polygala incarnata,Endangered,Illinois,3191432
Pale False Foxglove,Agalinis skinneriana,Threatened,Illinois,3171219
Prairie Spiderwort,Tradescantia bracteata,Endangered,Illinois,2765168
Mudpuppy,Necturus maculosus,Threatened,Illinois,2432048
Blue Hearts,Buchnera americana,Threatened,Illinois,5415032
American Bittern,Botaurus lentiginosus,Endangered,Illinois,2480911
Least Bittern,Ixobrychus exilis,Threatened,Illinois,2480852
Black-crowned Night-Heron,Nycticorax nycticorax,Endangered,Illinois,2480863
Common Gallinule,Gallinula galeata,Endangered,Illinois,5228200
Upland Sandpiper,Bartramia longicauda,Endangered,Illinois,2481705
Short-eared Owl,Asio flammeus,Endangered,Illinois,2497295
Chuck-will's-widow,Antrostomus carolinensis,Threatened,Illinois,6101173
Loggerhead Shrike,Lanius ludovicianus,Endangered,Illinois,2492870
Cerulean Warbler,Setophaga cerulea,Threatened,Illinois,6093350
Pallid Shiner,Hybopsis amnis,Endangered,Illinois,2366623
Bigeye Shiner,Miniellus boops,Endangered,Illinois,
Ironcolor Shiner,Alburnops chalybaeus,Threatened,Illinois,
Blacknose Shiner,Notropis heterolepis,Endangered,Illinois,2362139
Ozark Minnow,Miniellus nubilus,Threatened,Illinois,
River Redhorse,Moxostoma carinatum,Threatened,Illinois,2358998
Greater Redhorse,Moxostoma valenciennesi,Endangered,Illinois,2358996
Trout-perch,Percopsis omiscomaycus,Threatened,Illinois,2401709
Northern Long-eared Bat,Myotis septentrionalis,Endangered,Illinois,2432436
Gray/Timber Wolf,Canis lupus,Endangered,Illinois,5219173
Blanding's Turtle,Emydoidea blandingii,Endangered,Illinois,5220530
Ornate Box Turtle,Terrapene ornata,Threatened,Illinois,2443168
Red-tailed Prairie Leafhopper,Aflexia rubranura,Threatened,Illinois,2034384
Purplish Copper,Tharsalea helloides,Threatened,Illinois,12229400
Aphrodite Fritillary,Argynnis aphrodite,Threatened,Illinois,1905301
Western Regal Fritillary,Argynnis idalia occidentalis,Threatened,Illinois,1905162
Eryngium Stem Borer,Papaipema eryngii,Threatened,Illinois,1778047
Purple Wartyback,Cyclonaias tuberculata,Threatened,Illinois,2287949
Spike,Eurynia dilatata,Endangered,Illinois,7637385
Scaleshell,Leptodea leptodon,Endangered,Illinois,11071327
Forked Aster,Eurybia furcata,Threatened,Illinois,5396123
Slender Sandwort,Minuartia patula,Threatened,Illinois,8100630
Narrow-leaved Sundew,Drosera intermedia,Threatened,Illinois,3191157
Golden Corydalis,Corydalis aurea,Endangered,Illinois,5334210
White Bergamot,Monarda clinopodia,Threatened,Illinois,5341398
False Mallow,Malvastrum hispidum,Endangered,Illinois,3152273
Queen-of-the-prairie,Filipendula rubra,Threatened,Illinois,2988113
Jack Pine,Pinus banksiana,Endangered,Illinois,5285533
Grass Pink Orchid,Calopogon tuberosus,Endangered,Illinois,2842641
Eastern Prairie Fringed Orchid,Platanthera leucophaea,Endangered,Illinois,2798308
Oklahoma grass pink orchid,Calopogon oklahomensis,Endangered,Illinois,2842631
Northern Harrier,Circus hudsonius,Endangered,Illinois,5229175
Hickey's groundpine,Dendrolycopodium hickeyi,Endangered,Illinois,3991491
King Rail,Rallus elegans,Endangered,Illinois,9480015
Rainbow,Cambarunio iris,Endangered,Illinois,9749798
Indiana Bat,Myotis sodalis,Endangered,Illinois,2432418
Butternut,Juglans cinerea,Endangered,Illinois,3054352
Storax,Styrax americanus,Threatened,Illinois,5371669
Swollen Sedge,Carex intumescens,Threatened,Illinois,2727755
Northern Harrier,Circus hudsonius,Endangered,Illinois,5229175
Upland Sandpiper,Bartramia longicauda,Endangered,Illinois,2481705
Loggerhead Shrike,Lanius ludovicianus,Endangered,Illinois,2492870
Lake Sturgeon,Acipenser fulvescens,Endangered,Illinois,2402120
Crystal Darter,Crystallaria asprella,Endangered,Illinois,2382195
Indiana Bat,Myotis sodalis,Endangered,Illinois,2432418
Northern Long-eared Bat,Myotis septentrionalis,Endangered,Illinois,2432436
Smooth Softshell,Apalone mutica,Threatened,Illinois,2442712
Timber Rattlesnake,Crotalus horridus,Threatened,Illinois,2444468
Spectaclecase,Margaritifera monodonta,Endangered,Illinois,2287869
Butterfly,Ellipsaria lineolata,Threatened,Illinois,2288379
Ebonyshell,Reginaia ebenus,Endangered,Illinois,7436337
Sheepnose,Plethobasus cyphyus,Endangered,Illinois,2287978
Ohio Pigtoe,Pleurobema cordatum,Endangered,Illinois,2288062
Mead's Milkweed,Asclepias meadii,Endangered,Illinois,3170259
Pale False Foxglove,Agalinis skinneriana,Threatened,Illinois,3171219
Prairie Spiderwort,Tradescantia bracteata,Endangered,Illinois,2765168
Drooping Sedge,Carex prasina,Threatened,Illinois,2726203
Virginia Bunchflower,Melanthium virginicum,Endangered,Illinois,5295857
Eastern Prairie Fringed Orchid,Platanthera leucophaea,Endangered,Illinois,2798308
Western Banded Killifish,Fundulus diaphanus menona,Threatened,Illinois,5712054
Mudpuppy,Necturus maculosus,Threatened,Illinois,2432048
Mining Bee,Protandrena bancrofti,Threatened,Illinois,1355477
Norton's Nomia,Nomia nortoni,Threatened,Illinois,5042306
Monkeyface,Quadrula metanevra,Threatened,Illinois,7834176
Baker�s Nomia,Dieunomia nevadensis bakeri,Threatened,Illinois,6252875
Hellbender,Cryptobranchus alleganiensis,Endangered,Illinois,2432031
Eastern Narrowmouth Toad,Gastrophryne carolinensis,Threatened,Illinois,2421766
Chuck-will's-widow,Antrostomus carolinensis,Threatened,Illinois,6101173
Loggerhead Shrike,Lanius ludovicianus,Endangered,Illinois,2492870
Cerulean Warbler,Setophaga cerulea,Threatened,Illinois,6093350
Least Brook Lamprey,Lampetra aepyptera,Threatened,Illinois,5216490
Weed Shiner,Alburnops texanus,Endangered,Illinois,
River Redhorse,Moxostoma carinatum,Threatened,Illinois,2358998
Redspotted Sunfish,Lepomis miniatus,Threatened,Illinois,2394505
Southeastern Myotis,Myotis austroriparius,Endangered,Illinois,2432451
Gray Bat,Myotis grisescens,Endangered,Illinois,
Indiana Bat,Myotis sodalis,Endangered,Illinois,2432418
Eastern Small-footed Myotis,Myotis leibii,Threatened,Illinois,2432455
Northern Long-eared Bat,Myotis septentrionalis,Endangered,Illinois,2432436
River Cooter,Pseudemys concinna,Endangered,Illinois,8898408
Timber Rattlesnake,Crotalus horridus,Threatened,Illinois,2444468
Packard's Cave Amphipod,Crangonyx packardi,Endangered,Illinois,2217985
Kentucky Crayfish,Faxonius kentuckiensis,Endangered,Illinois,8819880
Indiana Crayfish,Faxonius indianensis,Endangered,Illinois,9193207
Bigclaw Crayfish,Faxonius placidus,Endangered,Illinois,9051396
Ebonyshell,Reginaia ebenus,Endangered,Illinois,7436337
Fat Pocketbook,Potamilus capax,Endangered,Illinois,2287988
Lea's Bog Lichen,Phaeophyscia leana,Threatened,Illinois,3428423
Bloodleaf,Iresine rhizomatosa,Endangered,Illinois,3085031
Eryngo,Eryngium prostratum,Endangered,Illinois,3034419
Climbing Milkweed,Matelea decipiens,Endangered,Illinois,8687899
Ovate Catchfly,Silene ovata,Endangered,Illinois,5384816
Great Chickweed,Stellaria pubera,Endangered,Illinois,5384664
American Strawberry Bush,Euonymus americanus,Threatened,Illinois,3169130
American Orpine,Hylotelephium telephioides,Threatened,Illinois,2985869
Squirting Cucumber,Melothria pendula,Threatened,Illinois,2874550
Deerberry,Vaccinium stamineum,Endangered,Illinois,2882913
Rock Chestnut Oak,Quercus montana,Threatened,Illinois,2881118
Pale Hickory,Carya pallida,Endangered,Illinois,3054341
Illinois Wood Sorrel,Oxalis illinoensis,Threatened,Illinois,2891658
French's Shootingstar,Dodecatheon frenchii,Threatened,Illinois,3169272
Spotted Wintergreen,Chimaphila maculata,Endangered,Illinois,2888304
Black Cohosh,Actaea rubifolia,Endangered,Illinois,
White Basswood,Tilia americana var. heterophylla,Endangered,Illinois,6415053
White-edge Sedge,Carex debilis,Endangered,Illinois,2724457
Black-edged Sedge,Carex nigromarginata,Endangered,Illinois,2727797
Sharp-scaled Sedge,Carex oxylepis var. oxylepis,Threatened,Illinois,8350580
Willdenow's Sedge,Carex willdenowii,Threatened,Illinois,2725214
Leafy Bulrush,Scirpus polyphyllus,Endangered,Illinois,2720215
Littlehead Nutrush,Scleria oligantha,Endangered,Illinois,2712784
Carolina Whipgrass,Scleria pauciflora,Endangered,Illinois,2712557
Fairy Wand,Chamaelirium luteum,Endangered,Illinois,2741647
Crested Coralroot Orchid,Hexalectris spicata,Endangered,Illinois,12250925
Panic Grass,Dichanthelium ravenelii,Endangered,Illinois,2702679
Bradley's Spleenwort,Asplenium bradleyi,Endangered,Illinois,2650685
Filmy Fern,Vandenboschia boschiana,Endangered,Illinois,3607273
Southern Black Snakeroot,Sanicula smallii,Endangered,Illinois,3034865
Mudpuppy,Necturus maculosus,Threatened,Illinois,2432048
Early Saxifrage,Micranthes virginiensis,Endangered,Illinois,5567570
Shawnee Hills Cavefish,Forbesichthys papilliferus,Threatened,Illinois,
Chuck-will's-widow,Antrostomus carolinensis,Threatened,Illinois,6101173
Lake Sturgeon,Acipenser fulvescens,Endangered,Illinois,2402120
Brassy Minnow,Hybognathus hankinsoni,Endangered,Illinois,2364394
Weed Shiner,Alburnops texanus,Endangered,Illinois,
River Redhorse,Moxostoma carinatum,Threatened,Illinois,2358998
Trout-perch,Percopsis omiscomaycus,Threatened,Illinois,2401709
Western Sand Darter,Ammocrypta clara,Endangered,Illinois,2381980
Indiana Bat,Myotis sodalis,Endangered,Illinois,2432418
Northern Long-eared Bat,Myotis septentrionalis,Endangered,Illinois,2432436
Blanding's Turtle,Emydoidea blandingii,Endangered,Illinois,5220530
Ornate Box Turtle,Terrapene ornata,Threatened,Illinois,2443168
Yellow Mud Turtle,Kinosternon flavescens,Endangered,Illinois,2442437
Plains Hog-nosed Snake,Heterodon nasicus,Threatened,Illinois,5223725
Spectaclecase,Margaritifera monodonta,Endangered,Illinois,2287869
Butterfly,Ellipsaria lineolata,Threatened,Illinois,2288379
Spike,Eurynia dilatata,Endangered,Illinois,7637385
Ebonyshell,Reginaia ebenus,Endangered,Illinois,7436337
Higgins Eye,Lampsilis higginsii,Endangered,Illinois,2288133
Patterson Bindweed,Stylisma pickeringii var. pattersonii,Endangered,Illinois,3677550
Wild Blue Sage,Salvia azurea var. grandiflora,Threatened,Illinois,8283204
Hill Prairie Larkspur,Delphinium carolinianum,Endangered,Illinois,3033700
Kittentails,Synthyris bullii,Threatened,Illinois,3172149
Large-flowered Beard Tongue,Penstemon grandiflorus,Endangered,Illinois,3171531
Jack Pine,Pinus banksiana,Endangered,Illinois,5285533
Plains Sedge,Carex inops ssp. heliophila,Endangered,Illinois,2729395
Walsh's Anthophora,Anthophora walshii,Threatened,Illinois,5040392
Monkeyface,Quadrula metanevra,Threatened,Illinois,7834176
Ross' Polyamia,Polyamia rossi,Threatened,Illinois,2045983
Upland Sandpiper,Bartramia longicauda,Endangered,Illinois,2481705
Loggerhead Shrike,Lanius ludovicianus,Endangered,Illinois,2492870
Pallid Shiner,Hybopsis amnis,Endangered,Illinois,2366623
Bigeye Shiner,Miniellus boops,Endangered,Illinois,
Blacknose Shiner,Notropis heterolepis,Endangered,Illinois,2362139
Weed Shiner,Alburnops texanus,Endangered,Illinois,
Gravel Chub,Erimystax x-punctatus,Threatened,Illinois,2362094
Starhead Topminnow,Fundulus dispar,Threatened,Illinois,5203653
Crystal Darter,Crystallaria asprella,Endangered,Illinois,2382195
Northern Long-eared Bat,Myotis septentrionalis,Endangered,Illinois,2432436
Franklin's Ground Squirrel,Poliocitellus franklinii,Threatened,Illinois,7946545
Blanding's Turtle,Emydoidea blandingii,Endangered,Illinois,5220530
Ornate Box Turtle,Terrapene ornata,Threatened,Illinois,2443168
Yellow Mud Turtle,Kinosternon flavescens,Endangered,Illinois,2442437
Plains Hog-nosed Snake,Heterodon nasicus,Threatened,Illinois,5223725
Purple Wartyback,Cyclonaias tuberculata,Threatened,Illinois,2287949
Mead's Milkweed,Asclepias meadii,Endangered,Illinois,3170259
Prairie Dandelion,Nothocalais cuspidata,Endangered,Illinois,5399495
Broomrape,Orobanche ludoviciana,Threatened,Illinois,3738693
Eastern Prairie Fringed Orchid,Platanthera leucophaea,Endangered,Illinois,2798308
Monkeyface,Quadrula metanevra,Threatened,Illinois,7834176
Short-eared Owl,Asio flammeus,Endangered,Illinois,2497295
Ironcolor Shiner,Alburnops chalybaeus,Threatened,Illinois,
Blacknose Shiner,Notropis heterolepis,Endangered,Illinois,2362139
Weed Shiner,Alburnops texanus,Endangered,Illinois,
River Redhorse,Moxostoma carinatum,Threatened,Illinois,2358998
Starhead Topminnow,Fundulus dispar,Threatened,Illinois,5203653
Blanding's Turtle,Emydoidea blandingii,Endangered,Illinois,5220530
Ornate Box Turtle,Terrapene ornata,Threatened,Illinois,2443168
Plains Hog-nosed Snake,Heterodon nasicus,Threatened,Illinois,5223725
Swamp Metalmark,Calephelis muticum,Endangered,Illinois,1935899
Aphrodite Fritillary,Argynnis aphrodite,Threatened,Illinois,1905301
Western Regal Fritillary,Argynnis idalia occidentalis,Threatened,Illinois,1905162
Eryngium Stem Borer,Papaipema eryngii,Threatened,Illinois,1778047
Purple Wartyback,Cyclonaias tuberculata,Threatened,Illinois,2287949
Spike,Eurynia dilatata,Endangered,Illinois,7637385
Purple Lilliput,Toxolasma lividum,Endangered,Illinois,2288024
Tall Sunflower,Helianthus giganteus,Endangered,Illinois,3119240
Old Plainsman,Hymenopappus scabiosaeus,Endangered,Illinois,3110174
Shore St. John's Wort,Hypericum adpressum,Endangered,Illinois,3189524
Narrow-leaved Sundew,Drosera intermedia,Threatened,Illinois,3191157
Highbush Blueberry,Vaccinium corymbosum,Endangered,Illinois,2882849
Yellow Wild Indigo,Baptisia tinctoria,Endangered,Illinois,7943262
Pink Milkwort,Polygala incarnata,Endangered,Illinois,3191432
Carey's Heartsease,Persicaria careyi,Endangered,Illinois,2889216
Prairie Buttercup,Ranunculus rhomboideus,Endangered,Illinois,3033365
Bristly Blackberry,Rubus setosus,Threatened,Illinois,7769228
Marsh Speedwell,Veronica scutellata,Threatened,Illinois,3172072
Corn Salad,Valerianella umbilicata,Endangered,Illinois,8607668
Primrose Violet,Viola primulifolia,Endangered,Illinois,8215820
Sedge,Carex cumulata,Endangered,Illinois,2723470
Carolina Whipgrass,Scleria pauciflora,Endangered,Illinois,2712557
Eastern Blue-eyed Grass,Sisyrinchium atlanticum,Endangered,Illinois,5296111
Grass Pink Orchid,Calopogon tuberosus,Endangered,Illinois,2842641
Orange Fringed Orchid,Platanthera ciliaris,Endangered,Illinois,2798080
Wood Orchid,Platanthera clavellata,Endangered,Illinois,2797979
Tubercled Orchid,Platanthera flava,Threatened,Illinois,2798014
Eastern Prairie Fringed Orchid,Platanthera leucophaea,Endangered,Illinois,2798308
American Bur-reed,Sparganium americanum,Endangered,Illinois,2702311
Ground Pine,Dendrolycopodium dendroideum,Endangered,Illinois,3991500
Northern Harrier,Circus hudsonius,Endangered,Illinois,5229175
Mudpuppy,Necturus maculosus,Threatened,Illinois,2432048
Hickey's groundpine,Dendrolycopodium hickeyi,Endangered,Illinois,3991491
Eastern Straw Sedge,Carex straminea,Endangered,Illinois,2724367
Norton's Nomia,Nomia nortoni,Threatened,Illinois,5042306
Pickerelweed Long-nosed Bee,Melissodes apicatus,Endangered,Illinois,5040749
Interrupted Epeolus,Epeolus interruptus,Endangered,Illinois,1341873
Monkeyface,Quadrula metanevra,Threatened,Illinois,7834176
Lake Sturgeon,Acipenser fulvescens,Endangered,Illinois,2402120
Pallid Shiner,Hybopsis amnis,Endangered,Illinois,2366623
River Chub,Nocomis micropogon,Endangered,Illinois,2365441
Weed Shiner,Alburnops texanus,Endangered,Illinois,
Crystal Darter,Crystallaria asprella,Endangered,Illinois,2382195
Western Sand Darter,Ammocrypta clara,Endangered,Illinois,2381980
Butterfly,Ellipsaria lineolata,Threatened,Illinois,2288379
Ebonyshell,Reginaia ebenus,Endangered,Illinois,7436337
Higgins Eye,Lampsilis higginsii,Endangered,Illinois,2288133
Monkeyface,Quadrula metanevra,Threatened,Illinois,7834176
Bird-voiced Treefrog,Hyla avivoca,Threatened,Illinois,10771002
Eastern Narrowmouth Toad,Gastrophryne carolinensis,Threatened,Illinois,2421766
Least Bittern,Ixobrychus exilis,Threatened,Illinois,2480852
Snowy Egret,Egretta thula,Endangered,Illinois,2480873
Little Blue Heron,Egretta caerulea,Endangered,Illinois,2480894
Osprey,Pandion haliaetus,Threatened,Illinois,2480726
Common Gallinule,Gallinula galeata,Endangered,Illinois,5228200
Chuck-will's-widow,Antrostomus carolinensis,Threatened,Illinois,6101173
Loggerhead Shrike,Lanius ludovicianus,Endangered,Illinois,2492870
Cerulean Warbler,Setophaga cerulea,Threatened,Illinois,6093350
Swainson's Warbler,Limnothlypis swainsonii,Endangered,Illinois,2489636
Bigeye Shiner,Miniellus boops,Endangered,Illinois,
Blackchin Shiner,Miniellus heterodon,Threatened,Illinois,
Blacknose Shiner,Notropis heterolepis,Endangered,Illinois,2362139
Sturgeon Chub,Macrhybopsis gelida,Endangered,Illinois,2362060
River Redhorse,Moxostoma carinatum,Threatened,Illinois,2358998
Starhead Topminnow,Fundulus dispar,Threatened,Illinois,5203653
Crystal Darter,Crystallaria asprella,Endangered,Illinois,2382195
Western Sand Darter,Ammocrypta clara,Endangered,Illinois,2381980
Gray Bat,Myotis grisescens,Endangered,Illinois,
Indiana Bat,Myotis sodalis,Endangered,Illinois,2432418
Northern Long-eared Bat,Myotis septentrionalis,Endangered,Illinois,2432436
Rafinesque's Big-eared Bat,Corynorhinus rafinesquii,Endangered,Illinois,2432491
Alligator Snapping Turtle,Macrochelys temminckii,Endangered,Illinois,5220318
Smooth Softshell,Apalone mutica,Threatened,Illinois,2442712
Timber Rattlesnake,Crotalus horridus,Threatened,Illinois,2444468
Bigclaw Crayfish,Faxonius placidus,Endangered,Illinois,9051396
Cynosciadium,Cynosciadium digitatum,Endangered,Illinois,3034429
Mock Bishop's Weed,Ptilimnium nuttallii,Endangered,Illinois,3034200
Climbing Milkweed,Matelea decipiens,Endangered,Illinois,8687899
Great Chickweed,Stellaria pubera,Endangered,Illinois,5384664
Shore St. John's Wort,Hypericum adpressum,Endangered,Illinois,3189524
Red Honeysuckle,Lonicera dioica var. glaucescens,Endangered,Illinois,5334261
Yellow Honeysuckle,Lonicera flava,Endangered,Illinois,5334229
Squirting Cucumber,Melothria pendula,Threatened,Illinois,2874550
Buffalo Clover,Trifolium reflexum,Threatened,Illinois,5359007
Rock Chestnut Oak,Quercus montana,Threatened,Illinois,2881118
One-flowered Hydrolea,Hydrolea uniflora,Endangered,Illinois,2928291
Butternut,Juglans cinerea,Endangered,Illinois,3054352
Hairy Synandra,Synandra hispidula,Threatened,Illinois,5341425
Dull Meadow Beauty,Rhexia mariana,Endangered,Illinois,6370240
Illinois Wood Sorrel,Oxalis illinoensis,Threatened,Illinois,2891658
Heart-leaved Plantain,Plantago cordata,Endangered,Illinois,3189759
French's Shootingstar,Dodecatheon frenchii,Threatened,Illinois,3169272
Creeping Loosestrife,Lysimachia radicans,Endangered,Illinois,3169383
Black Cohosh,Actaea rubifolia,Endangered,Illinois,
Harvey's Buttercup,Ranunculus harveyi,Threatened,Illinois,7382396
Pale False Foxglove,Agalinis skinneriana,Threatened,Illinois,3171219
Nettle,Urtica chamaedryoides,Threatened,Illinois,5361812
Shortleaf Pine,Pinus echinata,Endangered,Illinois,5285324
Prairie Spiderwort,Tradescantia bracteata,Endangered,Illinois,2765168
Winged Sedge,Carex alata,Endangered,Illinois,2725894
Arkansas Sedge,Carex arkansana,Endangered,Illinois,2727559
Cypress-knee Sedge,Carex decomposita,Endangered,Illinois,2726186
Swollen Sedge,Carex intumescens,Threatened,Illinois,2727755
Black-edged Sedge,Carex nigromarginata,Endangered,Illinois,2727797
Bellows Beak Sedge,Carex albicans var. australis,Endangered,Illinois,2725478
Plantain-leaved Sedge,Carex plantaginea,Endangered,Illinois,2723909
Willdenow's Sedge,Carex willdenowii,Threatened,Illinois,2725214
Carolina Whipgrass,Scleria pauciflora,Endangered,Illinois,2712557
Virginia Bunchflower,Melanthium virginicum,Endangered,Illinois,5295857
Grass-leaved Lily,Stenanthium gramineum,Threatened,Illinois,2741746
Green Trillium,Trillium viride,Endangered,Illinois,2742258
Small Yellow Lady's Slipper,Cypripedium parviflorum,Endangered,Illinois,2820475
Crested Coralroot Orchid,Hexalectris spicata,Endangered,Illinois,12250925
Spring Ladies' Tresses,Spiranthes vernalis,Endangered,Illinois,2805347
Panic Grass,Dichanthelium ravenelii,Endangered,Illinois,2702679
Cluster Fescue,Festuca paradoxa,Threatened,Illinois,2704984
Arkansas Mannagrass,Glyceria arkansana,Endangered,Illinois,2705476
Grove Bluegrass,Poa alsodes,Endangered,Illinois,2704219
Grass,Torreyochloa pallida,Endangered,Illinois,2704462
Spotted Pondweed,Potamogeton pulcher,Endangered,Illinois,5301137
Bradley's Spleenwort,Asplenium bradleyi,Endangered,Illinois,2650685
Black Spleenwort,Asplenium resiliens,Endangered,Illinois,2650631
Cliff Clubmoss,Huperzia porophila,Threatened,Illinois,2688531
Southern Grape Fern,Sceptridium biternatum,Endangered,Illinois,3659097
Leafhopper,Flexamia albida,Threatened,Illinois,2047368
Shawnee Hills Cavefish,Forbesichthys papilliferus,Threatened,Illinois,
American Bittern,Botaurus lentiginosus,Endangered,Illinois,2480911
Least Bittern,Ixobrychus exilis,Threatened,Illinois,2480852
Yellow-crowned Night-Heron,Nyctanassa violacea,Endangered,Illinois,2480953
Greater Prairie-Chicken,Tympanuchus cupido,Endangered,Illinois,2473510
Black Rail,Laterallus jamaicensis,Endangered,Illinois,2474590
Upland Sandpiper,Bartramia longicauda,Endangered,Illinois,2481705
Least Tern,Sternula antillarum,Endangered,Illinois,5789285
Black-billed Cuckoo,Coccyzus erythropthalmus,Threatened,Illinois,2496286
Short-eared Owl,Asio flammeus,Endangered,Illinois,2497295
Loggerhead Shrike,Lanius ludovicianus,Endangered,Illinois,2492870
Eastern Sand Darter,Ammocrypta pellucida,Threatened,Illinois,2381982
Harlequin Darter,Etheostoma histrio,Endangered,Illinois,2382337
Blanding's Turtle,Emydoidea blandingii,Endangered,Illinois,5220530
Ornate Box Turtle,Terrapene ornata,Threatened,Illinois,2443168
Smooth Softshell,Apalone mutica,Threatened,Illinois,2442712
Eryngium Stem Borer,Papaipema eryngii,Threatened,Illinois,1778047
Royal Catchfly,Silene regia,Endangered,Illinois,5384746
Prairie Rose Gentian,Sabatia campestris,Endangered,Illinois,5414501
Halberd-leaved Tearthumb,Tracaulon arifolium,Endangered,Illinois,4036886
Tube Beard Tongue,Penstemon tubaeflorus,Endangered,Illinois,7332148
Pursh's Bulrush,Schoenoplectiella purshiana,Endangered,Illinois,2710808
Wild Hyacinth,Camassia angusta,Endangered,Illinois,2769080
Spring Ladies' Tresses,Spiranthes vernalis,Endangered,Illinois,2805347
Cluster Fescue,Festuca paradoxa,Threatened,Illinois,2704984
Northern Harrier,Circus hudsonius,Endangered,Illinois,5229175
Walsh's Anthophora,Anthophora walshii,Threatened,Illinois,5040392
King Rail,Rallus elegans,Endangered,Illinois,9480015
Blue Hearts,Buchnera americana,Threatened,Illinois,5415032
Osprey,Pandion haliaetus,Threatened,Illinois,2480726
Loggerhead Shrike,Lanius ludovicianus,Endangered,Illinois,2492870
Cypress Minnow,Hybognathus hayi,Endangered,Illinois,2364404
Pugnose Shiner,Notropis anogenus,Endangered,Illinois,2362240
River Cooter,Pseudemys concinna,Endangered,Illinois,8898408
Ornate Box Turtle,Terrapene ornata,Threatened,Illinois,2443168
Spring Ladies' Tresses,Spiranthes vernalis,Endangered,Illinois,2805347
Bigeye Shiner,Miniellus boops,Endangered,Illinois,
Four-toed Salamander,Hemidactylium scutatum,Threatened,Illinois,2431666
Least Tern,Sternula antillarum,Endangered,Illinois,5789285
Bewick's Wren,Thryomanes bewickii,Endangered,Illinois,2493843
Lake Sturgeon,Acipenser fulvescens,Endangered,Illinois,2402120
Bigeye Shiner,Miniellus boops,Endangered,Illinois,
Longnose Sucker,Catostomus catostomus,Threatened,Illinois,4286868
Starhead Topminnow,Fundulus dispar,Threatened,Illinois,5203653
Gray Bat,Myotis grisescens,Endangered,Illinois,
Indiana Bat,Myotis sodalis,Endangered,Illinois,2432418
Northern Long-eared Bat,Myotis septentrionalis,Endangered,Illinois,2432436
Alligator Snapping Turtle,Macrochelys temminckii,Endangered,Illinois,5220318
Great Plains Ratsnake,Pantherophis emoryi,Endangered,Illinois,2455644
Timber Rattlesnake,Crotalus horridus,Threatened,Illinois,2444468
Butterfly,Ellipsaria lineolata,Threatened,Illinois,2288379
Ebonyshell,Reginaia ebenus,Endangered,Illinois,7436337
Decurrent False Aster,Boltonia decurrens,Threatened,Illinois,5393595
Whitlow Grass,Draba cuneifolia,Endangered,Illinois,10732597
Large Ground Plum,Astragalus crassicarpus var. trichocalyx,Endangered,Illinois,8339156
Butternut,Juglans cinerea,Endangered,Illinois,3054352
Pale False Foxglove,Agalinis skinneriana,Threatened,Illinois,3171219
Mudpuppy,Necturus maculosus,Threatened,Illinois,2432048
Blue Hearts,Buchnera americana,Threatened,Illinois,5415032
Four-toed Salamander,Hemidactylium scutatum,Threatened,Illinois,2431666
Upland Sandpiper,Bartramia longicauda,Endangered,Illinois,2481705
Black-billed Cuckoo,Coccyzus erythropthalmus,Threatened,Illinois,2496286
Chuck-will's-widow,Antrostomus carolinensis,Threatened,Illinois,6101173
Loggerhead Shrike,Lanius ludovicianus,Endangered,Illinois,2492870
Cerulean Warbler,Setophaga cerulea,Threatened,Illinois,6093350
Yellow-headed Blackbird,Xanthocephalus xanthocephalus,Endangered,Illinois,2484195
Lake Sturgeon,Acipenser fulvescens,Endangered,Illinois,2402120
Pallid Shiner,Hybopsis amnis,Endangered,Illinois,2366623
Brassy Minnow,Hybognathus hankinsoni,Endangered,Illinois,2364394
River Chub,Nocomis micropogon,Endangered,Illinois,2365441
Ozark Minnow,Miniellus nubilus,Threatened,Illinois,
Weed Shiner,Alburnops texanus,Endangered,Illinois,
Crystal Darter,Crystallaria asprella,Endangered,Illinois,2382195
Western Sand Darter,Ammocrypta clara,Endangered,Illinois,2381980
Indiana Bat,Myotis sodalis,Endangered,Illinois,2432418
Northern Long-eared Bat,Myotis septentrionalis,Endangered,Illinois,2432436
Gray/Timber Wolf,Canis lupus,Endangered,Illinois,5219173
Blanding's Turtle,Emydoidea blandingii,Endangered,Illinois,5220530
Ornate Box Turtle,Terrapene ornata,Threatened,Illinois,2443168
Plains Hog-nosed Snake,Heterodon nasicus,Threatened,Illinois,5223725
Lined Snake,Tropidoclonion lineatum,Threatened,Illinois,2454441
Timber Rattlesnake,Crotalus horridus,Threatened,Illinois,2444468
Iowa Amphipod,Stygobromus iowae,Endangered,Illinois,2217950
Western Regal Fritillary,Argynnis idalia occidentalis,Threatened,Illinois,1905162
Butterfly,Ellipsaria lineolata,Threatened,Illinois,2288379
Ebonyshell,Reginaia ebenus,Endangered,Illinois,7436337
Higgins Eye,Lampsilis higginsii,Endangered,Illinois,2288133
Iowa Pleistocene Snail,Discus macclintocki,Endangered,Illinois,5190487
Moschatel,Adoxa moschatellina,Endangered,Illinois,2888794
Hemlock Parsley,Conioselinum chinense,Endangered,Illinois,3631470
Wooly Milkweed,Asclepias lanuginosa,Endangered,Illinois,3170327
Prairie Dandelion,Nothocalais cuspidata,Endangered,Illinois,5399495
Cliff Goldenrod,Solidago sciaphila,Threatened,Illinois,5389004
Beaked Hazelnut,Corylus cornuta,Endangered,Illinois,2876032
Stickseed,Hackelia deflexa var. americana,Endangered,Illinois,4059326
Fragile Prickly Pear,Opuntia fragilis,Endangered,Illinois,5384113
False Heather,Hudsonia tomentosa,Endangered,Illinois,5331111
James' Clammyweed,Polanisia jamesii,Endangered,Illinois,3054265
Snowberry,Symphoricarpos albus var. albus,Endangered,Illinois,7222019
Pale Vetchling,Lathyrus ochroleucus,Threatened,Illinois,5356371
Butternut,Juglans cinerea,Endangered,Illinois,3054352
Wild Blue Sage,Salvia azurea var. grandiflora,Threatened,Illinois,8283204
Hairy Umbrella-wort,Mirabilis hirsuta,Endangered,Illinois,9862208
Small Enchanter's Nightshade,Circaea alpina,Endangered,Illinois,3188797
Bird's-eye Primrose,Primula mistassinica,Endangered,Illinois,5414329
Redroot,Ceanothus herbaceus,Endangered,Illinois,3039322
Shadbush,Amelanchier interior,Threatened,Illinois,3024097
Bristly Rose,Rosa acicularis,Endangered,Illinois,3002193
Sullivantia,Sullivantia sullivantii,Threatened,Illinois,3032913
Kittentails,Synthyris bullii,Threatened,Illinois,3172149
Large-flowered Beard Tongue,Penstemon grandiflorus,Endangered,Illinois,3171531
American Brooklime,Veronica americana,Endangered,Illinois,3172084
Rock Elm,Ulmus thomasii,Endangered,Illinois,5361875
Canada Violet,Viola canadensis,Endangered,Illinois,5331231
Hairy White Violet,Viola blanda,Endangered,Illinois,5331300
Jack Pine,Pinus banksiana,Endangered,Illinois,5285533
Sedge,Carex diandra,Endangered,Illinois,2723156
Plains Sedge,Carex inops ssp. heliophila,Endangered,Illinois,2729395
Drooping Sedge,Carex prasina,Threatened,Illinois,2726203
Umbrella Sedge,Cyperus grayoides,Threatened,Illinois,
Hairy Woodrush,Luzula acuminata,Endangered,Illinois,2700818
White Camass,Zigadenus elegans,Endangered,Illinois,5295813
Small Yellow Lady's Slipper,Cypripedium parviflorum,Endangered,Illinois,2820475
Blue Grama,Bouteloua gracilis,Endangered,Illinois,7861320
Bearded Wheat Grass,Elymus trachycaulus,Endangered,Illinois,4104489
False Melic Grass,Schizachne purpurascens,Endangered,Illinois,2705745
Oak Fern,Gymnocarpium dryopteris,Endangered,Illinois,2650832
Meadow Horsetail,Equisetum pratense,Threatened,Illinois,2687942
Dwarf Scouring Rush,Equisetum scirpoides,Endangered,Illinois,2687948
Northern Grape Fern,Sceptridium multifidum,Endangered,Illinois,7321468
Rusty Patched Bumble Bee,Bombus affinis,Endangered,Illinois,1340481
Western Tall White Violet,Viola rugulosa,Endangered,Illinois,5663386
Monkeyface,Quadrula metanevra,Threatened,Illinois,7834176
Ground Juniper,Juniperus communis,Endangered,Illinois,2684709
Bird-voiced Treefrog,Hyla avivoca,Threatened,Illinois,10771002
Yellow-crowned Night-Heron,Nyctanassa violacea,Endangered,Illinois,2480953
Short-eared Owl,Asio flammeus,Endangered,Illinois,2497295
Chuck-will's-widow,Antrostomus carolinensis,Threatened,Illinois,6101173
Bewick's Wren,Thryomanes bewickii,Endangered,Illinois,2493843
Loggerhead Shrike,Lanius ludovicianus,Endangered,Illinois,2492870
Cerulean Warbler,Setophaga cerulea,Threatened,Illinois,6093350
Swainson's Warbler,Limnothlypis swainsonii,Endangered,Illinois,2489636
Least Brook Lamprey,Lampetra aepyptera,Threatened,Illinois,5216490
Cypress Minnow,Hybognathus hayi,Endangered,Illinois,2364404
Banded Pygmy Sunfish,Elassoma zonatum,Threatened,Illinois,2380530
Bantam Sunfish,Lepomis symmetricus,Threatened,Illinois,2394485
Southeastern Myotis,Myotis austroriparius,Endangered,Illinois,2432451
Gray Bat,Myotis grisescens,Endangered,Illinois,
Indiana Bat,Myotis sodalis,Endangered,Illinois,2432418
Eastern Small-footed Myotis,Myotis leibii,Threatened,Illinois,2432455
Northern Long-eared Bat,Myotis septentrionalis,Endangered,Illinois,2432436
Rafinesque's Big-eared Bat,Corynorhinus rafinesquii,Endangered,Illinois,2432491
River Cooter,Pseudemys concinna,Endangered,Illinois,8898408
Eastern Ribbon Snake,Thamnophis saurita,Threatened,Illinois,2457577
Timber Rattlesnake,Crotalus horridus,Threatened,Illinois,2444468
Packard's Cave Amphipod,Crangonyx packardi,Endangered,Illinois,2217985
Indiana Crayfish,Faxonius indianensis,Endangered,Illinois,9193207
Mead's Milkweed,Asclepias meadii,Endangered,Illinois,3170259
Climbing Milkweed,Matelea decipiens,Endangered,Illinois,8687899
Great Chickweed,Stellaria pubera,Endangered,Illinois,5384664
American Strawberry Bush,Euonymus americanus,Threatened,Illinois,3169130
Squirting Cucumber,Melothria pendula,Threatened,Illinois,2874550
Spurge,Euphorbia spathulata,Endangered,Illinois,3066758
Willow Oak,Quercus phellos,Threatened,Illinois,2880652
Screwstem,Bartonia paniculata,Endangered,Illinois,5414427
One-flowered Hydrolea,Hydrolea uniflora,Endangered,Illinois,2928291
Water Hickory,Carya aquatica,Endangered,Illinois,8246850
Butternut,Juglans cinerea,Endangered,Illinois,3054352
White Bergamot,Monarda clinopodia,Threatened,Illinois,5341398
Wild Blue Sage,Salvia azurea var. grandiflora,Threatened,Illinois,8283204
Heart-leaved Plantain,Plantago cordata,Endangered,Illinois,3189759
French's Shootingstar,Dodecatheon frenchii,Threatened,Illinois,3169272
Creeping Loosestrife,Lysimachia radicans,Endangered,Illinois,3169383
Black Cohosh,Actaea rubifolia,Endangered,Illinois,
Blue Jasmine,Clematis crispa,Endangered,Illinois,3033593
Leatherflower,Clematis viorna,Endangered,Illinois,3033562
Supple-jack,Berchemia scandens,Endangered,Illinois,3039506
Storax,Styrax americanus,Threatened,Illinois,5371669
Water Elm,Planera aquatica,Threatened,Illinois,5361858
Sedge,Carex bromoides,Threatened,Illinois,2729333
Cypress-knee Sedge,Carex decomposita,Endangered,Illinois,2726186
Large Sedge,Carex gigantea,Endangered,Illinois,2728850
Swollen Sedge,Carex intumescens,Threatened,Illinois,2727755
Black-edged Sedge,Carex nigromarginata,Endangered,Illinois,2727797
Sharp-scaled Sedge,Carex oxylepis var. oxylepis,Threatened,Illinois,8350580
Willdenow's Sedge,Carex willdenowii,Threatened,Illinois,2725214
Clustered Beaked Rush,Rhynchospora glomerata,Endangered,Illinois,2713065
Carolina Whipgrass,Scleria pauciflora,Endangered,Illinois,2712557
Grass-leaved Lily,Stenanthium gramineum,Threatened,Illinois,2741746
Small Yellow Lady's Slipper,Cypripedium parviflorum,Endangered,Illinois,2820475
Tubercled Orchid,Platanthera flava,Threatened,Illinois,2798014
Spring Ladies' Tresses,Spiranthes vernalis,Endangered,Illinois,2805347
Panic Grass,Dichanthelium joorii,Endangered,Illinois,2702603
Mud Plantain,Heteranthera reniformis,Endangered,Illinois,2766151
Hay-scented Fern,Dennstaedtia punctilobula,Endangered,Illinois,3605467
Log Fern,Dryopteris celsa,Endangered,Illinois,5275087
Filmy Fern,Vandenboschia boschiana,Endangered,Illinois,3607273
Cliff Clubmoss,Huperzia porophila,Threatened,Illinois,2688531
Southern Grape Fern,Sceptridium biternatum,Endangered,Illinois,3659097
Spotted Dusky Salamander,Desmognathus conanti,Endangered,Illinois,2431237
Northern Harrier,Circus hudsonius,Endangered,Illinois,5229175
Florida Bellwort,Uvularia floridana,Threatened,Illinois,2740326
King Rail,Rallus elegans,Endangered,Illinois,9480015
Shawnee Hills Cavefish,Forbesichthys papilliferus,Threatened,Illinois,
Small Flower-of-an-hour,Phemeranthus parviflorus,Threatened,Illinois,4022519
American Bittern,Botaurus lentiginosus,Endangered,Illinois,2480911
Least Bittern,Ixobrychus exilis,Threatened,Illinois,2480852
Black-crowned Night-Heron,Nycticorax nycticorax,Endangered,Illinois,2480863
Osprey,Pandion haliaetus,Threatened,Illinois,2480726
Swainson's Hawk,Buteo swainsoni,Endangered,Illinois,2480562
Common Gallinule,Gallinula galeata,Endangered,Illinois,5228200
Wilson's Phalarope,Phalaropus tricolor,Endangered,Illinois,5229389
Black Tern,Chlidonias niger,Endangered,Illinois,2481119
Black-billed Cuckoo,Coccyzus erythropthalmus,Threatened,Illinois,2496286
Short-eared Owl,Asio flammeus,Endangered,Illinois,2497295
Loggerhead Shrike,Lanius ludovicianus,Endangered,Illinois,2492870
Yellow-headed Blackbird,Xanthocephalus xanthocephalus,Endangered,Illinois,2484195
Mottled Sculpin,Cottus bairdii,Threatened,Illinois,2334131
Brassy Minnow,Hybognathus hankinsoni,Endangered,Illinois,2364394
Bigeye Shiner,Miniellus boops,Endangered,Illinois,
River Redhorse,Moxostoma carinatum,Threatened,Illinois,2358998
Greater Redhorse,Moxostoma valenciennesi,Endangered,Illinois,2358996
Starhead Topminnow,Fundulus dispar,Threatened,Illinois,5203653
Northern Long-eared Bat,Myotis septentrionalis,Endangered,Illinois,2432436
Gray/Timber Wolf,Canis lupus,Endangered,Illinois,5219173
Blanding's Turtle,Emydoidea blandingii,Endangered,Illinois,5220530
Purplish Copper,Tharsalea helloides,Threatened,Illinois,12229400
Swamp Metalmark,Calephelis muticum,Endangered,Illinois,1935899
Elfin Skimmer,Nannothemis bella,Endangered,Illinois,1428462
Purple Wartyback,Cyclonaias tuberculata,Threatened,Illinois,2287949
Spike,Eurynia dilatata,Endangered,Illinois,7637385
Wooly Milkweed,Asclepias lanuginosa,Endangered,Illinois,3170327
Forked Aster,Eurybia furcata,Threatened,Illinois,5396123
Speckled Alder,Alnus incana ssp. rugosa,Endangered,Illinois,2876469
Royal Catchfly,Silene regia,Endangered,Illinois,5384746
Pinweed,Lechea intermedia,Endangered,Illinois,5331117
Snowberry,Symphoricarpos albus var. albus,Endangered,Illinois,7222019
Narrow-leaved Sundew,Drosera intermedia,Threatened,Illinois,3191157
Leatherleaf,Chamaedaphne calyculata,Threatened,Illinois,5333436
Leafy Prairie Clover,Dalea foliosa,Endangered,Illinois,5353340
Butternut,Juglans cinerea,Endangered,Illinois,3054352
Wild Blue Sage,Salvia azurea var. grandiflora,Threatened,Illinois,8283204
Flat-leaved Bladderwort,Utricularia intermedia,Threatened,Illinois,3172413
Buckbean,Menyanthes trifoliata,Threatened,Illinois,5341511
False Bugbane,Actaea racemosa,Endangered,Illinois,7703757
Prairie Buttercup,Ranunculus rhomboideus,Endangered,Illinois,3033365
Shadbush,Amelanchier interior,Threatened,Illinois,3024097
Queen-of-the-prairie,Filipendula rubra,Threatened,Illinois,2988113
Dwarf Raspberry,Rubus pubescens,Threatened,Illinois,2989228
Kittentails,Synthyris bullii,Threatened,Illinois,3172149
Downy Yellow Painted Cup,Castilleja sessiliflora,Endangered,Illinois,3170616
American Brooklime,Veronica americana,Endangered,Illinois,3172084
Marsh Speedwell,Veronica scutellata,Threatened,Illinois,3172072
Rock Elm,Ulmus thomasii,Endangered,Illinois,5361875
Hairy White Violet,Viola blanda,Endangered,Illinois,5331300
Jack Pine,Pinus banksiana,Endangered,Illinois,5285533
Golden Sedge,Carex aurea,Threatened,Illinois,2729306
Brownish Sedge,Carex brunnescens,Endangered,Illinois,2728226
Few-seeded Sedge,Carex oligosperma,Endangered,Illinois,2725983
Little Green Sedge,Carex viridula,Threatened,Illinois,7646626
Common Bog Arrow Grass,Triglochin maritima,Threatened,Illinois,2865368
Slender Bog Arrow Grass,Triglochin palustris,Threatened,Illinois,2865280
Virginia Bunchflower,Melanthium virginicum,Endangered,Illinois,5295857
Downy Solomon's Seal,Polygonatum pubescens,Endangered,Illinois,2770201
False Asphodel,Triantha glutinosa,Threatened,Illinois,9206474
Nodding Trillium,Trillium cernuum,Endangered,Illinois,2742194
Ill-scented Trillium,Trillium erectum,Endangered,Illinois,2742342
White Camass,Zigadenus elegans,Endangered,Illinois,5295813
Grass Pink Orchid,Calopogon tuberosus,Endangered,Illinois,2842641
Spotted Coral-root Orchid,Corallorhiza maculata,Endangered,Illinois,2797273
Eastern Prairie Fringed Orchid,Platanthera leucophaea,Endangered,Illinois,2798308
Yellow-lipped Ladies' Tresses,Spiranthes lucida,Endangered,Illinois,2805336
Bearded Wheat Grass,Elymus trachycaulus,Endangered,Illinois,4104489
Spotted Pondweed,Potamogeton pulcher,Endangered,Illinois,5301137
American Bur-reed,Sparganium americanum,Endangered,Illinois,2702311
Green-fruited Bur-reed,Sparganium emersum,Endangered,Illinois,2702266
Prairie moonwort,Botrychium campestre,Endangered,Illinois,2650190
Rusty Patched Bumble Bee,Bombus affinis,Endangered,Illinois,1340481
Northern Harrier,Circus hudsonius,Endangered,Illinois,5229175
Shadbush,Amelanchier sanguinea,Endangered,Illinois,3023840
Sedge,Carex cryptolepis,Threatened,Illinois,2723912
Black-billed Cuckoo,Coccyzus erythropthalmus,Threatened,Illinois,2496286
Cerulean Warbler,Setophaga cerulea,Threatened,Illinois,6093350
Northern Brook Lamprey,Ichthyomyzon fossor,Endangered,Illinois,2421249
American Brook Lamprey,Lethenteron appendix,Threatened,Illinois,2421396
Mottled Sculpin,Cottus bairdii,Threatened,Illinois,2334131
Pallid Shiner,Hybopsis amnis,Endangered,Illinois,2366623
Bigeye Chub,Hybopsis amblops,Threatened,Illinois,2366620
Brassy Minnow,Hybognathus hankinsoni,Endangered,Illinois,2364394
Pugnose Shiner,Notropis anogenus,Endangered,Illinois,2362240
Bigeye Shiner,Miniellus boops,Endangered,Illinois,
Ironcolor Shiner,Alburnops chalybaeus,Threatened,Illinois,
Blacknose Shiner,Notropis heterolepis,Endangered,Illinois,2362139
Weed Shiner,Alburnops texanus,Endangered,Illinois,
River Redhorse,Moxostoma carinatum,Threatened,Illinois,2358998
Starhead Topminnow,Fundulus dispar,Threatened,Illinois,5203653
Western Sand Darter,Ammocrypta clara,Endangered,Illinois,2381980
Northern Long-eared Bat,Myotis septentrionalis,Endangered,Illinois,2432436
Blanding's Turtle,Emydoidea blandingii,Endangered,Illinois,5220530
Ornate Box Turtle,Terrapene ornata,Threatened,Illinois,2443168
Plains Hog-nosed Snake,Heterodon nasicus,Threatened,Illinois,5223725
Swamp Metalmark,Calephelis muticum,Endangered,Illinois,1935899
Western Regal Fritillary,Argynnis idalia occidentalis,Threatened,Illinois,1905162
Purple Wartyback,Cyclonaias tuberculata,Threatened,Illinois,2287949
Spike,Eurynia dilatata,Endangered,Illinois,7637385
Sheepnose,Plethobasus cyphyus,Endangered,Illinois,2287978
Salamander Mussel,Simpsonaias ambigua,Endangered,Illinois,2288258
Forked Aster,Eurybia furcata,Threatened,Illinois,5396123
Old Plainsman,Hymenopappus scabiosaeus,Endangered,Illinois,3110174
Shore St. John's Wort,Hypericum adpressum,Endangered,Illinois,3189524
Narrow-leaved Sundew,Drosera intermedia,Threatened,Illinois,3191157
Highbush Blueberry,Vaccinium corymbosum,Endangered,Illinois,2882849
Yellow Wild Indigo,Baptisia tinctoria,Endangered,Illinois,7943262
Buffalo Clover,Trifolium reflexum,Threatened,Illinois,5359007
Pink Corydalis,Capnoides sempervirens,Endangered,Illinois,2888522
Northern Cranesbill,Geranium bicknellii,Endangered,Illinois,2890075
Butternut,Juglans cinerea,Endangered,Illinois,3054352
Kankakee Mallow,Iliamna remota,Endangered,Illinois,6377799
Sweetfern,Comptonia peregrina,Endangered,Illinois,5414197
Pink Milkwort,Polygala incarnata,Endangered,Illinois,3191432
Carey's Heartsease,Persicaria careyi,Endangered,Illinois,2889216
Bristly Blackberry,Rubus setosus,Threatened,Illinois,7769228
Large-flowered Beard Tongue,Penstemon grandiflorus,Endangered,Illinois,3171531
Marsh Speedwell,Veronica scutellata,Threatened,Illinois,3172072
Storax,Styrax americanus,Threatened,Illinois,5371669
Corn Salad,Valerianella umbilicata,Endangered,Illinois,8607668
Primrose Violet,Viola primulifolia,Endangered,Illinois,8215820
Sedge,Carex cumulata,Endangered,Illinois,2723470
Little Green Sedge,Carex viridula,Threatened,Illinois,7646626
Hall's Bulrush,Schoenoplectiella hallii,Threatened,Illinois,2710705
Bulrush,Scirpus hattorianus,Endangered,Illinois,2720130
Pursh's Bulrush,Schoenoplectiella purshiana,Endangered,Illinois,2710808
Carolina Whipgrass,Scleria pauciflora,Endangered,Illinois,2712557
Muhlenberg's Nut Rush,Scleria muhlenbergii,Endangered,Illinois,3584169
Eastern Blue-eyed Grass,Sisyrinchium atlanticum,Endangered,Illinois,5296111
Orange Fringed Orchid,Platanthera ciliaris,Endangered,Illinois,2798080
Two-flowered Melic Grass,Melica mutica,Endangered,Illinois,2703127
American Bur-reed,Sparganium americanum,Endangered,Illinois,2702311
Green-fruited Bur-reed,Sparganium emersum,Endangered,Illinois,2702266
Oklahoma grass pink orchid,Calopogon oklahomensis,Endangered,Illinois,2842631
Northern Harrier,Circus hudsonius,Endangered,Illinois,5229175
Mudpuppy,Necturus maculosus,Threatened,Illinois,2432048
Eastern Straw Sedge,Carex straminea,Endangered,Illinois,2724367
Norton's Nomia,Nomia nortoni,Threatened,Illinois,5042306
Ainslie�s Epeolus,Epeolus ainsliei,Endangered,Illinois,1341930
Interrupted Epeolus,Epeolus interruptus,Endangered,Illinois,1341873
Monkeyface,Quadrula metanevra,Threatened,Illinois,7834176
Osprey,Pandion haliaetus,Threatened,Illinois,2480726
Loggerhead Shrike,Lanius ludovicianus,Endangered,Illinois,2492870
Mottled Sculpin,Cottus bairdii,Threatened,Illinois,2334131
River Redhorse,Moxostoma carinatum,Threatened,Illinois,2358998
Greater Redhorse,Moxostoma valenciennesi,Endangered,Illinois,2358996
Blanding's Turtle,Emydoidea blandingii,Endangered,Illinois,5220530
Purple Wartyback,Cyclonaias tuberculata,Threatened,Illinois,2287949
Spike,Eurynia dilatata,Endangered,Illinois,7637385
Forked Aster,Eurybia furcata,Threatened,Illinois,5396123
Butternut,Juglans cinerea,Endangered,Illinois,3054352
White Bergamot,Monarda clinopodia,Threatened,Illinois,5341398
Heart-leaved Plantain,Plantago cordata,Endangered,Illinois,3189759
False Bugbane,Actaea racemosa,Endangered,Illinois,7703757
Alder Buckthorn,Rhamnus alnifolia,Endangered,Illinois,9266494
Yellow Monkey Flower,Erythranthe geyeri,Endangered,Illinois,7346100
American Brooklime,Veronica americana,Endangered,Illinois,3172084
Rock Elm,Ulmus thomasii,Endangered,Illinois,5361875
Sedge,Carex bromoides,Threatened,Illinois,2729333
Beaked Spike Rush,Eleocharis rostellata,Threatened,Illinois,2717550
Bulrush,Scirpus hattorianus,Endangered,Illinois,2720130
Slender Bog Arrow Grass,Triglochin palustris,Threatened,Illinois,2865280
Showy Lady's Slipper,Cypripedium reginae,Endangered,Illinois,2820340
Rusty Patched Bumble Bee,Bombus affinis,Endangered,Illinois,1340481
Monkeyface,Quadrula metanevra,Threatened,Illinois,7834176
Rainbow,Cambarunio iris,Endangered,Illinois,9749798
Black-crowned Night-Heron,Nycticorax nycticorax,Endangered,Illinois,2480863
Forster's Tern,Sterna forsteri,Endangered,Illinois,5229247
Black Tern,Chlidonias niger,Endangered,Illinois,2481119
Mottled Sculpin,Cottus bairdii,Threatened,Illinois,2334131
Pugnose Shiner,Notropis anogenus,Endangered,Illinois,2362240
Blackchin Shiner,Miniellus heterodon,Threatened,Illinois,
Blacknose Shiner,Notropis heterolepis,Endangered,Illinois,2362139
Blanding's Turtle,Emydoidea blandingii,Endangered,Illinois,5220530
Sea Rocket,Cakile edentula var. lacustris,Threatened,Illinois,6392766
Marsh Speedwell,Veronica scutellata,Threatened,Illinois,3172072
Grass Pink Orchid,Calopogon tuberosus,Endangered,Illinois,2842641
Tubercled Orchid,Platanthera flava,Threatened,Illinois,2798014
Marram Grass,Ammophila breviligulata,Threatened,Illinois,9432066
White-stemmed Pondweed,Potamogeton praelongus,Endangered,Illinois,5301213
Western Banded Killifish,Fundulus diaphanus menona,Threatened,Illinois,5712054
Four-toed Salamander,Hemidactylium scutatum,Threatened,Illinois,2431666
Upland Sandpiper,Bartramia longicauda,Endangered,Illinois,2481705
Cerulean Warbler,Setophaga cerulea,Threatened,Illinois,6093350
Brassy Minnow,Hybognathus hankinsoni,Endangered,Illinois,2364394
Starhead Topminnow,Fundulus dispar,Threatened,Illinois,5203653
Redspotted Sunfish,Lepomis miniatus,Threatened,Illinois,2394505
Indiana Bat,Myotis sodalis,Endangered,Illinois,2432418
Smooth Softshell,Apalone mutica,Threatened,Illinois,2442712
Eastern Massasauga,Sistrurus catenatus,Endangered,Illinois,9223124
White Bergamot,Monarda clinopodia,Threatened,Illinois,5341398
False Bugbane,Actaea racemosa,Endangered,Illinois,7703757
Virginia Bunchflower,Melanthium virginicum,Endangered,Illinois,5295857
Ill-scented Trillium,Trillium erectum,Endangered,Illinois,2742342
Monkeyface,Quadrula metanevra,Threatened,Illinois,7834176
Northern Brook Lamprey,Ichthyomyzon fossor,Endangered,Illinois,2421249
Gravel Chub,Erimystax x-punctatus,Threatened,Illinois,2362094
Crystal Darter,Crystallaria asprella,Endangered,Illinois,2382195
Harlequin Darter,Etheostoma histrio,Endangered,Illinois,2382337
Indiana Bat,Myotis sodalis,Endangered,Illinois,2432418
Elephant-ear,Elliptio crassidens,Endangered,Illinois,2288338
Ebonyshell,Reginaia ebenus,Endangered,Illinois,7436337
Sheepnose,Plethobasus cyphyus,Endangered,Illinois,2287978
Fat Pocketbook,Potamilus capax,Endangered,Illinois,2287988
Bloodleaf,Iresine rhizomatosa,Endangered,Illinois,3085031
Monkeyface,Quadrula metanevra,Threatened,Illinois,7834176
Four-toed Salamander,Hemidactylium scutatum,Threatened,Illinois,2431666
Black-crowned Night-Heron,Nycticorax nycticorax,Endangered,Illinois,2480863
Upland Sandpiper,Bartramia longicauda,Endangered,Illinois,2481705
Loggerhead Shrike,Lanius ludovicianus,Endangered,Illinois,2492870
Cerulean Warbler,Setophaga cerulea,Threatened,Illinois,6093350
Mottled Sculpin,Cottus bairdii,Threatened,Illinois,2334131
Lake Sturgeon,Acipenser fulvescens,Endangered,Illinois,2402120
Pallid Shiner,Hybopsis amnis,Endangered,Illinois,2366623
Blacknose Shiner,Notropis heterolepis,Endangered,Illinois,2362139
Weed Shiner,Alburnops texanus,Endangered,Illinois,
River Redhorse,Moxostoma carinatum,Threatened,Illinois,2358998
Greater Redhorse,Moxostoma valenciennesi,Endangered,Illinois,2358996
Trout-perch,Percopsis omiscomaycus,Threatened,Illinois,2401709
Gray Bat,Myotis grisescens,Endangered,Illinois,
Indiana Bat,Myotis sodalis,Endangered,Illinois,2432418
Northern Long-eared Bat,Myotis septentrionalis,Endangered,Illinois,2432436
Gray/Timber Wolf,Canis lupus,Endangered,Illinois,5219173
Blanding's Turtle,Emydoidea blandingii,Endangered,Illinois,5220530
Timber Rattlesnake,Crotalus horridus,Threatened,Illinois,2444468
Western Regal Fritillary,Argynnis idalia occidentalis,Threatened,Illinois,1905162
Spike,Eurynia dilatata,Endangered,Illinois,7637385
Forked Aster,Eurybia furcata,Threatened,Illinois,5396123
Decurrent False Aster,Boltonia decurrens,Threatened,Illinois,5393595
Cliff Goldenrod,Solidago sciaphila,Threatened,Illinois,5389004
Bunchberry,Cornus canadensis,Endangered,Illinois,3082270
Red-berried Elder,Sambucus racemosa ssp. pubens,Endangered,Illinois,8250865
Snowberry,Symphoricarpos albus var. albus,Endangered,Illinois,7222019
Golden Corydalis,Corydalis aurea,Endangered,Illinois,5334210
Pink Corydalis,Capnoides sempervirens,Endangered,Illinois,2888522
Butternut,Juglans cinerea,Endangered,Illinois,3054352
Heart-leaved Plantain,Plantago cordata,Endangered,Illinois,3189759
Queen-of-the-prairie,Filipendula rubra,Threatened,Illinois,2988113
Pale False Foxglove,Agalinis skinneriana,Threatened,Illinois,3171219
American Brooklime,Veronica americana,Endangered,Illinois,3172084
Corn Salad,Valerianella umbilicata,Endangered,Illinois,8607668
Red Pine,Pinus resinosa,Endangered,Illinois,5285067
Plantain-leaved Sedge,Carex plantaginea,Endangered,Illinois,2723909
Hairy Woodrush,Luzula acuminata,Endangered,Illinois,2700818
Small Yellow Lady's Slipper,Cypripedium parviflorum,Endangered,Illinois,2820475
Eastern Prairie Fringed Orchid,Platanthera leucophaea,Endangered,Illinois,2798308
Hemlock Panic Grass,Dichanthelium portoricense,Endangered,Illinois,4133779
Weak Bluegrass,Poa saltuensis ssp. languida,Endangered,Illinois,2704318
Rusty Patched Bumble Bee,Bombus affinis,Endangered,Illinois,1340481
Mudpuppy,Necturus maculosus,Threatened,Illinois,2432048
Shadbush,Amelanchier sanguinea,Endangered,Illinois,3023840
Long Beech Fern,Phegopteris connectilis,Endangered,Illinois,2651330
American Bittern,Botaurus lentiginosus,Endangered,Illinois,2480911
Least Bittern,Ixobrychus exilis,Threatened,Illinois,2480852
Black-crowned Night-Heron,Nycticorax nycticorax,Endangered,Illinois,2480863
Osprey,Pandion haliaetus,Threatened,Illinois,2480726
Common Gallinule,Gallinula galeata,Endangered,Illinois,5228200
Piping Plover,Charadrius melodus,Endangered,Illinois,2480283
Upland Sandpiper,Bartramia longicauda,Endangered,Illinois,2481705
Wilson's Phalarope,Phalaropus tricolor,Endangered,Illinois,5229389
Common Tern,Sterna hirundo,Endangered,Illinois,9367409
Forster's Tern,Sterna forsteri,Endangered,Illinois,5229247
Black Tern,Chlidonias niger,Endangered,Illinois,2481119
Black-billed Cuckoo,Coccyzus erythropthalmus,Threatened,Illinois,2496286
Short-eared Owl,Asio flammeus,Endangered,Illinois,2497295
Cerulean Warbler,Setophaga cerulea,Threatened,Illinois,6093350
Yellow-headed Blackbird,Xanthocephalus xanthocephalus,Endangered,Illinois,2484195
Mottled Sculpin,Cottus bairdii,Threatened,Illinois,2334131
Lake Sturgeon,Acipenser fulvescens,Endangered,Illinois,2402120
Cisco,Coregonus artedi,Endangered,Illinois,2351092
Pugnose Shiner,Notropis anogenus,Endangered,Illinois,2362240
Blackchin Shiner,Miniellus heterodon,Threatened,Illinois,
Blacknose Shiner,Notropis heterolepis,Endangered,Illinois,2362139
Longnose Sucker,Catostomus catostomus,Threatened,Illinois,4286868
Trout-perch,Percopsis omiscomaycus,Threatened,Illinois,2401709
Starhead Topminnow,Fundulus dispar,Threatened,Illinois,5203653
Northern Long-eared Bat,Myotis septentrionalis,Endangered,Illinois,2432436
Gray/Timber Wolf,Canis lupus,Endangered,Illinois,5219173
Blanding's Turtle,Emydoidea blandingii,Endangered,Illinois,5220530
Yellow Mud Turtle,Kinosternon flavescens,Endangered,Illinois,2442437
Eastern Massasauga,Sistrurus catenatus,Endangered,Illinois,9223124
Red-tailed Prairie Leafhopper,Aflexia rubranura,Threatened,Illinois,2034384
Purplish Copper,Tharsalea helloides,Threatened,Illinois,12229400
Hoary Elfin,Incisalia polios,Endangered,Illinois,1932417
Aphrodite Fritillary,Argynnis aphrodite,Threatened,Illinois,1905301
Forked Aster,Eurybia furcata,Threatened,Illinois,5396123
Decurrent False Aster,Boltonia decurrens,Threatened,Illinois,5393595
Pitcher's (Dune) Thistle,Cirsium pitcheri,Endangered,Illinois,3113668
Tall Sunflower,Helianthus giganteus,Endangered,Illinois,3119240
Water Marigold,Bidens beckii,Endangered,Illinois,5392023
Speckled Alder,Alnus incana ssp. rugosa,Endangered,Illinois,2876469
Yellow Birch,Betula alleghaniensis,Endangered,Illinois,5331779
Sea Rocket,Cakile edentula var. lacustris,Threatened,Illinois,6392766
Pinweed,Lechea intermedia,Endangered,Illinois,5331117
Kalm's St. John's Wort,Hypericum kalmianum,Endangered,Illinois,3189461
Bunchberry,Cornus canadensis,Endangered,Illinois,3082270
Red Honeysuckle,Lonicera dioica var. glaucescens,Endangered,Illinois,5334261
Red-berried Elder,Sambucus racemosa ssp. pubens,Endangered,Illinois,8250865
Snowberry,Symphoricarpos albus var. albus,Endangered,Illinois,7222019
American Orpine,Hylotelephium telephioides,Threatened,Illinois,2985869
Round-leaved Sundew,Drosera rotundifolia,Endangered,Illinois,3191030
Buffaloberry,Shepherdia canadensis,Endangered,Illinois,5372427
Bog Rosemary,Andromeda glaucophylla,Endangered,Illinois,5684071
Bearberry,Arctostaphylos uva-ursi,Endangered,Illinois,2882580
Leatherleaf,Chamaedaphne calyculata,Threatened,Illinois,5333436
Highbush Blueberry,Vaccinium corymbosum,Endangered,Illinois,2882849
Large Cranberry,Vaccinium macrocarpon,Endangered,Illinois,2882841
Small Cranberry,Vaccinium oxycoccos,Endangered,Illinois,2882940
Seaside Spurge,Euphorbia polygonifolia,Threatened,Illinois,3065669
Pale Vetchling,Lathyrus ochroleucus,Threatened,Illinois,5356371
Wood Vetch,Vicia caroliniana,Endangered,Illinois,2975000
Northern Cranesbill,Geranium bicknellii,Endangered,Illinois,2890075
Northern Gooseberry,Ribes hirtellum,Endangered,Illinois,2986164
Butternut,Juglans cinerea,Endangered,Illinois,3054352
Horned Bladderwort,Utricularia cornuta,Endangered,Illinois,3172437
Flat-leaved Bladderwort,Utricularia intermedia,Threatened,Illinois,3172413
Small Bladderwort,Utricularia minor,Endangered,Illinois,3172414
Buckbean,Menyanthes trifoliata,Threatened,Illinois,5341511
Downy Willow Herb,Epilobium strictum,Endangered,Illinois,3189105
Clustered Broomrape,Orobanche fasciculata,Endangered,Illinois,3173264
False Bugbane,Actaea racemosa,Endangered,Illinois,7703757
Redroot,Ceanothus herbaceus,Endangered,Illinois,3039322
Alder Buckthorn,Rhamnus alnifolia,Endangered,Illinois,9266494
Shadbush,Amelanchier interior,Threatened,Illinois,3024097
Queen-of-the-prairie,Filipendula rubra,Threatened,Illinois,2988113
Dwarf Raspberry,Rubus pubescens,Threatened,Illinois,2989228
Balsam Poplar,Populus balsamifera,Endangered,Illinois,3040184
Autumn Willow,Salix serissima,Endangered,Illinois,5372979
Dune Willow,Salix cordata,Endangered,Illinois,5372629
Pale False Foxglove,Agalinis skinneriana,Threatened,Illinois,3171219
Downy Yellow Painted Cup,Castilleja sessiliflora,Endangered,Illinois,3170616
Large-flowered Beard Tongue,Penstemon grandiflorus,Endangered,Illinois,3171531
Marsh Speedwell,Veronica scutellata,Threatened,Illinois,3172072
Canada Violet,Viola canadensis,Endangered,Illinois,5331231
Hairy White Violet,Viola blanda,Endangered,Illinois,5331300
Trailing Juniper,Juniperus horizontalis,Endangered,Illinois,2684410
Tamarack,Larix laricina,Endangered,Illinois,2686231
Jack Pine,Pinus banksiana,Endangered,Illinois,5285533
Water Arum,Calla palustris,Endangered,Illinois,2869101
Golden Sedge,Carex aurea,Threatened,Illinois,2729306
Sedge,Carex bromoides,Threatened,Illinois,2729333
Brownish Sedge,Carex brunnescens,Endangered,Illinois,2728226
Hoary Sedge,Carex canescens,Endangered,Illinois,2722942
Cordroot Sedge,Carex chordorrhiza,Endangered,Illinois,2728174
Sedge,Carex crawfordii,Endangered,Illinois,2722380
Sedge,Carex diandra,Endangered,Illinois,2723156
Shortleaf Sedge,Carex disperma,Endangered,Illinois,2723500
Sedge,Carex echinata,Endangered,Illinois,2726894
Sedge,Carex garberi,Endangered,Illinois,2727544
Swollen Sedge,Carex intumescens,Threatened,Illinois,2727755
Mud Sedge,Carex limosa,Endangered,Illinois,2725881
Few-seeded Sedge,Carex oligosperma,Endangered,Illinois,2725983
Pale Sedge,Carex pallescens,Endangered,Illinois,2726592
Plantain-leaved Sedge,Carex plantaginea,Endangered,Illinois,2723909
Tuckerman's Sedge,Carex tuckermanii,Endangered,Illinois,2723291
Little Green Sedge,Carex viridula,Threatened,Illinois,7646626
Capitate Spikerush,Eleocharis olivacea,Endangered,Illinois,7766369
Few-flowered Spikerush,Eleocharis quinqueflora,Endangered,Illinois,2717493
Beaked Spike Rush,Eleocharis rostellata,Threatened,Illinois,2717550
Slender Cotton Sedge,Eriophorum gracile,Endangered,Illinois,2730137
Rusty Cotton Grass,Eriophorum virginicum,Endangered,Illinois,2730250
Beaked Rush,Rhynchospora alba,Endangered,Illinois,2721119
Tufted Bulrush,Trichophorum cespitosum,Endangered,Illinois,2710592
Bulrush,Scirpus hattorianus,Endangered,Illinois,2720130
Small-fruited Bulrush,Scirpus microcarpus,Endangered,Illinois,2717391
Smith's Bulrush,Schoenoplectiella smithii,Endangered,Illinois,8196059
Mountain Blue-eyed Grass,Sisyrinchium montanum,Endangered,Illinois,5296178
Common Bog Arrow Grass,Triglochin maritima,Threatened,Illinois,2865368
Slender Bog Arrow Grass,Triglochin palustris,Threatened,Illinois,2865280
Downy Solomon's Seal,Polygonatum pubescens,Endangered,Illinois,2770201
False Asphodel,Triantha glutinosa,Threatened,Illinois,9206474
Nodding Trillium,Trillium cernuum,Endangered,Illinois,2742194
Ill-scented Trillium,Trillium erectum,Endangered,Illinois,2742342
Grass Pink Orchid,Calopogon tuberosus,Endangered,Illinois,2842641
Spotted Coral-root Orchid,Corallorhiza maculata,Endangered,Illinois,2797273
Small Yellow Lady's Slipper,Cypripedium parviflorum,Endangered,Illinois,2820475
Showy Lady's Slipper,Cypripedium reginae,Endangered,Illinois,2820340
Wood Orchid,Platanthera clavellata,Endangered,Illinois,2797979
Tubercled Orchid,Platanthera flava,Threatened,Illinois,2798014
Eastern Prairie Fringed Orchid,Platanthera leucophaea,Endangered,Illinois,2798308
Purple Fringed Orchid,Platanthera psycodes,Endangered,Illinois,2798313
Snake-mouth,Pogonia ophioglossoides,Endangered,Illinois,8036652
Yellow-lipped Ladies' Tresses,Spiranthes lucida,Endangered,Illinois,2805336
Marram Grass,Ammophila breviligulata,Threatened,Illinois,9432066
American Slough Grass,Beckmannia syzigachne,Endangered,Illinois,5290059
Bearded Wheat Grass,Elymus trachycaulus,Endangered,Illinois,4104489
Grove Bluegrass,Poa alsodes,Endangered,Illinois,2704219
Weak Bluegrass,Poa saltuensis ssp. languida,Endangered,Illinois,2704318
Grass-leaved Pondweed,Potamogeton gramineus,Threatened,Illinois,5301183
White-stemmed Pondweed,Potamogeton praelongus,Endangered,Illinois,5301213
Fern Pondweed,Potamogeton robbinsii,Endangered,Illinois,5301182
Stiff Pondweed,Potamogeton strictifolius,Endangered,Illinois,5301217
Sedge,Carex formosa,Endangered,Illinois,2729219
Rusty Patched Bumble Bee,Bombus affinis,Endangered,Illinois,1340481
Richardson's Rush,Juncus alpinoarticulatus,Threatened,Illinois,2701930
Hair Bladderwort,Utricularia subulata,Endangered,Illinois,3172419
Western Banded Killifish,Fundulus diaphanus menona,Threatened,Illinois,5712054
Northern Harrier,Circus hudsonius,Endangered,Illinois,5229175
Star-flower,Trientalis borealis,Endangered,Illinois,7983163
Three-seeded Sedge,Carex trisperma,Endangered,Illinois,2725572
Cuckoo Flower,Cardamine pratensis var. palustris,Endangered,Illinois,3045762
Andrews� Cellophane Bee,Colletes andrewsi,Endangered,Illinois,1348535
Ainslie�s Epeolus,Epeolus ainsliei,Endangered,Illinois,1341930
Interrupted Epeolus,Epeolus interruptus,Endangered,Illinois,1341873
Pitcher Plant,Sarracenia purpurea,Endangered,Illinois,5421389
Shadbush,Amelanchier sanguinea,Endangered,Illinois,3023840
King Rail,Rallus elegans,Endangered,Illinois,9480015
Rainbow,Cambarunio iris,Endangered,Illinois,9749798
Ground Juniper,Juniperus communis,Endangered,Illinois,2684709
Sedge,Carex cryptolepis,Threatened,Illinois,2723912
Least Bittern,Ixobrychus exilis,Threatened,Illinois,2480852
Black-crowned Night-Heron,Nycticorax nycticorax,Endangered,Illinois,2480863
Common Gallinule,Gallinula galeata,Endangered,Illinois,5228200
Black-billed Cuckoo,Coccyzus erythropthalmus,Threatened,Illinois,2496286
Yellow-headed Blackbird,Xanthocephalus xanthocephalus,Endangered,Illinois,2484195
Northern Brook Lamprey,Ichthyomyzon fossor,Endangered,Illinois,2421249
Ironcolor Shiner,Alburnops chalybaeus,Threatened,Illinois,
Weed Shiner,Alburnops texanus,Endangered,Illinois,
River Redhorse,Moxostoma carinatum,Threatened,Illinois,2358998
Starhead Topminnow,Fundulus dispar,Threatened,Illinois,5203653
Blanding's Turtle,Emydoidea blandingii,Endangered,Illinois,5220530
Little Green Sedge,Carex viridula,Threatened,Illinois,7646626
Capitate Spikerush,Eleocharis olivacea,Endangered,Illinois,7766369
Grass-leaved Pondweed,Potamogeton gramineus,Threatened,Illinois,5301183
Western Banded Killifish,Fundulus diaphanus menona,Threatened,Illinois,5712054
Four-toed Salamander,Hemidactylium scutatum,Threatened,Illinois,2431666
Least Bittern,Ixobrychus exilis,Threatened,Illinois,2480852
Black-crowned Night-Heron,Nycticorax nycticorax,Endangered,Illinois,2480863
Yellow-crowned Night-Heron,Nyctanassa violacea,Endangered,Illinois,2480953
Common Gallinule,Gallinula galeata,Endangered,Illinois,5228200
Upland Sandpiper,Bartramia longicauda,Endangered,Illinois,2481705
Wilson's Phalarope,Phalaropus tricolor,Endangered,Illinois,5229389
Black-billed Cuckoo,Coccyzus erythropthalmus,Threatened,Illinois,2496286
Loggerhead Shrike,Lanius ludovicianus,Endangered,Illinois,2492870
Cerulean Warbler,Setophaga cerulea,Threatened,Illinois,6093350
River Chub,Nocomis micropogon,Endangered,Illinois,2365441
Gravel Chub,Erimystax x-punctatus,Threatened,Illinois,2362094
Redspotted Sunfish,Lepomis miniatus,Threatened,Illinois,2394505
Crystal Darter,Crystallaria asprella,Endangered,Illinois,2382195
Eastern Sand Darter,Ammocrypta pellucida,Threatened,Illinois,2381982
Indiana Bat,Myotis sodalis,Endangered,Illinois,2432418
Northern Long-eared Bat,Myotis septentrionalis,Endangered,Illinois,2432436
Ornate Box Turtle,Terrapene ornata,Threatened,Illinois,2443168
Smooth Softshell,Apalone mutica,Threatened,Illinois,2442712
Eastern Ribbon Snake,Thamnophis saurita,Threatened,Illinois,2457577
Elephant-ear,Elliptio crassidens,Endangered,Illinois,2288338
Ebonyshell,Reginaia ebenus,Endangered,Illinois,7436337
Sheepnose,Plethobasus cyphyus,Endangered,Illinois,2287978
Shawnee Rocksnail,Lithasia obovata,Endangered,Illinois,2302312
Bloodleaf,Iresine rhizomatosa,Endangered,Illinois,3085031
Royal Catchfly,Silene regia,Endangered,Illinois,5384746
Shore St. John's Wort,Hypericum adpressum,Endangered,Illinois,3189524
Prairie Rose Gentian,Sabatia campestris,Endangered,Illinois,5414501
Wild Blue Sage,Salvia azurea var. grandiflora,Threatened,Illinois,8283204
Halberd-leaved Tearthumb,Tracaulon arifolium,Endangered,Illinois,4036886
Leatherflower,Clematis viorna,Endangered,Illinois,3033562
Tube Beard Tongue,Penstemon tubaeflorus,Endangered,Illinois,7332148
Storax,Styrax americanus,Threatened,Illinois,5371669
Winged Sedge,Carex alata,Endangered,Illinois,2725894
Arkansas Sedge,Carex arkansana,Endangered,Illinois,2727559
Sedge,Carex bromoides,Threatened,Illinois,2729333
Large Sedge,Carex gigantea,Endangered,Illinois,2728850
Drooping Sedge,Carex prasina,Threatened,Illinois,2726203
Grass-leaved Lily,Stenanthium gramineum,Threatened,Illinois,2741746
Running Pine,Lycopodium clavatum,Endangered,Illinois,2688393
King Rail,Rallus elegans,Endangered,Illinois,9480015
Monkeyface,Quadrula metanevra,Threatened,Illinois,7834176
Lake Sturgeon,Acipenser fulvescens,Endangered,Illinois,2402120
Smooth Softshell,Apalone mutica,Threatened,Illinois,2442712
Spectaclecase,Margaritifera monodonta,Endangered,Illinois,2287869
Butterfly,Ellipsaria lineolata,Threatened,Illinois,2288379
Sheepnose,Plethobasus cyphyus,Endangered,Illinois,2287978
Monkeyface,Quadrula metanevra,Threatened,Illinois,7834176
Least Bittern,Ixobrychus exilis,Threatened,Illinois,2480852
Black-crowned Night-Heron,Nycticorax nycticorax,Endangered,Illinois,2480863
Black Rail,Laterallus jamaicensis,Endangered,Illinois,2474590
Common Gallinule,Gallinula galeata,Endangered,Illinois,5228200
Upland Sandpiper,Bartramia longicauda,Endangered,Illinois,2481705
Black-billed Cuckoo,Coccyzus erythropthalmus,Threatened,Illinois,2496286
Short-eared Owl,Asio flammeus,Endangered,Illinois,2497295
Loggerhead Shrike,Lanius ludovicianus,Endangered,Illinois,2492870
Yellow-headed Blackbird,Xanthocephalus xanthocephalus,Endangered,Illinois,2484195
Northern Brook Lamprey,Ichthyomyzon fossor,Endangered,Illinois,2421249
American Brook Lamprey,Lethenteron appendix,Threatened,Illinois,2421396
Brassy Minnow,Hybognathus hankinsoni,Endangered,Illinois,2364394
Ozark Minnow,Miniellus nubilus,Threatened,Illinois,
Weed Shiner,Alburnops texanus,Endangered,Illinois,
Gravel Chub,Erimystax x-punctatus,Threatened,Illinois,2362094
Starhead Topminnow,Fundulus dispar,Threatened,Illinois,5203653
Northern Long-eared Bat,Myotis septentrionalis,Endangered,Illinois,2432436
Blanding's Turtle,Emydoidea blandingii,Endangered,Illinois,5220530
Ornate Box Turtle,Terrapene ornata,Threatened,Illinois,2443168
Yellow Mud Turtle,Kinosternon flavescens,Endangered,Illinois,2442437
Smooth Softshell,Apalone mutica,Threatened,Illinois,2442712
Plains Hog-nosed Snake,Heterodon nasicus,Threatened,Illinois,5223725
Purplish Copper,Tharsalea helloides,Threatened,Illinois,12229400
Aphrodite Fritillary,Argynnis aphrodite,Threatened,Illinois,1905301
Western Regal Fritillary,Argynnis idalia occidentalis,Threatened,Illinois,1905162
Purple Wartyback,Cyclonaias tuberculata,Threatened,Illinois,2287949
Wooly Milkweed,Asclepias lanuginosa,Endangered,Illinois,3170327
Forked Aster,Eurybia furcata,Threatened,Illinois,5396123
Yellow Birch,Betula alleghaniensis,Endangered,Illinois,5331779
Royal Catchfly,Silene regia,Endangered,Illinois,5384746
False Heather,Hudsonia tomentosa,Endangered,Illinois,5331111
Pinweed,Lechea intermedia,Endangered,Illinois,5331117
Kalm's St. John's Wort,Hypericum kalmianum,Endangered,Illinois,3189461
Narrow-leaved Sundew,Drosera intermedia,Threatened,Illinois,3191157
Prairie Bush Clover,Lespedeza leptostachya,Endangered,Illinois,2955734
Northern Gooseberry,Ribes hirtellum,Endangered,Illinois,2986164
Butternut,Juglans cinerea,Endangered,Illinois,3054352
Sweetfern,Comptonia peregrina,Endangered,Illinois,5414197
Broomrape,Orobanche ludoviciana,Threatened,Illinois,3738693
Pink Milkwort,Polygala incarnata,Endangered,Illinois,3191432
Queen-of-the-prairie,Filipendula rubra,Threatened,Illinois,2988113
Bristly Blackberry,Rubus setosus,Threatened,Illinois,7769228
Kittentails,Synthyris bullii,Threatened,Illinois,3172149
Downy Yellow Painted Cup,Castilleja sessiliflora,Endangered,Illinois,3170616
Yellow Monkey Flower,Erythranthe geyeri,Endangered,Illinois,7346100
Large-flowered Beard Tongue,Penstemon grandiflorus,Endangered,Illinois,3171531
Sedge,Carex crawfordii,Endangered,Illinois,2722380
White-edge Sedge,Carex debilis,Endangered,Illinois,2724457
Carolina Whipgrass,Scleria pauciflora,Endangered,Illinois,2712557
Muhlenberg's Nut Rush,Scleria muhlenbergii,Endangered,Illinois,3584169
Grass Pink Orchid,Calopogon tuberosus,Endangered,Illinois,2842641
Wood Orchid,Platanthera clavellata,Endangered,Illinois,2797979
Tubercled Orchid,Platanthera flava,Threatened,Illinois,2798014
Eastern Prairie Fringed Orchid,Platanthera leucophaea,Endangered,Illinois,2798308
American Bur-reed,Sparganium americanum,Endangered,Illinois,2702311
Green-fruited Bur-reed,Sparganium emersum,Endangered,Illinois,2702266
Rusty Woodsia,Woodsia ilvensis,Endangered,Illinois,5275075
Bog Clubmoss,Lycopodiella inundata,Endangered,Illinois,2688345
Dwarf Grape Fern,Botrychium simplex,Endangered,Illinois,2650180
Rusty Patched Bumble Bee,Bombus affinis,Endangered,Illinois,1340481
Northern Harrier,Circus hudsonius,Endangered,Illinois,5229175
Eastern Scaly Miner Bee,Andrena quintilis,Endangered,Illinois,1357815
Mining Bee,Protandrena bancrofti,Threatened,Illinois,1355477
Walsh's Anthophora,Anthophora walshii,Threatened,Illinois,5040392
Alumroot Cellophane Bee,Colletes aestivalis,Endangered,Illinois,1348728
Norton's Nomia,Nomia nortoni,Threatened,Illinois,5042306
Naked Oil-collecting Bee,Macropis nuda,Endangered,Illinois,1345897
Andrews� Cellophane Bee,Colletes andrewsi,Endangered,Illinois,1348535
Ainslie�s Epeolus,Epeolus ainsliei,Endangered,Illinois,1341930
Interrupted Epeolus,Epeolus interruptus,Endangered,Illinois,1341873
Daisyleaf Grape Fern,Botrychium matricariifolium,Endangered,Illinois,9225633
Baker�s Nomia,Dieunomia nevadensis bakeri,Threatened,Illinois,6252875
Butterfly,Ellipsaria lineolata,Threatened,Illinois,2288379
Sheepnose,Plethobasus cyphyus,Endangered,Illinois,2287978
Monkeyface,Quadrula metanevra,Threatened,Illinois,7834176
Lake Sturgeon,Acipenser fulvescens,Endangered,Illinois,2402120
Western Sand Darter,Ammocrypta clara,Endangered,Illinois,2381980
Spectaclecase,Margaritifera monodonta,Endangered,Illinois,2287869
Butterfly,Ellipsaria lineolata,Threatened,Illinois,2288379
Upland Sandpiper,Bartramia longicauda,Endangered,Illinois,2481705
Short-eared Owl,Asio flammeus,Endangered,Illinois,2497295
River Redhorse,Moxostoma carinatum,Threatened,Illinois,2358998
Greater Redhorse,Moxostoma valenciennesi,Endangered,Illinois,2358996
Northern Long-eared Bat,Myotis septentrionalis,Endangered,Illinois,2432436
Franklin's Ground Squirrel,Poliocitellus franklinii,Threatened,Illinois,7946545
Eryngium Stem Borer,Papaipema eryngii,Threatened,Illinois,1778047
Spike,Eurynia dilatata,Endangered,Illinois,7637385
Smooth Softshell,Apalone mutica,Threatened,Illinois,2442712
Bigclaw Crayfish,Faxonius placidus,Endangered,Illinois,9051396
Butterfly,Ellipsaria lineolata,Threatened,Illinois,2288379
Ebonyshell,Reginaia ebenus,Endangered,Illinois,7436337
Lea's Bog Lichen,Phaeophyscia leana,Threatened,Illinois,3428423
Monkeyface,Quadrula metanevra,Threatened,Illinois,7834176
Illinois Chorus Frog,Pseudacris illinoensis,Threatened,Illinois,2428134
Upland Sandpiper,Bartramia longicauda,Endangered,Illinois,2481705
American Brook Lamprey,Lethenteron appendix,Threatened,Illinois,2421396
Indiana Bat,Myotis sodalis,Endangered,Illinois,2432418
Northern Long-eared Bat,Myotis septentrionalis,Endangered,Illinois,2432436
Smooth Softshell,Apalone mutica,Threatened,Illinois,2442712
Wild Blue Sage,Salvia azurea var. grandiflora,Threatened,Illinois,8283204
Monkeyface,Quadrula metanevra,Threatened,Illinois,7834176
Bigeye Shiner,Miniellus boops,Endangered,Illinois,
Spectaclecase,Margaritifera monodonta,Endangered,Illinois,2287869
Butterfly,Ellipsaria lineolata,Threatened,Illinois,2288379
Ebonyshell,Reginaia ebenus,Endangered,Illinois,7436337
Higgins Eye,Lampsilis higginsii,Endangered,Illinois,2288133
Sheepnose,Plethobasus cyphyus,Endangered,Illinois,2287978
Monkeyface,Quadrula metanevra,Threatened,Illinois,7834176
Upland Sandpiper,Bartramia longicauda,Endangered,Illinois,2481705
Bewick's Wren,Thryomanes bewickii,Endangered,Illinois,2493843
Kirtland's Snake,Clonophis kirtlandii,Threatened,Illinois,2456368
Hill Prairie Larkspur,Delphinium carolinianum,Endangered,Illinois,3033700
Wild Hyacinth,Camassia angusta,Endangered,Illinois,2769080
Rusty Patched Bumble Bee,Bombus affinis,Endangered,Illinois,1340481
Indiana Bat,Myotis sodalis,Endangered,Illinois,2432418
Franklin's Ground Squirrel,Poliocitellus franklinii,Threatened,Illinois,7946545
Ornate Box Turtle,Terrapene ornata,Threatened,Illinois,2443168
Kirtland's Snake,Clonophis kirtlandii,Threatened,Illinois,2456368
Royal Catchfly,Silene regia,Endangered,Illinois,5384746
Large Ground Plum,Astragalus crassicarpus var. trichocalyx,Endangered,Illinois,8339156
Harvey's Buttercup,Ranunculus harveyi,Threatened,Illinois,7382396
Eastern Blue-eyed Grass,Sisyrinchium atlanticum,Endangered,Illinois,5296111
Virginia Bunchflower,Melanthium virginicum,Endangered,Illinois,5295857
Green Trillium,Trillium viride,Endangered,Illinois,2742258
Illinois Chorus Frog,Pseudacris illinoensis,Threatened,Illinois,2428134
Least Bittern,Ixobrychus exilis,Threatened,Illinois,2480852
Little Blue Heron,Egretta caerulea,Endangered,Illinois,2480894
Black-crowned Night-Heron,Nycticorax nycticorax,Endangered,Illinois,2480863
Yellow-crowned Night-Heron,Nyctanassa violacea,Endangered,Illinois,2480953
Osprey,Pandion haliaetus,Threatened,Illinois,2480726
Common Gallinule,Gallinula galeata,Endangered,Illinois,5228200
Least Tern,Sternula antillarum,Endangered,Illinois,5789285
Yellow-headed Blackbird,Xanthocephalus xanthocephalus,Endangered,Illinois,2484195
Lake Sturgeon,Acipenser fulvescens,Endangered,Illinois,2402120
Pallid Sturgeon,Scaphirhynchus albus,Endangered,Illinois,2402088
Bigeye Shiner,Miniellus boops,Endangered,Illinois,
Western Sand Darter,Ammocrypta clara,Endangered,Illinois,2381980
Indiana Bat,Myotis sodalis,Endangered,Illinois,2432418
Northern Long-eared Bat,Myotis septentrionalis,Endangered,Illinois,2432436
Ornate Box Turtle,Terrapene ornata,Threatened,Illinois,2443168
Lined Snake,Tropidoclonion lineatum,Threatened,Illinois,2454441
Timber Rattlesnake,Crotalus horridus,Threatened,Illinois,2444468
Eastern Massasauga,Sistrurus catenatus,Endangered,Illinois,9223124
Spectaclecase,Margaritifera monodonta,Endangered,Illinois,2287869
Butterfly,Ellipsaria lineolata,Threatened,Illinois,2288379
Ebonyshell,Reginaia ebenus,Endangered,Illinois,7436337
Decurrent False Aster,Boltonia decurrens,Threatened,Illinois,5393595
Royal Catchfly,Silene regia,Endangered,Illinois,5384746
Prairie Spiderwort,Tradescantia bracteata,Endangered,Illinois,2765168
Green Trillium,Trillium viride,Endangered,Illinois,2742258
Spring Ladies' Tresses,Spiranthes vernalis,Endangered,Illinois,2805347
Monkeyface,Quadrula metanevra,Threatened,Illinois,7834176
Blue Hearts,Buchnera americana,Threatened,Illinois,5415032
Least Bittern,Ixobrychus exilis,Threatened,Illinois,2480852
Black-crowned Night-Heron,Nycticorax nycticorax,Endangered,Illinois,2480863
Yellow-crowned Night-Heron,Nyctanassa violacea,Endangered,Illinois,2480953
Greater Prairie-Chicken,Tympanuchus cupido,Endangered,Illinois,2473510
Black Rail,Laterallus jamaicensis,Endangered,Illinois,2474590
Upland Sandpiper,Bartramia longicauda,Endangered,Illinois,2481705
Short-eared Owl,Asio flammeus,Endangered,Illinois,2497295
Chuck-will's-widow,Antrostomus carolinensis,Threatened,Illinois,6101173
Loggerhead Shrike,Lanius ludovicianus,Endangered,Illinois,2492870
Indiana Bat,Myotis sodalis,Endangered,Illinois,2432418
Ornate Box Turtle,Terrapene ornata,Threatened,Illinois,2443168
Eryngium Stem Borer,Papaipema eryngii,Threatened,Illinois,1778047
Royal Catchfly,Silene regia,Endangered,Illinois,5384746
Prairie Rose Gentian,Sabatia campestris,Endangered,Illinois,5414501
Small Yellow Lady's Slipper,Cypripedium parviflorum,Endangered,Illinois,2820475
Spring Ladies' Tresses,Spiranthes vernalis,Endangered,Illinois,2805347
Northern Harrier,Circus hudsonius,Endangered,Illinois,5229175
King Rail,Rallus elegans,Endangered,Illinois,9480015
Cypress Minnow,Hybognathus hayi,Endangered,Illinois,2364404
Indiana Bat,Myotis sodalis,Endangered,Illinois,2432418
Spectaclecase,Margaritifera monodonta,Endangered,Illinois,2287869
Butterfly,Ellipsaria lineolata,Threatened,Illinois,2288379
Elephant-ear,Elliptio crassidens,Endangered,Illinois,2288338
Ebonyshell,Reginaia ebenus,Endangered,Illinois,7436337
Monkeyface,Quadrula metanevra,Threatened,Illinois,7834176
Osprey,Pandion haliaetus,Threatened,Illinois,2480726
River Redhorse,Moxostoma carinatum,Threatened,Illinois,2358998
Trout-perch,Percopsis omiscomaycus,Threatened,Illinois,2401709
Indiana Bat,Myotis sodalis,Endangered,Illinois,2432418
Northern Long-eared Bat,Myotis septentrionalis,Endangered,Illinois,2432436
Gray/Timber Wolf,Canis lupus,Endangered,Illinois,5219173
Decurrent False Aster,Boltonia decurrens,Threatened,Illinois,5393595
Prairie Dandelion,Nothocalais cuspidata,Endangered,Illinois,5399495
Arrowwood,Viburnum molle,Threatened,Illinois,2888618
Tube Beard Tongue,Penstemon tubaeflorus,Endangered,Illinois,7332148
Illinois Chorus Frog,Pseudacris illinoensis,Threatened,Illinois,2428134
Black-crowned Night-Heron,Nycticorax nycticorax,Endangered,Illinois,2480863
Osprey,Pandion haliaetus,Threatened,Illinois,2480726
Common Gallinule,Gallinula galeata,Endangered,Illinois,5228200
Chuck-will's-widow,Antrostomus carolinensis,Threatened,Illinois,6101173
Loggerhead Shrike,Lanius ludovicianus,Endangered,Illinois,2492870
Yellow-headed Blackbird,Xanthocephalus xanthocephalus,Endangered,Illinois,2484195
Lake Sturgeon,Acipenser fulvescens,Endangered,Illinois,2402120
Ironcolor Shiner,Alburnops chalybaeus,Threatened,Illinois,
Gravel Chub,Erimystax x-punctatus,Threatened,Illinois,2362094
River Redhorse,Moxostoma carinatum,Threatened,Illinois,2358998
Trout-perch,Percopsis omiscomaycus,Threatened,Illinois,2401709
Starhead Topminnow,Fundulus dispar,Threatened,Illinois,5203653
Redspotted Sunfish,Lepomis miniatus,Threatened,Illinois,2394505
Indiana Bat,Myotis sodalis,Endangered,Illinois,2432418
Northern Long-eared Bat,Myotis septentrionalis,Endangered,Illinois,2432436
Alligator Snapping Turtle,Macrochelys temminckii,Endangered,Illinois,5220318
Blanding's Turtle,Emydoidea blandingii,Endangered,Illinois,5220530
Ornate Box Turtle,Terrapene ornata,Threatened,Illinois,2443168
Yellow Mud Turtle,Kinosternon flavescens,Endangered,Illinois,2442437
Smooth Softshell,Apalone mutica,Threatened,Illinois,2442712
Plains Hog-nosed Snake,Heterodon nasicus,Threatened,Illinois,5223725
Cobweb Skipper,Hesperia metea,Endangered,Illinois,5142298
Western Regal Fritillary,Argynnis idalia occidentalis,Threatened,Illinois,1905162
Ebonyshell,Reginaia ebenus,Endangered,Illinois,7436337
Decurrent False Aster,Boltonia decurrens,Threatened,Illinois,5393595
Old Plainsman,Hymenopappus scabiosaeus,Endangered,Illinois,3110174
Prairie Dandelion,Nothocalais cuspidata,Endangered,Illinois,5399495
Silvery Bladderpod,Physaria ludoviciana,Endangered,Illinois,3048930
Patterson Bindweed,Stylisma pickeringii var. pattersonii,Endangered,Illinois,3677550
Bent Milk Vetch,Astragalus distortus,Endangered,Illinois,5344510
Wild Blue Sage,Salvia azurea var. grandiflora,Threatened,Illinois,8283204
Clustered Broomrape,Orobanche fasciculata,Endangered,Illinois,3173264
Broomrape,Orobanche ludoviciana,Threatened,Illinois,3738693
Halberd-leaved Tearthumb,Tracaulon arifolium,Endangered,Illinois,4036886
Pale False Foxglove,Agalinis skinneriana,Threatened,Illinois,3171219
Yellow Monkey Flower,Erythranthe geyeri,Endangered,Illinois,7346100
Jack Pine,Pinus banksiana,Endangered,Illinois,5285533
Small Burhead,Echinodorus tenellus,Endangered,Illinois,2864529
Umbrella Sedge,Cyperus grayoides,Threatened,Illinois,
Hall's Bulrush,Schoenoplectiella hallii,Threatened,Illinois,2710705
Pursh's Bulrush,Schoenoplectiella purshiana,Endangered,Illinois,2710808
Small Yellow Lady's Slipper,Cypripedium parviflorum,Endangered,Illinois,2820475
Tubercled Orchid,Platanthera flava,Threatened,Illinois,2798014
Leafhopper,Athysanella incongrua,Endangered,Illinois,2046436
Northern Harrier,Circus hudsonius,Endangered,Illinois,5229175
Walsh's Anthophora,Anthophora walshii,Threatened,Illinois,5040392
Leafhopper,Commellus colon,Endangered,Illinois,2046922
Sand Reed Leafhopper,Flexamia grammica,Endangered,Illinois,2047353
Leafhopper,Flexamia albida,Threatened,Illinois,2047368
King Rail,Rallus elegans,Endangered,Illinois,9480015
Monkeyface,Quadrula metanevra,Threatened,Illinois,7834176
Ross' Polyamia,Polyamia rossi,Threatened,Illinois,2045983
Baker�s Nomia,Dieunomia nevadensis bakeri,Threatened,Illinois,6252875
Hellbender,Cryptobranchus alleganiensis,Endangered,Illinois,2432031
Bird-voiced Treefrog,Hyla avivoca,Threatened,Illinois,10771002
Eastern Narrowmouth Toad,Gastrophryne carolinensis,Threatened,Illinois,2421766
Least Bittern,Ixobrychus exilis,Threatened,Illinois,2480852
Yellow-crowned Night-Heron,Nyctanassa violacea,Endangered,Illinois,2480953
Osprey,Pandion haliaetus,Threatened,Illinois,2480726
Common Gallinule,Gallinula galeata,Endangered,Illinois,5228200
Least Tern,Sternula antillarum,Endangered,Illinois,5789285
Short-eared Owl,Asio flammeus,Endangered,Illinois,2497295
Chuck-will's-widow,Antrostomus carolinensis,Threatened,Illinois,6101173
Loggerhead Shrike,Lanius ludovicianus,Endangered,Illinois,2492870
Cerulean Warbler,Setophaga cerulea,Threatened,Illinois,6093350
Bigeye Chub,Hybopsis amblops,Threatened,Illinois,2366620
Taillight Shiner,Notropis maculatus,Endangered,Illinois,2362203
Northern Madtom,Noturus stigmosus,Endangered,Illinois,2341037
Banded Pygmy Sunfish,Elassoma zonatum,Threatened,Illinois,2380530
Redspotted Sunfish,Lepomis miniatus,Threatened,Illinois,2394505
Southeastern Myotis,Myotis austroriparius,Endangered,Illinois,2432451
Northern Long-eared Bat,Myotis septentrionalis,Endangered,Illinois,2432436
Alligator Snapping Turtle,Macrochelys temminckii,Endangered,Illinois,5220318
River Cooter,Pseudemys concinna,Endangered,Illinois,8898408
Eastern Ribbon Snake,Thamnophis saurita,Threatened,Illinois,2457577
Bigclaw Crayfish,Faxonius placidus,Endangered,Illinois,9051396
Spectaclecase,Margaritifera monodonta,Endangered,Illinois,2287869
Purple Wartyback,Cyclonaias tuberculata,Threatened,Illinois,2287949
Butterfly,Ellipsaria lineolata,Threatened,Illinois,2288379
Elephant-ear,Elliptio crassidens,Endangered,Illinois,2288338
Spike,Eurynia dilatata,Endangered,Illinois,7637385
Ebonyshell,Reginaia ebenus,Endangered,Illinois,7436337
Pink Mucket,Lampsilis abrupta,Endangered,Illinois,2288132
Orangefoot Pimpleback,Plethobasus cooperianus,Endangered,Illinois,2287976
Sheepnose,Plethobasus cyphyus,Endangered,Illinois,2287978
Ohio Pigtoe,Pleurobema cordatum,Endangered,Illinois,2288062
Fat Pocketbook,Potamilus capax,Endangered,Illinois,2287988
Rabbitsfoot,Theliderma cylindrica,Endangered,Illinois,7342653
Lea's Bog Lichen,Phaeophyscia leana,Threatened,Illinois,3428423
Bloodleaf,Iresine rhizomatosa,Endangered,Illinois,3085031
Eryngo,Eryngium prostratum,Endangered,Illinois,3034419
Climbing Milkweed,Matelea decipiens,Endangered,Illinois,8687899
Narrow-leaved Sunflower,Helianthus angustifolius,Endangered,Illinois,3119144
White Melanthera,Melanthera nivea,Endangered,Illinois,3092271
American Strawberry Bush,Euonymus americanus,Threatened,Illinois,3169130
Squirting Cucumber,Melothria pendula,Threatened,Illinois,2874550
Smooth False Indigo,Amorpha nitens,Endangered,Illinois,5357379
Boykin's Dioclea,Lackeya multiflora,Endangered,Illinois,2956520
Willow Oak,Quercus phellos,Threatened,Illinois,2880652
Water Hickory,Carya aquatica,Endangered,Illinois,8246850
Dull Meadow Beauty,Rhexia mariana,Endangered,Illinois,6370240
Black Cohosh,Actaea rubifolia,Endangered,Illinois,
Narrow-leaved Crabapple,Malus angustifolia,Endangered,Illinois,3001548
Silverbell Tree,Halesia carolina,Endangered,Illinois,5371655
Storax,Styrax americanus,Threatened,Illinois,5371669
White Basswood,Tilia americana var. heterophylla,Endangered,Illinois,6415053
Water Elm,Planera aquatica,Threatened,Illinois,5361858
Greenish-white Oval Sedge,Carex albolutescens,Endangered,Illinois,2723628
Large Sedge,Carex gigantea,Endangered,Illinois,2728850
Swollen Sedge,Carex intumescens,Threatened,Illinois,2727755
Sedge,Carex reniformis,Endangered,Illinois,2726095
Galingale,Cyperus lancastriensis,Threatened,Illinois,2714637
Leafy Bulrush,Scirpus polyphyllus,Endangered,Illinois,2720215
Carolina Whipgrass,Scleria pauciflora,Endangered,Illinois,2712557
Fairy Wand,Chamaelirium luteum,Endangered,Illinois,2741647
Tubercled Orchid,Platanthera flava,Threatened,Illinois,2798014
Spring Ladies' Tresses,Spiranthes vernalis,Endangered,Illinois,2805347
Two-flowered Melic Grass,Melica mutica,Endangered,Illinois,2703127
Baby blue-eyes,Nemophila aphylla,Endangered,Illinois,2928029
King Rail,Rallus elegans,Endangered,Illinois,9480015
Monkeyface,Quadrula metanevra,Threatened,Illinois,7834176
Small Flower-of-an-hour,Phemeranthus parviflorus,Threatened,Illinois,4022519
Hellbender,Cryptobranchus alleganiensis,Endangered,Illinois,2432031
Osprey,Pandion haliaetus,Threatened,Illinois,2480726
Bigeye Chub,Hybopsis amblops,Threatened,Illinois,2366620
Northern Madtom,Noturus stigmosus,Endangered,Illinois,2341037
Alligator Snapping Turtle,Macrochelys temminckii,Endangered,Illinois,5220318
River Cooter,Pseudemys concinna,Endangered,Illinois,8898408
Bigclaw Crayfish,Faxonius placidus,Endangered,Illinois,9051396
Spectaclecase,Margaritifera monodonta,Endangered,Illinois,2287869
Purple Wartyback,Cyclonaias tuberculata,Threatened,Illinois,2287949
Butterfly,Ellipsaria lineolata,Threatened,Illinois,2288379
Elephant-ear,Elliptio crassidens,Endangered,Illinois,2288338
Spike,Eurynia dilatata,Endangered,Illinois,7637385
Ebonyshell,Reginaia ebenus,Endangered,Illinois,7436337
Pink Mucket,Lampsilis abrupta,Endangered,Illinois,2288132
Orangefoot Pimpleback,Plethobasus cooperianus,Endangered,Illinois,2287976
Sheepnose,Plethobasus cyphyus,Endangered,Illinois,2287978
Ohio Pigtoe,Pleurobema cordatum,Endangered,Illinois,2288062
Fat Pocketbook,Potamilus capax,Endangered,Illinois,2287988
Rabbitsfoot,Theliderma cylindrica,Endangered,Illinois,7342653
Lea's Bog Lichen,Phaeophyscia leana,Threatened,Illinois,3428423
Monkeyface,Quadrula metanevra,Threatened,Illinois,7834176
Upland Sandpiper,Bartramia longicauda,Endangered,Illinois,2481705
Loggerhead Shrike,Lanius ludovicianus,Endangered,Illinois,2492870
Indiana Bat,Myotis sodalis,Endangered,Illinois,2432418
Northern Long-eared Bat,Myotis septentrionalis,Endangered,Illinois,2432436
Lined Snake,Tropidoclonion lineatum,Threatened,Illinois,2454441
Isopod,Caecidotea lesliei,Endangered,Illinois,2205850
Western Regal Fritillary,Argynnis idalia occidentalis,Threatened,Illinois,1905162
Queen-of-the-prairie,Filipendula rubra,Threatened,Illinois,2988113
Jack Pine,Pinus banksiana,Endangered,Illinois,5285533
Prairie Spiderwort,Tradescantia bracteata,Endangered,Illinois,2765168
Virginia Bunchflower,Melanthium virginicum,Endangered,Illinois,5295857
American Bittern,Botaurus lentiginosus,Endangered,Illinois,2480911
Least Bittern,Ixobrychus exilis,Threatened,Illinois,2480852
Black-crowned Night-Heron,Nycticorax nycticorax,Endangered,Illinois,2480863
Osprey,Pandion haliaetus,Threatened,Illinois,2480726
Swainson's Hawk,Buteo swainsoni,Endangered,Illinois,2480562
Common Gallinule,Gallinula galeata,Endangered,Illinois,5228200
Upland Sandpiper,Bartramia longicauda,Endangered,Illinois,2481705
Forster's Tern,Sterna forsteri,Endangered,Illinois,5229247
Black Tern,Chlidonias niger,Endangered,Illinois,2481119
Black-billed Cuckoo,Coccyzus erythropthalmus,Threatened,Illinois,2496286
Short-eared Owl,Asio flammeus,Endangered,Illinois,2497295
Yellow-headed Blackbird,Xanthocephalus xanthocephalus,Endangered,Illinois,2484195
American Brook Lamprey,Lethenteron appendix,Threatened,Illinois,2421396
Mottled Sculpin,Cottus bairdii,Threatened,Illinois,2334131
Brassy Minnow,Hybognathus hankinsoni,Endangered,Illinois,2364394
Pugnose Shiner,Notropis anogenus,Endangered,Illinois,2362240
Blackchin Shiner,Miniellus heterodon,Threatened,Illinois,
Blacknose Shiner,Notropis heterolepis,Endangered,Illinois,2362139
River Redhorse,Moxostoma carinatum,Threatened,Illinois,2358998
Starhead Topminnow,Fundulus dispar,Threatened,Illinois,5203653
Northern Long-eared Bat,Myotis septentrionalis,Endangered,Illinois,2432436
Blanding's Turtle,Emydoidea blandingii,Endangered,Illinois,5220530
Red-tailed Prairie Leafhopper,Aflexia rubranura,Threatened,Illinois,2034384
Purplish Copper,Tharsalea helloides,Threatened,Illinois,12229400
Aphrodite Fritillary,Argynnis aphrodite,Threatened,Illinois,1905301
Elfin Skimmer,Nannothemis bella,Endangered,Illinois,1428462
Spike,Eurynia dilatata,Endangered,Illinois,7637385
Wooly Milkweed,Asclepias lanuginosa,Endangered,Illinois,3170327
Forked Aster,Eurybia furcata,Threatened,Illinois,5396123
Tall Sunflower,Helianthus giganteus,Endangered,Illinois,3119240
Speckled Alder,Alnus incana ssp. rugosa,Endangered,Illinois,2876469
Pinweed,Lechea intermedia,Endangered,Illinois,5331117
Kalm's St. John's Wort,Hypericum kalmianum,Endangered,Illinois,3189461
Bunchberry,Cornus canadensis,Endangered,Illinois,3082270
Round-leaved Sundew,Drosera rotundifolia,Endangered,Illinois,3191030
Leatherleaf,Chamaedaphne calyculata,Threatened,Illinois,5333436
Highbush Blueberry,Vaccinium corymbosum,Endangered,Illinois,2882849
Large Cranberry,Vaccinium macrocarpon,Endangered,Illinois,2882841
Pale Vetchling,Lathyrus ochroleucus,Threatened,Illinois,5356371
Prairie Bush Clover,Lespedeza leptostachya,Endangered,Illinois,2955734
Wood Vetch,Vicia caroliniana,Endangered,Illinois,2975000
Butternut,Juglans cinerea,Endangered,Illinois,3054352
Horned Bladderwort,Utricularia cornuta,Endangered,Illinois,3172437
Flat-leaved Bladderwort,Utricularia intermedia,Threatened,Illinois,3172413
Small Bladderwort,Utricularia minor,Endangered,Illinois,3172414
Buckbean,Menyanthes trifoliata,Threatened,Illinois,5341511
Downy Willow Herb,Epilobium strictum,Endangered,Illinois,3189105
False Bugbane,Actaea racemosa,Endangered,Illinois,7703757
Black Cohosh,Actaea rubifolia,Endangered,Illinois,
Prairie Buttercup,Ranunculus rhomboideus,Endangered,Illinois,3033365
Queen-of-the-prairie,Filipendula rubra,Threatened,Illinois,2988113
Balsam Poplar,Populus balsamifera,Endangered,Illinois,3040184
Autumn Willow,Salix serissima,Endangered,Illinois,5372979
Downy Yellow Painted Cup,Castilleja sessiliflora,Endangered,Illinois,3170616
Large-flowered Beard Tongue,Penstemon grandiflorus,Endangered,Illinois,3171531
Marsh Valerian,Valeriana uliginosa,Endangered,Illinois,2888757
Tamarack,Larix laricina,Endangered,Illinois,2686231
Golden Sedge,Carex aurea,Threatened,Illinois,2729306
Hoary Sedge,Carex canescens,Endangered,Illinois,2722942
Shortleaf Sedge,Carex disperma,Endangered,Illinois,2723500
Few-seeded Sedge,Carex oligosperma,Endangered,Illinois,2725983
Little Green Sedge,Carex viridula,Threatened,Illinois,7646626
Few-flowered Spikerush,Eleocharis quinqueflora,Endangered,Illinois,2717493
Beaked Spike Rush,Eleocharis rostellata,Threatened,Illinois,2717550
Slender Cotton Sedge,Eriophorum gracile,Endangered,Illinois,2730137
Rusty Cotton Grass,Eriophorum virginicum,Endangered,Illinois,2730250
Beaked Rush,Rhynchospora alba,Endangered,Illinois,2721119
Tufted Bulrush,Trichophorum cespitosum,Endangered,Illinois,2710592
Common Bog Arrow Grass,Triglochin maritima,Threatened,Illinois,2865368
Slender Bog Arrow Grass,Triglochin palustris,Threatened,Illinois,2865280
False Asphodel,Triantha glutinosa,Threatened,Illinois,9206474
Nodding Trillium,Trillium cernuum,Endangered,Illinois,2742194
Ill-scented Trillium,Trillium erectum,Endangered,Illinois,2742342
Grass Pink Orchid,Calopogon tuberosus,Endangered,Illinois,2842641
Spotted Coral-root Orchid,Corallorhiza maculata,Endangered,Illinois,2797273
Moccasin Flower,Cypripedium acaule,Endangered,Illinois,2820380
Small Yellow Lady's Slipper,Cypripedium parviflorum,Endangered,Illinois,2820475
Showy Lady's Slipper,Cypripedium reginae,Endangered,Illinois,2820340
Eastern Prairie Fringed Orchid,Platanthera leucophaea,Endangered,Illinois,2798308
Snake-mouth,Pogonia ophioglossoides,Endangered,Illinois,8036652
Grass-leaved Pondweed,Potamogeton gramineus,Threatened,Illinois,5301183
White-stemmed Pondweed,Potamogeton praelongus,Endangered,Illinois,5301213
Fern Pondweed,Potamogeton robbinsii,Endangered,Illinois,5301182
Green-fruited Bur-reed,Sparganium emersum,Endangered,Illinois,2702266
Meadow Horsetail,Equisetum pratense,Threatened,Illinois,2687942
Rusty Patched Bumble Bee,Bombus affinis,Endangered,Illinois,1340481
Richardson's Rush,Juncus alpinoarticulatus,Threatened,Illinois,2701930
Western Banded Killifish,Fundulus diaphanus menona,Threatened,Illinois,5712054
Northern Harrier,Circus hudsonius,Endangered,Illinois,5229175
Star-flower,Trientalis borealis,Endangered,Illinois,7983163
Three-seeded Sedge,Carex trisperma,Endangered,Illinois,2725572
Mining Bee,Protandrena bancrofti,Threatened,Illinois,1355477
Alumroot Cellophane Bee,Colletes aestivalis,Endangered,Illinois,1348728
Cuckoo Flower,Cardamine pratensis var. palustris,Endangered,Illinois,3045762
Pitcher Plant,Sarracenia purpurea,Endangered,Illinois,5421389
Shadbush,Amelanchier sanguinea,Endangered,Illinois,3023840
King Rail,Rallus elegans,Endangered,Illinois,9480015
Rainbow,Cambarunio iris,Endangered,Illinois,9749798
Sedge,Carex cryptolepis,Threatened,Illinois,2723912
Least Bittern,Ixobrychus exilis,Threatened,Illinois,2480852
Osprey,Pandion haliaetus,Threatened,Illinois,2480726
Upland Sandpiper,Bartramia longicauda,Endangered,Illinois,2481705
Black-billed Cuckoo,Coccyzus erythropthalmus,Threatened,Illinois,2496286
Short-eared Owl,Asio flammeus,Endangered,Illinois,2497295
Loggerhead Shrike,Lanius ludovicianus,Endangered,Illinois,2492870
Lake Sturgeon,Acipenser fulvescens,Endangered,Illinois,2402120
Northern Long-eared Bat,Myotis septentrionalis,Endangered,Illinois,2432436
Franklin's Ground Squirrel,Poliocitellus franklinii,Threatened,Illinois,7946545
Kirtland's Snake,Clonophis kirtlandii,Threatened,Illinois,2456368
Royal Catchfly,Silene regia,Endangered,Illinois,5384746
Butternut,Juglans cinerea,Endangered,Illinois,3054352
Wild Blue Sage,Salvia azurea var. grandiflora,Threatened,Illinois,8283204
Northern Harrier,Circus hudsonius,Endangered,Illinois,5229175
Mudpuppy,Necturus maculosus,Threatened,Illinois,2432048
Monkeyface,Quadrula metanevra,Threatened,Illinois,7834176
Illinois Chorus Frog,Pseudacris illinoensis,Threatened,Illinois,2428134
Loggerhead Shrike,Lanius ludovicianus,Endangered,Illinois,2492870
Lake Sturgeon,Acipenser fulvescens,Endangered,Illinois,2402120
Ornate Box Turtle,Terrapene ornata,Threatened,Illinois,2443168
Smooth Softshell,Apalone mutica,Threatened,Illinois,2442712
Western Regal Fritillary,Argynnis idalia occidentalis,Threatened,Illinois,1905162
Decurrent False Aster,Boltonia decurrens,Threatened,Illinois,5393595
Broomrape,Orobanche ludoviciana,Threatened,Illinois,3738693
Pale False Foxglove,Agalinis skinneriana,Threatened,Illinois,3171219
Prairie Spiderwort,Tradescantia bracteata,Endangered,Illinois,2765168
Umbrella Sedge,Cyperus grayoides,Threatened,Illinois,
Chuck-will's-widow,Antrostomus carolinensis,Threatened,Illinois,6101173
Loggerhead Shrike,Lanius ludovicianus,Endangered,Illinois,2492870
Lake Sturgeon,Acipenser fulvescens,Endangered,Illinois,2402120
Pallid Shiner,Hybopsis amnis,Endangered,Illinois,2366623
Brassy Minnow,Hybognathus hankinsoni,Endangered,Illinois,2364394
Bigeye Shiner,Miniellus boops,Endangered,Illinois,
Western Sand Darter,Ammocrypta clara,Endangered,Illinois,2381980
Indiana Bat,Myotis sodalis,Endangered,Illinois,2432418
Northern Long-eared Bat,Myotis septentrionalis,Endangered,Illinois,2432436
Ornate Box Turtle,Terrapene ornata,Threatened,Illinois,2443168
Spectaclecase,Margaritifera monodonta,Endangered,Illinois,2287869
Butterfly,Ellipsaria lineolata,Threatened,Illinois,2288379
Ebonyshell,Reginaia ebenus,Endangered,Illinois,7436337
Higgins Eye,Lampsilis higginsii,Endangered,Illinois,2288133
Sheepnose,Plethobasus cyphyus,Endangered,Illinois,2287978
Hill Prairie Larkspur,Delphinium carolinianum,Endangered,Illinois,3033700
Monkeyface,Quadrula metanevra,Threatened,Illinois,7834176
Crystal Darter,Crystallaria asprella,Endangered,Illinois,2382195
Illinois Chorus Frog,Pseudacris illinoensis,Threatened,Illinois,2428134
Eastern Narrowmouth Toad,Gastrophryne carolinensis,Threatened,Illinois,2421766
American Bittern,Botaurus lentiginosus,Endangered,Illinois,2480911
Least Bittern,Ixobrychus exilis,Threatened,Illinois,2480852
Black-crowned Night-Heron,Nycticorax nycticorax,Endangered,Illinois,2480863
Yellow-crowned Night-Heron,Nyctanassa violacea,Endangered,Illinois,2480953
Common Gallinule,Gallinula galeata,Endangered,Illinois,5228200
Black-billed Cuckoo,Coccyzus erythropthalmus,Threatened,Illinois,2496286
Loggerhead Shrike,Lanius ludovicianus,Endangered,Illinois,2492870
Cerulean Warbler,Setophaga cerulea,Threatened,Illinois,6093350
Bigeye Shiner,Miniellus boops,Endangered,Illinois,
Gravel Chub,Erimystax x-punctatus,Threatened,Illinois,2362094
Crystal Darter,Crystallaria asprella,Endangered,Illinois,2382195
Gray Bat,Myotis grisescens,Endangered,Illinois,
Indiana Bat,Myotis sodalis,Endangered,Illinois,2432418
Northern Long-eared Bat,Myotis septentrionalis,Endangered,Illinois,2432436
Great Plains Ratsnake,Pantherophis emoryi,Endangered,Illinois,2455644
Flat-headed Snake,Tantilla gracilis,Threatened,Illinois,2456417
Timber Rattlesnake,Crotalus horridus,Threatened,Illinois,2444468
Illinois Cave Amphipod,Gammarus acherondytes,Endangered,Illinois,2219854
Hydrobiid cave snail,Fontigens antroecetes,Endangered,Illinois,2300153
Climbing Milkweed,Matelea decipiens,Endangered,Illinois,8687899
Missouri Orange Coneflower,Rudbeckia missouriensis,Threatened,Illinois,3114245
Slender Heliotrope,Heliotropium tenellum,Endangered,Illinois,9107165
Whitlow Grass,Draba cuneifolia,Endangered,Illinois,10732597
Squirting Cucumber,Melothria pendula,Threatened,Illinois,2874550
Spurge,Euphorbia spathulata,Endangered,Illinois,3066758
Wild Blue Sage,Salvia azurea var. grandiflora,Threatened,Illinois,8283204
Stickleaf,Mentzelia oligosperma,Endangered,Illinois,5331429
Fameflower,Phemeranthus calycinus,Endangered,Illinois,4022595
Dwarf Bedstraw,Galium virgatum,Endangered,Illinois,2914123
Tube Beard Tongue,Penstemon tubaeflorus,Endangered,Illinois,7332148
Wooly Buckthorn,Sideroxylon lanuginosum,Endangered,Illinois,2887069
Shortleaf Pine,Pinus echinata,Endangered,Illinois,5285324
Black-edged Sedge,Carex nigromarginata,Endangered,Illinois,2727797
Umbrella Sedge,Cyperus grayoides,Threatened,Illinois,
Small Yellow Lady's Slipper,Cypripedium parviflorum,Endangered,Illinois,2820475
Crested Coralroot Orchid,Hexalectris spicata,Endangered,Illinois,12250925
Spring Ladies' Tresses,Spiranthes vernalis,Endangered,Illinois,2805347
Madonna Cave Springtail,Pygmarrhopalites madonnensis,Endangered,Illinois,10707417
Common Striped Scorpion,Centruroides vittatus,Endangered,Illinois,7455866
Fitch�s Elephanthopper,Fitchiella robertsonii,Threatened,Illinois,8075330
Norton's Nomia,Nomia nortoni,Threatened,Illinois,5042306
Blue Hearts,Buchnera americana,Threatened,Illinois,5415032
Planthopper,Poblicia fuliginosa,Threatened,Illinois,7682759
Ornate Box Turtle,Terrapene ornata,Threatened,Illinois,2443168
Kirtland's Snake,Clonophis kirtlandii,Threatened,Illinois,2456368
Swamp Metalmark,Calephelis muticum,Endangered,Illinois,1935899
Royal Catchfly,Silene regia,Endangered,Illinois,5384746
Buffalo Clover,Trifolium reflexum,Threatened,Illinois,5359007
Prairie Rose Gentian,Sabatia campestris,Endangered,Illinois,5414501
Butternut,Juglans cinerea,Endangered,Illinois,3054352
White Bergamot,Monarda clinopodia,Threatened,Illinois,5341398
Violet Collinsia,Collinsia violacea,Endangered,Illinois,5414957
Eastern Blue-eyed Grass,Sisyrinchium atlanticum,Endangered,Illinois,5296111
Virginia Bunchflower,Melanthium virginicum,Endangered,Illinois,5295857
Northern Harrier,Circus hudsonius,Endangered,Illinois,5229175
Illinois Chorus Frog,Pseudacris illinoensis,Threatened,Illinois,2428134
Upland Sandpiper,Bartramia longicauda,Endangered,Illinois,2481705
Short-eared Owl,Asio flammeus,Endangered,Illinois,2497295
Loggerhead Shrike,Lanius ludovicianus,Endangered,Illinois,2492870
Starhead Topminnow,Fundulus dispar,Threatened,Illinois,5203653
Indiana Bat,Myotis sodalis,Endangered,Illinois,2432418
Ornate Box Turtle,Terrapene ornata,Threatened,Illinois,2443168
Plains Hog-nosed Snake,Heterodon nasicus,Threatened,Illinois,5223725
Lined Snake,Tropidoclonion lineatum,Threatened,Illinois,2454441
Western Regal Fritillary,Argynnis idalia occidentalis,Threatened,Illinois,1905162
Ebonyshell,Reginaia ebenus,Endangered,Illinois,7436337
Decurrent False Aster,Boltonia decurrens,Threatened,Illinois,5393595
Bent Milk Vetch,Astragalus distortus,Endangered,Illinois,5344510
Pink Milkwort,Polygala incarnata,Endangered,Illinois,3191432
Pale False Foxglove,Agalinis skinneriana,Threatened,Illinois,3171219
Hall's Bulrush,Schoenoplectiella hallii,Threatened,Illinois,2710705
Virginia Bunchflower,Melanthium virginicum,Endangered,Illinois,5295857
Northern Harrier,Circus hudsonius,Endangered,Illinois,5229175
Leafhopper,Flexamia albida,Threatened,Illinois,2047368
Blue Hearts,Buchnera americana,Threatened,Illinois,5415032
Osprey,Pandion haliaetus,Threatened,Illinois,2480726
Loggerhead Shrike,Lanius ludovicianus,Endangered,Illinois,2492870
Bigeye Shiner,Miniellus boops,Endangered,Illinois,
Spike,Eurynia dilatata,Endangered,Illinois,7637385
Hill Prairie Larkspur,Delphinium carolinianum,Endangered,Illinois,3033700
Lake Sturgeon,Acipenser fulvescens,Endangered,Illinois,2402120
Spectaclecase,Margaritifera monodonta,Endangered,Illinois,2287869
Butterfly,Ellipsaria lineolata,Threatened,Illinois,2288379
Higgins Eye,Lampsilis higginsii,Endangered,Illinois,2288133
Monkeyface,Quadrula metanevra,Threatened,Illinois,7834176
Northern Brook Lamprey,Ichthyomyzon fossor,Endangered,Illinois,2421249
Ironcolor Shiner,Alburnops chalybaeus,Threatened,Illinois,
Weed Shiner,Alburnops texanus,Endangered,Illinois,
River Redhorse,Moxostoma carinatum,Threatened,Illinois,2358998
Starhead Topminnow,Fundulus dispar,Threatened,Illinois,5203653
Blanding's Turtle,Emydoidea blandingii,Endangered,Illinois,5220530
Ornate Box Turtle,Terrapene ornata,Threatened,Illinois,2443168
Swamp Metalmark,Calephelis muticum,Endangered,Illinois,1935899
Northern Harrier,Circus hudsonius,Endangered,Illinois,5229175
Norton's Nomia,Nomia nortoni,Threatened,Illinois,5042306
Interrupted Epeolus,Epeolus interruptus,Endangered,Illinois,1341873
Four-toed Salamander,Hemidactylium scutatum,Threatened,Illinois,2431666
Common Gallinule,Gallinula galeata,Endangered,Illinois,5228200
Upland Sandpiper,Bartramia longicauda,Endangered,Illinois,2481705
Short-eared Owl,Asio flammeus,Endangered,Illinois,2497295
Loggerhead Shrike,Lanius ludovicianus,Endangered,Illinois,2492870
Cerulean Warbler,Setophaga cerulea,Threatened,Illinois,6093350
American Brook Lamprey,Lethenteron appendix,Threatened,Illinois,2421396
Brassy Minnow,Hybognathus hankinsoni,Endangered,Illinois,2364394
River Chub,Nocomis micropogon,Endangered,Illinois,2365441
Blacknose Shiner,Notropis heterolepis,Endangered,Illinois,2362139
Ozark Minnow,Miniellus nubilus,Threatened,Illinois,
Gravel Chub,Erimystax x-punctatus,Threatened,Illinois,2362094
Indiana Bat,Myotis sodalis,Endangered,Illinois,2432418
Northern Long-eared Bat,Myotis septentrionalis,Endangered,Illinois,2432436
Blanding's Turtle,Emydoidea blandingii,Endangered,Illinois,5220530
Ornate Box Turtle,Terrapene ornata,Threatened,Illinois,2443168
Plains Hog-nosed Snake,Heterodon nasicus,Threatened,Illinois,5223725
Western Regal Fritillary,Argynnis idalia occidentalis,Threatened,Illinois,1905162
Purple Wartyback,Cyclonaias tuberculata,Threatened,Illinois,2287949
Spike,Eurynia dilatata,Endangered,Illinois,7637385
Wooly Milkweed,Asclepias lanuginosa,Endangered,Illinois,3170327
Forked Aster,Eurybia furcata,Threatened,Illinois,5396123
Tall Sunflower,Helianthus giganteus,Endangered,Illinois,3119240
Prairie Dandelion,Nothocalais cuspidata,Endangered,Illinois,5399495
Yellow Birch,Betula alleghaniensis,Endangered,Illinois,5331779
Royal Catchfly,Silene regia,Endangered,Illinois,5384746
Bunchberry,Cornus canadensis,Endangered,Illinois,3082270
Bearberry,Arctostaphylos uva-ursi,Endangered,Illinois,2882580
Pale Vetchling,Lathyrus ochroleucus,Threatened,Illinois,5356371
Prairie Bush Clover,Lespedeza leptostachya,Endangered,Illinois,2955734
Pink Corydalis,Capnoides sempervirens,Endangered,Illinois,2888522
Butternut,Juglans cinerea,Endangered,Illinois,3054352
False Bugbane,Actaea racemosa,Endangered,Illinois,7703757
Redroot,Ceanothus herbaceus,Endangered,Illinois,3039322
Queen-of-the-prairie,Filipendula rubra,Threatened,Illinois,2988113
American Mountain Ash,Sorbus americana,Endangered,Illinois,7779378
Sullivantia,Sullivantia sullivantii,Threatened,Illinois,3032913
Kittentails,Synthyris bullii,Threatened,Illinois,3172149
Downy Yellow Painted Cup,Castilleja sessiliflora,Endangered,Illinois,3170616
Large-flowered Beard Tongue,Penstemon grandiflorus,Endangered,Illinois,3171531
American Brooklime,Veronica americana,Endangered,Illinois,3172084
Sedge,Carex echinata,Endangered,Illinois,2726894
Hairy Woodrush,Luzula acuminata,Endangered,Illinois,2700818
Moccasin Flower,Cypripedium acaule,Endangered,Illinois,2820380
Northern Panic Grass,Dichanthelium boreale,Endangered,Illinois,2702568
Oak Fern,Gymnocarpium dryopteris,Endangered,Illinois,2650832
Rusty Woodsia,Woodsia ilvensis,Endangered,Illinois,5275075
Meadow Horsetail,Equisetum pratense,Threatened,Illinois,2687942
Woodland Horsetail,Equisetum sylvaticum,Endangered,Illinois,2687929
Running Pine,Lycopodium clavatum,Endangered,Illinois,2688393
Ground Pine,Dendrolycopodium dendroideum,Endangered,Illinois,3991500
Bog Clubmoss,Lycopodiella inundata,Endangered,Illinois,2688345
Rusty Patched Bumble Bee,Bombus affinis,Endangered,Illinois,1340481
Northern Harrier,Circus hudsonius,Endangered,Illinois,5229175
Star-flower,Trientalis borealis,Endangered,Illinois,7983163
Mining Bee,Protandrena bancrofti,Threatened,Illinois,1355477
Walsh's Anthophora,Anthophora walshii,Threatened,Illinois,5040392
Alumroot Cellophane Bee,Colletes aestivalis,Endangered,Illinois,1348728
Naked Oil-collecting Bee,Macropis nuda,Endangered,Illinois,1345897
Andrews� Cellophane Bee,Colletes andrewsi,Endangered,Illinois,1348535
Ainslie�s Epeolus,Epeolus ainsliei,Endangered,Illinois,1341930
Pickerelweed Long-nosed Bee,Melissodes apicatus,Endangered,Illinois,5040749
Interrupted Epeolus,Epeolus interruptus,Endangered,Illinois,1341873
Shadbush,Amelanchier sanguinea,Endangered,Illinois,3023840
Long Beech Fern,Phegopteris connectilis,Endangered,Illinois,2651330
Sedge,Carex cryptolepis,Threatened,Illinois,2723912
Least Bittern,Ixobrychus exilis,Threatened,Illinois,2480852
Osprey,Pandion haliaetus,Threatened,Illinois,2480726
Loggerhead Shrike,Lanius ludovicianus,Endangered,Illinois,2492870
Lake Sturgeon,Acipenser fulvescens,Endangered,Illinois,2402120
Trout-perch,Percopsis omiscomaycus,Threatened,Illinois,2401709
Starhead Topminnow,Fundulus dispar,Threatened,Illinois,5203653
Redspotted Sunfish,Lepomis miniatus,Threatened,Illinois,2394505
Indiana Bat,Myotis sodalis,Endangered,Illinois,2432418
Northern Long-eared Bat,Myotis septentrionalis,Endangered,Illinois,2432436
Franklin's Ground Squirrel,Poliocitellus franklinii,Threatened,Illinois,7946545
Smooth Softshell,Apalone mutica,Threatened,Illinois,2442712
Kirtland's Snake,Clonophis kirtlandii,Threatened,Illinois,2456368
Western Regal Fritillary,Argynnis idalia occidentalis,Threatened,Illinois,1905162
Elephant-ear,Elliptio crassidens,Endangered,Illinois,2288338
Ebonyshell,Reginaia ebenus,Endangered,Illinois,7436337
Dragon Wormwood,Artemisia dracunculus,Endangered,Illinois,3121581
Decurrent False Aster,Boltonia decurrens,Threatened,Illinois,5393595
Royal Catchfly,Silene regia,Endangered,Illinois,5384746
Arrowwood,Viburnum molle,Threatened,Illinois,2888618
White Bergamot,Monarda clinopodia,Threatened,Illinois,5341398
Wild Blue Sage,Salvia azurea var. grandiflora,Threatened,Illinois,8283204
Queen-of-the-prairie,Filipendula rubra,Threatened,Illinois,2988113
Pale False Foxglove,Agalinis skinneriana,Threatened,Illinois,3171219
Spotted Coral-root Orchid,Corallorhiza maculata,Endangered,Illinois,2797273
Small Yellow Lady's Slipper,Cypripedium parviflorum,Endangered,Illinois,2820475
Rusty Patched Bumble Bee,Bombus affinis,Endangered,Illinois,1340481
King Rail,Rallus elegans,Endangered,Illinois,9480015
Monkeyface,Quadrula metanevra,Threatened,Illinois,7834176
American Bittern,Botaurus lentiginosus,Endangered,Illinois,2480911
Least Bittern,Ixobrychus exilis,Threatened,Illinois,2480852
Common Gallinule,Gallinula galeata,Endangered,Illinois,5228200
Short-eared Owl,Asio flammeus,Endangered,Illinois,2497295
Loggerhead Shrike,Lanius ludovicianus,Endangered,Illinois,2492870
Indiana Bat,Myotis sodalis,Endangered,Illinois,2432418
Northern Long-eared Bat,Myotis septentrionalis,Endangered,Illinois,2432436
Ornate Box Turtle,Terrapene ornata,Threatened,Illinois,2443168
Timber Rattlesnake,Crotalus horridus,Threatened,Illinois,2444468
Harvey's Buttercup,Ranunculus harveyi,Threatened,Illinois,7382396
Tubercled Orchid,Platanthera flava,Threatened,Illinois,2798014
Spring Ladies' Tresses,Spiranthes vernalis,Endangered,Illinois,2805347
Mud Plantain,Heteranthera reniformis,Endangered,Illinois,2766151
Northern Harrier,Circus hudsonius,Endangered,Illinois,5229175
Opaque Oval Sedge,Carex opaca,Endangered,Illinois,2723921
King Rail,Rallus elegans,Endangered,Illinois,9480015
Eastern Narrowmouth Toad,Gastrophryne carolinensis,Threatened,Illinois,2421766
Bigeye Shiner,Miniellus boops,Endangered,Illinois,
Sturgeon Chub,Macrhybopsis gelida,Endangered,Illinois,2362060
River Redhorse,Moxostoma carinatum,Threatened,Illinois,2358998
Crystal Darter,Crystallaria asprella,Endangered,Illinois,2382195
Western Sand Darter,Ammocrypta clara,Endangered,Illinois,2381980
Alligator Snapping Turtle,Macrochelys temminckii,Endangered,Illinois,5220318
Bigclaw Crayfish,Faxonius placidus,Endangered,Illinois,9051396
Black-billed Cuckoo,Coccyzus erythropthalmus,Threatened,Illinois,2496286
Short-eared Owl,Asio flammeus,Endangered,Illinois,2497295
Loggerhead Shrike,Lanius ludovicianus,Endangered,Illinois,2492870
Ironcolor Shiner,Alburnops chalybaeus,Threatened,Illinois,
Starhead Topminnow,Fundulus dispar,Threatened,Illinois,5203653
Redspotted Sunfish,Lepomis miniatus,Threatened,Illinois,2394505
Northern Long-eared Bat,Myotis septentrionalis,Endangered,Illinois,2432436
Kirtland's Snake,Clonophis kirtlandii,Threatened,Illinois,2456368
Eastern Massasauga,Sistrurus catenatus,Endangered,Illinois,9223124
Sangamon Phlox,Phlox pilosa ssp. sangamonensis,Endangered,Illinois,4056624
Wild Hyacinth,Camassia angusta,Endangered,Illinois,2769080
Mudpuppy,Necturus maculosus,Threatened,Illinois,2432048
Monkeyface,Quadrula metanevra,Threatened,Illinois,7834176
Loggerhead Shrike,Lanius ludovicianus,Endangered,Illinois,2492870
Lake Sturgeon,Acipenser fulvescens,Endangered,Illinois,2402120
Bigeye Shiner,Miniellus boops,Endangered,Illinois,
River Redhorse,Moxostoma carinatum,Threatened,Illinois,2358998
Starhead Topminnow,Fundulus dispar,Threatened,Illinois,5203653
Western Sand Darter,Ammocrypta clara,Endangered,Illinois,2381980
Gray Bat,Myotis grisescens,Endangered,Illinois,
Indiana Bat,Myotis sodalis,Endangered,Illinois,2432418
Northern Long-eared Bat,Myotis septentrionalis,Endangered,Illinois,2432436
Gray/Timber Wolf,Canis lupus,Endangered,Illinois,5219173
Ornate Box Turtle,Terrapene ornata,Threatened,Illinois,2443168
Smooth Softshell,Apalone mutica,Threatened,Illinois,2442712
Timber Rattlesnake,Crotalus horridus,Threatened,Illinois,2444468
Western Regal Fritillary,Argynnis idalia occidentalis,Threatened,Illinois,1905162
Spectaclecase,Margaritifera monodonta,Endangered,Illinois,2287869
Butterfly,Ellipsaria lineolata,Threatened,Illinois,2288379
Elephant-ear,Elliptio crassidens,Endangered,Illinois,2288338
Ebonyshell,Reginaia ebenus,Endangered,Illinois,7436337
Fat Pocketbook,Potamilus capax,Endangered,Illinois,2287988
Narrow-leaved Green Milkweed,Asclepias stenophylla,Endangered,Illinois,3170321
Decurrent False Aster,Boltonia decurrens,Threatened,Illinois,5393595
Arrowwood,Viburnum molle,Threatened,Illinois,2888618
Buffalo Clover,Trifolium reflexum,Threatened,Illinois,5359007
Stickleaf,Mentzelia oligosperma,Endangered,Illinois,5331429
Heart-leaved Plantain,Plantago cordata,Endangered,Illinois,3189759
Leatherflower,Clematis viorna,Endangered,Illinois,3033562
Hill Prairie Larkspur,Delphinium carolinianum,Endangered,Illinois,3033700
Pale False Foxglove,Agalinis skinneriana,Threatened,Illinois,3171219
Prairie Spiderwort,Tradescantia bracteata,Endangered,Illinois,2765168
Spotted Coral-root Orchid,Corallorhiza maculata,Endangered,Illinois,2797273
Wolf's Bluegrass,Poa wolfii,Endangered,Illinois,2704327
Northern Harrier,Circus hudsonius,Endangered,Illinois,5229175
Monkeyface,Quadrula metanevra,Threatened,Illinois,7834176
Blue Hearts,Buchnera americana,Threatened,Illinois,5415032
Planthopper,Poblicia fuliginosa,Threatened,Illinois,7682759
Lake Sturgeon,Acipenser fulvescens,Endangered,Illinois,2402120
Bigeye Shiner,Miniellus boops,Endangered,Illinois,
Western Sand Darter,Ammocrypta clara,Endangered,Illinois,2381980
Gray Bat,Myotis grisescens,Endangered,Illinois,
Indiana Bat,Myotis sodalis,Endangered,Illinois,2432418
Smooth Softshell,Apalone mutica,Threatened,Illinois,2442712
Butterfly,Ellipsaria lineolata,Threatened,Illinois,2288379
Fat Pocketbook,Potamilus capax,Endangered,Illinois,2287988
Monkeyface,Quadrula metanevra,Threatened,Illinois,7834176
Bird-voiced Treefrog,Hyla avivoca,Threatened,Illinois,10771002
Eastern Narrowmouth Toad,Gastrophryne carolinensis,Threatened,Illinois,2421766
Osprey,Pandion haliaetus,Threatened,Illinois,2480726
Chuck-will's-widow,Antrostomus carolinensis,Threatened,Illinois,6101173
Bewick's Wren,Thryomanes bewickii,Endangered,Illinois,2493843
Loggerhead Shrike,Lanius ludovicianus,Endangered,Illinois,2492870
Cerulean Warbler,Setophaga cerulea,Threatened,Illinois,6093350
Least Brook Lamprey,Lampetra aepyptera,Threatened,Illinois,5216490
Pugnose Shiner,Notropis anogenus,Endangered,Illinois,2362240
Weed Shiner,Alburnops texanus,Endangered,Illinois,
Starhead Topminnow,Fundulus dispar,Threatened,Illinois,5203653
Banded Pygmy Sunfish,Elassoma zonatum,Threatened,Illinois,2380530
Redspotted Sunfish,Lepomis miniatus,Threatened,Illinois,2394505
Harlequin Darter,Etheostoma histrio,Endangered,Illinois,2382337
Southeastern Myotis,Myotis austroriparius,Endangered,Illinois,2432451
Gray Bat,Myotis grisescens,Endangered,Illinois,
Indiana Bat,Myotis sodalis,Endangered,Illinois,2432418
Eastern Small-footed Myotis,Myotis leibii,Threatened,Illinois,2432455
Northern Long-eared Bat,Myotis septentrionalis,Endangered,Illinois,2432436
Rafinesque's Big-eared Bat,Corynorhinus rafinesquii,Endangered,Illinois,2432491
River Cooter,Pseudemys concinna,Endangered,Illinois,8898408
Smooth Softshell,Apalone mutica,Threatened,Illinois,2442712
Eastern Ribbon Snake,Thamnophis saurita,Threatened,Illinois,2457577
Timber Rattlesnake,Crotalus horridus,Threatened,Illinois,2444468
Anomalous Spring Amphipod,Crangonyx anomalus,Endangered,Illinois,2217993
Packard's Cave Amphipod,Crangonyx packardi,Endangered,Illinois,2217985
Indiana Crayfish,Faxonius indianensis,Endangered,Illinois,9193207
Bigclaw Crayfish,Faxonius placidus,Endangered,Illinois,9051396
Cobweb Skipper,Hesperia metea,Endangered,Illinois,5142298
Ebonyshell,Reginaia ebenus,Endangered,Illinois,7436337
Fat Pocketbook,Potamilus capax,Endangered,Illinois,2287988
Purple Lilliput,Toxolasma lividum,Endangered,Illinois,2288024
Lea's Bog Lichen,Phaeophyscia leana,Threatened,Illinois,3428423
Eryngo,Eryngium prostratum,Endangered,Illinois,3034419
Climbing Milkweed,Matelea decipiens,Endangered,Illinois,8687899
Hyssopleaf Thoroughwort,Eupatorium hyssopifolium var. laciniatum,Endangered,Illinois,7458797
Narrow-leaved Sunflower,Helianthus angustifolius,Endangered,Illinois,3119144
Great Chickweed,Stellaria pubera,Endangered,Illinois,5384664
American Strawberry Bush,Euonymus americanus,Threatened,Illinois,3169130
Yellow Honeysuckle,Lonicera flava,Endangered,Illinois,5334229
American Orpine,Hylotelephium telephioides,Threatened,Illinois,2985869
Squirting Cucumber,Melothria pendula,Threatened,Illinois,2874550
Deerberry,Vaccinium stamineum,Endangered,Illinois,2882913
Smooth False Indigo,Amorpha nitens,Endangered,Illinois,5357379
Willow Oak,Quercus phellos,Threatened,Illinois,2880652
Hale's Corydalis,Corydalis halei,Endangered,Illinois,5530585
Screwstem,Bartonia paniculata,Endangered,Illinois,5414427
One-flowered Hydrolea,Hydrolea uniflora,Endangered,Illinois,2928291
Butternut,Juglans cinerea,Endangered,Illinois,3054352
Wild Blue Sage,Salvia azurea var. grandiflora,Threatened,Illinois,8283204
Dull Meadow Beauty,Rhexia mariana,Endangered,Illinois,6370240
Illinois Wood Sorrel,Oxalis illinoensis,Threatened,Illinois,2891658
Pink Milkwort,Polygala incarnata,Endangered,Illinois,3191432
Heart-leaved Plantain,Plantago cordata,Endangered,Illinois,3189759
French's Shootingstar,Dodecatheon frenchii,Threatened,Illinois,3169272
Spotted Wintergreen,Chimaphila maculata,Endangered,Illinois,2888304
Black Cohosh,Actaea rubifolia,Endangered,Illinois,
Supple-jack,Berchemia scandens,Endangered,Illinois,3039506
Narrow-leaved Crabapple,Malus angustifolia,Endangered,Illinois,3001548
Storax,Styrax americanus,Threatened,Illinois,5371669
Bigleaf Snowbell Bush,Styrax grandifolius,Endangered,Illinois,5371677
Water Elm,Planera aquatica,Threatened,Illinois,5361858
Shortleaf Pine,Pinus echinata,Endangered,Illinois,5285324
Arrowhead,Sagittaria australis,Endangered,Illinois,5329010
Winged Sedge,Carex alata,Endangered,Illinois,2725894
Greenish-white Oval Sedge,Carex albolutescens,Endangered,Illinois,2723628
Sedge,Carex bromoides,Threatened,Illinois,2729333
Cypress-knee Sedge,Carex decomposita,Endangered,Illinois,2726186
Swollen Sedge,Carex intumescens,Threatened,Illinois,2727755
Black-edged Sedge,Carex nigromarginata,Endangered,Illinois,2727797
Sharp-scaled Sedge,Carex oxylepis var. oxylepis,Threatened,Illinois,8350580
Bellows Beak Sedge,Carex albicans var. australis,Endangered,Illinois,2725478
Drooping Sedge,Carex prasina,Threatened,Illinois,2726203
Willdenow's Sedge,Carex willdenowii,Threatened,Illinois,2725214
Galingale,Cyperus lancastriensis,Threatened,Illinois,2714637
Clustered Beaked Rush,Rhynchospora glomerata,Endangered,Illinois,2713065
Leafy Bulrush,Scirpus polyphyllus,Endangered,Illinois,2720215
Carolina Whipgrass,Scleria pauciflora,Endangered,Illinois,2712557
Fairy Wand,Chamaelirium luteum,Endangered,Illinois,2741647
Grass-leaved Lily,Stenanthium gramineum,Threatened,Illinois,2741746
Small Yellow Lady's Slipper,Cypripedium parviflorum,Endangered,Illinois,2820475
Crested Coralroot Orchid,Hexalectris spicata,Endangered,Illinois,12250925
Whorled Pogonia,Isotria verticillata,Endangered,Illinois,2808813
Wood Orchid,Platanthera clavellata,Endangered,Illinois,2797979
Tubercled Orchid,Platanthera flava,Threatened,Illinois,2798014
Spring Ladies' Tresses,Spiranthes vernalis,Endangered,Illinois,2805347
Hollow Reed Grass,Calamagrostis porteri ssp. insperata,Endangered,Illinois,4108395
Panic Grass,Dichanthelium yadkinense,Endangered,Illinois,4133247
Arkansas Mannagrass,Glyceria arkansana,Endangered,Illinois,2705476
Grove Bluegrass,Poa alsodes,Endangered,Illinois,2704219
Mud Plantain,Heteranthera reniformis,Endangered,Illinois,2766151
Bradley's Spleenwort,Asplenium bradleyi,Endangered,Illinois,2650685
Hay-scented Fern,Dennstaedtia punctilobula,Endangered,Illinois,3605467
Filmy Fern,Vandenboschia boschiana,Endangered,Illinois,3607273
Cliff Clubmoss,Huperzia porophila,Threatened,Illinois,2688531
Southern Grape Fern,Sceptridium biternatum,Endangered,Illinois,3659097
New York Fern,Thelypteris noveboracensis,Endangered,Illinois,11588763
Sedge,Carex atlantica,Threatened,Illinois,2726854
Northern Harrier,Circus hudsonius,Endangered,Illinois,5229175
Round-fruited Loosestrife,Ludwigia sphaerocarpa,Endangered,Illinois,5421012
Shawnee Hills Cavefish,Forbesichthys papilliferus,Threatened,Illinois,
Blue Hearts,Buchnera americana,Threatened,Illinois,5415032
Small Flower-of-an-hour,Phemeranthus parviflorus,Threatened,Illinois,4022519
Hellbender,Cryptobranchus alleganiensis,Endangered,Illinois,2432031
River Redhorse,Moxostoma carinatum,Threatened,Illinois,2358998
Redspotted Sunfish,Lepomis miniatus,Threatened,Illinois,2394505
Crystal Darter,Crystallaria asprella,Endangered,Illinois,2382195
Harlequin Darter,Etheostoma histrio,Endangered,Illinois,2382337
River Cooter,Pseudemys concinna,Endangered,Illinois,8898408
Purple Wartyback,Cyclonaias tuberculata,Threatened,Illinois,2287949
Fanshell,Cyprogenia stegaria,Endangered,Illinois,5189381
Elephant-ear,Elliptio crassidens,Endangered,Illinois,2288338
Ebonyshell,Reginaia ebenus,Endangered,Illinois,7436337
Fat Pocketbook,Potamilus capax,Endangered,Illinois,2287988
Onyx Rocksnail,Leptoxis praerosa,Endangered,Illinois,5192836
Lea's Bog Lichen,Phaeophyscia leana,Threatened,Illinois,3428423
Monkeyface,Quadrula metanevra,Threatened,Illinois,7834176
Bird-voiced Treefrog,Hyla avivoca,Threatened,Illinois,10771002
Illinois Chorus Frog,Pseudacris illinoensis,Threatened,Illinois,2428134
Least Bittern,Ixobrychus exilis,Threatened,Illinois,2480852
Yellow-crowned Night-Heron,Nyctanassa violacea,Endangered,Illinois,2480953
Least Tern,Sternula antillarum,Endangered,Illinois,5789285
Short-eared Owl,Asio flammeus,Endangered,Illinois,2497295
Loggerhead Shrike,Lanius ludovicianus,Endangered,Illinois,2492870
Cerulean Warbler,Setophaga cerulea,Threatened,Illinois,6093350
Swainson's Warbler,Limnothlypis swainsonii,Endangered,Illinois,2489636
Pallid Shiner,Hybopsis amnis,Endangered,Illinois,2366623
Cypress Minnow,Hybognathus hayi,Endangered,Illinois,2364404
Pugnose Shiner,Notropis anogenus,Endangered,Illinois,2362240
Taillight Shiner,Notropis maculatus,Endangered,Illinois,2362203
Northern Madtom,Noturus stigmosus,Endangered,Illinois,2341037
Banded Pygmy Sunfish,Elassoma zonatum,Threatened,Illinois,2380530
Bantam Sunfish,Lepomis symmetricus,Threatened,Illinois,2394485
Redspotted Sunfish,Lepomis miniatus,Threatened,Illinois,2394505
Harlequin Darter,Etheostoma histrio,Endangered,Illinois,2382337
Southeastern Myotis,Myotis austroriparius,Endangered,Illinois,2432451
Gray Bat,Myotis grisescens,Endangered,Illinois,
Indiana Bat,Myotis sodalis,Endangered,Illinois,2432418
Northern Long-eared Bat,Myotis septentrionalis,Endangered,Illinois,2432436
Rafinesque's Big-eared Bat,Corynorhinus rafinesquii,Endangered,Illinois,2432491
River Cooter,Pseudemys concinna,Endangered,Illinois,8898408
Eastern Ribbon Snake,Thamnophis saurita,Threatened,Illinois,2457577
Bigclaw Crayfish,Faxonius placidus,Endangered,Illinois,9051396
Purple Wartyback,Cyclonaias tuberculata,Threatened,Illinois,2287949
Butterfly,Ellipsaria lineolata,Threatened,Illinois,2288379
Elephant-ear,Elliptio crassidens,Endangered,Illinois,2288338
Spike,Eurynia dilatata,Endangered,Illinois,7637385
Ebonyshell,Reginaia ebenus,Endangered,Illinois,7436337
Orangefoot Pimpleback,Plethobasus cooperianus,Endangered,Illinois,2287976
Sheepnose,Plethobasus cyphyus,Endangered,Illinois,2287978
Ohio Pigtoe,Pleurobema cordatum,Endangered,Illinois,2288062
Fat Pocketbook,Potamilus capax,Endangered,Illinois,2287988
Rabbitsfoot,Theliderma cylindrica,Endangered,Illinois,7342653
Water Willow,Justicia ovata,Endangered,Illinois,6359546
Narrow-leaved Sunflower,Helianthus angustifolius,Endangered,Illinois,3119144
White Melanthera,Melanthera nivea,Endangered,Illinois,3092271
American Strawberry Bush,Euonymus americanus,Threatened,Illinois,3169130
Squirting Cucumber,Melothria pendula,Threatened,Illinois,2874550
Nuttall's Oak,Quercus texana,Endangered,Illinois,2878115
Willow Oak,Quercus phellos,Threatened,Illinois,2880652
One-flowered Hydrolea,Hydrolea uniflora,Endangered,Illinois,2928291
Water Hickory,Carya aquatica,Endangered,Illinois,8246850
Creeping Loosestrife,Lysimachia radicans,Endangered,Illinois,3169383
Blue Jasmine,Clematis crispa,Endangered,Illinois,3033593
Silverbell Tree,Halesia carolina,Endangered,Illinois,5371655
Storax,Styrax americanus,Threatened,Illinois,5371669
White Basswood,Tilia americana var. heterophylla,Endangered,Illinois,6415053
Water Elm,Planera aquatica,Threatened,Illinois,5361858
Greenish-white Oval Sedge,Carex albolutescens,Endangered,Illinois,2723628
Cypress-knee Sedge,Carex decomposita,Endangered,Illinois,2726186
Large Sedge,Carex gigantea,Endangered,Illinois,2728850
Swollen Sedge,Carex intumescens,Threatened,Illinois,2727755
Sharp-scaled Sedge,Carex oxylepis var. oxylepis,Threatened,Illinois,8350580
Sedge,Carex reniformis,Endangered,Illinois,2726095
Galingale,Cyperus lancastriensis,Threatened,Illinois,2714637
Grass-leaved Lily,Stenanthium gramineum,Threatened,Illinois,2741746
Small Yellow Lady's Slipper,Cypripedium parviflorum,Endangered,Illinois,2820475
Tubercled Orchid,Platanthera flava,Threatened,Illinois,2798014
Spring Ladies' Tresses,Spiranthes vernalis,Endangered,Illinois,2805347
Mud Plantain,Heteranthera reniformis,Endangered,Illinois,2766151
Southern Grape Fern,Sceptridium biternatum,Endangered,Illinois,3659097
Spotted Dusky Salamander,Desmognathus conanti,Endangered,Illinois,2431237
Mudpuppy,Necturus maculosus,Threatened,Illinois,2432048
King Rail,Rallus elegans,Endangered,Illinois,9480015
Monkeyface,Quadrula metanevra,Threatened,Illinois,7834176
Shawnee Hills Cavefish,Forbesichthys papilliferus,Threatened,Illinois,
Least Bittern,Ixobrychus exilis,Threatened,Illinois,2480852
Common Gallinule,Gallinula galeata,Endangered,Illinois,5228200
Wilson's Phalarope,Phalaropus tricolor,Endangered,Illinois,5229389
Black Tern,Chlidonias niger,Endangered,Illinois,2481119
Short-eared Owl,Asio flammeus,Endangered,Illinois,2497295
Loggerhead Shrike,Lanius ludovicianus,Endangered,Illinois,2492870
Yellow-headed Blackbird,Xanthocephalus xanthocephalus,Endangered,Illinois,2484195
Northern Brook Lamprey,Ichthyomyzon fossor,Endangered,Illinois,2421249
Cisco,Coregonus artedi,Endangered,Illinois,2351092
Ironcolor Shiner,Alburnops chalybaeus,Threatened,Illinois,
Trout-perch,Percopsis omiscomaycus,Threatened,Illinois,2401709
Starhead Topminnow,Fundulus dispar,Threatened,Illinois,5203653
Redspotted Sunfish,Lepomis miniatus,Threatened,Illinois,2394505
Indiana Bat,Myotis sodalis,Endangered,Illinois,2432418
Northern Long-eared Bat,Myotis septentrionalis,Endangered,Illinois,2432436
Plains Hog-nosed Snake,Heterodon nasicus,Threatened,Illinois,5223725
Decurrent False Aster,Boltonia decurrens,Threatened,Illinois,5393595
Fragile Prickly Pear,Opuntia fragilis,Endangered,Illinois,5384113
Royal Catchfly,Silene regia,Endangered,Illinois,5384746
Buffalo Clover,Trifolium reflexum,Threatened,Illinois,5359007
Queen-of-the-prairie,Filipendula rubra,Threatened,Illinois,2988113
American Burnet,Sanguisorba canadensis,Endangered,Illinois,3029411
Yellow Monkey Flower,Erythranthe geyeri,Endangered,Illinois,7346100
Large-flowered Beard Tongue,Penstemon grandiflorus,Endangered,Illinois,3171531
Prairie Spiderwort,Tradescantia bracteata,Endangered,Illinois,2765168
Small-fruited Bulrush,Scirpus microcarpus,Endangered,Illinois,2717391
Blue Grama,Bouteloua gracilis,Endangered,Illinois,7861320
American Bur-reed,Sparganium americanum,Endangered,Illinois,2702311
Rusty Patched Bumble Bee,Bombus affinis,Endangered,Illinois,1340481
Northern Harrier,Circus hudsonius,Endangered,Illinois,5229175
King Rail,Rallus elegans,Endangered,Illinois,9480015
Lake Sturgeon,Acipenser fulvescens,Endangered,Illinois,2402120
Spectaclecase,Margaritifera monodonta,Endangered,Illinois,2287869
Butterfly,Ellipsaria lineolata,Threatened,Illinois,2288379
Elephant-ear,Elliptio crassidens,Endangered,Illinois,2288338
Ebonyshell,Reginaia ebenus,Endangered,Illinois,7436337
Monkeyface,Quadrula metanevra,Threatened,Illinois,7834176
Eastern Narrowmouth Toad,Gastrophryne carolinensis,Threatened,Illinois,2421766
Common Gallinule,Gallinula galeata,Endangered,Illinois,5228200
Least Tern,Sternula antillarum,Endangered,Illinois,5789285
Short-eared Owl,Asio flammeus,Endangered,Illinois,2497295
Loggerhead Shrike,Lanius ludovicianus,Endangered,Illinois,2492870
Lake Sturgeon,Acipenser fulvescens,Endangered,Illinois,2402120
Pallid Sturgeon,Scaphirhynchus albus,Endangered,Illinois,2402088
Bigeye Shiner,Miniellus boops,Endangered,Illinois,
Sturgeon Chub,Macrhybopsis gelida,Endangered,Illinois,2362060
Crystal Darter,Crystallaria asprella,Endangered,Illinois,2382195
Western Sand Darter,Ammocrypta clara,Endangered,Illinois,2381980
Indiana Bat,Myotis sodalis,Endangered,Illinois,2432418
Northern Long-eared Bat,Myotis septentrionalis,Endangered,Illinois,2432436
Alligator Snapping Turtle,Macrochelys temminckii,Endangered,Illinois,5220318
Ornate Box Turtle,Terrapene ornata,Threatened,Illinois,2443168
Great Plains Ratsnake,Pantherophis emoryi,Endangered,Illinois,2455644
Flat-headed Snake,Tantilla gracilis,Threatened,Illinois,2456417
Timber Rattlesnake,Crotalus horridus,Threatened,Illinois,2444468
Bigclaw Crayfish,Faxonius placidus,Endangered,Illinois,9051396
Mock Bishop's Weed,Ptilimnium nuttallii,Endangered,Illinois,3034200
Missouri Orange Coneflower,Rudbeckia missouriensis,Threatened,Illinois,3114245
Whitlow Grass,Draba cuneifolia,Endangered,Illinois,10732597
Yellow Honeysuckle,Lonicera flava,Endangered,Illinois,5334229
Stickleaf,Mentzelia oligosperma,Endangered,Illinois,5331429
Fameflower,Phemeranthus calycinus,Endangered,Illinois,4022595
Harvey's Buttercup,Ranunculus harveyi,Threatened,Illinois,7382396
Nettle,Urtica chamaedryoides,Threatened,Illinois,5361812
Shortleaf Pine,Pinus echinata,Endangered,Illinois,5285324
Bellows Beak Sedge,Carex albicans var. australis,Endangered,Illinois,2725478
Carolina Whipgrass,Scleria pauciflora,Endangered,Illinois,2712557
Crested Coralroot Orchid,Hexalectris spicata,Endangered,Illinois,12250925
Small Whorled Pogonia,Isotria medeoloides,Endangered,Illinois,2808818
Bradley's Spleenwort,Asplenium bradleyi,Endangered,Illinois,2650685
Cliff Clubmoss,Huperzia porophila,Threatened,Illinois,2688531
Common Striped Scorpion,Centruroides vittatus,Endangered,Illinois,7455866
Northern Harrier,Circus hudsonius,Endangered,Illinois,5229175
Yellow-crowned Night-Heron,Nyctanassa violacea,Endangered,Illinois,2480953
Common Gallinule,Gallinula galeata,Endangered,Illinois,5228200
Short-eared Owl,Asio flammeus,Endangered,Illinois,2497295
Loggerhead Shrike,Lanius ludovicianus,Endangered,Illinois,2492870
Eastern Sand Darter,Ammocrypta pellucida,Threatened,Illinois,2381982
Spike,Eurynia dilatata,Endangered,Illinois,7637385
Storax,Styrax americanus,Threatened,Illinois,5371669
Grass-leaved Lily,Stenanthium gramineum,Threatened,Illinois,2741746
Northern Harrier,Circus hudsonius,Endangered,Illinois,5229175
King Rail,Rallus elegans,Endangered,Illinois,9480015
Gravel Chub,Erimystax x-punctatus,Threatened,Illinois,2362094
Ornate Box Turtle,Terrapene ornata,Threatened,Illinois,2443168
Speckled Alder,Alnus incana ssp. rugosa,Endangered,Illinois,2876469
Pinweed,Lechea intermedia,Endangered,Illinois,5331117
Rusty Patched Bumble Bee,Bombus affinis,Endangered,Illinois,1340481
Ainslie�s Epeolus,Epeolus ainsliei,Endangered,Illinois,1341930
Four-toed Salamander,Hemidactylium scutatum,Threatened,Illinois,2431666
Black-crowned Night-Heron,Nycticorax nycticorax,Endangered,Illinois,2480863
Yellow-crowned Night-Heron,Nyctanassa violacea,Endangered,Illinois,2480953
Cerulean Warbler,Setophaga cerulea,Threatened,Illinois,6093350
Yellow-headed Blackbird,Xanthocephalus xanthocephalus,Endangered,Illinois,2484195
Lake Sturgeon,Acipenser fulvescens,Endangered,Illinois,2402120
Pallid Shiner,Hybopsis amnis,Endangered,Illinois,2366623
Pugnose Shiner,Notropis anogenus,Endangered,Illinois,2362240
Weed Shiner,Alburnops texanus,Endangered,Illinois,
Gravel Chub,Erimystax x-punctatus,Threatened,Illinois,2362094
River Redhorse,Moxostoma carinatum,Threatened,Illinois,2358998
Crystal Darter,Crystallaria asprella,Endangered,Illinois,2382195
Western Sand Darter,Ammocrypta clara,Endangered,Illinois,2381980
Indiana Bat,Myotis sodalis,Endangered,Illinois,2432418
Northern Long-eared Bat,Myotis septentrionalis,Endangered,Illinois,2432436
Blanding's Turtle,Emydoidea blandingii,Endangered,Illinois,5220530
Smooth Softshell,Apalone mutica,Threatened,Illinois,2442712
Plains Hog-nosed Snake,Heterodon nasicus,Threatened,Illinois,5223725
Spectaclecase,Margaritifera monodonta,Endangered,Illinois,2287869
Purple Wartyback,Cyclonaias tuberculata,Threatened,Illinois,2287949
Butterfly,Ellipsaria lineolata,Threatened,Illinois,2288379
Spike,Eurynia dilatata,Endangered,Illinois,7637385
Ebonyshell,Reginaia ebenus,Endangered,Illinois,7436337
Higgins Eye,Lampsilis higginsii,Endangered,Illinois,2288133
Sheepnose,Plethobasus cyphyus,Endangered,Illinois,2287978
Purple Lilliput,Toxolasma lividum,Endangered,Illinois,2288024
Forked Aster,Eurybia furcata,Threatened,Illinois,5396123
Butternut,Juglans cinerea,Endangered,Illinois,3054352
Downy Yellow Painted Cup,Castilleja sessiliflora,Endangered,Illinois,3170616
Corn Salad,Valerianella umbilicata,Endangered,Illinois,8607668
Plains Sedge,Carex inops ssp. heliophila,Endangered,Illinois,2729395
Spotted Coral-root Orchid,Corallorhiza maculata,Endangered,Illinois,2797273
Running Pine,Lycopodium clavatum,Endangered,Illinois,2688393
Rusty Patched Bumble Bee,Bombus affinis,Endangered,Illinois,1340481
Western Banded Killifish,Fundulus diaphanus menona,Threatened,Illinois,5712054
Mudpuppy,Necturus maculosus,Threatened,Illinois,2432048
Mining Bee,Protandrena bancrofti,Threatened,Illinois,1355477
Monkeyface,Quadrula metanevra,Threatened,Illinois,7834176
Least Bittern,Ixobrychus exilis,Threatened,Illinois,2480852
Short-eared Owl,Asio flammeus,Endangered,Illinois,2497295
Chuck-will's-widow,Antrostomus carolinensis,Threatened,Illinois,6101173
Loggerhead Shrike,Lanius ludovicianus,Endangered,Illinois,2492870
Southeastern Myotis,Myotis austroriparius,Endangered,Illinois,2432451
Indiana Bat,Myotis sodalis,Endangered,Illinois,2432418
Eastern Small-footed Myotis,Myotis leibii,Threatened,Illinois,2432455
Northern Long-eared Bat,Myotis septentrionalis,Endangered,Illinois,2432436
Eastern Ribbon Snake,Thamnophis saurita,Threatened,Illinois,2457577
Timber Rattlesnake,Crotalus horridus,Threatened,Illinois,2444468
Packard's Cave Amphipod,Crangonyx packardi,Endangered,Illinois,2217985
Indiana Crayfish,Faxonius indianensis,Endangered,Illinois,9193207
Eryngo,Eryngium prostratum,Endangered,Illinois,3034419
Mead's Milkweed,Asclepias meadii,Endangered,Illinois,3170259
American Orpine,Hylotelephium telephioides,Threatened,Illinois,2985869
Smooth False Indigo,Amorpha nitens,Endangered,Illinois,5357379
Rock Chestnut Oak,Quercus montana,Threatened,Illinois,2881118
Water Hickory,Carya aquatica,Endangered,Illinois,8246850
Dull Meadow Beauty,Rhexia mariana,Endangered,Illinois,6370240
Heart-leaved Plantain,Plantago cordata,Endangered,Illinois,3189759
French's Shootingstar,Dodecatheon frenchii,Threatened,Illinois,3169272
Black Cohosh,Actaea rubifolia,Endangered,Illinois,
Arkansas Sedge,Carex arkansana,Endangered,Illinois,2727559
Swollen Sedge,Carex intumescens,Threatened,Illinois,2727755
Sharp-scaled Sedge,Carex oxylepis var. oxylepis,Threatened,Illinois,8350580
Willdenow's Sedge,Carex willdenowii,Threatened,Illinois,2725214
Carolina Whipgrass,Scleria pauciflora,Endangered,Illinois,2712557
Spring Ladies' Tresses,Spiranthes vernalis,Endangered,Illinois,2805347
Panic Grass,Dichanthelium ravenelii,Endangered,Illinois,2702679
Cluster Fescue,Festuca paradoxa,Threatened,Illinois,2704984
Wolf's Bluegrass,Poa wolfii,Endangered,Illinois,2704327
Bradley's Spleenwort,Asplenium bradleyi,Endangered,Illinois,2650685
Southern Grape Fern,Sceptridium biternatum,Endangered,Illinois,3659097
Northern Harrier,Circus hudsonius,Endangered,Illinois,5229175
Opaque Oval Sedge,Carex opaca,Endangered,Illinois,2723921
Least Bittern,Ixobrychus exilis,Threatened,Illinois,2480852
Black-crowned Night-Heron,Nycticorax nycticorax,Endangered,Illinois,2480863
Black-billed Cuckoo,Coccyzus erythropthalmus,Threatened,Illinois,2496286
Short-eared Owl,Asio flammeus,Endangered,Illinois,2497295
Loggerhead Shrike,Lanius ludovicianus,Endangered,Illinois,2492870
Franklin's Ground Squirrel,Poliocitellus franklinii,Threatened,Illinois,7946545
Ornate Box Turtle,Terrapene ornata,Threatened,Illinois,2443168
Smooth Softshell,Apalone mutica,Threatened,Illinois,2442712
Kirtland's Snake,Clonophis kirtlandii,Threatened,Illinois,2456368
Lined Snake,Tropidoclonion lineatum,Threatened,Illinois,2454441
Royal Catchfly,Silene regia,Endangered,Illinois,5384746
Great Chickweed,Stellaria pubera,Endangered,Illinois,5384664
Rock Chestnut Oak,Quercus montana,Threatened,Illinois,2881118
White Bergamot,Monarda clinopodia,Threatened,Illinois,5341398
Heart-leaved Plantain,Plantago cordata,Endangered,Illinois,3189759
Prairie Spiderwort,Tradescantia bracteata,Endangered,Illinois,2765168
Virginia Bunchflower,Melanthium virginicum,Endangered,Illinois,5295857
Northern Harrier,Circus hudsonius,Endangered,Illinois,5229175
Mudpuppy,Necturus maculosus,Threatened,Illinois,2432048
River Redhorse,Moxostoma carinatum,Threatened,Illinois,2358998
Trout-perch,Percopsis omiscomaycus,Threatened,Illinois,2401709
Indiana Bat,Myotis sodalis,Endangered,Illinois,2432418
Northern Long-eared Bat,Myotis septentrionalis,Endangered,Illinois,2432436
Kirtland's Snake,Clonophis kirtlandii,Threatened,Illinois,2456368
Decurrent False Aster,Boltonia decurrens,Threatened,Illinois,5393595
Arrowwood,Viburnum molle,Threatened,Illinois,2888618
Butternut,Juglans cinerea,Endangered,Illinois,3054352
Drooping Sedge,Carex prasina,Threatened,Illinois,2726203
Wolf's Bluegrass,Poa wolfii,Endangered,Illinois,2704327
Southern Grape Fern,Sceptridium biternatum,Endangered,Illinois,3659097
Lake Sturgeon,Acipenser fulvescens,Endangered,Illinois,2402120
Pallid Shiner,Hybopsis amnis,Endangered,Illinois,2366623
Pugnose Shiner,Notropis anogenus,Endangered,Illinois,2362240
Weed Shiner,Alburnops texanus,Endangered,Illinois,
Western Sand Darter,Ammocrypta clara,Endangered,Illinois,2381980
Spectaclecase,Margaritifera monodonta,Endangered,Illinois,2287869
Butterfly,Ellipsaria lineolata,Threatened,Illinois,2288379
Higgins Eye,Lampsilis higginsii,Endangered,Illinois,2288133
Sheepnose,Plethobasus cyphyus,Endangered,Illinois,2287978
Monkeyface,Quadrula metanevra,Threatened,Illinois,7834176
Illinois Chorus Frog,Pseudacris illinoensis,Threatened,Illinois,2428134
Indiana Bat,Myotis sodalis,Endangered,Illinois,2432418
Ornate Box Turtle,Terrapene ornata,Threatened,Illinois,2443168
Timber Rattlesnake,Crotalus horridus,Threatened,Illinois,2444468
Cobweb Skipper,Hesperia metea,Endangered,Illinois,5142298
Western Regal Fritillary,Argynnis idalia occidentalis,Threatened,Illinois,1905162
Ebonyshell,Reginaia ebenus,Endangered,Illinois,7436337
Decurrent False Aster,Boltonia decurrens,Threatened,Illinois,5393595
Bent Milk Vetch,Astragalus distortus,Endangered,Illinois,5344510
Prairie Spiderwort,Tradescantia bracteata,Endangered,Illinois,2765168
Ross' Polyamia,Polyamia rossi,Threatened,Illinois,2045983
Osprey,Pandion haliaetus,Threatened,Illinois,2480726
River Redhorse,Moxostoma carinatum,Threatened,Illinois,2358998
Redspotted Sunfish,Lepomis miniatus,Threatened,Illinois,2394505
Crystal Darter,Crystallaria asprella,Endangered,Illinois,2382195
American Bittern,Botaurus lentiginosus,Endangered,Illinois,2480911
Least Bittern,Ixobrychus exilis,Threatened,Illinois,2480852
Black-crowned Night-Heron,Nycticorax nycticorax,Endangered,Illinois,2480863
Osprey,Pandion haliaetus,Threatened,Illinois,2480726
Upland Sandpiper,Bartramia longicauda,Endangered,Illinois,2481705
Wilson's Phalarope,Phalaropus tricolor,Endangered,Illinois,5229389
Short-eared Owl,Asio flammeus,Endangered,Illinois,2497295
Loggerhead Shrike,Lanius ludovicianus,Endangered,Illinois,2492870
Bigeye Chub,Hybopsis amblops,Threatened,Illinois,2366620
Bigeye Shiner,Miniellus boops,Endangered,Illinois,
Western Sand Darter,Ammocrypta clara,Endangered,Illinois,2381980
Ornate Box Turtle,Terrapene ornata,Threatened,Illinois,2443168
Smooth Softshell,Apalone mutica,Threatened,Illinois,2442712
Kirtland's Snake,Clonophis kirtlandii,Threatened,Illinois,2456368
Sheepnose,Plethobasus cyphyus,Endangered,Illinois,2287978
Buffalo Clover,Trifolium reflexum,Threatened,Illinois,5359007
White Bergamot,Monarda clinopodia,Threatened,Illinois,5341398
Violet Collinsia,Collinsia violacea,Endangered,Illinois,5414957
Tube Beard Tongue,Penstemon tubaeflorus,Endangered,Illinois,7332148
Northern Harrier,Circus hudsonius,Endangered,Illinois,5229175
King Rail,Rallus elegans,Endangered,Illinois,9480015
Lake Sturgeon,Acipenser fulvescens,Endangered,Illinois,2402120
Pallid Sturgeon,Scaphirhynchus albus,Endangered,Illinois,2402088
Bigeye Shiner,Miniellus boops,Endangered,Illinois,
Western Sand Darter,Ammocrypta clara,Endangered,Illinois,2381980
Ebonyshell,Reginaia ebenus,Endangered,Illinois,7436337
Least Bittern,Ixobrychus exilis,Threatened,Illinois,2480852
Snowy Egret,Egretta thula,Endangered,Illinois,2480873
Little Blue Heron,Egretta caerulea,Endangered,Illinois,2480894
Black-crowned Night-Heron,Nycticorax nycticorax,Endangered,Illinois,2480863
Yellow-crowned Night-Heron,Nyctanassa violacea,Endangered,Illinois,2480953
Common Gallinule,Gallinula galeata,Endangered,Illinois,5228200
Short-eared Owl,Asio flammeus,Endangered,Illinois,2497295
Loggerhead Shrike,Lanius ludovicianus,Endangered,Illinois,2492870
Indiana Bat,Myotis sodalis,Endangered,Illinois,2432418
Northern Long-eared Bat,Myotis septentrionalis,Endangered,Illinois,2432436
Smooth Softshell,Apalone mutica,Threatened,Illinois,2442712
Illinois Cave Amphipod,Gammarus acherondytes,Endangered,Illinois,2219854
Hydrobiid cave snail,Fontigens antroecetes,Endangered,Illinois,2300153
Decurrent False Aster,Boltonia decurrens,Threatened,Illinois,5393595
Squirting Cucumber,Melothria pendula,Threatened,Illinois,2874550
Buffalo Clover,Trifolium reflexum,Threatened,Illinois,5359007
Prairie Rose Gentian,Sabatia campestris,Endangered,Illinois,5414501
Wild Blue Sage,Salvia azurea var. grandiflora,Threatened,Illinois,8283204
False Mallow,Malvastrum hispidum,Endangered,Illinois,3152273
Tube Beard Tongue,Penstemon tubaeflorus,Endangered,Illinois,7332148
Green Trillium,Trillium viride,Endangered,Illinois,2742258
Northern Harrier,Circus hudsonius,Endangered,Illinois,5229175
Pallid Sturgeon,Scaphirhynchus albus,Endangered,Illinois,2402088
Gravel Chub,Erimystax x-punctatus,Threatened,Illinois,2362094
Western Sand Darter,Ammocrypta clara,Endangered,Illinois,2381980
Upland Sandpiper,Bartramia longicauda,Endangered,Illinois,2481705
Loggerhead Shrike,Lanius ludovicianus,Endangered,Illinois,2492870
Blacknose Shiner,Notropis heterolepis,Endangered,Illinois,2362139
Cluster Fescue,Festuca paradoxa,Threatened,Illinois,2704984
Monkeyface,Quadrula metanevra,Threatened,Illinois,7834176
Lake Sturgeon,Acipenser fulvescens,Endangered,Illinois,2402120
Pallid Sturgeon,Scaphirhynchus albus,Endangered,Illinois,2402088
Bigeye Shiner,Miniellus boops,Endangered,Illinois,
Western Sand Darter,Ammocrypta clara,Endangered,Illinois,2381980
Upland Sandpiper,Bartramia longicauda,Endangered,Illinois,2481705
Brassy Minnow,Hybognathus hankinsoni,Endangered,Illinois,2364394
Blacknose Shiner,Notropis heterolepis,Endangered,Illinois,2362139
Ozark Minnow,Miniellus nubilus,Threatened,Illinois,
Weed Shiner,Alburnops texanus,Endangered,Illinois,
Gravel Chub,Erimystax x-punctatus,Threatened,Illinois,2362094
Northern Long-eared Bat,Myotis septentrionalis,Endangered,Illinois,2432436
Gray/Timber Wolf,Canis lupus,Endangered,Illinois,5219173
Blanding's Turtle,Emydoidea blandingii,Endangered,Illinois,5220530
Spike,Eurynia dilatata,Endangered,Illinois,7637385
Tall Sunflower,Helianthus giganteus,Endangered,Illinois,3119240
Yellow Birch,Betula alleghaniensis,Endangered,Illinois,5331779
Butternut,Juglans cinerea,Endangered,Illinois,3054352
Prairie Buttercup,Ranunculus rhomboideus,Endangered,Illinois,3033365
Sullivantia,Sullivantia sullivantii,Threatened,Illinois,3032913
Downy Yellow Painted Cup,Castilleja sessiliflora,Endangered,Illinois,3170616
Northern Grape Fern,Sceptridium multifidum,Endangered,Illinois,7321468
Rusty Patched Bumble Bee,Bombus affinis,Endangered,Illinois,1340481
Northern Brook Lamprey,Ichthyomyzon fossor,Endangered,Illinois,2421249
Bigeye Chub,Hybopsis amblops,Threatened,Illinois,2366620
River Redhorse,Moxostoma carinatum,Threatened,Illinois,2358998
Elephant-ear,Elliptio crassidens,Endangered,Illinois,2288338
Ebonyshell,Reginaia ebenus,Endangered,Illinois,7436337
Monkeyface,Quadrula metanevra,Threatened,Illinois,7834176
Illinois Chorus Frog,Pseudacris illinoensis,Threatened,Illinois,2428134
Black-crowned Night-Heron,Nycticorax nycticorax,Endangered,Illinois,2480863
Osprey,Pandion haliaetus,Threatened,Illinois,2480726
Short-eared Owl,Asio flammeus,Endangered,Illinois,2497295
Chuck-will's-widow,Antrostomus carolinensis,Threatened,Illinois,6101173
Loggerhead Shrike,Lanius ludovicianus,Endangered,Illinois,2492870
Cerulean Warbler,Setophaga cerulea,Threatened,Illinois,6093350
American Brook Lamprey,Lethenteron appendix,Threatened,Illinois,2421396
Lake Sturgeon,Acipenser fulvescens,Endangered,Illinois,2402120
Ironcolor Shiner,Alburnops chalybaeus,Threatened,Illinois,
River Redhorse,Moxostoma carinatum,Threatened,Illinois,2358998
Trout-perch,Percopsis omiscomaycus,Threatened,Illinois,2401709
Starhead Topminnow,Fundulus dispar,Threatened,Illinois,5203653
Redspotted Sunfish,Lepomis miniatus,Threatened,Illinois,2394505
Ornate Box Turtle,Terrapene ornata,Threatened,Illinois,2443168
Yellow Mud Turtle,Kinosternon flavescens,Endangered,Illinois,2442437
Plains Hog-nosed Snake,Heterodon nasicus,Threatened,Illinois,5223725
Elephant-ear,Elliptio crassidens,Endangered,Illinois,2288338
Ebonyshell,Reginaia ebenus,Endangered,Illinois,7436337
Forked Aster,Eurybia furcata,Threatened,Illinois,5396123
Decurrent False Aster,Boltonia decurrens,Threatened,Illinois,5393595
Lakeside Daisy,Tetraneuris herbacea,Endangered,Illinois,3112429
James' Clammyweed,Polanisia jamesii,Endangered,Illinois,3054265
Tennessee Milk Vetch,Astragalus tennesseensis,Endangered,Illinois,5344468
Golden Corydalis,Corydalis aurea,Endangered,Illinois,5334210
Broomrape,Orobanche ludoviciana,Threatened,Illinois,3738693
Heart-leaved Plantain,Plantago cordata,Endangered,Illinois,3189759
Kittentails,Synthyris bullii,Threatened,Illinois,3172149
Small Yellow Lady's Slipper,Cypripedium parviflorum,Endangered,Illinois,2820475
Wolf's Bluegrass,Poa wolfii,Endangered,Illinois,2704327
Rusty Patched Bumble Bee,Bombus affinis,Endangered,Illinois,1340481
Northern Harrier,Circus hudsonius,Endangered,Illinois,5229175
Mudpuppy,Necturus maculosus,Threatened,Illinois,2432048
Walsh's Anthophora,Anthophora walshii,Threatened,Illinois,5040392
Bird-voiced Treefrog,Hyla avivoca,Threatened,Illinois,10771002
Eastern Narrowmouth Toad,Gastrophryne carolinensis,Threatened,Illinois,2421766
Least Bittern,Ixobrychus exilis,Threatened,Illinois,2480852
Little Blue Heron,Egretta caerulea,Endangered,Illinois,2480894
Common Gallinule,Gallinula galeata,Endangered,Illinois,5228200
Chuck-will's-widow,Antrostomus carolinensis,Threatened,Illinois,6101173
Loggerhead Shrike,Lanius ludovicianus,Endangered,Illinois,2492870
Cerulean Warbler,Setophaga cerulea,Threatened,Illinois,6093350
Pallid Sturgeon,Scaphirhynchus albus,Endangered,Illinois,2402088
Cypress Minnow,Hybognathus hayi,Endangered,Illinois,2364404
Bigeye Shiner,Miniellus boops,Endangered,Illinois,
Weed Shiner,Alburnops texanus,Endangered,Illinois,
Sturgeon Chub,Macrhybopsis gelida,Endangered,Illinois,2362060
River Redhorse,Moxostoma carinatum,Threatened,Illinois,2358998
Trout-perch,Percopsis omiscomaycus,Threatened,Illinois,2401709
Starhead Topminnow,Fundulus dispar,Threatened,Illinois,5203653
Banded Pygmy Sunfish,Elassoma zonatum,Threatened,Illinois,2380530
Bantam Sunfish,Lepomis symmetricus,Threatened,Illinois,2394485
Redspotted Sunfish,Lepomis miniatus,Threatened,Illinois,2394505
Western Sand Darter,Ammocrypta clara,Endangered,Illinois,2381980
Southeastern Myotis,Myotis austroriparius,Endangered,Illinois,2432451
Indiana Bat,Myotis sodalis,Endangered,Illinois,2432418
Northern Long-eared Bat,Myotis septentrionalis,Endangered,Illinois,2432436
Rafinesque's Big-eared Bat,Corynorhinus rafinesquii,Endangered,Illinois,2432491
Alligator Snapping Turtle,Macrochelys temminckii,Endangered,Illinois,5220318
Mississippi Green Watersnake,Nerodia cyclopion,Threatened,Illinois,5223330
Flat-headed Snake,Tantilla gracilis,Threatened,Illinois,2456417
Eastern Ribbon Snake,Thamnophis saurita,Threatened,Illinois,2457577
Timber Rattlesnake,Crotalus horridus,Threatened,Illinois,2444468
Packard's Cave Amphipod,Crangonyx packardi,Endangered,Illinois,2217985
Bloodleaf,Iresine rhizomatosa,Endangered,Illinois,3085031
Mock Bishop's Weed,Ptilimnium nuttallii,Endangered,Illinois,3034200
American Strawberry Bush,Euonymus americanus,Threatened,Illinois,3169130
Squirting Cucumber,Melothria pendula,Threatened,Illinois,2874550
Willow Oak,Quercus phellos,Threatened,Illinois,2880652
Rock Chestnut Oak,Quercus montana,Threatened,Illinois,2881118
One-flowered Hydrolea,Hydrolea uniflora,Endangered,Illinois,2928291
Water Hickory,Carya aquatica,Endangered,Illinois,8246850
Pale Hickory,Carya pallida,Endangered,Illinois,3054341
Butternut,Juglans cinerea,Endangered,Illinois,3054352
White Bergamot,Monarda clinopodia,Threatened,Illinois,5341398
Hairy Synandra,Synandra hispidula,Threatened,Illinois,5341425
French's Shootingstar,Dodecatheon frenchii,Threatened,Illinois,3169272
Creeping Loosestrife,Lysimachia radicans,Endangered,Illinois,3169383
Pale False Foxglove,Agalinis skinneriana,Threatened,Illinois,3171219
Storax,Styrax americanus,Threatened,Illinois,5371669
Nettle,Urtica chamaedryoides,Threatened,Illinois,5361812
Shortleaf Pine,Pinus echinata,Endangered,Illinois,5285324
Cypress-knee Sedge,Carex decomposita,Endangered,Illinois,2726186
Large Sedge,Carex gigantea,Endangered,Illinois,2728850
Swollen Sedge,Carex intumescens,Threatened,Illinois,2727755
Black-edged Sedge,Carex nigromarginata,Endangered,Illinois,2727797
Sharp-scaled Sedge,Carex oxylepis var. oxylepis,Threatened,Illinois,8350580
Bellows Beak Sedge,Carex albicans var. australis,Endangered,Illinois,2725478
Willdenow's Sedge,Carex willdenowii,Threatened,Illinois,2725214
Carolina Whipgrass,Scleria pauciflora,Endangered,Illinois,2712557
Green Trillium,Trillium viride,Endangered,Illinois,2742258
Tubercled Orchid,Platanthera flava,Threatened,Illinois,2798014
Spring Ladies' Tresses,Spiranthes vernalis,Endangered,Illinois,2805347
Panic Grass,Dichanthelium yadkinense,Endangered,Illinois,4133247
Panic Grass,Dichanthelium joorii,Endangered,Illinois,2702603
Arkansas Mannagrass,Glyceria arkansana,Endangered,Illinois,2705476
Grass,Torreyochloa pallida,Endangered,Illinois,2704462
Bradley's Spleenwort,Asplenium bradleyi,Endangered,Illinois,2650685
Black Spleenwort,Asplenium resiliens,Endangered,Illinois,2650631
Filmy Fern,Vandenboschia boschiana,Endangered,Illinois,3607273
Southern Grape Fern,Sceptridium biternatum,Endangered,Illinois,3659097
Northern Harrier,Circus hudsonius,Endangered,Illinois,5229175
Mudpuppy,Necturus maculosus,Threatened,Illinois,2432048
Central Forestfly,Prostoia ozarkensis,Endangered,Illinois,7609426
Shawnee Hills Cavefish,Forbesichthys papilliferus,Threatened,Illinois,
Small Flower-of-an-hour,Phemeranthus parviflorus,Threatened,Illinois,4022519
Harlequin Darter,Etheostoma histrio,Endangered,Illinois,2382337
Smooth Softshell,Apalone mutica,Threatened,Illinois,2442712
Ebonyshell,Reginaia ebenus,Endangered,Illinois,7436337
Fat Pocketbook,Potamilus capax,Endangered,Illinois,2287988
Shawnee Rocksnail,Lithasia obovata,Endangered,Illinois,2302312
American Strawberry Bush,Euonymus americanus,Threatened,Illinois,3169130
Sharp-scaled Sedge,Carex oxylepis var. oxylepis,Threatened,Illinois,8350580
Silvery Salamander,Ambystoma platineum,Endangered,Illinois,2432014
Four-toed Salamander,Hemidactylium scutatum,Threatened,Illinois,2431666
Least Bittern,Ixobrychus exilis,Threatened,Illinois,2480852
Osprey,Pandion haliaetus,Threatened,Illinois,2480726
Upland Sandpiper,Bartramia longicauda,Endangered,Illinois,2481705
Short-eared Owl,Asio flammeus,Endangered,Illinois,2497295
American Brook Lamprey,Lethenteron appendix,Threatened,Illinois,2421396
Mottled Sculpin,Cottus bairdii,Threatened,Illinois,2334131
Bigeye Chub,Hybopsis amblops,Threatened,Illinois,2366620
River Chub,Nocomis micropogon,Endangered,Illinois,2365441
Bigeye Shiner,Miniellus boops,Endangered,Illinois,
Gravel Chub,Erimystax x-punctatus,Threatened,Illinois,2362094
River Redhorse,Moxostoma carinatum,Threatened,Illinois,2358998
Northern Madtom,Noturus stigmosus,Endangered,Illinois,2341037
Eastern Sand Darter,Ammocrypta pellucida,Threatened,Illinois,2381982
Bluebreast Darter,Nothonotus camurus,Threatened,Illinois,2382299
Southeastern Myotis,Myotis austroriparius,Endangered,Illinois,2432451
Indiana Bat,Myotis sodalis,Endangered,Illinois,2432418
Northern Long-eared Bat,Myotis septentrionalis,Endangered,Illinois,2432436
Franklin's Ground Squirrel,Poliocitellus franklinii,Threatened,Illinois,7946545
Blanding's Turtle,Emydoidea blandingii,Endangered,Illinois,5220530
Smooth Softshell,Apalone mutica,Threatened,Illinois,2442712
Swamp Metalmark,Calephelis muticum,Endangered,Illinois,1935899
Purple Wartyback,Cyclonaias tuberculata,Threatened,Illinois,2287949
Ebonyshell,Reginaia ebenus,Endangered,Illinois,7436337
Wavy-rayed Lampmussel,Lampsilis fasciola,Endangered,Illinois,2288147
Clubshell,Pleurobema clava,Endangered,Illinois,2288099
Kidneyshell,Ptychobranchus fasciolaris,Endangered,Illinois,5189344
Rabbitsfoot,Theliderma cylindrica,Endangered,Illinois,7342653
Salamander Mussel,Simpsonaias ambigua,Endangered,Illinois,2288258
Purple Lilliput,Toxolasma lividum,Endangered,Illinois,2288024
Mead's Milkweed,Asclepias meadii,Endangered,Illinois,3170259
Royal Catchfly,Silene regia,Endangered,Illinois,5384746
Butternut,Juglans cinerea,Endangered,Illinois,3054352
White Bergamot,Monarda clinopodia,Threatened,Illinois,5341398
Queen-of-the-prairie,Filipendula rubra,Threatened,Illinois,2988113
Limestone Riverbank Violet,Viola viarum,Endangered,Illinois,5331213
Sedge,Carex bromoides,Threatened,Illinois,2729333
Drooping Sedge,Carex prasina,Threatened,Illinois,2726203
Willdenow's Sedge,Carex willdenowii,Threatened,Illinois,2725214
Bulrush,Scirpus hattorianus,Endangered,Illinois,2720130
Small Yellow Lady's Slipper,Cypripedium parviflorum,Endangered,Illinois,2820475
Weak Bluegrass,Poa saltuensis ssp. languida,Endangered,Illinois,2704318
Wolf's Bluegrass,Poa wolfii,Endangered,Illinois,2704327
Robust Springfly,Diploperla robusta,Endangered,Illinois,2004409
Northern Riffleshell,Epioblasma rangiana,Endangered,Illinois,8007262
Northern Harrier,Circus hudsonius,Endangered,Illinois,5229175
Tippecanoe Darter,Nothonotus tippecanoe,Threatened,Illinois,2382212
Mudpuppy,Necturus maculosus,Threatened,Illinois,2432048
Streamline Chub,Erimystax dissimilis,Threatened,Illinois,2362086
Monkeyface,Quadrula metanevra,Threatened,Illinois,7834176
Rainbow,Cambarunio iris,Endangered,Illinois,9749798
Gravel Chub,Erimystax x-punctatus,Threatened,Illinois,2362094
Northern Long-eared Bat,Myotis septentrionalis,Endangered,Illinois,2432436
Jefferson Salamander,Ambystoma jeffersonianum,Threatened,Illinois,2431962
River Chub,Nocomis micropogon,Endangered,Illinois,2365441
Gravel Chub,Erimystax x-punctatus,Threatened,Illinois,2362094
Greater Redhorse,Moxostoma valenciennesi,Endangered,Illinois,2358996
Elephant-ear,Elliptio crassidens,Endangered,Illinois,2288338
Monkeyface,Quadrula metanevra,Threatened,Illinois,7834176
Wilson's Phalarope,Phalaropus tricolor,Endangered,Illinois,5229389
Least Tern,Sternula antillarum,Endangered,Illinois,5789285
Black Tern,Chlidonias niger,Endangered,Illinois,2481119
Loggerhead Shrike,Lanius ludovicianus,Endangered,Illinois,2492870
Cerulean Warbler,Setophaga cerulea,Threatened,Illinois,6093350
Swainson's Warbler,Limnothlypis swainsonii,Endangered,Illinois,2489636
Gravel Chub,Erimystax x-punctatus,Threatened,Illinois,2362094
Northern Madtom,Noturus stigmosus,Endangered,Illinois,2341037
Eastern Sand Darter,Ammocrypta pellucida,Threatened,Illinois,2381982
Harlequin Darter,Etheostoma histrio,Endangered,Illinois,2382337
Alligator Snapping Turtle,Macrochelys temminckii,Endangered,Illinois,5220318
Timber Rattlesnake,Crotalus horridus,Threatened,Illinois,2444468
Elephant-ear,Elliptio crassidens,Endangered,Illinois,2288338
Spike,Eurynia dilatata,Endangered,Illinois,7637385
Ebonyshell,Reginaia ebenus,Endangered,Illinois,7436337
Fat Pocketbook,Potamilus capax,Endangered,Illinois,2287988
Onyx Rocksnail,Leptoxis praerosa,Endangered,Illinois,5192836
Shawnee Rocksnail,Lithasia obovata,Endangered,Illinois,2302312
Bloodleaf,Iresine rhizomatosa,Endangered,Illinois,3085031
Blue Jasmine,Clematis crispa,Endangered,Illinois,3033593
Monkeyface,Quadrula metanevra,Threatened,Illinois,7834176
Common Gallinule,Gallinula galeata,Endangered,Illinois,5228200
Blanding's Turtle,Emydoidea blandingii,Endangered,Illinois,5220530
Queen-of-the-prairie,Filipendula rubra,Threatened,Illinois,2988113
Rusty Patched Bumble Bee,Bombus affinis,Endangered,Illinois,1340481
Rainbow,Cambarunio iris,Endangered,Illinois,9749798
Indiana Bat,Myotis sodalis,Endangered,Illinois,2432418
Northern Long-eared Bat,Myotis septentrionalis,Endangered,Illinois,2432436
Eastern Massasauga,Sistrurus catenatus,Endangered,Illinois,9223124
Virginia Bunchflower,Melanthium virginicum,Endangered,Illinois,5295857
Purple Lilliput,Toxolasma lividum,Endangered,Illinois,2288024
Loggerhead Shrike,Lanius ludovicianus,Endangered,Illinois,2492870
Cypress Minnow,Hybognathus hayi,Endangered,Illinois,2364404
Indiana Bat,Myotis sodalis,Endangered,Illinois,2432418
Ornate Box Turtle,Terrapene ornata,Threatened,Illinois,2443168
Eastern Massasauga,Sistrurus catenatus,Endangered,Illinois,9223124
Buffalo Clover,Trifolium reflexum,Threatened,Illinois,5359007
Wild Blue Sage,Salvia azurea var. grandiflora,Threatened,Illinois,8283204
Tubercled Orchid,Platanthera flava,Threatened,Illinois,2798014
Cluster Fescue,Festuca paradoxa,Threatened,Illinois,2704984
Opaque Oval Sedge,Carex opaca,Endangered,Illinois,2723921
Monkeyface,Quadrula metanevra,Threatened,Illinois,7834176
Least Bittern,Ixobrychus exilis,Threatened,Illinois,2480852
Black-crowned Night-Heron,Nycticorax nycticorax,Endangered,Illinois,2480863
Yellow-crowned Night-Heron,Nyctanassa violacea,Endangered,Illinois,2480953
Common Gallinule,Gallinula galeata,Endangered,Illinois,5228200
Loggerhead Shrike,Lanius ludovicianus,Endangered,Illinois,2492870
Eastern Ribbon Snake,Thamnophis saurita,Threatened,Illinois,2457577
Little Wabash Crayfish,Faxonius stannardi,Endangered,Illinois,9009477
Spike,Eurynia dilatata,Endangered,Illinois,7637385
Ebonyshell,Reginaia ebenus,Endangered,Illinois,7436337
Storax,Styrax americanus,Threatened,Illinois,5371669
Arkansas Sedge,Carex arkansana,Endangered,Illinois,2727559
Swollen Sedge,Carex intumescens,Threatened,Illinois,2727755
Grass-leaved Lily,Stenanthium gramineum,Threatened,Illinois,2741746
Northern Harrier,Circus hudsonius,Endangered,Illinois,5229175
King Rail,Rallus elegans,Endangered,Illinois,9480015
Hellbender,Cryptobranchus alleganiensis,Endangered,Illinois,2432031
Greater Prairie-Chicken,Tympanuchus cupido,Endangered,Illinois,2473510
Least Tern,Sternula antillarum,Endangered,Illinois,5789285
Gravel Chub,Erimystax x-punctatus,Threatened,Illinois,2362094
River Redhorse,Moxostoma carinatum,Threatened,Illinois,2358998
Banded Pygmy Sunfish,Elassoma zonatum,Threatened,Illinois,2380530
Redspotted Sunfish,Lepomis miniatus,Threatened,Illinois,2394505
Crystal Darter,Crystallaria asprella,Endangered,Illinois,2382195
Harlequin Darter,Etheostoma histrio,Endangered,Illinois,2382337
River Cooter,Pseudemys concinna,Endangered,Illinois,8898408
Smooth Softshell,Apalone mutica,Threatened,Illinois,2442712
Indiana Crayfish,Faxonius indianensis,Endangered,Illinois,9193207
Little Wabash Crayfish,Faxonius stannardi,Endangered,Illinois,9009477
Purple Wartyback,Cyclonaias tuberculata,Threatened,Illinois,2287949
Fanshell,Cyprogenia stegaria,Endangered,Illinois,5189381
Elephant-ear,Elliptio crassidens,Endangered,Illinois,2288338
Spike,Eurynia dilatata,Endangered,Illinois,7637385
Ebonyshell,Reginaia ebenus,Endangered,Illinois,7436337
Fat Pocketbook,Potamilus capax,Endangered,Illinois,2287988
Kidneyshell,Ptychobranchus fasciolaris,Endangered,Illinois,5189344
Purple Lilliput,Toxolasma lividum,Endangered,Illinois,2288024
Onyx Rocksnail,Leptoxis praerosa,Endangered,Illinois,5192836
Shawnee Rocksnail,Lithasia obovata,Endangered,Illinois,2302312
Lea's Bog Lichen,Phaeophyscia leana,Threatened,Illinois,3428423
Northern Harrier,Circus hudsonius,Endangered,Illinois,5229175
Monkeyface,Quadrula metanevra,Threatened,Illinois,7834176
Least Bittern,Ixobrychus exilis,Threatened,Illinois,2480852
Common Gallinule,Gallinula galeata,Endangered,Illinois,5228200
Loggerhead Shrike,Lanius ludovicianus,Endangered,Illinois,2492870
Yellow-headed Blackbird,Xanthocephalus xanthocephalus,Endangered,Illinois,2484195
Lake Sturgeon,Acipenser fulvescens,Endangered,Illinois,2402120
Pugnose Shiner,Notropis anogenus,Endangered,Illinois,2362240
Blacknose Shiner,Notropis heterolepis,Endangered,Illinois,2362139
Weed Shiner,Alburnops texanus,Endangered,Illinois,
Gravel Chub,Erimystax x-punctatus,Threatened,Illinois,2362094
Starhead Topminnow,Fundulus dispar,Threatened,Illinois,5203653
Crystal Darter,Crystallaria asprella,Endangered,Illinois,2382195
Western Sand Darter,Ammocrypta clara,Endangered,Illinois,2381980
Northern Long-eared Bat,Myotis septentrionalis,Endangered,Illinois,2432436
Franklin's Ground Squirrel,Poliocitellus franklinii,Threatened,Illinois,7946545
Gray/Timber Wolf,Canis lupus,Endangered,Illinois,5219173
Blanding's Turtle,Emydoidea blandingii,Endangered,Illinois,5220530
Ornate Box Turtle,Terrapene ornata,Threatened,Illinois,2443168
Yellow Mud Turtle,Kinosternon flavescens,Endangered,Illinois,2442437
Smooth Softshell,Apalone mutica,Threatened,Illinois,2442712
Plains Hog-nosed Snake,Heterodon nasicus,Threatened,Illinois,5223725
Western Regal Fritillary,Argynnis idalia occidentalis,Threatened,Illinois,1905162
Purple Wartyback,Cyclonaias tuberculata,Threatened,Illinois,2287949
Butterfly,Ellipsaria lineolata,Threatened,Illinois,2288379
Higgins Eye,Lampsilis higginsii,Endangered,Illinois,2288133
Sheepnose,Plethobasus cyphyus,Endangered,Illinois,2287978
Prairie Dandelion,Nothocalais cuspidata,Endangered,Illinois,5399495
Fragile Prickly Pear,Opuntia fragilis,Endangered,Illinois,5384113
False Heather,Hudsonia tomentosa,Endangered,Illinois,5331111
Bent Milk Vetch,Astragalus distortus,Endangered,Illinois,5344510
Wild Blue Sage,Salvia azurea var. grandiflora,Threatened,Illinois,8283204
Broomrape,Orobanche ludoviciana,Threatened,Illinois,3738693
Kittentails,Synthyris bullii,Threatened,Illinois,3172149
Yellow Monkey Flower,Erythranthe geyeri,Endangered,Illinois,7346100
Large-flowered Beard Tongue,Penstemon grandiflorus,Endangered,Illinois,3171531
Canada Violet,Viola canadensis,Endangered,Illinois,5331231
Jack Pine,Pinus banksiana,Endangered,Illinois,5285533
Sedge,Carex crawfordii,Endangered,Illinois,2722380
Plains Sedge,Carex inops ssp. heliophila,Endangered,Illinois,2729395
Umbrella Sedge,Cyperus grayoides,Threatened,Illinois,
Rusty Patched Bumble Bee,Bombus affinis,Endangered,Illinois,1340481
Western Banded Killifish,Fundulus diaphanus menona,Threatened,Illinois,5712054
Leafhopper,Commellus colon,Endangered,Illinois,2046922
Sand Reed Leafhopper,Flexamia grammica,Endangered,Illinois,2047353
Monkeyface,Quadrula metanevra,Threatened,Illinois,7834176
Ross' Polyamia,Polyamia rossi,Threatened,Illinois,2045983
Four-toed Salamander,Hemidactylium scutatum,Threatened,Illinois,2431666
Least Bittern,Ixobrychus exilis,Threatened,Illinois,2480852
Black-crowned Night-Heron,Nycticorax nycticorax,Endangered,Illinois,2480863
Osprey,Pandion haliaetus,Threatened,Illinois,2480726
Common Gallinule,Gallinula galeata,Endangered,Illinois,5228200
Upland Sandpiper,Bartramia longicauda,Endangered,Illinois,2481705
Short-eared Owl,Asio flammeus,Endangered,Illinois,2497295
Loggerhead Shrike,Lanius ludovicianus,Endangered,Illinois,2492870
Cerulean Warbler,Setophaga cerulea,Threatened,Illinois,6093350
Yellow-headed Blackbird,Xanthocephalus xanthocephalus,Endangered,Illinois,2484195
Mottled Sculpin,Cottus bairdii,Threatened,Illinois,2334131
Pallid Shiner,Hybopsis amnis,Endangered,Illinois,2366623
Bigeye Shiner,Miniellus boops,Endangered,Illinois,
Ironcolor Shiner,Alburnops chalybaeus,Threatened,Illinois,
Blackchin Shiner,Miniellus heterodon,Threatened,Illinois,
Blacknose Shiner,Notropis heterolepis,Endangered,Illinois,2362139
Weed Shiner,Alburnops texanus,Endangered,Illinois,
River Redhorse,Moxostoma carinatum,Threatened,Illinois,2358998
Starhead Topminnow,Fundulus dispar,Threatened,Illinois,5203653
Western Sand Darter,Ammocrypta clara,Endangered,Illinois,2381980
Northern Long-eared Bat,Myotis septentrionalis,Endangered,Illinois,2432436
Franklin's Ground Squirrel,Poliocitellus franklinii,Threatened,Illinois,7946545
Spotted Turtle,Clemmys guttata,Endangered,Illinois,5961001
Blanding's Turtle,Emydoidea blandingii,Endangered,Illinois,5220530
River Cooter,Pseudemys concinna,Endangered,Illinois,8898408
Ornate Box Turtle,Terrapene ornata,Threatened,Illinois,2443168
Kirtland's Snake,Clonophis kirtlandii,Threatened,Illinois,2456368
Eastern Massasauga,Sistrurus catenatus,Endangered,Illinois,9223124
Red-tailed Prairie Leafhopper,Aflexia rubranura,Threatened,Illinois,2034384
Purplish Copper,Tharsalea helloides,Threatened,Illinois,12229400
Aphrodite Fritillary,Argynnis aphrodite,Threatened,Illinois,1905301
Eryngium Stem Borer,Papaipema eryngii,Threatened,Illinois,1778047
Hine's Emerald Dragonfly,Somatochlora hineana,Endangered,Illinois,1429986
Purple Wartyback,Cyclonaias tuberculata,Threatened,Illinois,2287949
Spike,Eurynia dilatata,Endangered,Illinois,7637385
Snuffbox,Epioblasma triquetra,Endangered,Illinois,2288218
Sheepnose,Plethobasus cyphyus,Endangered,Illinois,2287978
Salamander Mussel,Simpsonaias ambigua,Endangered,Illinois,2288258
Mead's Milkweed,Asclepias meadii,Endangered,Illinois,3170259
Forked Aster,Eurybia furcata,Threatened,Illinois,5396123
Decurrent False Aster,Boltonia decurrens,Threatened,Illinois,5393595
Lakeside Daisy,Tetraneuris herbacea,Endangered,Illinois,3112429
Slender Sandwort,Minuartia patula,Threatened,Illinois,8100630
Royal Catchfly,Silene regia,Endangered,Illinois,5384746
Shore St. John's Wort,Hypericum adpressum,Endangered,Illinois,3189524
Narrow-leaved Sundew,Drosera intermedia,Threatened,Illinois,3191157
Large Cranberry,Vaccinium macrocarpon,Endangered,Illinois,2882841
Leafy Prairie Clover,Dalea foliosa,Endangered,Illinois,5353340
Buffalo Clover,Trifolium reflexum,Threatened,Illinois,5359007
Golden Corydalis,Corydalis aurea,Endangered,Illinois,5334210
Northern Cranesbill,Geranium bicknellii,Endangered,Illinois,2890075
Butternut,Juglans cinerea,Endangered,Illinois,3054352
Wild Blue Sage,Salvia azurea var. grandiflora,Threatened,Illinois,8283204
Flat-leaved Bladderwort,Utricularia intermedia,Threatened,Illinois,3172413
Kankakee Mallow,Iliamna remota,Endangered,Illinois,6377799
False Mallow,Malvastrum hispidum,Endangered,Illinois,3152273
Hairy Umbrella-wort,Mirabilis hirsuta,Endangered,Illinois,9862208
Heart-leaved Plantain,Plantago cordata,Endangered,Illinois,3189759
Queen-of-the-prairie,Filipendula rubra,Threatened,Illinois,2988113
Bristly Blackberry,Rubus setosus,Threatened,Illinois,7769228
American Burnet,Sanguisorba canadensis,Endangered,Illinois,3029411
Large-flowered Beard Tongue,Penstemon grandiflorus,Endangered,Illinois,3171531
American Brooklime,Veronica americana,Endangered,Illinois,3172084
Marsh Speedwell,Veronica scutellata,Threatened,Illinois,3172072
Corn Salad,Valerianella umbilicata,Endangered,Illinois,8607668
Canada Violet,Viola canadensis,Endangered,Illinois,5331231
Primrose Violet,Viola primulifolia,Endangered,Illinois,8215820
Limestone Riverbank Violet,Viola viarum,Endangered,Illinois,5331213
Jack Pine,Pinus banksiana,Endangered,Illinois,5285533
Little Green Sedge,Carex viridula,Threatened,Illinois,7646626
Beaked Spike Rush,Eleocharis rostellata,Threatened,Illinois,2717550
Bulrush,Scirpus hattorianus,Endangered,Illinois,2720130
Carolina Whipgrass,Scleria pauciflora,Endangered,Illinois,2712557
Common Bog Arrow Grass,Triglochin maritima,Threatened,Illinois,2865368
Slender Bog Arrow Grass,Triglochin palustris,Threatened,Illinois,2865280
Hairy Woodrush,Luzula acuminata,Endangered,Illinois,2700818
Grass Pink Orchid,Calopogon tuberosus,Endangered,Illinois,2842641
Spotted Coral-root Orchid,Corallorhiza maculata,Endangered,Illinois,2797273
Showy Lady's Slipper,Cypripedium reginae,Endangered,Illinois,2820340
Wood Orchid,Platanthera clavellata,Endangered,Illinois,2797979
Tubercled Orchid,Platanthera flava,Threatened,Illinois,2798014
Eastern Prairie Fringed Orchid,Platanthera leucophaea,Endangered,Illinois,2798308
Yellow-lipped Ladies' Tresses,Spiranthes lucida,Endangered,Illinois,2805336
American Slough Grass,Beckmannia syzigachne,Endangered,Illinois,5290059
Northern Panic Grass,Dichanthelium boreale,Endangered,Illinois,2702568
Cluster Fescue,Festuca paradoxa,Threatened,Illinois,2704984
Grass-leaved Pondweed,Potamogeton gramineus,Threatened,Illinois,5301183
Quillwort,Isoetes butleri,Endangered,Illinois,2688265
Running Pine,Lycopodium clavatum,Endangered,Illinois,2688393
Oklahoma grass pink orchid,Calopogon oklahomensis,Endangered,Illinois,2842631
Hedge Hyssop,Gratiola quartermaniae,Endangered,Illinois,3729062
Rusty Patched Bumble Bee,Bombus affinis,Endangered,Illinois,1340481
Richardson's Rush,Juncus alpinoarticulatus,Threatened,Illinois,2701930
Northern Harrier,Circus hudsonius,Endangered,Illinois,5229175
Mudpuppy,Necturus maculosus,Threatened,Illinois,2432048
Eastern Straw Sedge,Carex straminea,Endangered,Illinois,2724367
King Rail,Rallus elegans,Endangered,Illinois,9480015
Monkeyface,Quadrula metanevra,Threatened,Illinois,7834176
Ball�s Athysanella,Athysanella balli,Endangered,Illinois,2046470
Swink's St. John's Wort,Hypericum swinkianum,Endangered,Illinois,10886061
Least Bittern,Ixobrychus exilis,Threatened,Illinois,2480852
Yellow-crowned Night-Heron,Nyctanassa violacea,Endangered,Illinois,2480953
Osprey,Pandion haliaetus,Threatened,Illinois,2480726
Upland Sandpiper,Bartramia longicauda,Endangered,Illinois,2481705
Chuck-will's-widow,Antrostomus carolinensis,Threatened,Illinois,6101173
Bewick's Wren,Thryomanes bewickii,Endangered,Illinois,2493843
Loggerhead Shrike,Lanius ludovicianus,Endangered,Illinois,2492870
Least Brook Lamprey,Lampetra aepyptera,Threatened,Illinois,5216490
Indiana Bat,Myotis sodalis,Endangered,Illinois,2432418
Northern Long-eared Bat,Myotis septentrionalis,Endangered,Illinois,2432436
Timber Rattlesnake,Crotalus horridus,Threatened,Illinois,2444468
Indiana Crayfish,Faxonius indianensis,Endangered,Illinois,9193207
Eryngo,Eryngium prostratum,Endangered,Illinois,3034419
Climbing Milkweed,Matelea decipiens,Endangered,Illinois,8687899
Willow Oak,Quercus phellos,Threatened,Illinois,2880652
Butternut,Juglans cinerea,Endangered,Illinois,3054352
Dull Meadow Beauty,Rhexia mariana,Endangered,Illinois,6370240
French's Shootingstar,Dodecatheon frenchii,Threatened,Illinois,3169272
Shortleaf Pine,Pinus echinata,Endangered,Illinois,5285324
Greenish-white Oval Sedge,Carex albolutescens,Endangered,Illinois,2723628
Sedge,Carex crawfordii,Endangered,Illinois,2722380
Black-edged Sedge,Carex nigromarginata,Endangered,Illinois,2727797
Bellows Beak Sedge,Carex albicans var. australis,Endangered,Illinois,2725478
Carolina Whipgrass,Scleria pauciflora,Endangered,Illinois,2712557
Grass-leaved Lily,Stenanthium gramineum,Threatened,Illinois,2741746
Green Trillium,Trillium viride,Endangered,Illinois,2742258
Small Yellow Lady's Slipper,Cypripedium parviflorum,Endangered,Illinois,2820475
Spring Ladies' Tresses,Spiranthes vernalis,Endangered,Illinois,2805347
Bradley's Spleenwort,Asplenium bradleyi,Endangered,Illinois,2650685
Northern Harrier,Circus hudsonius,Endangered,Illinois,5229175
Yellow-crowned Night-Heron,Nyctanassa violacea,Endangered,Illinois,2480953
Osprey,Pandion haliaetus,Threatened,Illinois,2480726
Common Gallinule,Gallinula galeata,Endangered,Illinois,5228200
Upland Sandpiper,Bartramia longicauda,Endangered,Illinois,2481705
Black-billed Cuckoo,Coccyzus erythropthalmus,Threatened,Illinois,2496286
Loggerhead Shrike,Lanius ludovicianus,Endangered,Illinois,2492870
Cerulean Warbler,Setophaga cerulea,Threatened,Illinois,6093350
American Brook Lamprey,Lethenteron appendix,Threatened,Illinois,2421396
Mottled Sculpin,Cottus bairdii,Threatened,Illinois,2334131
Lake Sturgeon,Acipenser fulvescens,Endangered,Illinois,2402120
Brassy Minnow,Hybognathus hankinsoni,Endangered,Illinois,2364394
Ozark Minnow,Miniellus nubilus,Threatened,Illinois,
Weed Shiner,Alburnops texanus,Endangered,Illinois,
Gravel Chub,Erimystax x-punctatus,Threatened,Illinois,2362094
River Redhorse,Moxostoma carinatum,Threatened,Illinois,2358998
Starhead Topminnow,Fundulus dispar,Threatened,Illinois,5203653
Western Sand Darter,Ammocrypta clara,Endangered,Illinois,2381980
Franklin's Ground Squirrel,Poliocitellus franklinii,Threatened,Illinois,7946545
Blanding's Turtle,Emydoidea blandingii,Endangered,Illinois,5220530
Ornate Box Turtle,Terrapene ornata,Threatened,Illinois,2443168
Aphrodite Fritillary,Argynnis aphrodite,Threatened,Illinois,1905301
Western Regal Fritillary,Argynnis idalia occidentalis,Threatened,Illinois,1905162
Hine's Emerald Dragonfly,Somatochlora hineana,Endangered,Illinois,1429986
Purple Wartyback,Cyclonaias tuberculata,Threatened,Illinois,2287949
Spike,Eurynia dilatata,Endangered,Illinois,7637385
Wooly Milkweed,Asclepias lanuginosa,Endangered,Illinois,3170327
Dragon Wormwood,Artemisia dracunculus,Endangered,Illinois,3121581
Forked Aster,Eurybia furcata,Threatened,Illinois,5396123
Tall Sunflower,Helianthus giganteus,Endangered,Illinois,3119240
Prairie Dandelion,Nothocalais cuspidata,Endangered,Illinois,5399495
Speckled Alder,Alnus incana ssp. rugosa,Endangered,Illinois,2876469
Royal Catchfly,Silene regia,Endangered,Illinois,5384746
Pinweed,Lechea intermedia,Endangered,Illinois,5331117
Red-berried Elder,Sambucus racemosa ssp. pubens,Endangered,Illinois,8250865
Bearberry,Arctostaphylos uva-ursi,Endangered,Illinois,2882580
Highbush Blueberry,Vaccinium corymbosum,Endangered,Illinois,2882849
Prairie Bush Clover,Lespedeza leptostachya,Endangered,Illinois,2955734
Butternut,Juglans cinerea,Endangered,Illinois,3054352
Sweetfern,Comptonia peregrina,Endangered,Illinois,5414197
Pipsissewa,Chimaphila umbellata,Endangered,Illinois,2888307
Prairie Buttercup,Ranunculus rhomboideus,Endangered,Illinois,3033365
Redroot,Ceanothus herbaceus,Endangered,Illinois,3039322
Shadbush,Amelanchier interior,Threatened,Illinois,3024097
Queen-of-the-prairie,Filipendula rubra,Threatened,Illinois,2988113
Kittentails,Synthyris bullii,Threatened,Illinois,3172149
Downy Yellow Painted Cup,Castilleja sessiliflora,Endangered,Illinois,3170616
Large-flowered Beard Tongue,Penstemon grandiflorus,Endangered,Illinois,3171531
Rock Elm,Ulmus thomasii,Endangered,Illinois,5361875
Trailing Juniper,Juniperus horizontalis,Endangered,Illinois,2684410
Sedge,Carex echinata,Endangered,Illinois,2726894
Plains Sedge,Carex inops ssp. heliophila,Endangered,Illinois,2729395
Vasey's Rush,Juncus vaseyi,Endangered,Illinois,2701308
Grass Pink Orchid,Calopogon tuberosus,Endangered,Illinois,2842641
Spotted Coral-root Orchid,Corallorhiza maculata,Endangered,Illinois,2797273
Small Yellow Lady's Slipper,Cypripedium parviflorum,Endangered,Illinois,2820475
Bearded Wheat Grass,Elymus trachycaulus,Endangered,Illinois,4104489
American Bur-reed,Sparganium americanum,Endangered,Illinois,2702311
Northern Grape Fern,Sceptridium multifidum,Endangered,Illinois,7321468
Dwarf Grape Fern,Botrychium simplex,Endangered,Illinois,2650180
Rusty Patched Bumble Bee,Bombus affinis,Endangered,Illinois,1340481
Northern Harrier,Circus hudsonius,Endangered,Illinois,5229175
Mudpuppy,Necturus maculosus,Threatened,Illinois,2432048
Cat's claw,Mimosa nuttallii,Endangered,Illinois,2969750
Mining Bee,Protandrena bancrofti,Threatened,Illinois,1355477
Andrews� Cellophane Bee,Colletes andrewsi,Endangered,Illinois,1348535
Ainslie�s Epeolus,Epeolus ainsliei,Endangered,Illinois,1341930
Leafhopper,Flexamia albida,Threatened,Illinois,2047368
King Rail,Rallus elegans,Endangered,Illinois,9480015
Daisyleaf Grape Fern,Botrychium matricariifolium,Endangered,Illinois,9225633
Ground Juniper,Juniperus communis,Endangered,Illinois,2684709
Osprey,Pandion haliaetus,Threatened,Illinois,2480726
Upland Sandpiper,Bartramia longicauda,Endangered,Illinois,2481705
Black-billed Cuckoo,Coccyzus erythropthalmus,Threatened,Illinois,2496286
Loggerhead Shrike,Lanius ludovicianus,Endangered,Illinois,2492870
Lake Sturgeon,Acipenser fulvescens,Endangered,Illinois,2402120
Trout-perch,Percopsis omiscomaycus,Threatened,Illinois,2401709
Starhead Topminnow,Fundulus dispar,Threatened,Illinois,5203653
Indiana Bat,Myotis sodalis,Endangered,Illinois,2432418
Northern Long-eared Bat,Myotis septentrionalis,Endangered,Illinois,2432436
Spike,Eurynia dilatata,Endangered,Illinois,7637385
Decurrent False Aster,Boltonia decurrens,Threatened,Illinois,5393595
Arrowwood,Viburnum molle,Threatened,Illinois,2888618
Queen-of-the-prairie,Filipendula rubra,Threatened,Illinois,2988113
Yellow Monkey Flower,Erythranthe geyeri,Endangered,Illinois,7346100
Showy Lady's Slipper,Cypripedium reginae,Endangered,Illinois,2820340
Yellow-lipped Ladies' Tresses,Spiranthes lucida,Endangered,Illinois,2805336
Rusty Patched Bumble Bee,Bombus affinis,Endangered,Illinois,1340481
Mudpuppy,Necturus maculosus,Threatened,Illinois,2432048
Southeastern Wandering Spider,Anahita punctulata,SE,Indiana,2152413
a sheetweb spider,Anthrobia whiteleyae,ST,Indiana,5168402
trapdoor spider,Antrodiaetus robustus robust,SE,Indiana,2152290
Indiana Cave Pseudoscorpion,Apochthonius indianensis,SE,Indiana,2124246
orbweaver,Araneus juniperi white-striped,SE,Indiana,2159973
a folding trapdoor spider,Atypoides hadros,SE,Indiana,4659390
antmimic spider,Castianeira alata an,SE,Indiana,2148991
Red-spotted antmimic spider,Castianeira crocata,SE,Indiana,2148971
a dwarf weaver,Ceraticelus limnologicus,ST,Indiana,2138419
A Pseudoscorpion,Chthonius virginicus,SE,Indiana,6884480
a sac spider,Clubiona rileyi,ST,Indiana,2143863
spurred woodland funnelweaver,Coras aerialis big-eyed,SE,Indiana,2141853
a water spider,Cybaeus giganteus,ST,Indiana,2179033
a money spider,Disembolus bairdi,SE,Indiana,2134245
a stealthy ground spider,Drassyllus gynosaphes,SE,Indiana,2133014
a meshweaver spider,Emblyna evicta,SE,Indiana,2144606
a meshweaver spider,Emblyna zaba,SE,Indiana,2144633
a cobweb spider,Emertonella emertoni,SE,Indiana,2157982
Golden Cave harvestman,Erebomaster flavescens,ST,Indiana,6909009
A Dwarf Weaver,Erigone aletris,SE,Indiana,2137699
Bellamy's sword wolf spider,Gladicosa bellamyi,SE,Indiana,2147267
patterned money spider,Grammonota pallipes pale-footed,SE,Indiana,2137215
a jumping spider,Habronattus conjunctus,ST,Indiana,2170838
Holsinger's Cave Pseudoscorpion,Hesperochernes holsingeri,SE,Indiana,2127810
Cave Sheet-web Spider,Islandiana lewisi,SE,Indiana,9747475
Ohio meshweaver,Iviella ohioensis,SE,Indiana,2144837
Packard's Cave Pseudoscorpion,Kleptochthonius packardi,SE,Indiana,2123944
a bolas spider,Mastophora bisaccata,ST,Indiana,5171194
a bolas spider,Mastophora cornigera,ST,Indiana,5171197
Northeastern flower crab spider,Mecaphesa carletonica,SE,Indiana,6717777
Nelson's pirate spider,Mimetus nelsoni,SE,Indiana,2167453
a cyrtaucheiid spider,Myrmekiaphila flavipes,SE,Indiana,7607681
A Dwarf Weaver,Mythoplastoides exiguus,SE,Indiana,2138255
spotted orbweaver,Neoscona oaxacensis western,ST,Indiana,2158881
Carter's Cave Spider,Nesticus carteri,SE,Indiana,2152878
a stealthy ground spider,Nodocion floridanus,SE,Indiana,2133349
A Dwarf Weaver,Oedothorax montifer,SE,Indiana,11546686
Beatty's sheet-web cave spider,Oreonetides beattyi,SE,Indiana,6718765
a sheetweb spider,Paracornicularia bicapillata,SE,Indiana,2138444
a dwarf weaver,Pelecopsis bishopi,SE,Indiana,2135626
a meshweaver,Phantyna pixi,SE,Indiana,2144742
blahblah money spider,Phlattothrata flagellata whipped,SE,Indiana,2136108
antmimic spider,Phrurolithus goodnighti an,SE,Indiana,2148787
araenomorph spider,Phruronellus formica an,SE,Indiana,2149445
antmimic corine spider,Phrurotimpus certus lesser,SE,Indiana,2149107
antmimic corrine spider,Phrurotimpus dulcineus slender,SE,Indiana,2149099
a pirate wolf spider,Pirata spiniger,ST,Indiana,2146786
a pirate wolf spider,Pirata triens,ST,Indiana,2146790
Appalachian Cave Spider,Porhomma cavernicola,SE,Indiana,
wide-eyed sheetweaver,Porrhomma terrestre terrestrial,ST,Indiana,2135396
Tarsal sheet-web weaver,Scironis tarsalis,SE,Indiana,2136766
money spider,Scotinotylus vernalis vernal,SE,Indiana,2136131
antmimic spider,Sergiolus minutus an,ST,Indiana,2132762
Atlantic purse-web spider,Sphodros atlanticus,ST,Indiana,2167270
Coyle's purse-web spider,Sphodros coylei,SE,Indiana,2167264
purse-web spider,Sphodros niger black,ST,Indiana,2167268
a ground spider,Synaphosus paludis,SE,Indiana,2133295
a ground spider,Talanites exlineae,SE,Indiana,2132871
a cobweb spider,Theridion cheimatos,SE,Indiana,2156781
long-legged cobweaver,Theridion hemerobium holartic,ST,Indiana,2156808
a crab spider,Tmarus rubromaculatus,ST,Indiana,2165587
a cork lid trapdoor spider,Ummidia tuobita,SE,Indiana,2163786
ground crab spider,Xysticus fervidus rare,SE,Indiana,2165336
a ground crab spider,Xysticus punctatus,SE,Indiana,2165293
a ground crab spider,Xysticus texanus,ST,Indiana,2165133
preening ground spider,Zelotes exiguoides small-spined,ST,Indiana,5167931
A Dipluran,Campodea plusiochaeta,SE,Indiana,2119523
Black Medusa Cave Springtail,Arrhopalites ater,ST,Indiana,
Springtail,Arrhopalites bimus,SE,Indiana,10795964
Lewis' Cave Springtail,Arrhopalites lewisi,ST,Indiana,
Whiteside's Springtail,Arrhopalites whitesidei,SE,Indiana,9875332
Small Springtail,Folsomides americanus,SE,Indiana,2120028
Wyandotte Cave Springtail,Hypogastrura lucifuga,SE,Indiana,2121290
Truncated Springtail,Isotoma truncata,SE,Indiana,
A Cave Obligate Springtail,Pseudosinella aera,SE,Indiana,2120950
A Springtail,Pseudosinella argentea,SE,Indiana,11957237
Fountain Cave Springtail,Pseudosinella fonsa,ST,Indiana,10776837
Ancestral Springtail,Sinella avita,SE,Indiana,2120727
Barr's Cave Springtail,Sinella barri,SE,Indiana,2120713
Krekeler's cave ant beetle,Batrisodes hairstoni,SE,Indiana,1041277
Cobblestone Tiger Beetle,Cicindela marginipennis,SE,Indiana,1034736
Six-banded Longhorn Beetle,Dryobius sexnotatus,ST,Indiana,5001337
A Rove Beetle,Lissobiops serpentinus,SE,Indiana,
A Carrion Beetle,Necrophilus pettiti,ST,Indiana,
Cave Beetle,Pseudanophthalmus barri,SE,Indiana,1035124
Cave Beetle,Pseudanophthalmus emersoni,SE,Indiana,1035069
Cave Beetle,Pseudanophthalmus eremita,SE,Indiana,1035118
Leona's cave ground beetle,Pseudanophthalmus leonae,SE,Indiana,1035090
Cave Beetle,Pseudanophthalmus shilohensis,SE,Indiana,1035123
Monroe cave ground beetle,Pseudanophthalmus shilohensis,SE,Indiana,1035123
The Golden Mydas Fly,Mydas brunneus,SE,Indiana,5080927
Golden Legged Mydas Fly,Mydas tibialis,ST,Indiana,5081019
Tapered Spiny Crawler Mayfly,Attenella attenuata,SE,Indiana,1408345
Waltz's Small Minnow Mayfly,Camelobaetidius waltzi,ST,Indiana,1407755
Etowah Small Square-gilled Mayfly,Cercobrachys etowah,SE,Indiana,1409067
Fox Small Square-gilled Mayfly,Cercobrachys fox,ST,Indiana,1409062
Walker's Spiny Crawler Mayfly,Drunella walkeri,SE,Indiana,1408164
Leonard Springs Flat-headed Mayfly,Epeorus namatus,ST,Indiana,1408552
Quill Gordon Flat-headed Mayfly,Epeorus pleuralis,SE,Indiana,1408587
Varied Burrowing Mayfly,Ephemera varia,SE,Indiana,5049181
Hendrickson's Spiny Crawler Mayfly,Ephemerella subvaria,SE,Indiana,5049012
Bicolor Spiny Crawler Mayfly,Eurylophella bicolor,SE,Indiana,1408287
Dirty Spiny Crawler Mayfly,Eurylophella lutulenta,SE,Indiana,1408298
Dusky Flat-headed Mayfly,Heptagenia pulla,SE,Indiana,1408649
Curious Small Minnow Mayfly,Heterocloeon curiosum,ST,Indiana,1407954
Sand-loving Brush-legged Mayfly,Homoeoneuria ammophila,ST,Indiana,1408913
Arid Howdy Mayfly,Isonychia arida,ST,Indiana,1408394
Fresh Flat-headed Mayfly,Maccaffertium meririvulanum,ST,Indiana,1408778
Flowers's Flat-headed Mayfly,Nixe flowersi,ST,Indiana,1408886
Clear-winged Flat-headed Mayfly,Nixe lucidipennis,SE,Indiana,1408877
Angler's Prong-gilled Mayfly,Paraleptophlebia adoptiva,ST,Indiana,1407259
Dappled Prong-gilled Mayfly,Paraleptophlebia guttata,ST,Indiana,1407271
Soft Prong-gilled Mayfly,Paraleptophlebia mollis,ST,Indiana,1407249
Burks' prong-gilled mayfly,Paraleptophlebia sticta,ST,Indiana,1407279
Streaky Prong-gilled Mayfly,Paraleptophlebia strigula,ST,Indiana,1407256
White Crabwalker Mayfly,Pseudiron centralis,SE,Indiana,1408894
Frison's Serratellan Mayfly,Serratella frisoni,SE,Indiana,1408187
Little Sooty Olive,Serratella serrata,SE,Indiana,1408176
Spot-bellied Spiny Crawler Mayfly,Serratella serratoides,ST,Indiana,1408189
Northern Primitive Minnow Mayfly,Siphlonurus alternatus,SE,Indiana,1407136
Minno's Primitive Minnow Mayfly,Siphlonurus minnoi,SE,Indiana,1407122
Flapless Cleft-footed Minnow Mayfly,Siphloplecton interlineatum,ST,Indiana,1408367
Lacustrine Small Square-gilled Mayfly,Sparbarus lacustris,SE,Indiana,1409116
Maculated Small Square-gilled Mayfly,Sparbarus maculatus,SE,Indiana,1409109
Large-nosed Small Square-gill Mayfly,Sparbarus nasutus,SE,Indiana,1409123
Wallace's Deepwater Mayfly,Spinadis simplex,SE,Indiana,1408889
Carolina Flat-headed Mayfly,Stenacron carolina,SE,Indiana,1408724
Manitoba white burrowing mayfly,Tortopsis primus,ST,Indiana,7796345
Lewis's Prong-gilled Mayfly,Traverella lewisi,SE,Indiana,1407454
Toothed Chlorotettix Leafhopper,Chlorotettix dentatus,SE,Indiana,2026321
prairie cicada,Cicadetta calliope small,SE,Indiana,9425567
Fringed Sedge Leafhopper,Cicadula ciliata,SE,Indiana,5984725
a leafhopper,Cicadula cyperacea,ST,Indiana,5984737
Straw-colored Sedge Leafhopper,Cicadula straminea,ST,Indiana,10108914
Charming Universal Leafhopper,Cosmotettix delector,SE,Indiana,2044259
Smoky Right-hand Leafhopper,Destria fumida,SE,Indiana,2038002
Colorful Oak Leafhopper,Eutettix luridus,ST,Indiana,2025596
Decorated Oak Leafhopper,Eutettix pictus,SE,Indiana,2025640
Sorrowful Oak Leafhopper,Eutettix tristis,SE,Indiana,2025597
Robertson's Flightless Planthopper,Fitchiella robertsonii,SE,Indiana,8075330
The Long-nose Three-awn Leafhopper,Flexamia pyrops,ST,Indiana,2047361
Mohr's Switchgrass Leafhopper,Graminella mohri,SE,Indiana,5155660
Yellow Bunchgrass Leafhopper,Graminella oquaka,SE,Indiana,5155642
Kansas Bluestem Leafhopper,Kansendria kansiensis,SE,Indiana,2026739
Angular Spittlebug,Lepyronia angulifera,ST,Indiana,2015787
Hill-prairie Spittlebug,Lepyronia gibbosa,SE,Indiana,2015804
limotettix leafhopper,Limotettix divaricatus forked,ST,Indiana,2043779
Elegant Limotettix Leafhopper,Limotettix elegans,SE,Indiana,2043727
Smoky Limotettix Leafhopper,Limotettix nigrax,SE,Indiana,2043753
Osborn's Limotettix Leafhopper,Limotettix osborni,SE,Indiana,11151715
Striped Limotettix Leafhopper,Limotettix parallelus,SE,Indiana,2043754
Panzer's Shovelhead Leafhopper,Memnonia panzeri,ST,Indiana,2033149
Helianthus Leafhopper,Mesamia straminea,SE,Indiana,2031957
spittlebug,Paraphilaenus parallelus parallel-striped,ST,Indiana,2016058
Carolina Paraphlepsius Leafhopper,Paraphlepsius carolinus,ST,Indiana,2031432
Hamilton's Dune Paraphlepsius,Paraphlepsius lupalus,SE,Indiana,2031447
Peppered Paraphlepsius Leafhopper,Paraphlepsius maculosus,ST,Indiana,2031438
Cloudy Paraphlepsius Leafhopper,Paraphlepsius nebulosus,ST,Indiana,2031453
Paraphlepsius leafhopper,Paraphlepsius particolor multi-colored,SE,Indiana,2031439
Indolent Paraphlepsius Leafhopper,Paraphlepsius supinus,SE,Indiana,2031483
Sunshade Paraphlepsius Leafhopper,Paraphlepsius umbellatus,SE,Indiana,2031437
Shadow Paraphlepsius Leafhopper,Paraphlepsius umbrosus,SE,Indiana,2031415
Great Cordgrass Pendarus Leafhopper,Pendarus magnus,SE,Indiana,2024872
Short-winged Polyamia,Polyamia brevipennis,SE,Indiana,2045986
Bluff-prairie Panicgrass Leafhopper,Polyamia dilata,SE,Indiana,2046016
The Prairie Panic Grass Leafhopper,Polyamia herbida,ST,Indiana,2045988
Fearful Prairiana Leafhopper,Prairiana angustens,SE,Indiana,9996013
The Kansas Prairie Leafhopper,Prairiana kansana,SE,Indiana,2045068
Tortured Junegrass leafhopper,Rosenus cruciatus,SE,Indiana,2028339
The Ivory Texan Leafhopper,Texananus areolatus,SE,Indiana,2025959
Reddish Texan Leafhopper,Texananus rufusculus,ST,Indiana,2025934
Texas sweat bee,Agapostemon texanus,ST,Indiana,5042859
a mining bee,Andrena duplicata,ST,Indiana,1358186
andrenid bee,Andrena heraclei an,ST,Indiana,1357472
andrenid bee,Andrena macra an,ST,Indiana,1358081
a mining bee,Andrena uvulariae,SE,Indiana,1357932
carder bee,Anthidiellum notatum eastern,ST,Indiana,1338896
a wool-carder bee,Anthidium psoraleae,ST,Indiana,1334800
digger bee,Anthophora bomboides bumblebee-like,ST,Indiana,5040146
Walsh's digger bee,Anthophora walshii,ST,Indiana,5040392
a bee,Anthophorula asteris,SE,Indiana,1343151
mason bee,Ashmeadiella bucconis big-cheeked,ST,Indiana,1337478
Rusty-patched Bumble Bee,Bombus affinis,SE,Indiana,1340481
Gypsy Cuckoo Bumble Bee,Bombus bohemicus,SE,Indiana,1340362
plains bumble bee,Bombus fraternus southern,SE,Indiana,1340432
Half-black Bumble Bee,Bombus vagans,ST,Indiana,1340472
xeromelecta bee,Brachymelecta interrupta interrupted,SE,Indiana,1339697
Nebraska Calliopsis mining bee,Calliopsis nebraskensis,ST,Indiana,5042965
a cemolobus bee,Cemolobus ipomoeae,ST,Indiana,1339447
Banks' cuckoo leafcutter bee,Coelioxys banksi,ST,Indiana,1338562
cuckoo leafcutter bee,Coelioxys funeraria funeral,ST,Indiana,
a leafcutter bee,Coelioxys hunteri,ST,Indiana,1338753
a leafcutter bee,Coelioxys immaculata,ST,Indiana,
a leafcutter bee,Coelioxys obtusiventris,SE,Indiana,1338678
cuckoo leafcutter bee,Coelioxys rufitarsis red-legged,ST,Indiana,1338786
cellophane bee,Colletes aberrans aberrant,ST,Indiana,1348767
a cellophane bee,Colletes aestivalis,ST,Indiana,1348728
plasterer bee,Colletes brevicornis short-horned,ST,Indiana,1348686
Robertson's plasterer bee,Colletes robertsonii,ST,Indiana,1348801
plasterer bee,Colletes solidaginis goldenrod,ST,Indiana,1348888
carder bee,Dianthidium simile similar,ST,Indiana,1337558
Nevada nomia bee,Dieunomia nevadensis,SE,Indiana,1351609
nomia bee,Dieunomia triangulifera prairie,ST,Indiana,1351604
sweat bee,Dufourea monardae beebalm,ST,Indiana,5042802
New England sweat bee,Dufourea novaeangliae,SE,Indiana,5042721
American cuckoo nomad bee,Epeolus americanus,SE,Indiana,1341912
cuckoo nomad bee,Epeolus bifasciatus two-spotted,ST,Indiana,1341938
Canadian cuckoo nomad bee,Epeolus canadensis,ST,Indiana,1341921
cuckoo nomad bee,Epeolus scutellaris red-chested,ST,Indiana,1341913
a melittid bee,Hesperapis carinata,ST,Indiana,1345831
a leafcutter bee,Hoplitis nemophilae,SE,Indiana,8811567
mason bee,Hoplitis spoliata robber,ST,Indiana,5038879
yellow-faced bee,Hylaeus annulatus ringed,ST,Indiana,1350053
yellow-faced bee,Hylaeus saniculae sanicle,ST,Indiana,1349929
yellow-faced bee,Hylaeus verticalis barred,ST,Indiana,1349713
sweat bee,Lasioglossum albipenne white-winged,ST,Indiana,1355000
a sweat bee,Lasioglossum apocyni,ST,Indiana,1354353
a sweat bee,Lasioglossum cephalotes,ST,Indiana,1354031
Smooth-backed Sweat Bee,Lasioglossum lionotum,ST,Indiana,1353659
Michigan sweat bee,Lasioglossum michiganense,ST,Indiana,1354502
sweat bee,Lasioglossum nelumbonis water-lily,ST,Indiana,1353892
Shiny Black-bellied Sweat Bee,Lasioglossum nigroviride,ST,Indiana,1353688
sweat bee,Lasioglossum paradmirandum stunning,ST,Indiana,1354450
cherry sweat bee,Lasioglossum pectinatum ground,SE,Indiana,1354199
sweat bee,Lasioglossum pruinosum hoary,ST,Indiana,1354999
a sweat bee,Lasioglossum rozeni,ST,Indiana,9270328
Taylor's sweat bee,Lasioglossum taylorae,ST,Indiana,9549616
green sweat bee,Lasioglossum viridatum eastern,ST,Indiana,1354004
leaf-cutter bee,Megachile albitarsis white-footed,ST,Indiana,1335096
a leafcutter bee,Megachile dakotensis,ST,Indiana,1335178
sunflower leafcutter bee,Megachile fortis robust,ST,Indiana,1335868
a leafcutter bee,Megachile integra,ST,Indiana,1336004
a leafcutter bee,Megachile mucida,ST,Indiana,1336567
leafcutter bee,Megachile relativa relative,ST,Indiana,1335251
a leafcutter bee,Megachile rugifrons,ST,Indiana,1335607
Tepanec long-horned bee,Melissodes tepaneca,ST,Indiana,5040620
a callirhoe bee,Melissodes tincta,SE,Indiana,
a callirhoe bee,Melissodes vernoniae,ST,Indiana,5040695
a callirhoe bee,Melissodes wheeleri,ST,Indiana,5040673
a cuckoo bee,Nomada rubicunda,ST,Indiana,1343536
a cuckoo bee,Nomada superba,ST,Indiana,1343616
a cuckoo bee,Nomada texana,ST,Indiana,1343529
a cuckoo bee,Nomada tiftonensis,ST,Indiana,7539914
a cuckoo bee,Nomada vegana,ST,Indiana,1343994
cuckoo nomad bee,Nomada vicina neighboring,ST,Indiana,1343914
cuckoo nomad bee,Nomada vincta bounded,ST,Indiana,1343820
a mason bee,Osmia illinoensis,SE,Indiana,5039126
a mason bee,Osmia subfasciata,ST,Indiana,5039175
mason bee,Osmia virga twig,ST,Indiana,5039312
a leafcutter bee,Paranthidium jugatorium,ST,Indiana,5038547
miner bee,Perdita halictoides sweatbee-like,ST,Indiana,1356477
a mining bee,Protandrena bancrofti,ST,Indiana,1355477
miner bee,Protandrena rudbeckiae rudbeckia,ST,Indiana,1355718
a sweat bee,Sphecodes antennariae,ST,Indiana,5042510
Davis's cuckoo sweat bee,Sphecodes davisii,ST,Indiana,5042377
a sweat bee,Sphecodes fattigi,ST,Indiana,5042441
Illinois cuckoo sweat bee,Sphecodes illinoensis,ST,Indiana,5042602
cuckoo sweat bee,Sphecodes minor minor,ST,Indiana,5042395
a sweat bee,Sphecodes pycnanthemi,ST,Indiana,5042473
cuckoo sweat bee,Sphecodes ranunculi buttercup,ST,Indiana,5042429
cuckoo carder bee,Stelis coarctatus constrained,ST,Indiana,5038497
a long-horned bee,Svastra atripes,ST,Indiana,1345621
a long-horned bee,Svastra compta,SE,Indiana,1345611
a leafcutter bee,Trachusa zebrata,SE,Indiana,5038585
dieunomia-cuckoo bee,Triepeolus distinctus distinct,SE,Indiana,1341661
longhorn-cuckoo bee,Triepeolus donatus thistle,ST,Indiana,1341630
cuckoo nomad bee,Triepeolus helianthi sunflower,ST,Indiana,1341761
Michigan cuckoo nomad bee,Triepeolus michiganensis,ST,Indiana,1341796
a cuckoo bee,Triepeolus nevadensis,ST,Indiana,1341699
a cuckoo bee,Triepeolus rufithorax,ST,Indiana,1341684
Kansas squash bee,Xenoglossa kansensis,ST,Indiana,1339365
Lace-winged Roadside-skipper,Amblyscirtes aesculapius,SE,Indiana,1948804
Bell's Roadside-skipper,Amblyscirtes belli,SE,Indiana,6202296
Gold-banded Skipper,Autochton cellus,SE,Indiana,1947984
Nebraska fritillary,Boloria myrina nebraskensis,SE,Indiana,
Northern Metalmark,Calephelis borealis,SE,Indiana,4299078
metalmark,Calephelis muticum swamp,ST,Indiana,1935899
Frosted Elfin,Callophrys irus,SE,Indiana,1930660
Hoary Elfin,Callophrys polios,SE,Indiana,1932417
Appalachian Blue,Celastrina neglectamajor,SE,Indiana,4300011
Dusky Azure,Celastrina nigra,SE,Indiana,1925805
Harris's Checkerspot,Chlosyne harrisii,SE,Indiana,1914439
Columbine Duskywing,Erynnis lucilius,SE,Indiana,5977261
Persius Duskywing,Erynnis persius persius,SE,Indiana,7215090
Two-spotted Skipper,Euphyes bimacula,ST,Indiana,1942964
silvery blue,Glaucopsyche lygdamus couperi,SE,Indiana,4300156
Ottoe Skipper,Hesperia ottoe,SE,Indiana,5142239
Appalachian Eyed Brown,Lethe appalachia appalachia,ST,Indiana,6227198
Appalachian Eyed Brown,Lethe appalachia leeuwi,ST,Indiana,6227198
Creole Pearly-eye,Lethe creola,SE,Indiana,4299802
Smoky-eyed Brown,Lethe eurydice fumosus,SE,Indiana,1918562
Dorcas Copper,Lycaena dorcas dorcas,SE,Indiana,5714560
Mitchell's Satyr,Neonympha mitchellii mitchellii,SE,Indiana,7259474
Eastern Veined White,Pieris oleracea,SE,Indiana,5137882
Big Broad-winged Skipper,Poanes viator viator,ST,Indiana,7215165
Bunchgrass Skipper,Problema byssus,ST,Indiana,1950408
Regal Fritillary,Speyeria idalia,SE,Indiana,1905162
Eastern Cloudywing,Thorybes confusis,ST,Indiana,6205454
Funerary Dagger Moth,Acronicta funeralis,ST,Indiana,1782822
Patricia's Cochylid moth,Aethes patricia,ST,Indiana,5102722
Rings' cochylid moth,Aethes ringsi,SE,Indiana,1741651
Spotted Dart Moth,Agrotis stigmosa,ST,Indiana,1771249
arches,Anaplectoides prasina green,ST,Indiana,1766646
worm moth,Apamea apamiformis rice,ST,Indiana,1795973
Burgess' Apamea,Apamea burgessi,ST,Indiana,1796051
apamea,Apamea indocilis spastic,ST,Indiana,1796064
apamea,Apamea lutosa opalescent,SE,Indiana,1795931
apamea,Apamea nigrior black-dashed,ST,Indiana,1795789
dune apamea,Apamea relicina relic,SE,Indiana,1796146
apamea,Apamea verbascoides boreal,ST,Indiana,1796100
apamea moth,Apamea vulgaris common,ST,Indiana,1796050
borer moth,Bellura densa pickerelweed,ST,Indiana,4301052
halter moth,Capis curvata curved,ST,Indiana,1787106
sedge borer moth,Capsula laeta red,ST,Indiana,11871254
sand Quaker,Caradrina meralis rare,ST,Indiana,1764949
rustic,Caradrina multifera dune,ST,Indiana,1764929
leadplant underwing,Catocala abbreviatella abbreviated,SE,Indiana,1797114
underwing,Catocala amestris leadplant,SE,Indiana,1797379
fern underwing,Catocala antinympha sweet,SE,Indiana,9350484
underwing,Catocala insolabilis inconsolable,ST,Indiana,9618068
Marbled Underwing Moth,Catocala marmorata,SE,Indiana,1797254
looper,Chrysanympha formosa huckleberry,ST,Indiana,1785280
blueberry dart,Coenophila opacifrons plain-faced,SE,Indiana,1781692
Catocaline dart,Cryptocala acadiensis,ST,Indiana,1793983
tiger moth,Cycnia collaris unexpected,ST,Indiana,5114921
streak moth,Dargida rubripennis pink,ST,Indiana,9233420
tussock moth,Dasychira cinnamomea cinnamon,SE,Indiana,1820724
tussock moth,Dasychira dorsipennata sharp-lined,ST,Indiana,1821264
Quaker,Dichagyris acclivis buff-edge,ST,Indiana,9598292
Grote's black-tipped Quaker,Dichagyris grotei,ST,Indiana,9449132
looper,Eosphoropteryx thyatyroides pink-patched,ST,Indiana,1771872
puccoon web moth,Ethmia monticola fuscipedella,ST,Indiana,6211473
dart,Eucoptocnemis fimbriaris fringed,ST,Indiana,1780852
eucosma,Eucosma bipunctella two-spotted,ST,Indiana,5103733
eucosma,Eucosma giganteana giant,ST,Indiana,5103394
dart,Euxoa albipennis white-striped,SE,Indiana,1773081
cutworm,Euxoa aurulenta dune,SE,Indiana,1773233
window moth,Exyra fax pitcher,SE,Indiana,1778531
fern moth,Fagitana littera marsh,ST,Indiana,1776880
gabara,Gabara subnivosella snowy,ST,Indiana,1788278
campion moth,Hadena ectypa starry,ST,Indiana,1787785
clearwing sphinx,Hemaris gracilis blueberry,ST,Indiana,1861834
dart,Hemipachnobia monochromatea sundew,SE,Indiana,1786918
sallow,Homoglaea hircina goat,ST,Indiana,1793192
sedge moth,Hypocoena inquinata tufted,ST,Indiana,1775791
hystrichophora,Hystrichophora loricana armored,SE,Indiana,5102966
arches,Lacinipolia olivacea olive,SE,Indiana,1799957
wainscot,Leucania inermis unarmed,ST,Indiana,5111472
wainscot,Leucania multilinea many-lined,SE,Indiana,5111397
lytrosis,Lytrosis permagnaria charcoal,SE,Indiana,1976247
cord grass moth,Macrochilo bivittata two-striped,SE,Indiana,9601788
arches,Melanchra assimilis black,SE,Indiana,1765798
Newman's brocade,Meropleon ambifusca,ST,Indiana,1775291
brocade,Meropleon diversicolor multicolored,ST,Indiana,1775290
metarranthis,Metarranthis apiciaria barrens,SE,Indiana,1991283
zig-zag monoleuca,Monoleuca semifascia the,SE,Indiana,1752923
sedge moth,Neodactria murellus prairie,SE,Indiana,1883896
prominent,Notodonta scitipennis finned-willow,ST,Indiana,9426054
Bridgham's brocade,Oligia bridghami,SE,Indiana,
sedge borer,Oligia obtusa obtuse,SE,Indiana,9362190
paectes,Paectes abrostolella barrens,ST,Indiana,1780676
plant borer moth,Papaipema appassionata pitcher,SE,Indiana,1777974
borer moth,Papaipema astuta stoneroot,ST,Indiana,1778001
Beer's blazing star borer moth,Papaipema beeriana,ST,Indiana,1778018
borer moth,Papaipema cerina golden,ST,Indiana,1778051
Heracleum stem borer moth,Papaipema harrisii,ST,Indiana,1778011
borer moth,Papaipema leucostigma columbine,ST,Indiana,9456735
St. John's wort borer moth,Papaipema lysimachiae,ST,Indiana,1778006
sunflower borer moth,Papaipema maritima giant,ST,Indiana,1778012
plant borer moth,Papaipema polymniae cup,ST,Indiana,9577316
Culver's root borer moth,Papaipema sciata,SE,Indiana,1778021
Silphium Borer Moth,Papaipema silphii,ST,Indiana,1778008
fern borer moth,Papaipema speciosissima royal,ST,Indiana,1777996
cordgrass borer,Peoria gemmatella gemmed,ST,Indiana,1878367
Hanham's rare sedge moth,Phalaenostola hanhami,SE,Indiana,9534690
photedes,Photedes enervata many-lined,SE,Indiana,9356227
photedes,Photedes includens included,ST,Indiana,9548726
photedes,Photedes inops helpless,ST,Indiana,9241669
Ernestine's phytometra,Phytometra ernestinana,SE,Indiana,1760257
tarachidia,Ponometia binocula prairie,SE,Indiana,11740156
Sprague's pygartic,Pygarctia spraguei,ST,Indiana,1804397
Wilterding's sand pyla,Pyla arenaeola,SE,Indiana,1871716
sun moth,Pyrrhia aurantiago false-foxglove,ST,Indiana,9265362
cordgrass borer,Resapamea stipata four-lined,SE,Indiana,9432810
crimson flower moth,Schinia gaurae clouded,ST,Indiana,9452702
flower moth,Schinia indiana phlox,SE,Indiana,9241725
flower moth,Schinia jaguarina jaguar,SE,Indiana,9530271
flower moth,Schinia lucens leadplant,SE,Indiana,9623501
flower moth,Schinia sanguinea blazingstar,SE,Indiana,9577379
flower moth,Schinia septentrionalis northern,ST,Indiana,9297656
webworm,Sciota dammersi leadplant,SE,Indiana,11796916
wild indigo borer,Sitochroa dasconalis pearly,ST,Indiana,1886577
willow sphinx,Sphinx luscitiosa luscious,ST,Indiana,5124199
oncocnemis,Sympistis riparia dune,SE,Indiana,9425690
panic grass moth,Tampa dimediatella red-striped,ST,Indiana,1877537
sunflower moth,Tricholita notata noted,ST,Indiana,1788061
blueberry dart,Xestia dilucida reddish,SE,Indiana,5112153
Earwig Scorpionfly,Merope tuber,SE,Indiana,4987990
A Beaded Lacewing,Lomamyia banksi,ST,Indiana,2108442
A Beaded Lacewing,Lomamyia flavicornis,ST,Indiana,2108421
A Pleasing Lacewing,Nallachius americanus,ST,Indiana,2110238
River Jewelwing,Calopteryx aequabilis,SE,Indiana,5052021
Appalachian Jewelwing,Calopteryx angustipennis,SE,Indiana,5052013
Northern Bluet,Enallagma annexum,ST,Indiana,5051276
Boreal Bluet,Enallagma boreale,ST,Indiana,5051308
Lilypad Forktail,Ischnura kellicotti,ST,Indiana,1423282
Furtive Forktail,Ischnura prognata,SE,Indiana,1423412
Sphagnum Sprite,Nehalennia gracilis,SE,Indiana,1423117
Canada Darner,Aeshna canadensis,SE,Indiana,1425205
Mottled Darner,Aeshna clepsydra,SE,Indiana,1425200
Black-tipped Darner,Aeshna tuberculifera,ST,Indiana,1425171
Comet Darner,Anax longipes,ST,Indiana,5051744
Horned Clubtail,Arigomphus cornutus,SE,Indiana,1425909
Lilypad Clubtail,Arigomphus furcifer,SE,Indiana,1425906
Stillwater Clubtail,Arigomphus lentulus,SE,Indiana,1425907
Double-ringed Pennant,Celithemis verna,SE,Indiana,1428528
Racket-tailed Emerald,Dorocordulia libera,SE,Indiana,1429764
Beaverpond Baskettail,Epitheca canis,SE,Indiana,4302538
Spiny Baskettail,Epitheca spinigera,SE,Indiana,4302537
Eastern Ringtail,Erpetogomphus designatus,ST,Indiana,1426633
Handsome Clubtail,Gomphus crassus,ST,Indiana,1425582
Cocoa Clubtail,Gomphus hybridus,SE,Indiana,1425584
Splendid Clubtail,Gomphus lineatifrons,ST,Indiana,1425590
Rapids Clubtail,Gomphus quadricolor,ST,Indiana,10735804
Dusky Clubtail,Gomphus spicatus,ST,Indiana,10779605
Skillet Clubtail,Gomphus ventricosus,ST,Indiana,1425580
Green-faced Clubtail,Gomphus viridifrons,ST,Indiana,4302572
White Corporal,Ladona exusta,ST,Indiana,4302515
Frosted Whiteface,Leucorrhinia frigida,ST,Indiana,1429183
Gilded River Cruiser,Macromia pacifica,ST,Indiana,1429871
Elfin Skimmer,Nannothemis bella,SE,Indiana,1428462
Smoky Shadowdragon,Neurocordulia molesta,SE,Indiana,1429673
Umber Shadowdragon,Neurocordulia obsoleta,ST,Indiana,1429666
Stygian Shadowfly,Neurocordulia yamaskanensis,ST,Indiana,1429668
Spatterdock Darner,Rhionaeschna mutata,ST,Indiana,1424948
Plains Emerald,Somatochlora ensigera,SE,Indiana,1430031
Least Clubtail,Stylogomphus sigmastylus,SE,Indiana,1426092
Riverine Clubtail,Stylurus amnicola,ST,Indiana,5051890
Laura's Clubtail,Stylurus laurae,SE,Indiana,5051870
Elusive Clubtail,Stylurus notatus,SE,Indiana,5051883
Zebra Clubtail,Stylurus scudderi,SE,Indiana,5791876
Black Meadowhawk,Sympetrum danae,ST,Indiana,1428334
spiketail,Zoraena diastatops delta-spotted,SE,Indiana,1421218
spiketail,Zoraena erronea tiger,SE,Indiana,
The Velvet-stripe Grasshopper,Eritettix simplex,ST,Indiana,1700776
snakeweed grasshopper,Hesperotettix viridis pratensis,ST,Indiana,6255949
Cattail Toothpick Grasshopper,Leptysma marginicollis,SE,Indiana,1705545
Northern Spur-throat grasshopper,Melanoplus borealis,SE,Indiana,1699363
Immodest Spur-throat Grasshopper,Melanoplus impudicus,SE,Indiana,1699103
Forest Locust,Melanoplus islandicus,SE,Indiana,1698886
Spotted-wing Grasshopper,Orphulella pelidna,SE,Indiana,1704749
Atlantic Spastic Grasshopper,Paroxya atlantica,ST,Indiana,1702297
Hoosier Locust,Paroxya hoosieri,ST,Indiana,1702303
Large-headed Grasshopper,Phoetaliotes nebrascensis,ST,Indiana,1705596
Bunch Grass Locust,Pseudopomala brachyptera,ST,Indiana,1703736
Northern Sedge Locust,Stethophyma gracile,SE,Indiana,1711085
Striped Sedge Grasshopper,Stethophyma lineatum,ST,Indiana,1711099
Seaside Grasshopper,Trimerotropis maritima,ST,Indiana,1709186
stone,Acroneuria abnormis common,ST,Indiana,2005130
Covell's stonefly,Acroneuria covelli,SE,Indiana,2005149
stone,Acroneuria evoluta constricted,ST,Indiana,2005106
Kentucky Stone,Acroneuria hitchcocki,SE,Indiana,2005119
Boreal Stonefly,Acroneuria lycorias,SE,Indiana,2005111
Ozark stone,Acroneuria ozarkensis,SE,Indiana,2005150
Southern Stone,Agnetina annulipes,SE,Indiana,2005405
stone,Agnetina capitata northern,ST,Indiana,2005445
stone,Agnetina flavescens midwestern,ST,Indiana,2005425
Illinois Snowfly,Allocapnia illinoensis,SE,Indiana,2002134
snowfly,Allocapnia smithi three-lobed,ST,Indiana,2002174
sallfly,Alloperla hamata barbed,ST,Indiana,2003657
springfly,Hydroperla crosbyi early,ST,Indiana,2004529
Austin springfly,Hydroperla fugitans,ST,Indiana,2004534
Rock Island Springfly,Isogenoides varians,SE,Indiana,2004287
stripetail,Isoperla burksi banded,ST,Indiana,2004067
stripetail,Isoperla dicala sable,ST,Indiana,2004192
Wisconsin Stripetail,Isoperla frisoni,SE,Indiana,2004161
Montaine stripetail,Isoperla montana,ST,Indiana,2004151
Alta Needlefly,Leuctra alta,SE,Indiana,2001943
needlefly,Leuctra sibleyi brook,ST,Indiana,2001997
Narrow-lobed Needlefly,Leuctra tenuis,SE,Indiana,2001921
stone,Neoperla catharae slippery,ST,Indiana,2005968
Coosa Stone,Neoperla coosa,SE,Indiana,2006039
Ohio stone,Neoperla gaufini,ST,Indiana,2006073
Osage Stone,Neoperla osage,SE,Indiana,2006068
stone,Neoperla stewarti multispine,ST,Indiana,2005897
forestfly,Ostrocerca truncata truncate,ST,Indiana,2002809
Angulate Snowfly,Paracapnia angulata,SE,Indiana,2002258
stone,Paragnetina media embossed,ST,Indiana,2006149
Appalachian needlefly,Paraleuctra sara,ST,Indiana,2001679
Two-lined Stone,Perlesta golconda,SE,Indiana,2004944
Wabash stone,Perlesta ouabache,ST,Indiana,6543430
Shawnee Stone,Perlesta shawnee,SE,Indiana,2004945
Teays Stone,Perlesta teaysia,ST,Indiana,2004956
Pawnee Stone,Perlesta xube,SE,Indiana,2004951
forestfly,Prostoia completa central,ST,Indiana,2002710
American Salmonfly,Pteronarcys dorsata,SE,Indiana,2001407
sallfly,Sweltsa hoffmani plateau,ST,Indiana,2003714
willowfly,Taeniopteryx lita small,ST,Indiana,5151768
willowfly,Taeniopteryx maura spinyleg,ST,Indiana,5151780
willowfly,Taeniopteryx metequi shortwing,ST,Indiana,5151767
An Agapetus Caddisfly,Agapetus gelbae,ST,Indiana,1430682
An Agapetus Caddisfly,Agapetus illini,ST,Indiana,1430562
A Diplectronan Caddisfly,Diplectrona metaqui,ST,Indiana,1439214
A Northern Casemaker Caddisfly,Goera stylata,SE,Indiana,1441491
A Homoplectran Caddisfly,Homoplectra doringa,SE,Indiana,1440569
A Northern Casemaker Caddisfly,Pycnopsyche rossi,SE,Indiana,1442755
A Caddisfly,Setodes oligius,SE,Indiana,1436952
monkshood,Aconitum uncinatum blue,SE,Indiana,3033679
Appalachian bugbane,Actaea rubifolia,SE,Indiana,
ssp. rubra red baneberry,Actaea rubra,SE,Indiana,
foxglove,Agalinis auriculata earleaf,ST,Indiana,3171193
foxglove,Agalinis gattingeri roundstem,ST,Indiana,3171236
false foxglove,Agalinis skinneriana pale,ST,Indiana,3171219
serviceberry,Amelanchier humilis running,SE,Indiana,3023903
American beachgrass,Ammophila breviligulata,ST,Indiana,9432066
rosemary,Andromeda glaucophylla bog,ST,Indiana,5684071
rockjasmine,Androsace occidentalis western,ST,Indiana,3169321
var. glaucus white camas,Anticlea elegans,ST,Indiana,5295813
Spreading Rockcress,Arabis patens,SE,Indiana,5374976
sarsaparilla,Aralia hispida bristly,SE,Indiana,3037033
bearberry,Arctostaphylos uva-ursi,ST,Indiana,2882580
needlegrass,Aristida tuberculosa seabeach,ST,Indiana,2706285
milkweed,Asclepias viridis green,SE,Indiana,3170294
Bradley's spleenwort,Asplenium bradleyi,SE,Indiana,2650685
spleenwort,Asplenium montanum mountain,SE,Indiana,2650651
spleenwort,Asplenium resiliens black-stem,ST,Indiana,2650631
spleenwort,Asplenium ruta-muraria wallrue,ST,Indiana,2650625
Carolina mosquito-fern,Azolla caroliniana,ST,Indiana,2650105
water-hyssop,Bacopa rotundifolia roundleaf,ST,Indiana,3171174
var. australis blue wild indigo,Baptisia australis,SE,Indiana,2976091
American barberry,Berberis canadensis,SE,Indiana,3033895
tails,Besseya bullii kitten,SE,Indiana,3172149
birch,Betula papyrifera paper,ST,Indiana,5332120
Beck's water-marigold,Bidens beckii,SE,Indiana,5392023
Graham's rockcress,Boechera grahamii,SE,Indiana,3043348
Drummond's rockcress,Boechera stricta,SE,Indiana,3043392
rockcress,Borodinia missouriensis green,SE,Indiana,7742388
grape-fern,Botrychium matricariifolium chamomile,ST,Indiana,9225633
grape-fern,Botrychium simplex least,SE,Indiana,2650180
shorthusk,Brachyelytrum aristosum northern,SE,Indiana,2703903
moss,Bryoxiphium norvegicum sword,ST,Indiana,2675727
bluehearts,Buchnera americana,SE,Indiana,5415032
var. lacustris American searocket,Cakile edentula,ST,Indiana,3048882
ssp. insperata reed bent grass,Calamagrostis porteri,SE,Indiana,2704876
ssp. porteri Porter's reedgrass,Calamagrostis porteri,SE,Indiana,2704876
calla,Calla palustris wild,SE,Indiana,2869101
poppy-mallow,Callirhoe triangulata clustered,SE,Indiana,5406709
cup-seed,Calycocarpum lyonii,ST,Indiana,3033931
sundrops,Calylophus serrulatus yellow,SE,Indiana,
hyacinth,Camassia angusta wild,SE,Indiana,2769080
swan-neck moss,Campylopus flexuosus rusty,SE,Indiana,5281845
corydalis,Capnoides sempervirens pale,SE,Indiana,2888522
flower,Cardamine dentata cuckoo,ST,Indiana,3045858
Divided Toothwort,Cardamine dissecta,SE,Indiana,3045698
sedge,Carex alopecoidea foxtail,SE,Indiana,2723357
sedge,Carex arctata black,SE,Indiana,2722601
sedge,Carex atherodes awned,ST,Indiana,2725914
ssp. atlantica Atlantic sedge,Carex atlantica,ST,Indiana,2726854
ssp. capillacea Howe's sedge,Carex atlantica,SE,Indiana,2726854
of gold sedge,Carex aureolensis land,SE,Indiana,2729175
sedge,Carex brunnescens brownish,ST,Indiana,2728226
Bush's sedge,Carex bushii,ST,Indiana,2726467
colored sedge,Carex castanea chestnut,SE,Indiana,2724943
sedge,Carex chordorrhiza creeping,SE,Indiana,2728174
gray sedge,Carex conoidea prairie,ST,Indiana,2726517
Crawe's sedge,Carex crawei,ST,Indiana,2726358
sedge,Carex cumulata clustered,SE,Indiana,2723470
sedge,Carex decomposita cypress-knee,ST,Indiana,2726186
sedge,Carex disperma softleaf,SE,Indiana,2723500
sedge,Carex eburnea ebony,ST,Indiana,2727217
ssp. echinata little prickly sedge,Carex echinata,SE,Indiana,2726894
sedge,Carex flava yellow,ST,Indiana,2726880
sedge,Carex folliculata long,ST,Indiana,2722527
sedge,Carex garberi elk,SE,Indiana,2727544
sedge,Carex gigantea large,SE,Indiana,2728850
sedge,Carex gravida heavy,SE,Indiana,2726524
ssp. heliophila sun sedge,Carex inops,SE,Indiana,2723507
sedge,Carex leptonervia finely-nerved,SE,Indiana,2728688
sedge,Carex limosa mud,SE,Indiana,2725881
sedge,Carex livida livid,SE,Indiana,2723340
hop sedge,Carex lupuliformis false,ST,Indiana,2727256
Oklahoma sedge,Carex oklahomensis,SE,Indiana,2727219
sedge,Carex projecta necklace,SE,Indiana,2725037
sedge,Carex pseudocyperus cyperus-like,SE,Indiana,2722760
sedge,Carex retrorsa retrorse,SE,Indiana,2725033
Richardson's sedge,Carex richardsonii,SE,Indiana,2723186
sedge,Carex scabrata rough,SE,Indiana,2725516
stellate sedge,Carex seorsa weak,ST,Indiana,2725502
sedge,Carex socialis social,ST,Indiana,2726916
sedge,Carex straminea straw,ST,Indiana,2724367
sedge,Carex timida timid,SE,Indiana,2723036
sedge,Carex trisperma three-seeded,ST,Indiana,2725572
star sedge,Carex viridistellata green,SE,Indiana,9515780
hickory,Carya pallida sand,SE,Indiana,3054341
American chestnut,Castanea dentata,SE,Indiana,5333230
blue cohosh,Caulophyllum giganteum giant,SE,Indiana,3033918
redroot,Ceanothus herbaceus prairie,SE,Indiana,3039322
chervil,Chaerophyllum shortii wild,ST,Indiana,3641137
devil's-bit,Chamaelirium luteum,SE,Indiana,2741647
ssp. fireweed,Chamaenerion angustifolium,SE,Indiana,6428353
ssp. cisatlantica pipsissewa,Chimaphila umbellata,SE,Indiana,2888307
American golden-saxifrage,Chrysosplenium americanum,ST,Indiana,5371611
Carolina thistle,Cirsium carolinianum,ST,Indiana,3112872
Hill's thistle,Cirsium hillii,SE,Indiana,4219668
thistle,Cirsium pitcheri dune,SE,Indiana,3113668
yellowwood,Cladrastis kentukea,SE,Indiana,2945513
Pitcher's leather-flower,Clematis pitcheri,ST,Indiana,3033577
calamint,Clinopodium arkansanum,ST,Indiana,2926930
Clinton's lily,Clintonia borealis,SE,Indiana,2753574
ssp. longifolia long-leaved panic-grass,Coleataenia longifolia,SE,Indiana,6068048
parsley,Conioselinum chinense hemlock,SE,Indiana,3631470
var. groenlandica goldthread,Coptis trifolia,ST,Indiana,3033632
ssp. amomum silky dogwood,Cornus amomum,SE,Indiana,3082227
bunchberry,Cornus canadensis,SE,Indiana,3082270
dogwood,Cornus rugosa roundleaf,ST,Indiana,3082245
hawthorn,Crataegus chrysocarpa fireberry,SE,Indiana,3015853
var. coccinea scarlet hawthorn,Crataegus coccinea,ST,Indiana,7790614
Copenhagen hawthorn,Crataegus intricata,ST,Indiana,3014211
Illinois hawthorn,Crataegus iracunda,SE,Indiana,3013529
var. succulenta fleshy hawthorn,Crataegus succulenta,ST,Indiana,3016137
var. viridis green hawthorn,Crataegus viridis,ST,Indiana,3014089
var. elliptica elliptical rushfoil,Croton michauxii,SE,Indiana,3059002
dodder,Cuscuta cuspidata cusp,SE,Indiana,2927480
dodder,Cuscuta indecora pretty,SE,Indiana,2927498
sedge,Cyperus dentatus toothed,SE,Indiana,2715464
Houghton's nutsedge,Cyperus houghtonii,SE,Indiana,2716407
flatsedge,Cyperus pseudovegetus green,ST,Indiana,2715990
lady's-slipper,Cypripedium acaule pink,SE,Indiana,2820380
white lady's-slipper,Cypripedium candidum small,ST,Indiana,2820374
var. makasin small yellow lady's-slipper,Cypripedium parviflorum,ST,Indiana,2820475
lady's-slipper,Cypripedium reginae showy,ST,Indiana,2820340
green orchid,Dactylorhiza viridis long-bract,SE,Indiana,2810284
oatgrass,Danthonia compressa flattened,SE,Indiana,2703259
clubmoss,Dendrolycopodium dendroideum treelike,SE,Indiana,3991500
Hickey's clubmoss,Dendrolycopodium hickeyi,ST,Indiana,3991491
hairgrass,Deschampsia cespitosa tufted,ST,Indiana,8059811
panic-grass,Dichanthelium bicknellii,SE,Indiana,9311282
witchgrass,Dichanthelium boreale northern,ST,Indiana,2702568
Commons' panic-grass,Dichanthelium commonsianum,SE,Indiana,4135043
Deam's panic-grass,Dichanthelium deamii,SE,Indiana,4135043
Leiberg's witchgrass,Dichanthelium leibergii,ST,Indiana,2702550
panic-grass,Dichanthelium lucidum shining,SE,Indiana,4134102
panic-grass,Dichanthelium scoparium broom,SE,Indiana,2702562
panic-grass,Dichanthelium subvillosum,SE,Indiana,4133387
witchgrass,Dichanthelium wilcoxianum blood,ST,Indiana,2702545
Yadkin panic-grass,Dichanthelium yadkinense,SE,Indiana,4133247
mudwort,Dicliptera brachiata wild,SE,Indiana,5415365
water-purslane,Didiplis diandra,SE,Indiana,3188666
crabgrass,Digitaria filiformis slender,ST,Indiana,5289985
Amazon sprangle top,Dinebra panicoides,SE,Indiana,2703876
clubmoss,Diphasiastrum tristachyum deep-root,ST,Indiana,2688412
French's shootingstar,Dodecatheon frenchii,ST,Indiana,3169272
sundew,Drosera intermedia spoon-leaved,ST,Indiana,3191157
fern,Dryopteris celsa log,SE,Indiana,5275087
Clinton's woodfern,Dryopteris clintoniana,SE,Indiana,5275098
purple coneflower,Echinacea simulata wavyleaf,SE,Indiana,9923519
bur-head,Echinodorus berteroi tall,SE,Indiana,5328802
bur-head,Echinodorus cordifolius creeping,SE,Indiana,11062899
spikerush,Eleocharis atropurpurea purple,SE,Indiana,2717771
spikerush,Eleocharis bifida glades,SE,Indiana,2717618
spikerush,Eleocharis equisetoides horsetail,SE,Indiana,2717545
spike-rush,Eleocharis geniculata capitate,ST,Indiana,2716850
spike-rush,Eleocharis melanocarpa black-fruited,ST,Indiana,2716923
spike-rush,Eleocharis microcarpa small-fruited,SE,Indiana,2717386
Robbins' spike-rush,Eleocharis robbinsii,ST,Indiana,2717682
Wolf's spike-rush,Eleocharis wolfii,ST,Indiana,2717130
arbutus,Epigaea repens trailing,ST,Indiana,2882805
horsetail,Equisetum sylvaticum woodland,SE,Indiana,2687929
var. variegatum variegated horsetail,Equisetum variegatum,SE,Indiana,2687920
pipewort,Eriocaulon aquaticum,SE,Indiana,2690741
ssp. narrow-leaved cotton-grass,Eriophorum angustifolium,ST,Indiana,2730127
var. gracile slender cotton-grass,Eriophorum gracile,ST,Indiana,2730137
cotton-grass,Eriophorum tenellum rough,SE,Indiana,2730177
cotton-grass,Eriophorum viridicarinatum green-keeled,ST,Indiana,2730125
wallflower,Erysimum capitatum prairie-rocket,SE,Indiana,3048540
thoroughwort,Eupatorium album white,ST,Indiana,7393636
spurge,Euphorbia polygonifolia seaside,ST,Indiana,3065669
heliotrope,Euploca tenella slender,ST,Indiana,9107165
aster,Eurybia furcata forked,ST,Indiana,5396123
Schreber's aster,Eurybia schreberi,SE,Indiana,5396165
fescue,Festuca paradoxa cluster,ST,Indiana,2704984
fimbry,Fimbristylis annua annual,SE,Indiana,8263983
Carolina fimbry,Fimbristylis puberula,SE,Indiana,2709153
thoroughwort,Fleischmannia incarnata pink,ST,Indiana,5399672
var. americana woodland strawberry,Fragaria vesca,SE,Indiana,3029817
umbrella-sedge,Fuirena pumila dwarf,ST,Indiana,2719021
bedstraw,Galium labradoricum bog,ST,Indiana,2914640
gaura,Gaura filipes slender-stalked,SE,Indiana,3666626
gentian,Gentiana flavida yellow,ST,Indiana,12232463
gentian,Gentiana puberulenta downy,SE,Indiana,3170041
gentian,Gentiana villosa striped,SE,Indiana,3170088
Bicknell's northern cranesbill,Geranium bicknellii,SE,Indiana,2890075
herb-Robert,Geranium robertianum,ST,Indiana,2890668
avens,Geum aleppicum yellow,ST,Indiana,5369685
strawberry,Geum fragarioides barren,ST,Indiana,5370015
avens,Geum rivale purple,SE,Indiana,5369701
water-locust,Gleditsia aquatica,SE,Indiana,2959492
manna-grass,Glyceria acutiflora sharp-scaled,SE,Indiana,2705501
floating manna-grass,Glyceria borealis small,SE,Indiana,2705493
American manna-grass,Glyceria grandis,SE,Indiana,2705491
milkvine,Gonolobus suberosus angular-fruited,ST,Indiana,8044404
Virginia sneezeweed,Helenium virginicum,SE,Indiana,5401858
sunflower,Helianthus angustifolius swamp,SE,Indiana,3119144
var. camporum hairy golden-aster,Heterotheca camporum,ST,Indiana,5402008
coralroot,Hexalectris spicata crested,ST,Indiana,12250925
ssp. lasiocarpos hairy-fruited hibiscus,Hibiscus moscheutos,SE,Indiana,3152596
featherfoil,Hottonia inflata,ST,Indiana,3169299
var. tomentosa sand-heather,Hudsonia tomentosa,ST,Indiana,5331111
American water-pennywort,Hydrocotyle americana,SE,Indiana,3034603
Allegheny stonecrop,Hylotelephium telephioides,ST,Indiana,2985869
var. Carolina woollywhite,Hymenopappus scabiosaeus,SE,Indiana,3110174
St. John's-wort,Hypericum adpressum creeping,ST,Indiana,3189524
St. John's-wort,Hypericum dolabriforme straggling,ST,Indiana,3189516
St. John's-wort,Hypericum gymnanthum clasping-leaved,SE,Indiana,3189475
St. John's-wort,Hypericum pyramidatum great,ST,Indiana,3715292
Swink's St. John's-wort,Hypericum swinkianum,SE,Indiana,10886061
St. John's-wort,Hypericum virgatum coppery,ST,Indiana,3189541
holly,Ilex mucronata mountain,ST,Indiana,5534659
bloodleaf,Iresine rhizomatosa eastern,ST,Indiana,3085031
Engelmann's quillwort,Isoetes engelmannii,SE,Indiana,2688326
quillwort,Isoetes melanopoda blackfoot,ST,Indiana,7421641
Virginia willow,Itea virginica,SE,Indiana,5362113
butternut,Juglans cinerea,ST,Indiana,3054352
rush,Juncus articulatus jointed,ST,Indiana,2701261
rush,Juncus militaris bayonet,SE,Indiana,2701857
rush,Juncus nodatus stout,ST,Indiana,2701195
rush,Juncus pelocarpus brown-fruited,SE,Indiana,2701823
rush,Juncus scirpoides scirpus-like,ST,Indiana,2701678
rush,Juncus secundus secund,SE,Indiana,2701158
var. depressa ground juniper,Juniperus communis,ST,Indiana,2684709
laurel,Kalmia latifolia mountain,ST,Indiana,2883005
lettuce,Lactuca hirsuta hairy,ST,Indiana,7521930
tamarack,Larix laricina,ST,Indiana,2686231
peavine,Lathyrus japonicus beach,SE,Indiana,5356714
vetchling peavine,Lathyrus ochroleucus pale,SE,Indiana,5356371
veiny pea,Lathyrus venosus smooth,SE,Indiana,5356511
Michaux's leavenworthia,Leavenworthia uniflora,SE,Indiana,3047243
Illinois pinweed,Lechea racemulosa,SE,Indiana,7788903
duckweed,Lemna gibba inflated,SE,Indiana,2867569
duckweed,Lemna minuta least,SE,Indiana,2867614
duckweed,Lemna valdiviana pale,SE,Indiana,2867612
var. pycnostachya cattail gay-feather,Liatris pycnostachya,SE,Indiana,3104293
lovage,Ligusticum canadense nondo,SE,Indiana,3034793
Canada lily,Lilium canadense,ST,Indiana,2753239
Turk's cap lily,Lilium superbum,ST,Indiana,2753278
American frog's-bit,Limnobium spongia,SE,Indiana,5329641
flax,Linum intercursum sandplain,SE,Indiana,2873929
yellow flax,Linum sulcatum grooved,ST,Indiana,2873909
Drummond's hemicarpha,Lipocarpha drummondii,SE,Indiana,9289274
puccoon,Lithospermum incisum narrow-leaved,SE,Indiana,2926074
false-gromwell,Lithospermum parviflorum shaggy,SE,Indiana,6560100
American fly-honeysuckle,Lonicera canadensis,SE,Indiana,5334256
chainfern,Lorinseria areolata netted,ST,Indiana,2651516
ssp. glandulosa cylindric-fruited seedbox,Ludwigia glandulosa,ST,Indiana,5421019
false-loosestrife,Ludwigia sphaerocarpa globe-fruited,SE,Indiana,5421012
var. acuminata hairy woodrush,Luzula acuminata,SE,Indiana,2700818
bog clubmoss,Lycopodiella inundata northern,SE,Indiana,2688345
appressed bog clubmoss,Lycopodiella subappressa northern,SE,Indiana,2688357
bugleweed,Lycopus amplectens sessile-leaved,SE,Indiana,5341471
fern,Lygodium palmatum climbing,SE,Indiana,2650432
magnolia,Magnolia acuminata cucumber,SE,Indiana,3153837
magnolia,Magnolia tripetala umbrella,SE,Indiana,3153215
adder's-mouth,Malaxis unifolia green,SE,Indiana,2808176
pod,Matelea obliqua angle,ST,Indiana,3170496
fern,Matteuccia struthiopteris ostrich,ST,Indiana,2650999
hedge hyssop,Mecardonia acuminata striped,SE,Indiana,3172019
American cow-wheat,Melampyrum lineare,SE,Indiana,3171738
melic grass,Melica nitens three-flower,SE,Indiana,2703105
cucumber,Melothria pendula creeping,ST,Indiana,2874550
Forbes' saxifrage,Micranthes forbesii,SE,Indiana,5939580
hempweed,Mikania scandens climbing,SE,Indiana,5398828
millet-grass,Milium effusum tall,ST,Indiana,2706196
var. michauxii Michaux's stitchwort,Minuartia michauxii,ST,Indiana,7579734
Pitcher's stitchwort,Minuartia patula,SE,Indiana,8100630
bee-balm,Monarda bradburiana eastern,SE,Indiana,5341418
hairgrass,Muhlenbergia capillaris long-awn,SE,Indiana,2704016
muhly,Muhlenbergia cuspidata plains,SE,Indiana,2703983
forget-me-not,Myosotis laxa smaller,ST,Indiana,12186874
water-milfoil,Myriophyllum pinnatum cutleaf,SE,Indiana,5361776
water-milfoil,Myriophyllum tenellum slender,SE,Indiana,5361775
water-milfoil,Myriophyllum verticillatum whorled,ST,Indiana,5361779
lipfern,Myriopteris lanosa hairy,ST,Indiana,7741414
rattlesnake-root,Nabalus asper rough,ST,Indiana,3090797
naiad,Najas gracillima thread-like,ST,Indiana,5329454
mallow,Napaea dioica glade,ST,Indiana,5406715
crow-poison,Nothoscordum bivalve,ST,Indiana,2855600
sundrops,Oenothera perennis small,ST,Indiana,3188838
goldenrod,Oligoneuron album prairie,ST,Indiana,8640888
adder's-tongue,Ophioglossum engelmannii limestone,ST,Indiana,2650131
adder's-tongue,Ophioglossum pusillum northern,ST,Indiana,2650138
broomrape,Orobanche fasciculata clustered,SE,Indiana,3173264
broomrape,Orobanche riparia bottomland,SE,Indiana,9363407
mountain-ricegrass,Oryzopsis asperifolia white-grained,SE,Indiana,2702700
sourwood,Oxydendrum arboreum,ST,Indiana,2882708
Allegheny spurge,Pachysandra procumbens,SE,Indiana,2984677
Tuckerman's panic-grass,Panicum tuckermanii,ST,Indiana,8412627
panic-grass,Panicum verrucosum warty,ST,Indiana,9505116
mountain-ricegrass,Patis racemosa black-fruit,ST,Indiana,6560147
beardtongue,Penstemon canescens gray,SE,Indiana,3171363
Deam's beardtongue,Penstemon deamii,SE,Indiana,3171488
penstemon,Penstemon tubaeflorus tube,SE,Indiana,7332148
eulophus,Perideridia americana eastern,SE,Indiana,7827848
smartweed,Persicaria robustior stout,SE,Indiana,2889144
smartweed,Persicaria setacea swamp,SE,Indiana,2889232
scorpionweed,Phacelia covillei buttercup,SE,Indiana,2928152
scorpionweed,Phacelia ranunculacea blue,SE,Indiana,2928241
fame-flower,Phemeranthus rugospermus prairie,SE,Indiana,4022511
phlox,Phlox amplifolia large-leaved,ST,Indiana,2927788
ssp. stellaria cleft phlox,Phlox bifida,SE,Indiana,2927715
phlox,Phlox ovata mountain,SE,Indiana,2927759
ssp. deamii Deam's phlox,Phlox pilosa,SE,Indiana,2927734
Short's bladderpod,Physaria globosa,SE,Indiana,3049113
pine,Pinus banksiana jack,ST,Indiana,5285533
white pine,Pinus strobus eastern,ST,Indiana,5284982
mountain-ricegrass,Piptatheropsis pungens slender,SE,Indiana,6560151
needlegrass,Piptochaetium avenaceum blackseed,ST,Indiana,2702469
plantain,Plantago cordata heart-leaved,SE,Indiana,3189759
northern green orchid,Platanthera aquilonis leafy,ST,Indiana,2798385
orchid,Platanthera ciliaris yellow-fringe,SE,Indiana,2798080
var. flava southern rein orchid,Platanthera flava,SE,Indiana,2798014
prairie white-fringed orchid,Platanthera leucophaea eastern,SE,Indiana,2798308
purple-fringe orchid,Platanthera psycodes small,ST,Indiana,2798313
bluegrass,Poa paludigena bog,ST,Indiana,2704311
Wolf's bluegrass,Poa wolfii,ST,Indiana,2704327
milkwort,Polygala incarnata pink,SE,Indiana,3191432
milkwort,Polygala paucifolia gay-wing,SE,Indiana,7346080
jointweed,Polygonum articulatum eastern,ST,Indiana,7291212
parsley,Polytaenia nuttallii prairie,SE,Indiana,5371857
poplar,Populus balsamifera balsam,SE,Indiana,3040184
pondweed,Potamogeton bicupulatus snail-seed,SE,Indiana,5301229
Nuttall pondweed,Potamogeton epihydrus,SE,Indiana,5301148
Fries' pondweed,Potamogeton friesii,SE,Indiana,5301204
Oakes' pondweed,Potamogeton oakesianus,SE,Indiana,5301146
pondweed,Potamogeton praelongus white-stem,ST,Indiana,5301213
pondweed,Potamogeton pulcher spotted,ST,Indiana,5301137
redheadgrass,Potamogeton richardsonii,ST,Indiana,5301198
pondweed,Potamogeton robbinsii flatleaf,ST,Indiana,5301182
pondweed,Potamogeton strictifolius straight-leaf,ST,Indiana,5301217
Vasey's pondweed,Potamogeton vaseyi,SE,Indiana,5301208
silverweed,Potentilla anserina,ST,Indiana,7272211
var. pensylvanica fire cherry,Prunus pensylvanica,ST,Indiana,8202030
var. whorled mountainmint,Pycnanthemum verticillatum,SE,Indiana,2927363
American wintergreen,Pyrola americana,ST,Indiana,7397090
ssp. asarifolia pink wintergreen,Pyrola asarifolia,SE,Indiana,2888271
chinquapin oak,Quercus prinoides dwarf,SE,Indiana,2879759
spearwort,Ranunculus ambigens water-plantain,SE,Indiana,3033496
Harvey's buttercup,Ranunculus harveyi,SE,Indiana,7382396
Mississippi buttercup,Ranunculus laxicaulis,SE,Indiana,3033402
Pursh's buttercup,Ranunculus pusillus,SE,Indiana,3033480
Maryland meadow beauty,Rhexia mariana,ST,Indiana,6370240
var. arenaria beach sumac,Rhus aromatica,ST,Indiana,3190558
horned-rush,Rhynchospora corniculata short-bristle,ST,Indiana,2720590
beaked-rush,Rhynchospora macrostachya tall,ST,Indiana,2720908
bald-rush,Rhynchospora nitens short-beaked,SE,Indiana,2720772
beaked-rush,Rhynchospora recognita globe,SE,Indiana,2720815
baldrush,Rhynchospora scirpoides long-beaked,ST,Indiana,2720935
moss,Rhytidium rugosum rhytidium,SE,Indiana,2679713
cress,Rorippa aquatica lake,SE,Indiana,3053366
flowering raspberry,Rubus odoratus purple,ST,Indiana,2994912
var. umbrosa coneflower,Rudbeckia fulgida,SE,Indiana,7344766
arrowhead,Sagittaria australis longbeak,ST,Indiana,5329010
willow,Salix cordata heartleaf,SE,Indiana,5372629
willow,Salix serissima autumn,ST,Indiana,5372979
Canada burnet,Sanguisorba canadensis,SE,Indiana,3029411
Small's snakeroot,Sanicula smallii,ST,Indiana,3034865
ssp. americana American scheuchzeria,Scheuchzeria palustris,SE,Indiana,2865260
oat,Schizachne purpurascens purple,SE,Indiana,2705745
Hall's bulrush,Schoenoplectiella hallii,SE,Indiana,2710705
bulrush,Schoenoplectiella purshiana weakstalk,ST,Indiana,2710808
Smith's Bulrush,Schoenoplectiella smithii,ST,Indiana,8196059
bulrush,Schoenoplectus subterminalis water,ST,Indiana,2711005
Torrey's Bulrush,Schoenoplectus torreyi,SE,Indiana,2710914
bulrush,Scirpus expansus,SE,Indiana,2720257
Muehlenberg's nutrush,Scleria muehlenbergii,SE,Indiana,2712966
nutrush,Scleria reticularis reticulated,ST,Indiana,2712521
scorpion moss,Scorpidium scorpioides hooked,SE,Indiana,2681641
var. parvula small skullcap,Scutellaria parvula,SE,Indiana,5341380
skullcap,Scutellaria saxatilis rock,SE,Indiana,5341358
spike-moss,Selaginella rupestris ledge,SE,Indiana,2688219
Virginia mallow,Sida hermaphrodita,SE,Indiana,9296871
bumelia,Sideroxylon lycioides buckthorn,SE,Indiana,2886983
catchfly,Silene ovata ovate,SE,Indiana,5384816
catchfly,Silene regia royal,SE,Indiana,5384746
blue-eyed-grass,Sisyrinchium montanum strict,SE,Indiana,5296178
Buckley's goldenrod,Solidago buckleyi,SE,Indiana,5389070
goldenrod,Solidago rupestris rock,SE,Indiana,5388881
Short's goldenrod,Solidago shortii,SE,Indiana,5388912
var. gillmanii sticky goldenrod,Solidago simplex,ST,Indiana,5389158
goldenrod,Solidago squarrosa stout-ragged,SE,Indiana,8121727
bur-reed,Sparganium androcladum branching,ST,Indiana,2702385
pinkroot,Spigelia marilandica woodland,SE,Indiana,5414398
Appalachian ladies'-tresses,Spiranthes arcisepala,SE,Indiana,10064135
ladies'-tresses,Spiranthes lucida shining,ST,Indiana,2805336
Great Plains ladies'-tresses,Spiranthes magnicamporum,ST,Indiana,2805431
nodding ladies'-tresses,Spiranthes ochroleuca yellow,ST,Indiana,2805377
ladies'-tresses,Spiranthes romanzoffiana hooded,SE,Indiana,2805404
featherbells,Stenanthium gramineum eastern,ST,Indiana,2741746
summer bluets,Stenaria nigricans narrowleaf,ST,Indiana,2909424
ssp. occidentalis slender pondweed,Stuckenia filiformis,SE,Indiana,8375218
American snowbell,Styrax americanus,ST,Indiana,5371669
snowbell,Styrax grandifolius large-leaf,SE,Indiana,5371677
Sullivantia,Sullivantia sullivantii,ST,Indiana,3032913
aster,Symphyotrichum boreale rushlike,ST,Indiana,8086623
aster,Symphyotrichum oblongifolium aromatic,ST,Indiana,3151638
silvery aster,Symphyotrichum sericeum western,ST,Indiana,3151742
var. distichum bald cypress,Taxodium distichum,ST,Indiana,2684191
American yew,Taxus canadensis,SE,Indiana,5284570
Brown's four-toothed moss,Tetrodontium brownianum,SE,Indiana,2679337
meadowrue,Thalictrum pubescens tall,ST,Indiana,3033129
white cedar,Thuja occidentalis northern,SE,Indiana,2684178
dogbane,Thyrsanthella difformis climbing,ST,Indiana,3619610
var. glabrum buffalo clover,Trifolium reflexum,SE,Indiana,5359007
buffalo clover,Trifolium stoloniferum running,SE,Indiana,5358976
arrow-grass,Triglochin palustris marsh,ST,Indiana,2865280
var. macranthum nodding trillium,Trillium cernuum,SE,Indiana,2742194
bladderwort,Utricularia cornuta horned,SE,Indiana,3172437
bladderwort,Utricularia geminiscapa hidden-fruited,SE,Indiana,3172423
bladderwort,Utricularia minor lesser,ST,Indiana,3172414
swollen bladderwort,Utricularia radiata small,SE,Indiana,3172431
bladderwort,Utricularia resupinata northeastern,SE,Indiana,7779939
bladderwort,Utricularia subulata zigzag,ST,Indiana,3172419
bellwort,Uvularia perfoliata,SE,Indiana,2740329
cranberry,Vaccinium macrocarpon large,ST,Indiana,2882841
blueberry,Vaccinium myrtilloides velvetleaf,SE,Indiana,2882880
cranberry,Vaccinium oxycoccos small,ST,Indiana,2882940
var. ciliata hairy valerian,Valeriana edulis,SE,Indiana,2888746
valerian,Valeriana uliginosa marsh,SE,Indiana,2888757
fern,Vandenboschia boschiana filmy,SE,Indiana,3607273
Virginia bunchflower,Veratrum virginicum,SE,Indiana,5295857
crownbeard,Verbesina occidentalis yellow,SE,Indiana,3148065
wild-raisin,Viburnum cassinoides northern,SE,Indiana,6369862
arrow-wood,Viburnum molle softleaf,ST,Indiana,2888618
var. americanum highbush-cranberry,Viburnum opulus,SE,Indiana,2888605
Baxter's violet,Viola baxteri,SE,Indiana,5665253
Eggleston's violet,Viola egglestonii,SE,Indiana,5331322
wood violet,Viola hirsutula southern,SE,Indiana,5331320
violet,Viola pedatifida prairie,ST,Indiana,5331262
violet,Viola primulifolia primrose-leaf,ST,Indiana,8215820
grape,Vitis palmata catbird,ST,Indiana,5372414
grape,Vitis rupestris sand,SE,Indiana,5372398
Appalachian vittaria,Vittaria appalachiana,ST,Indiana,2650245
American wisteria,Wisteria frutescens,ST,Indiana,2977310
bogmat,Wolffiella gladiata sword,ST,Indiana,5330060
Carolina yellow-eyed grass,Xyris difformis,ST,Indiana,2693121
Southern Bog Lemming,Synaptomys cooperi,Endangered,Iowa,2438954
Northern Myotis,Myotis septentrionalis,Endangered,Iowa,2432436
Indiana Myotis,Myotis sodalis,Endangered,Iowa,2432418
Plains Spotted Skunk,Spilogale interrupta,Endangered,Iowa,9577333
Piping Plover,Charadrius melodus,Endangered,Iowa,2480283
Lake Sturgeon,Acipenser fulvescens,Endangered,Iowa,2402120
Pallid Sturgeon,Scaphirhynchus albus,Endangered,Iowa,2402088
Western Silvery Minnow,Hybognathus argyritis,Endangered,Iowa,2364397
Sturgeon Chub,Macrhybopsis gelida,Endangered,Iowa,2362060
Sicklefin Chub,Macrhybopsis meeki,Endangered,Iowa,2362056
Northern Pearl Dace,Margariscus nachtriebi,Endangered,Iowa,2360891
Pugnose Shiner,Miniellus anogenus,Endangered,Iowa,
Blacknose Shiner,Notropis heterolepis,Endangered,Iowa,2362139
Ghost Shiner,Paranotropis buchanani,Endangered,Iowa,
Starhead Topminnow,Fundulus dispar,Endangered,Iowa,5203653
Plains Topminnow,Fundulus sciadicus,Endangered,Iowa,5203693
Crystal Darter,Crystallaria asprella,Endangered,Iowa,2382195
Bluntnose Darter,Etheostoma chlorosoma,Endangered,Iowa,
Least Darter,Etheostoma microperca,Endangered,Iowa,2382404
Great Plains Skink,Plestiodon obsoletus,Endangered,Iowa,5789621
Western Hog-nosed Snake,Heterodon nasicus,Endangered,Iowa,5223725
Eastern Copperhead,Agkistrodon contortrix,Endangered,Iowa,9215881
Prairie Rattlesnake,Crotalus viridis,Endangered,Iowa,8945077
Eastern Massasauga,Sistrurus catenatus,Endangered,Iowa,9223124
Western Massasauga,Sistrurus tergeminus,Endangered,Iowa,9454905
Wood Turtle,Glyptemis insculpta,Endangered,Iowa,
Yellow Mud Turtle,Kinosternon flavescens,Endangered,Iowa,2442437
Blue-spotted Salamander,Ambystoma laterale,Endangered,Iowa,2432014
Rusty Patched Bumble Bee,Bombus affinis,Endangered,Iowa,1340481
Mottled Duskywing,Gesta martialis,Endangered,Iowa,
Arogos Skipper,Atrytone arogos,Endangered,Iowa,5142062
Dusted Skipper,Atrytonopsis hianna,Endangered,Iowa,1946999
Dakota Skipper,Hesperia dacotae,Endangered,Iowa,5142293
Ottoe Skipper,Hesperia ottoe,Endangered,Iowa,5142239
Poweshiek Skipperling,Oarisma poweshiek,Endangered,Iowa,4301736
Mulberry Wing,Poanes massasoit,Endangered,Iowa,1946628
Prairie Bluet,Coenagrion angulatum,Endangered,Iowa,1422037
Bluff Vertigo,Vertigo meramecensis,Endangered,Iowa,2293999
Iowa Pleistocene Snail,Discus macclintocki,Endangered,Iowa,5190487
Slippershell,Alasmidonta viridis,Endangered,Iowa,2287894
Spectaclecase,Cumberlandia monodonta,Endangered,Iowa,2287869
Purple Wartyback,Cyclonaias tuberculata,Endangered,Iowa,2287949
Spike,Eurynia dilatata,Endangered,Iowa,7637385
Sheepnose,Plethobasus cyphyus,Endangered,Iowa,2287978
Round Pigtoe,Pleurobema sintoxia,Endangered,Iowa,2288065
Salamander Mussel,Simpsonaias ambigua,Endangered,Iowa,2288258
White-tailed Jackrabbit,Lepus townsendii,Threatened,Iowa,2436705
Plains Pocket Gopher,Geomys bursarius,Threatened,Iowa,2439378
Plains Pocket Mouse,Perognathus flavescens,Threatened,Iowa,2439558
North American Least Shrew,Cryptotis parvus,Threatened,Iowa,
Little Brown Myotis,Myotis lucifugus,Threatened,Iowa,2432406
Tricolored Bat,Perimyotis subflavus,Threatened,Iowa,7665644
Chuck-will’s-widow,Antrostomus carolinensis,Threatened,Iowa,6101173
King Rail,Rallus elegans,Threatened,Iowa,9480015
Least Tern,Sternula antillarum,Threatened,Iowa,5789285
Black Tern,Chlidonias niger,Threatened,Iowa,2481119
Forster’s Tern,Sterna forsteri,Threatened,Iowa,5229247
Long-eared Owl,Asio otus,Threatened,Iowa,2497306
Short-eared Owl,Asio flammeus,Threatened,Iowa,2497295
Chestnut Lamprey,Ichthyomyzon castaneus,Threatened,Iowa,2421240
American Eel,Anguilla rostrata,Threatened,Iowa,5212956
Skipjack Herring,Alosa chrysochloris,Threatened,Iowa,2412681
Weed Shiner,Alburnops texanus,Threatened,Iowa,
Redfin Shiner,Lythrurus umbratilis,Threatened,Iowa,2366052
Topeka Shiner,Miniellus topeka,Threatened,Iowa,
Freckled Madtom,Noturus nocturnus,Threatened,Iowa,2341036
Pugnose Minnow,Opsopoeodus emiliae,Threatened,Iowa,4286982
Pirate Perch,Aphredoderus sayanus,Threatened,Iowa,2401749
Redfin Pickerel,Esox americanus,Threatened,Iowa,4284046
Trout-perch,Percopsis omiscomaycus,Threatened,Iowa,2401709
Banded Killifish,Fundulus diaphanus,Threatened,Iowa,5712054
Mottled Sculpin,Cottus bairdii,Threatened,Iowa,2334131
Western Sand Darter,Ammocrypta clara,Threatened,Iowa,2381980
Burbot,Lota lota,Threatened,Iowa,2415460
Slender Glass Lizard,Ophisaurus attenuatus,Threatened,Iowa,5226648
Western Wormsnake,Carphophis vermis,Threatened,Iowa,2457088
Speckled Kingsnake,Lampropeltis holbrooki,Threatened,Iowa,7915678
Plain-bellied Watersnake,Nerodia erythrogaster,Threatened,Iowa,5223362
Diamond-backed Watersnake,Nerodia rhombifer,Threatened,Iowa,5223342
Gophersnake,Pituophis catenifer,Threatened,Iowa,2453826
Graham’s Crayfish Snake,Regina grahamii,Threatened,Iowa,5222697
Blanding’s Turtle,Emydoidea blandingii,Threatened,Iowa,5220530
Ornate Box Turtle,Terrapene ornata,Threatened,Iowa,2443168
Eastern Musk Turtle,Sternotherus odoratus,Threatened,Iowa,5220393
Mudpuppy,Necturus maculosus,Threatened,Iowa,2432048
Eastern Newt,Notophthalmus viridescens,Threatened,Iowa,5218390
Two-spotted Skipper,Euphyes bimacula,Threatened,Iowa,1942964
Crossline Skipper,Limochores origenes,Threatened,Iowa,
Leonard’s Skipper,Hesperia leonardus,Threatened,Iowa,5142273
Olympia Marble,Euchloe olympia,Threatened,Iowa,1919326
Regal Fritillary,Argynnis idalia,Threatened,Iowa,1905162
Baltimore Checkerspot,Euphydryas phaeton,Threatened,Iowa,1895138
Taiga Bluet,Coenagrion resolutum,Threatened,Iowa,1422005
Sioux Snaketail,Ophiogomphus smithi,Threatened,Iowa,1426057
Westfall’s Snaketail,Ophiogomphus westfalli,Threatened,Iowa,1426046
Plains Emerald,Somatochlora ensigera,Threatened,Iowa,1430031
Midwest Pleistocene Vertigo,Vertigo arthuri,Threatened,Iowa,2293978
Mucket,Ortmanniana ligamentina,Threatened,Iowa,7688522
Higgins’ Eye Pearlymussel,Lampsilis higginsi,Threatened,Iowa,
Yellow Sandshell,Lampsilis teres,Threatened,Iowa,2288142
Monkeyface,Theliderma metanevra,Threatened,Iowa,7834176
Pistolgrip,Tritogonia verrucosa,Threatened,Iowa,2288382
Ellipse,Venustaconcha ellipsiformis,Threatened,Iowa,2288270
Pale false foxglove,Agalinis skinneriana,Endangered,Iowa,3171219
Roundleaf serviceberry,Amelanchier sanguinea,Endangered,Iowa,3023840
Raccoon grape,Ampelopsis cordata,Endangered,Iowa,3039183
Pearly everlasting,Anaphalis margaritacea,Endangered,Iowa,4926336
Sand bluestem,Andropogon hallii,Endangered,Iowa,2706107
Round-lobed hepatica,Anemone americana,Endangered,Iowa,6374864
Carolina anemone,Anemone caroliniana,Endangered,Iowa,3033262
Virginia snakeroot,Aristolochia serpentaria,Endangered,Iowa,3588874
Black chokeberry,Aronia melanocarpa,Endangered,Iowa,5363627
Fringed sagewort,Artemisia frigida,Endangered,Iowa,3121436
Mead’s milkweed,Asclepias meadii,Endangered,Iowa,3170259
Showy milkweed,Asclepias speciosa,Endangered,Iowa,3170260
Green antelopehorn,Asclepias viridis,Endangered,Iowa,3170294
Field milkvetch,Astragalus agrestis,Endangered,Iowa,5342849
Prairie milkvetch,Astragalus laxmannii,Endangered,Iowa,5343113
Fern-leaved false foxglove,Aureolaria pedicularia,Endangered,Iowa,3170756
Water marigold,Bidens beckii,Endangered,Iowa,5392023
Matricary grape fern,Botrychium matricariifolium,Endangered,Iowa,9225633
Little grapefern,Botrychium simplex,Endangered,Iowa,2650180
Swamp moonwort,Botrychium tenebrosum,Endangered,Iowa,8157414
White-tinged sedge,Carex albicans,Endangered,Iowa,2725452
Back’s sedge,Carex backii,Endangered,Iowa,2727562
Cordroot sedge,Carex chordorrhiza,Endangered,Iowa,2728174
Fringed sedge,Carex crinita,Endangered,Iowa,2725898
Star sedge,Carex echinata,Endangered,Iowa,2726894
Shoreline sedge,Carex hyalenolepis,Endangered,Iowa,
Hoplike sedge,Carex lupuliformis,Endangered,Iowa,2727256
Intermediate sedge,Carex media,Endangered,Iowa,2725060
Plantain-leaved sedge,Carex plantaginea,Endangered,Iowa,2723909
Drooping sedge,Carex prasina,Endangered,Iowa,2726203
Cyperus-like sedge,Carex pseudocyperus,Endangered,Iowa,2722760
Reflexed sedge,Carex retroflexa,Endangered,Iowa,2725281
Rocky Mountain sedge,Carex saximontana,Endangered,Iowa,2725664
Fireweed,Chamaenerion angustifolium,Endangered,Iowa,6428353
Pipsissewa,Chimaphila umbellata,Endangered,Iowa,2888307
Drooping woodreed,Cinna latifolia,Endangered,Iowa,2704845
Purple clematis,Clematis occidentalis,Endangered,Iowa,3033520
Blue-eyed mary,Collinsia verna,Endangered,Iowa,5414956
Spotted coralroot,Corallorhiza maculata,Endangered,Iowa,2797273
Golden corydalis,Corydalis aurea,Endangered,Iowa,5334210
Large-bracted corydalis,Corydalis curvisiliqua,Endangered,Iowa,7373782
Pale corydalis,Corydalis flavula,Endangered,Iowa,5334201
Pink corydalis,Corydalis sempervirens,Endangered,Iowa,2888522
Silky prairie-clover,Dalea villosa,Endangered,Iowa,5353078
Tree clubmoss,Dendrolycopodium dendroideum,Endangered,Iowa,3991500
Sessile-leaved tick trefoil,Desmodium sessilifolium,Endangered,Iowa,2967656
Roundleaved sundew,Drosera rotundifolia,Endangered,Iowa,3191030
Marginal shield fern,Dryopteris marginalis,Endangered,Iowa,5275091
Purple coneflower,Echinacea purpurea,Endangered,Iowa,3150935
Elliptic spikerush,Eleocharis elliptica,Endangered,Iowa,2717152
Few-flowered spikerush,Eleocharis quinqueflora,Endangered,Iowa,2717493
Wolf’s spikerush,Eleocharis wolfii,Endangered,Iowa,2717130
Wiegand’s wildrye,Elymus wiegandii,Endangered,Iowa,5290282
Downy willowherb,Epilobium strictum,Endangered,Iowa,3189105
Slender cottongrass,Eriophorum gracile,Endangered,Iowa,2730137
Tawny cottongrass,Eriophorum virginicum,Endangered,Iowa,2730250
Wood spurge,Euphorbia commutata,Endangered,Iowa,3070448
Forked aster,Eurybia furcata,Endangered,Iowa,5396123
Large-leaved aster,Eurybia macrophylla,Endangered,Iowa,5396106
Schreber’s aster,Eurybia schreberi,Endangered,Iowa,5396165
Queen of the prairie,Filipendula rubra,Endangered,Iowa,2988113
False mermaid,Floerkea proserpinacoides,Endangered,Iowa,5334521
Rough bedstraw,Galium asprellum,Endangered,Iowa,2913914
Black Huckleberry,Gaylussacia baccata,Endangered,Iowa,2882739
Hairy goldenaster,Heterotheca villosa,Endangered,Iowa,5401977
Povertygrass,Hudsonia tomentosa,Endangered,Iowa,5331111
Rock clubmoss,Huperzia porophila,Endangered,Iowa,2688531
Canadian St. Johnswort,Hypericum canadense,Endangered,Iowa,3189526
Pineweed,Hypericum gentianoides,Endangered,Iowa,3189514
Flax-leaved aster,Ionactis linariifolia,Endangered,Iowa,3119895
White morning-glory,Ipomoea lacunosa,Endangered,Iowa,2928584
Black-based quillwort,Isoetes melanopoda,Endangered,Iowa,7421641
Alpine rush,Juncus alpinoarticulatus,Endangered,Iowa,2701930
Edged rush,Juncus marginatus,Endangered,Iowa,2701532
Vasey’s rush,Juncus vaseyi,Endangered,Iowa,2701308
Creeping juniper,Juniperus horizontalis,Endangered,Iowa,2684410
Intermediate pinweed,Lechea intermedia,Endangered,Iowa,5331117
Hairy pinweed,Lechea mucronata,Endangered,Iowa,5331122
Wild lupine,Lupinus perennis,Endangered,Iowa,2964435
Bog clubmoss,Lycopodiella inundata,Endangered,Iowa,2688345
Hairy waterclover,Marsilea vestita,Endangered,Iowa,5274877
Millet grass,Milium effusum,Endangered,Iowa,2706196
Sensitive briar,Mimosa nuttallii,Endangered,Iowa,2969750
Partridge berry,Mitchella repens,Endangered,Iowa,5338762
Naked miterwort,Mitella nuda,Endangered,Iowa,5371644
Mat muhly,Muhlenbergia richardsonis,Endangered,Iowa,2704017
Small sundrops,Oenothera perennis,Endangered,Iowa,3188838
Fragile prickly-pear,Opuntia fragilis,Endangered,Iowa,5384113
Frenchgrass,Orbexilum onobrychis,Endangered,Iowa,2944123
Clustered broomrape,Orobanche fasciculata,Endangered,Iowa,3173264
One-sided shinleaf,Orthilia secunda,Endangered,Iowa,2888310
Rough-leaved ricegrass,Oryzopsis asperifolia,Endangered,Iowa,2702700
Cinnamon fern,Osmundastrum cinnamomeum,Endangered,Iowa,7319895
Philadelphia panic grass,Panicum philadelphicum,Endangered,Iowa,8412627
Arrow arum,Peltandra virginica,Endangered,Iowa,5330182
Cobaea beardtongue,Penstemon cobaea,Endangered,Iowa,3171531
Slender beardtongue,Penstemon gracilis,Endangered,Iowa,3171415
Tube beardtongue,Penstemon tubaeflorus,Endangered,Iowa,7332148
Wild dill,Perideridia americana,Endangered,Iowa,7827848
Long beechfern,Phegopteris connectilis,Endangered,Iowa,2651330
Fameflower,Phemeranthus parviflorus,Endangered,Iowa,4022519
Rough-seeded fameflower,Phemeranthus rugospermus,Endangered,Iowa,4022511
Mountain ricegrass,Piptatherum pungens,Endangered,Iowa,6560151
Wood orchid,Platanthera clavellata,Endangered,Iowa,2797979
Hooker’s orchid,Platanthera hookeri,Endangered,Iowa,8574803
Green fringed orchid,Platanthera lacera,Endangered,Iowa,2798100
Eastern prairie fringed orchid,Platanthera leucophaea,Endangered,Iowa,2798308
Woodland Bluegrass,Poa saltuensis,Endangered,Iowa,2704318
Clammyweed,Polansia jamesii,Endangered,Iowa,
Crossleaf milkwort,Polygala cruciata,Endangered,Iowa,3191398
Pink milkwort,Polygala incarnata,Endangered,Iowa,3191432
Purple milkwort,Polygala polygama,Endangered,Iowa,3191425
Hairy Solomon’s-seal,Polygonatum pubescens,Endangered,Iowa,2770201
Jointweed,Polygonella articulata,Endangered,Iowa,5334490
White-stemmed pondweed,Potamogeton praelongus,Endangered,Iowa,5301213
Silverweed,Potentilla anserina,Endangered,Iowa,7272211
Pennsylvania cinquefoil,Potentilla pensylvanica,Endangered,Iowa,5368602
Stem flower dewberry,Rubus caulifloris,Endangered,Iowa,
Washington dewberry,Rubus celer,Endangered,Iowa,2998593
Swamp dewberry,Rubus hispidus,Endangered,Iowa,2991369
Recurved blackberry,Rubus recurvans,Endangered,Iowa,2998629
New England blackberry,Rubus semisetosus,Endangered,Iowa,2996067
Bottomland dewberry,Rubus serratus,Endangered,Iowa,2992000
Uniform bristleberry,Rubus uniformis,Endangered,Iowa,2991959
Shining willow,Salix lucida,Endangered,Iowa,5372604
Smith’s bulrush,Schoenoplectiella smithii,Endangered,Iowa,8196059
Downy skullcap,Scutellaria incana,Endangered,Iowa,5341378
Veined skullcap,Scutellaria nervosa,Endangered,Iowa,5341363
Wild stonecrop,Sedum ternatum,Endangered,Iowa,5362037
Meadow spikemoss,Selaginella eclipes,Endangered,Iowa,2688222
Knotweed bristlegrass,Setaria parviflora,Endangered,Iowa,5289679
Annual skeletonweed,Shinneroseris rostata,Endangered,Iowa,
Three-toothed cinquefoil,Sibbaldiopsis tridentata,Endangered,Iowa,4926534
Needle-pointed blue-eyed grass,Sisyrinchium mucronatum,Endangered,Iowa,5296355
Rough-leaved goldenrod,Solidago patula,Endangered,Iowa,5388924
Bog goldenrod,Solidago uliginosa,Endangered,Iowa,5388889
Yellow-lipped ladies-tresses,Spiranthes lucida,Endangered,Iowa,2805336
Hooded ladies-tresses,Spiranthes romanzoffiana,Endangered,Iowa,2805404
Little ladies-tresses,Spiranthes tuberosa,Endangered,Iowa,2805477
Spring ladies-tresses,Spiranthes vernalis,Endangered,Iowa,2805347
Rough-leaved hedge-nettle,Stachys aspera,Endangered,Iowa,2927287
Pickering morning-glory,Stylisma pickeringii,Endangered,Iowa,2928466
Snowberry,Symphoricarpos albus,Endangered,Iowa,8012439
Waxy meadowrue,Thalictrum amphibolum,Endangered,Iowa,3033127
Western spiderwort,Tradescantia occidentalis,Endangered,Iowa,2765322
Small bladderwort,Utricularia minor,Endangered,Iowa,3172414
Sessile-leaf bellwort,Uvularia sessilifolia,Endangered,Iowa,2740314
Low sweet blueberry,Vaccinium angustifolium,Endangered,Iowa,2882868
Velvetleaf blueberry,Vaccinium myrtilloides,Endangered,Iowa,2882880
American brookline,Veronica americana,Endangered,Iowa,3172084
Maple-leaved arrowwood,Viburnum acerifolium,Endangered,Iowa,2888596
Spurred violet,Viola adunca,Endangered,Iowa,5331199
Large-leaved violet,Viola blanda,Endangered,Iowa,5331300
Frost grape,Vitis vulpina,Endangered,Iowa,5372401
Rusty woodsia,Woodsia ilvensis,Endangered,Iowa,5275075
Oregon woodsia,Woodsia oregana,Endangered,Iowa,11163635
Slender three-seeded mercury,Acalypha gracilens,Threatened,Iowa,3056054
Northern wild monkshood,Aconitum noveboracense,Threatened,Iowa,3033676
Round-stemmed false foxglove,Agalinis gattingeri,Threatened,Iowa,3171236
Inland serviceberry,Amelanchier interior,Threatened,Iowa,3024097
Fragrant false indigo,Amorpha nana,Threatened,Iowa,7656548
Woolly milkweed,Asclepias lanuginosa,Threatened,Iowa,3170327
Oval-leaved milkweed,Asclepias ovalifolia,Threatened,Iowa,3170264
Narrow-leaved milkweed,Asclepias stenophylla,Threatened,Iowa,3170321
Pawpaw,Asimina triloba,Threatened,Iowa,3158040
Water parsnip,Berula erecta,Threatened,Iowa,
Watershield,Brasenia schreberi,Threatened,Iowa,2882446
Poppy mallow,Callirhoe triangulata,Threatened,Iowa,5406709
Water-starwort,Callitriche heterophylla,Threatened,Iowa,5372482
Low bindweed,Calystegia spithamaea,Threatened,Iowa,2928447
Assiniboine sedge,Carex assininboinensis,Threatened,Iowa,
Carey’s sedge,Carex careyana,Threatened,Iowa,2728363
Fibrous-root sedge,Carex communis,Threatened,Iowa,2723487
Spreading sedge,Carex laxiculmis,Threatened,Iowa,2726928
Delicate sedge,Carex leptalea,Threatened,Iowa,2729017
Yellow sedge,Carex lurida,Threatened,Iowa,2722529
Sterile sedge,Carex sterilis,Threatened,Iowa,2726068
Quill sedge,Carex tenera,Threatened,Iowa,2728212
Shaved sedge,Carex tonsa,Threatened,Iowa,2729540
Wood’s sedge,Carex woodii,Threatened,Iowa,2724396
Pink turtlehead,Chelone obliqua,Threatened,Iowa,5414932
Marsh cinquefoil,Comarum palustre,Threatened,Iowa,3020532
Dayflower,Commelina erecta,Threatened,Iowa,2764389
Bunchberry,Cornus canadensis,Threatened,Iowa,3082270
Fireberry hawthorn,Crataegus chrysocarpa,Threatened,Iowa,3015853
Waxy-fruited hawthorn,Crataegus pruinosa,Threatened,Iowa,7790552
Showy lady’s slipper,Cypripedium reginae,Threatened,Iowa,2820340
Shrubby cinquefoil,Dasiphora fruticosa,Threatened,Iowa,5370380
Silvery spleenwort,Deparia acrostichoides,Threatened,Iowa,2650986
Northern panic-grass,Dichanthelium boreale,Threatened,Iowa,2702568
Slim-leaved panic-grass,Dichanthelium linearifolium,Threatened,Iowa,2702666
Narrow-leaved spleenwort,Diplazium pynocarpon,Threatened,Iowa,
Glandular wood fern,Dryopteris intermedia,Threatened,Iowa,5275143
Oval spikerush,Eleocharis ovata,Threatened,Iowa,2717641
Woodland horsetail,Equisetum sylvaticum,Threatened,Iowa,2687929
Yellow trout lily,Erythronium americanum,Threatened,Iowa,2752815
Upland boneset,Eupatorium sessilifolium,Threatened,Iowa,5403176
Slender fimbry,Fimbristylis autumnalis,Threatened,Iowa,2708280
Blue ash,Fraxinus quadrangulata,Threatened,Iowa,3172370
Bog bedstraw,Galium labradoricum,Threatened,Iowa,2914640
Oak fern,Gymnocarpium dryopteris,Threatened,Iowa,2650832
Needle-and-thread grass,Hesperostipa comata,Threatened,Iowa,2702491
Green violet,Hybanthus concolor,Threatened,Iowa,2874228
Winterberry,Ilex verticillata,Threatened,Iowa,5414267
Twinleaf,Jeffersonia diphylla,Threatened,Iowa,5371713
Green rush,Juncus greenii,Threatened,Iowa,
Dwarf dandelion,Krigia virginica,Threatened,Iowa,3132412
Prairie bush clover,Lespedeza leptostachya,Threatened,Iowa,2955734
Cleft conobea,Leucospora multifida,Threatened,Iowa,3171908
Twinflower,Linnaea borealis,Threatened,Iowa,5334220
Whiskbroom parsley,Lomatium foeniculaceum,Threatened,Iowa,
Western parsley,Lomatium orientale,Threatened,Iowa,
Running clubmoss,Lycopodium clavatum,Threatened,Iowa,2688393
Bunchflower,Melanthium virginicum,Threatened,Iowa,5295857
Ten-petaled blazingstar,Mentzelia decapetala,Threatened,Iowa,5331485
Bog buckbean,Menyanthes trifoliata,Threatened,Iowa,5341511
Northern lungwort,Mertensia paniculata,Threatened,Iowa,5341214
Rock sandwort,Minuartia michauxii,Threatened,Iowa,7579734
Pinesap,Monotropa hypopithys,Threatened,Iowa,
Southern adder’s-tongue,Ophioglossum vulgatum,Threatened,Iowa,2650133
Royal fern,Osmunda regalis,Threatened,Iowa,8049341
Purple cliffbrake,Pellaea atropurpurea,Threatened,Iowa,5275441
White beardtongue,Penstemon albidus,Threatened,Iowa,3171339
Broad beech fern,Phegopteris hexagonoptera,Threatened,Iowa,2651335
Northern bog orchid,Platanthera aquilonis,Threatened,Iowa,2798385
Western prairie fringed orchid,Platanthera praeclara,Threatened,Iowa,2798503
Purple fringed orchid,Platanthera psycodes,Threatened,Iowa,2798313
Bog bluegrass,Poa paludigena,Threatened,Iowa,2704311
Nodding rattlesnake-root,Prenanthes crepidinea,Threatened,Iowa,3090775
Canada plum,Prunus nigra,Threatened,Iowa,3021170
Sand cherry,Prunus pumila,Threatened,Iowa,3021605
Pink shinleaf,Pyrola asarifolia,Threatened,Iowa,2888271
Meadow beauty,Rhexia virginica,Threatened,Iowa,6370198
Northern currant,Ribes hudsonianum,Threatened,Iowa,2986140
Wood’s rose,Rosa woodsii,Threatened,Iowa,3004072
Garden dewberry,Rubus aboriginum,Threatened,Iowa,2993662
Short-stalked dewberry,Rubus curtipes,Threatened,Iowa,2995301
Southern dewberry,Rubus enslenii,Threatened,Iowa,2998356
Iron River dewberry,Rubus ferrofluvius,Threatened,Iowa,2988747
Common dewberry,Rubus flagellaris,Threatened,Iowa,2992071
Fuller’s bristly dewberry,Rubus fulleri,Threatened,Iowa,3000174
Downy dewberry,Rubus satis,Threatened,Iowa,2994784
Widgeon grass,Ruppia cirrhosa,Threatened,Iowa,2863987
Bog willow,Salix pedicellaris,Threatened,Iowa,5372725
Leathery grapefern,Sceptridium multifidum,Threatened,Iowa,7321468
Low nutrush,Scleria verticillata,Threatened,Iowa,2712490
Buffaloberry,Sheperdia argentea,Threatened,Iowa,
Scarlet globemallow,Sphaeralcea coccinea,Threatened,Iowa,3152438
Rush aster,Symphyotrichum boreale,Threatened,Iowa,8086623
Large arrowgrass,Triglochin maritima,Threatened,Iowa,2865368
Small arrowgrass,Triglochin palustris,Threatened,Iowa,2865280
Black arrowwood,Viburnum molle,Threatened,Iowa,2888618
Lance-leaved violet,Viola lanceolata,Threatened,Iowa,5331183
Macloskey’s violet,Viola macloskeyi,Threatened,Iowa,5331303
Kidney-leaved violet,Viola renifolia,Threatened,Iowa,5331273
Summer grape,Vitis aestivalis,Threatened,Iowa,5372400
Yellow-eyed grass,Xyris torta,Threatened,Iowa,2692945
Spotted Darter,Nothonotus maculatus,T,Kentucky,2382235
Longhead Darter,Percina macrocephala,E,Kentucky,2382086
Slender Madtom,Noturus exilis,E,Kentucky,2341039
Northern Harrier,Circus hudsonius,T,Kentucky,5229175
Hooded Merganser,Lophodytes cucullatus,T,Kentucky,2498408
Spotted Sandpiper,Actitis macularius,E,Kentucky,2481798
Peregrine Falcon,Falco peregrinus,E,Kentucky,2481047
American Coot,Fulica americana,E,Kentucky,2474393
Golden-winged Warbler,Vermivora chrysoptera,E,Kentucky,5230811
Red-breasted Nuthatch,Sitta canadensis,E,Kentucky,2484879
Great Egret,Ardea alba,T,Kentucky,9752617
Little Blue Heron,Egretta caerulea,E,Kentucky,2480894
Yellow-crowned Night-heron,Nyctanassa violacea,T,Kentucky,2480953
Black-crowned Night-heron,Nycticorax nycticorax,T,Kentucky,2480863
Pied-billed Grebe,Podilymbus podiceps,E,Kentucky,2482077
Short-eared Owl,Asio flammeus,E,Kentucky,2497295
Pocketbook,Lampsilis ovata,E,Kentucky,2288173
Little Spectaclecase,Leaunio lienosus,T,Kentucky,9765176
Kentucky Creekshell,Leaunio ortmanni,E,Kentucky,9645390
Rabbitsfoot,Theliderma cylindrica,E,Kentucky,7342653
Purple Lilliput,Toxolasma lividum,E,Kentucky,2288024
Gray Myotis,Myotis grisescens,T,Kentucky,
Little Brown Bat,Myotis lucifugus,T,Kentucky,2432406
Northern Long-Eared Bat,Myotis septentrionalis,E,Kentucky,2432436
Indiana Bat,Myotis sodalis,E,Kentucky,2432418
Tricolored Bat,Perimyotis subflavus,T,Kentucky,7665644
Mountain Brook Lamprey,Ichthyomyzon greeleyi,T,Kentucky,2421252
Spotted Darter,Nothonotus maculatus,T,Kentucky,2382235
Longhead Darter,Percina macrocephala,E,Kentucky,2382086
Slender Madtom,Noturus exilis,E,Kentucky,2341039
Northern Harrier,Circus hudsonius,T,Kentucky,5229175
Hooded Merganser,Lophodytes cucullatus,T,Kentucky,2498408
Spotted Sandpiper,Actitis macularius,E,Kentucky,2481798
Great Egret,Ardea alba,T,Kentucky,9752617
Pied-billed Grebe,Podilymbus podiceps,E,Kentucky,2482077
Fanshell,Cyprogenia stegaria,E,Kentucky,5189381
Snuffbox,Epioblasma triquetra,E,Kentucky,2288218
Longsolid,Fusconaia subrotunda,T,Kentucky,2288194
Pocketbook,Lampsilis ovata,E,Kentucky,2288173
Little Spectaclecase,Leaunio lienosus,T,Kentucky,9765176
Kentucky Creekshell,Leaunio ortmanni,E,Kentucky,9645390
Mountain Creekshell,Leaunio vanuxemensis,E,Kentucky,9694733
Clubshell,Pleurobema clava,E,Kentucky,2288099
Pyramid Pigtoe,Pleurobema rubrum,E,Kentucky,2288082
Rabbitsfoot,Theliderma cylindrica,E,Kentucky,7342653
Purple Lilliput,Toxolasma lividum,E,Kentucky,2288024
Gray Myotis,Myotis grisescens,T,Kentucky,
Little Brown Bat,Myotis lucifugus,T,Kentucky,2432406
Indiana Bat,Myotis sodalis,E,Kentucky,2432418
Tricolored Bat,Perimyotis subflavus,T,Kentucky,7665644
Mountain Brook Lamprey,Ichthyomyzon greeleyi,T,Kentucky,2421252
American Brook Lamprey,Lethenteron appendix,T,Kentucky,2421396
Northern Harrier,Circus hudsonius,T,Kentucky,5229175
Spotted Sandpiper,Actitis macularius,E,Kentucky,2481798
Least Flycatcher,Empidonax minimus,E,Kentucky,2482791
Great Egret,Ardea alba,T,Kentucky,9752617
Little Blue Heron,Egretta caerulea,E,Kentucky,2480894
Pied-billed Grebe,Podilymbus podiceps,E,Kentucky,2482077
Clubshell,Pleurobema clava,E,Kentucky,2288099
Gray Myotis,Myotis grisescens,T,Kentucky,
Little Brown Bat,Myotis lucifugus,T,Kentucky,2432406
Northern Long-Eared Bat,Myotis septentrionalis,E,Kentucky,2432436
Indiana Bat,Myotis sodalis,E,Kentucky,2432418
Tricolored Bat,Perimyotis subflavus,T,Kentucky,7665644
Lake Sturgeon,Acipenser fulvescens,E,Kentucky,2402120
Pallid Sturgeon,Scaphirhynchus albus,E,Kentucky,2402088
Mississippi Silverside,Menidia audens,T,Kentucky,2412298
Redspotted Sunfish,Lepomis miniatus,T,Kentucky,2394505
Lake Chubsucker,Erimyzon sucetta,T,Kentucky,2358939
Cypress Minnow,Hybognathus hayi,E,Kentucky,2364404
Sturgeon Chub,Macrhybopsis gelida,E,Kentucky,2362060
Sicklefin Chub,Macrhybopsis meeki,E,Kentucky,2362056
Taillight Shiner,Notropis maculatus,T,Kentucky,2362203
Alligator Gar,Atractosteus spatula,E,Kentucky,2346754
Cypress Darter,Etheostoma proeliare,T,Kentucky,2382292
Three-toed Amphiuma,Amphiuma tridactylum,E,Kentucky,2432081
Northern Harrier,Circus hudsonius,T,Kentucky,5229175
Hooded Merganser,Lophodytes cucullatus,T,Kentucky,2498408
Northern Shoveler,Spatula clypeata,E,Kentucky,8332393
Blue-winged Teal,Spatula discors,T,Kentucky,9422220
Interior Least Tern,Sternula antillarum athalassos,E,Kentucky,6065773
Spotted Sandpiper,Actitis macularius,E,Kentucky,2481798
Peregrine Falcon,Falco peregrinus,E,Kentucky,2481047
American Coot,Fulica americana,E,Kentucky,2474393
Common Gallinule,Gallinula galeata,T,Kentucky,5228200
Brown Creeper,Certhia americana,T,Kentucky,9581157
Least Flycatcher,Empidonax minimus,E,Kentucky,2482791
Great Egret,Ardea alba,T,Kentucky,9752617
Little Blue Heron,Egretta caerulea,E,Kentucky,2480894
Snowy Egret,Egretta thula,E,Kentucky,2480873
Least Bittern,Ixobrychus exilis,T,Kentucky,2480852
Yellow-crowned Night-heron,Nyctanassa violacea,T,Kentucky,2480953
Black-crowned Night-heron,Nycticorax nycticorax,T,Kentucky,2480863
Pied-billed Grebe,Podilymbus podiceps,E,Kentucky,2482077
Longsolid,Fusconaia subrotunda,T,Kentucky,2288194
Pink Mucket,Lampsilis abrupta,E,Kentucky,2288132
Pocketbook,Lampsilis ovata,E,Kentucky,2288173
Little Spectaclecase,Leaunio lienosus,T,Kentucky,9765176
Ring Pink,Obovaria retusa,E,Kentucky,2288366
Orangefoot Pimpleback,Plethobasus cooperianus,E,Kentucky,2287976
Sheepnose,Plethobasus cyphyus,E,Kentucky,2287978
Pyramid Pigtoe,Pleurobema rubrum,E,Kentucky,2288082
Fat Pocketbook,Potamilus capax,T,Kentucky,2287988
Bleufer,Potamilus purpuratus,E,Kentucky,2287990
Rabbitsfoot,Theliderma cylindrica,E,Kentucky,7342653
Alligator Snapping Turtle,Macrochelys temminckii,E,Kentucky,5220318
Shrimp Crayfish,Faxonius lancifer,E,Kentucky,9059974
Gray-speckled Crayfish,Faxonius palmeri palmeri,E,Kentucky,9045670
Painted Devil Crayfish,Lacunicambarus ludovicianus,T,Kentucky,10047756
Vernal Crayfish,Procambarus viaeviridis,T,Kentucky,2227241
Little Brown Bat,Myotis lucifugus,T,Kentucky,2432406
Northern Long-Eared Bat,Myotis septentrionalis,E,Kentucky,2432436
Indiana Bat,Myotis sodalis,E,Kentucky,2432418
Tricolored Bat,Perimyotis subflavus,T,Kentucky,7665644
Cotton Mouse,Peromyscus gossypinus,T,Kentucky,2437988
Western Ribbonsnake,Thamnophis proximus proximus,E,Kentucky,7190664
Longhead Darter,Percina macrocephala,E,Kentucky,2382086
Northern Harrier,Circus hudsonius,T,Kentucky,5229175
Hooded Merganser,Lophodytes cucullatus,T,Kentucky,2498408
Blue-winged Teal,Spatula discors,T,Kentucky,9422220
Spotted Sandpiper,Actitis macularius,E,Kentucky,2481798
Peregrine Falcon,Falco peregrinus,E,Kentucky,2481047
Brown Creeper,Certhia americana,T,Kentucky,9581157
Blackburnian Warbler,Setophaga fusca,T,Kentucky,6093199
Golden-winged Warbler,Vermivora chrysoptera,E,Kentucky,5230811
Red-breasted Nuthatch,Sitta canadensis,E,Kentucky,2484879
Least Flycatcher,Empidonax minimus,E,Kentucky,2482791
Great Egret,Ardea alba,T,Kentucky,9752617
Least Bittern,Ixobrychus exilis,T,Kentucky,2480852
Yellow-crowned Night-heron,Nyctanassa violacea,T,Kentucky,2480953
Black-crowned Night-heron,Nycticorax nycticorax,T,Kentucky,2480863
Pied-billed Grebe,Podilymbus podiceps,E,Kentucky,2482077
Short-eared Owl,Asio flammeus,E,Kentucky,2497295
Little Spectaclecase,Leaunio lienosus,T,Kentucky,9765176
Kentucky Creekshell,Leaunio ortmanni,E,Kentucky,9645390
Gray Myotis,Myotis grisescens,T,Kentucky,
Eastern Small-footed Myotis,Myotis leibii,T,Kentucky,2432455
Little Brown Bat,Myotis lucifugus,T,Kentucky,2432406
Northern Long-Eared Bat,Myotis septentrionalis,E,Kentucky,2432436
Indiana Bat,Myotis sodalis,E,Kentucky,2432418
Tricolored Bat,Perimyotis subflavus,T,Kentucky,7665644
Eastern Slender Glass Lizard,Ophisaurus attenuatus longicaudus,T,Kentucky,6160619
Eastern Pinesnake,Pituophis melanoleucus,E,Kentucky,9187223
Hooded Merganser,Lophodytes cucullatus,T,Kentucky,2498408
Spotted Sandpiper,Actitis macularius,E,Kentucky,2481798
Common Gallinule,Gallinula galeata,T,Kentucky,5228200
Brown Creeper,Certhia americana,T,Kentucky,9581157
Golden-winged Warbler,Vermivora chrysoptera,E,Kentucky,5230811
Least Flycatcher,Empidonax minimus,E,Kentucky,2482791
Least Bittern,Ixobrychus exilis,T,Kentucky,2480852
Yellow-crowned Night-heron,Nyctanassa violacea,T,Kentucky,2480953
Pied-billed Grebe,Podilymbus podiceps,E,Kentucky,2482077
Elktoe,Alasmidonta marginata,T,Kentucky,2287889
Fanshell,Cyprogenia stegaria,E,Kentucky,5189381
Snuffbox,Epioblasma triquetra,E,Kentucky,2288218
Longsolid,Fusconaia subrotunda,T,Kentucky,2288194
Pink Mucket,Lampsilis abrupta,E,Kentucky,2288132
Pocketbook,Lampsilis ovata,E,Kentucky,2288173
Little Spectaclecase,Leaunio lienosus,T,Kentucky,9765176
Round Hickorynut,Obovaria subrotunda,T,Kentucky,2288370
Sheepnose,Plethobasus cyphyus,E,Kentucky,2287978
Clubshell,Pleurobema clava,E,Kentucky,2288099
Pyramid Pigtoe,Pleurobema rubrum,E,Kentucky,2288082
Salamander Mussel,Simpsonaias ambigua,T,Kentucky,2288258
Purple Lilliput,Toxolasma lividum,E,Kentucky,2288024
Virginia Big-eared Bat,Corynorhinus townsendii virginianus,E,Kentucky,6163669
Eastern Small-footed Myotis,Myotis leibii,T,Kentucky,2432455
Little Brown Bat,Myotis lucifugus,T,Kentucky,2432406
Northern Long-Eared Bat,Myotis septentrionalis,E,Kentucky,2432436
Indiana Bat,Myotis sodalis,E,Kentucky,2432418
Tricolored Bat,Perimyotis subflavus,T,Kentucky,7665644
Northern Brook Lamprey,Ichthyomyzon fossor,T,Kentucky,2421249
Blackside Dace,Chrosomus cumberlandensis,T,Kentucky,2365380
Yellow-spotted Woodland Salamander,Plethodon pauleyi,E,Kentucky,10408173
Northern Harrier,Circus hudsonius,T,Kentucky,5229175
Hooded Merganser,Lophodytes cucullatus,T,Kentucky,2498408
Peregrine Falcon,Falco peregrinus,E,Kentucky,2481047
Brown Creeper,Certhia americana,T,Kentucky,9581157
Common Raven,Corvus corax,T,Kentucky,2482492
Blackburnian Warbler,Setophaga fusca,T,Kentucky,6093199
Golden-winged Warbler,Vermivora chrysoptera,E,Kentucky,5230811
Red-breasted Nuthatch,Sitta canadensis,E,Kentucky,2484879
Least Flycatcher,Empidonax minimus,E,Kentucky,2482791
Pied-billed Grebe,Podilymbus podiceps,E,Kentucky,2482077
Cumberland Papershell,Anodontoides denigratus,E,Kentucky,7811712
Pocketbook,Lampsilis ovata,E,Kentucky,2288173
Longclaw Crayfish,Cambarus buntingi,T,Kentucky,2227403
Gray Myotis,Myotis grisescens,T,Kentucky,
Eastern Small-footed Myotis,Myotis leibii,T,Kentucky,2432455
Little Brown Bat,Myotis lucifugus,T,Kentucky,2432406
Northern Long-Eared Bat,Myotis septentrionalis,E,Kentucky,2432436
Tricolored Bat,Perimyotis subflavus,T,Kentucky,7665644
Eastern Slender Glass Lizard,Ophisaurus attenuatus longicaudus,T,Kentucky,6160619
Coal Skink,Plestiodon anthracinus,E,Kentucky,4287450
Northern Harrier,Circus hudsonius,T,Kentucky,5229175
Hooded Merganser,Lophodytes cucullatus,T,Kentucky,2498408
Blue-winged Teal,Spatula discors,T,Kentucky,9422220
Spotted Sandpiper,Actitis macularius,E,Kentucky,2481798
Peregrine Falcon,Falco peregrinus,E,Kentucky,2481047
American Coot,Fulica americana,E,Kentucky,2474393
Common Gallinule,Gallinula galeata,T,Kentucky,5228200
Brown Creeper,Certhia americana,T,Kentucky,9581157
Golden-winged Warbler,Vermivora chrysoptera,E,Kentucky,5230811
Vesper Sparrow,Pooecetes gramineus,E,Kentucky,2491728
Red-breasted Nuthatch,Sitta canadensis,E,Kentucky,2484879
Least Flycatcher,Empidonax minimus,E,Kentucky,2482791
Great Egret,Ardea alba,T,Kentucky,9752617
Little Blue Heron,Egretta caerulea,E,Kentucky,2480894
Black-crowned Night-heron,Nycticorax nycticorax,T,Kentucky,2480863
Pied-billed Grebe,Podilymbus podiceps,E,Kentucky,2482077
Short-eared Owl,Asio flammeus,E,Kentucky,2497295
Spectaclecase,Cumberlandia monodonta,E,Kentucky,2287869
Longsolid,Fusconaia subrotunda,T,Kentucky,2288194
Pink Mucket,Lampsilis abrupta,E,Kentucky,2288132
Pocketbook,Lampsilis ovata,E,Kentucky,2288173
Ring Pink,Obovaria retusa,E,Kentucky,2288366
Sheepnose,Plethobasus cyphyus,E,Kentucky,2287978
Pyramid Pigtoe,Pleurobema rubrum,E,Kentucky,2288082
Rabbitsfoot,Theliderma cylindrica,E,Kentucky,7342653
Eastern Small-footed Myotis,Myotis leibii,T,Kentucky,2432455
Little Brown Bat,Myotis lucifugus,T,Kentucky,2432406
Indiana Bat,Myotis sodalis,E,Kentucky,2432418
Tricolored Bat,Perimyotis subflavus,T,Kentucky,7665644
Vesper Sparrow,Pooecetes gramineus,E,Kentucky,2491728
Little Brown Bat,Myotis lucifugus,T,Kentucky,2432406
Northern Long-Eared Bat,Myotis septentrionalis,E,Kentucky,2432436
Lake Sturgeon,Acipenser fulvescens,E,Kentucky,2402120
Northern Harrier,Circus hudsonius,T,Kentucky,5229175
Spotted Sandpiper,Actitis macularius,E,Kentucky,2481798
Brown Creeper,Certhia americana,T,Kentucky,9581157
Golden-winged Warbler,Vermivora chrysoptera,E,Kentucky,5230811
Least Flycatcher,Empidonax minimus,E,Kentucky,2482791
Black-crowned Night-heron,Nycticorax nycticorax,T,Kentucky,2480863
Pied-billed Grebe,Podilymbus podiceps,E,Kentucky,2482077
Short-eared Owl,Asio flammeus,E,Kentucky,2497295
Little Spectaclecase,Leaunio lienosus,T,Kentucky,9765176
Salamander Mussel,Simpsonaias ambigua,T,Kentucky,2288258
Little Brown Bat,Myotis lucifugus,T,Kentucky,2432406
Northern Long-Eared Bat,Myotis septentrionalis,E,Kentucky,2432436
Tricolored Bat,Perimyotis subflavus,T,Kentucky,7665644
American Brook Lamprey,Lethenteron appendix,T,Kentucky,2421396
Northern Harrier,Circus hudsonius,T,Kentucky,5229175
Hooded Merganser,Lophodytes cucullatus,T,Kentucky,2498408
Northern Shoveler,Spatula clypeata,E,Kentucky,8332393
Blue-winged Teal,Spatula discors,T,Kentucky,9422220
Spotted Sandpiper,Actitis macularius,E,Kentucky,2481798
Peregrine Falcon,Falco peregrinus,E,Kentucky,2481047
American Coot,Fulica americana,E,Kentucky,2474393
Brown Creeper,Certhia americana,T,Kentucky,9581157
Golden-winged Warbler,Vermivora chrysoptera,E,Kentucky,5230811
Red-breasted Nuthatch,Sitta canadensis,E,Kentucky,2484879
Pied-billed Grebe,Podilymbus podiceps,E,Kentucky,2482077
Short-eared Owl,Asio flammeus,E,Kentucky,2497295
Long-eared Owl,Asio otus,E,Kentucky,2497306
Coal Skink,Plestiodon anthracinus,E,Kentucky,4287450
Lake Sturgeon,Acipenser fulvescens,E,Kentucky,2402120
Northern Harrier,Circus hudsonius,T,Kentucky,5229175
Hooded Merganser,Lophodytes cucullatus,T,Kentucky,2498408
Peregrine Falcon,Falco peregrinus,E,Kentucky,2481047
Great Egret,Ardea alba,T,Kentucky,9752617
Pied-billed Grebe,Podilymbus podiceps,E,Kentucky,2482077
Elktoe,Alasmidonta marginata,T,Kentucky,2287889
Fanshell,Cyprogenia stegaria,E,Kentucky,5189381
Northern Riffleshell,Epioblasma rangiana,E,Kentucky,8007262
Snuffbox,Epioblasma triquetra,E,Kentucky,2288218
Longsolid,Fusconaia subrotunda,T,Kentucky,2288194
Pink Mucket,Lampsilis abrupta,E,Kentucky,2288132
Pocketbook,Lampsilis ovata,E,Kentucky,2288173
Round Hickorynut,Obovaria subrotunda,T,Kentucky,2288370
Clubshell,Pleurobema clava,E,Kentucky,2288099
Salamander Mussel,Simpsonaias ambigua,T,Kentucky,2288258
Rabbitsfoot,Theliderma cylindrica,E,Kentucky,7342653
Little Brown Bat,Myotis lucifugus,T,Kentucky,2432406
Northern Long-Eared Bat,Myotis septentrionalis,E,Kentucky,2432436
Indiana Bat,Myotis sodalis,E,Kentucky,2432418
Tricolored Bat,Perimyotis subflavus,T,Kentucky,7665644
Western Sand Darter,Ammocrypta clara,E,Kentucky,2381980
Kentucky Arrow Darter,Etheostoma spilotum,T,Kentucky,7542142
Spotted Darter,Nothonotus maculatus,T,Kentucky,2382235
Northern Harrier,Circus hudsonius,T,Kentucky,5229175
Hooded Merganser,Lophodytes cucullatus,T,Kentucky,2498408
Spotted Sandpiper,Actitis macularius,E,Kentucky,2481798
Peregrine Falcon,Falco peregrinus,E,Kentucky,2481047
American Coot,Fulica americana,E,Kentucky,2474393
Brown Creeper,Certhia americana,T,Kentucky,9581157
Common Raven,Corvus corax,T,Kentucky,2482492
Red-breasted Nuthatch,Sitta canadensis,E,Kentucky,2484879
Pied-billed Grebe,Podilymbus podiceps,E,Kentucky,2482077
Pocketbook,Lampsilis ovata,E,Kentucky,2288173
Round Hickorynut,Obovaria subrotunda,T,Kentucky,2288370
Salamander Mussel,Simpsonaias ambigua,T,Kentucky,2288258
Eastern Small-footed Myotis,Myotis leibii,T,Kentucky,2432455
Little Brown Bat,Myotis lucifugus,T,Kentucky,2432406
Northern Long-Eared Bat,Myotis septentrionalis,E,Kentucky,2432436
Indiana Bat,Myotis sodalis,E,Kentucky,2432418
Tricolored Bat,Perimyotis subflavus,T,Kentucky,7665644
Northern Brook Lamprey,Ichthyomyzon fossor,T,Kentucky,2421249
American Brook Lamprey,Lethenteron appendix,T,Kentucky,2421396
Coal Skink,Plestiodon anthracinus,E,Kentucky,4287450
Northern Harrier,Circus hudsonius,T,Kentucky,5229175
Spotted Sandpiper,Actitis macularius,E,Kentucky,2481798
Great Egret,Ardea alba,T,Kentucky,9752617
Pied-billed Grebe,Podilymbus podiceps,E,Kentucky,2482077
Salamander Mussel,Simpsonaias ambigua,T,Kentucky,2288258
Gray Myotis,Myotis grisescens,T,Kentucky,
Eastern Small-footed Myotis,Myotis leibii,T,Kentucky,2432455
Little Brown Bat,Myotis lucifugus,T,Kentucky,2432406
Northern Long-Eared Bat,Myotis septentrionalis,E,Kentucky,2432436
Indiana Bat,Myotis sodalis,E,Kentucky,2432418
Tricolored Bat,Perimyotis subflavus,T,Kentucky,7665644
Northern Harrier,Circus hudsonius,T,Kentucky,5229175
Hooded Merganser,Lophodytes cucullatus,T,Kentucky,2498408
Northern Shoveler,Spatula clypeata,E,Kentucky,8332393
Spotted Sandpiper,Actitis macularius,E,Kentucky,2481798
Peregrine Falcon,Falco peregrinus,E,Kentucky,2481047
American Coot,Fulica americana,E,Kentucky,2474393
Brown Creeper,Certhia americana,T,Kentucky,9581157
Vesper Sparrow,Pooecetes gramineus,E,Kentucky,2491728
Red-breasted Nuthatch,Sitta canadensis,E,Kentucky,2484879
Least Flycatcher,Empidonax minimus,E,Kentucky,2482791
Great Egret,Ardea alba,T,Kentucky,9752617
Yellow-crowned Night-heron,Nyctanassa violacea,T,Kentucky,2480953
Pied-billed Grebe,Podilymbus podiceps,E,Kentucky,2482077
Short-eared Owl,Asio flammeus,E,Kentucky,2497295
Longsolid,Fusconaia subrotunda,T,Kentucky,2288194
Pocketbook,Lampsilis ovata,E,Kentucky,2288173
Little Spectaclecase,Leaunio lienosus,T,Kentucky,9765176
Round Hickorynut,Obovaria subrotunda,T,Kentucky,2288370
Clubshell,Pleurobema clava,E,Kentucky,2288099
Pyramid Pigtoe,Pleurobema rubrum,E,Kentucky,2288082
Purple Lilliput,Toxolasma lividum,E,Kentucky,2288024
Louisville Crayfish,Faxonius jeffersoni,E,Kentucky,8840328
Gray Myotis,Myotis grisescens,T,Kentucky,
Little Brown Bat,Myotis lucifugus,T,Kentucky,2432406
Northern Long-Eared Bat,Myotis septentrionalis,E,Kentucky,2432436
Indiana Bat,Myotis sodalis,E,Kentucky,2432418
Tricolored Bat,Perimyotis subflavus,T,Kentucky,7665644
Southeastern Crowned Snake,Tantilla coronata,T,Kentucky,2456522
Redspotted Sunfish,Lepomis miniatus,T,Kentucky,2394505
Lake Chubsucker,Erimyzon sucetta,T,Kentucky,2358939
Cypress Minnow,Hybognathus hayi,E,Kentucky,2364404
Western Sand Darter,Ammocrypta clara,E,Kentucky,2381980
Spotted Darter,Nothonotus maculatus,T,Kentucky,2382235
Northern Harrier,Circus hudsonius,T,Kentucky,5229175
Brown Creeper,Certhia americana,T,Kentucky,9581157
Golden-winged Warbler,Vermivora chrysoptera,E,Kentucky,5230811
Great Egret,Ardea alba,T,Kentucky,9752617
Spectaclecase,Cumberlandia monodonta,E,Kentucky,2287869
Fanshell,Cyprogenia stegaria,E,Kentucky,5189381
Catspaw,Epioblasma obliquata,E,Kentucky,2288233
Snuffbox,Epioblasma triquetra,E,Kentucky,2288218
Longsolid,Fusconaia subrotunda,T,Kentucky,2288194
Pink Mucket,Lampsilis abrupta,E,Kentucky,2288132
Pocketbook,Lampsilis ovata,E,Kentucky,2288173
Little Spectaclecase,Leaunio lienosus,T,Kentucky,9765176
Ring Pink,Obovaria retusa,E,Kentucky,2288366
Round Hickorynut,Obovaria subrotunda,T,Kentucky,2288370
Orangefoot Pimpleback,Plethobasus cooperianus,E,Kentucky,2287976
Sheepnose,Plethobasus cyphyus,E,Kentucky,2287978
Clubshell,Pleurobema clava,E,Kentucky,2288099
Rough Pigtoe,Pleurobema plenum,E,Kentucky,2288073
Pyramid Pigtoe,Pleurobema rubrum,E,Kentucky,2288082
Rabbitsfoot,Theliderma cylindrica,E,Kentucky,7342653
Purple Lilliput,Toxolasma lividum,E,Kentucky,2288024
Gray Myotis,Myotis grisescens,T,Kentucky,
Northern Long-Eared Bat,Myotis septentrionalis,E,Kentucky,2432436
Tricolored Bat,Perimyotis subflavus,T,Kentucky,7665644
American Brook Lamprey,Lethenteron appendix,T,Kentucky,2421396
Copperbelly Watersnake,Nerodia erythrogaster neglecta,T,Kentucky,5223362
Lake Chubsucker,Erimyzon sucetta,T,Kentucky,2358939
Northern Harrier,Circus hudsonius,T,Kentucky,5229175
Hooded Merganser,Lophodytes cucullatus,T,Kentucky,2498408
Blue-winged Teal,Spatula discors,T,Kentucky,9422220
Spotted Sandpiper,Actitis macularius,E,Kentucky,2481798
Pied-billed Grebe,Podilymbus podiceps,E,Kentucky,2482077
Alligator Snapping Turtle,Macrochelys temminckii,E,Kentucky,5220318
Kentucky Crayfish,Faxonius kentuckiensis,T,Kentucky,8819880
Gray Myotis,Myotis grisescens,T,Kentucky,
Little Brown Bat,Myotis lucifugus,T,Kentucky,2432406
Northern Long-Eared Bat,Myotis septentrionalis,E,Kentucky,2432436
Tricolored Bat,Perimyotis subflavus,T,Kentucky,7665644
Copperbelly Watersnake,Nerodia erythrogaster neglecta,T,Kentucky,5223362
Southeastern Crowned Snake,Tantilla coronata,T,Kentucky,2456522
Mississippi Silverside,Menidia audens,T,Kentucky,2412298
Dollar Sunfish,Lepomis marginatus,E,Kentucky,2394497
Blotched Chub,Erimystax insignis,E,Kentucky,2362090
Central Mudminnow,Umbra limi,T,Kentucky,5203110
Goldstripe Darter,Etheostoma parvipinne,E,Kentucky,2382350
Cypress Darter,Etheostoma proeliare,T,Kentucky,2382292
Slender Madtom,Noturus exilis,E,Kentucky,2341039
Three-toed Amphiuma,Amphiuma tridactylum,E,Kentucky,2432081
Three-lined Salamander,Eurycea guttolineata,T,Kentucky,5218380
Northern Harrier,Circus hudsonius,T,Kentucky,5229175
Hooded Merganser,Lophodytes cucullatus,T,Kentucky,2498408
Northern Shoveler,Spatula clypeata,E,Kentucky,8332393
Blue-winged Teal,Spatula discors,T,Kentucky,9422220
Interior Least Tern,Sternula antillarum athalassos,E,Kentucky,6065773
Spotted Sandpiper,Actitis macularius,E,Kentucky,2481798
Peregrine Falcon,Falco peregrinus,E,Kentucky,2481047
American Coot,Fulica americana,E,Kentucky,2474393
Brown Creeper,Certhia americana,T,Kentucky,9581157
Golden-winged Warbler,Vermivora chrysoptera,E,Kentucky,5230811
Bachman's Sparrow,Peucaea aestivalis,E,Kentucky,7341544
Vesper Sparrow,Pooecetes gramineus,E,Kentucky,2491728
Red-breasted Nuthatch,Sitta canadensis,E,Kentucky,2484879
Least Flycatcher,Empidonax minimus,E,Kentucky,2482791
Great Egret,Ardea alba,T,Kentucky,9752617
Little Blue Heron,Egretta caerulea,E,Kentucky,2480894
Snowy Egret,Egretta thula,E,Kentucky,2480873
Yellow-crowned Night-heron,Nyctanassa violacea,T,Kentucky,2480953
Black-crowned Night-heron,Nycticorax nycticorax,T,Kentucky,2480863
Pied-billed Grebe,Podilymbus podiceps,E,Kentucky,2482077
Pocketbook,Lampsilis ovata,E,Kentucky,2288173
Purple Lilliput,Toxolasma lividum,E,Kentucky,2288024
Alligator Snapping Turtle,Macrochelys temminckii,E,Kentucky,5220318
Blood River Crayfish,Faxonius burri,T,Kentucky,8733209
Warpaint Mudbug,Lacunicambarus erythrodactylus,T,Kentucky,10146931
Gray Myotis,Myotis grisescens,T,Kentucky,
Little Brown Bat,Myotis lucifugus,T,Kentucky,2432406
Northern Long-Eared Bat,Myotis septentrionalis,E,Kentucky,2432436
Indiana Bat,Myotis sodalis,E,Kentucky,2432418
Tricolored Bat,Perimyotis subflavus,T,Kentucky,7665644
Cotton Mouse,Peromyscus gossypinus,T,Kentucky,2437988
Southern Brook Lamprey,Ichthyomyzon gagei,E,Kentucky,2421246
Scarlet Kingsnake,Lampropeltis elapsoides,E,Kentucky,7794320
Eastern Pinesnake,Pituophis melanoleucus,E,Kentucky,9187223
Southeastern Crowned Snake,Tantilla coronata,T,Kentucky,2456522
Coal Skink,Plestiodon anthracinus,E,Kentucky,4287450
Western Pygmy Rattlesnake,Sistrurus miliarius streckeri,E,Kentucky,6157551
Lake Sturgeon,Acipenser fulvescens,E,Kentucky,2402120
Hooded Merganser,Lophodytes cucullatus,T,Kentucky,2498408
Spotted Sandpiper,Actitis macularius,E,Kentucky,2481798
Peregrine Falcon,Falco peregrinus,E,Kentucky,2481047
Brown Creeper,Certhia americana,T,Kentucky,9581157
Red-breasted Nuthatch,Sitta canadensis,E,Kentucky,2484879
Great Egret,Ardea alba,T,Kentucky,9752617
Black-crowned Night-heron,Nycticorax nycticorax,T,Kentucky,2480863
Pied-billed Grebe,Podilymbus podiceps,E,Kentucky,2482077
Elktoe,Alasmidonta marginata,T,Kentucky,2287889
Fanshell,Cyprogenia stegaria,E,Kentucky,5189381
Catspaw,Epioblasma obliquata,E,Kentucky,2288233
Northern Riffleshell,Epioblasma rangiana,E,Kentucky,8007262
Longsolid,Fusconaia subrotunda,T,Kentucky,2288194
Pink Mucket,Lampsilis abrupta,E,Kentucky,2288132
Pocketbook,Lampsilis ovata,E,Kentucky,2288173
Ring Pink,Obovaria retusa,E,Kentucky,2288366
Sheepnose,Plethobasus cyphyus,E,Kentucky,2287978
Clubshell,Pleurobema clava,E,Kentucky,2288099
Salamander Mussel,Simpsonaias ambigua,T,Kentucky,2288258
Little Brown Bat,Myotis lucifugus,T,Kentucky,2432406
Northern Long-Eared Bat,Myotis septentrionalis,E,Kentucky,2432436
Mississippi Silverside,Menidia audens,T,Kentucky,2412298
Dollar Sunfish,Lepomis marginatus,E,Kentucky,2394497
Redspotted Sunfish,Lepomis miniatus,T,Kentucky,2394505
Lake Chubsucker,Erimyzon sucetta,T,Kentucky,2358939
Cypress Minnow,Hybognathus hayi,E,Kentucky,2364404
Taillight Shiner,Notropis maculatus,T,Kentucky,2362203
Central Mudminnow,Umbra limi,T,Kentucky,5203110
Cypress Darter,Etheostoma proeliare,T,Kentucky,2382292
Northern Harrier,Circus hudsonius,T,Kentucky,5229175
Hooded Merganser,Lophodytes cucullatus,T,Kentucky,2498408
Blue-winged Teal,Spatula discors,T,Kentucky,9422220
Interior Least Tern,Sternula antillarum athalassos,E,Kentucky,6065773
Spotted Sandpiper,Actitis macularius,E,Kentucky,2481798
Common Gallinule,Gallinula galeata,T,Kentucky,5228200
King Rail,Rallus elegans,E,Kentucky,9480015
Blackburnian Warbler,Setophaga fusca,T,Kentucky,6093199
Golden-winged Warbler,Vermivora chrysoptera,E,Kentucky,5230811
Least Flycatcher,Empidonax minimus,E,Kentucky,2482791
Great Egret,Ardea alba,T,Kentucky,9752617
Little Blue Heron,Egretta caerulea,E,Kentucky,2480894
Snowy Egret,Egretta thula,E,Kentucky,2480873
Least Bittern,Ixobrychus exilis,T,Kentucky,2480852
Yellow-crowned Night-heron,Nyctanassa violacea,T,Kentucky,2480953
Little Spectaclecase,Leaunio lienosus,T,Kentucky,9765176
Fat Pocketbook,Potamilus capax,T,Kentucky,2287988
Bleufer,Potamilus purpuratus,E,Kentucky,2287990
Texas Lilliput,Toxolasma texasiense,T,Kentucky,8238701
Alligator Snapping Turtle,Macrochelys temminckii,E,Kentucky,5220318
Shrimp Crayfish,Faxonius lancifer,E,Kentucky,9059974
Gray-speckled Crayfish,Faxonius palmeri palmeri,E,Kentucky,9045670
Painted Devil Crayfish,Lacunicambarus ludovicianus,T,Kentucky,10047756
Northern Long-Eared Bat,Myotis septentrionalis,E,Kentucky,2432436
Indiana Bat,Myotis sodalis,E,Kentucky,2432418
Tricolored Bat,Perimyotis subflavus,T,Kentucky,7665644
Cotton Mouse,Peromyscus gossypinus,T,Kentucky,2437988
Broad-banded Watersnake,Nerodia fasciata confluens,E,Kentucky,5223350
Northern Harrier,Circus hudsonius,T,Kentucky,5229175
Spotted Sandpiper,Actitis macularius,E,Kentucky,2481798
Peregrine Falcon,Falco peregrinus,E,Kentucky,2481047
Great Egret,Ardea alba,T,Kentucky,9752617
Snuffbox,Epioblasma triquetra,E,Kentucky,2288218
Longsolid,Fusconaia subrotunda,T,Kentucky,2288194
Pink Mucket,Lampsilis abrupta,E,Kentucky,2288132
Pocketbook,Lampsilis ovata,E,Kentucky,2288173
Sheepnose,Plethobasus cyphyus,E,Kentucky,2287978
Clubshell,Pleurobema clava,E,Kentucky,2288099
Indiana Bat,Myotis sodalis,E,Kentucky,2432418
Hooded Merganser,Lophodytes cucullatus,T,Kentucky,2498408
Spotted Sandpiper,Actitis macularius,E,Kentucky,2481798
Common Raven,Corvus corax,T,Kentucky,2482492
Golden-winged Warbler,Vermivora chrysoptera,E,Kentucky,5230811
Pied-billed Grebe,Podilymbus podiceps,E,Kentucky,2482077
Fanshell,Cyprogenia stegaria,E,Kentucky,5189381
Snuffbox,Epioblasma triquetra,E,Kentucky,2288218
Creek Heelsplitter,Lasmigona compressa,E,Kentucky,2288264
Little Spectaclecase,Leaunio lienosus,T,Kentucky,9765176
Round Hickorynut,Obovaria subrotunda,T,Kentucky,2288370
Salamander Mussel,Simpsonaias ambigua,T,Kentucky,2288258
Gray Myotis,Myotis grisescens,T,Kentucky,
Eastern Small-footed Myotis,Myotis leibii,T,Kentucky,2432455
Little Brown Bat,Myotis lucifugus,T,Kentucky,2432406
Northern Long-Eared Bat,Myotis septentrionalis,E,Kentucky,2432436
Indiana Bat,Myotis sodalis,E,Kentucky,2432418
Tricolored Bat,Perimyotis subflavus,T,Kentucky,7665644
Northern Brook Lamprey,Ichthyomyzon fossor,T,Kentucky,2421249
American Brook Lamprey,Lethenteron appendix,T,Kentucky,2421396
Longhead Darter,Percina macrocephala,E,Kentucky,2382086
Northern Harrier,Circus hudsonius,T,Kentucky,5229175
Great Egret,Ardea alba,T,Kentucky,9752617
Snuffbox,Epioblasma triquetra,E,Kentucky,2288218
Little Spectaclecase,Leaunio lienosus,T,Kentucky,9765176
Salamander Mussel,Simpsonaias ambigua,T,Kentucky,2288258
Little Brown Bat,Myotis lucifugus,T,Kentucky,2432406
Northern Long-Eared Bat,Myotis septentrionalis,E,Kentucky,2432436
Tricolored Bat,Perimyotis subflavus,T,Kentucky,7665644
Redspotted Sunfish,Lepomis miniatus,T,Kentucky,2394505
Smallscale Darter,Nothonotus microlepidus,E,Kentucky,7368878
Northern Harrier,Circus hudsonius,T,Kentucky,5229175
Hooded Merganser,Lophodytes cucullatus,T,Kentucky,2498408
Northern Shoveler,Spatula clypeata,E,Kentucky,8332393
Blue-winged Teal,Spatula discors,T,Kentucky,9422220
Spotted Sandpiper,Actitis macularius,E,Kentucky,2481798
Peregrine Falcon,Falco peregrinus,E,Kentucky,2481047
American Coot,Fulica americana,E,Kentucky,2474393
Common Gallinule,Gallinula galeata,T,Kentucky,5228200
Brown Creeper,Certhia americana,T,Kentucky,9581157
Vesper Sparrow,Pooecetes gramineus,E,Kentucky,2491728
Red-breasted Nuthatch,Sitta canadensis,E,Kentucky,2484879
Great Egret,Ardea alba,T,Kentucky,9752617
Pied-billed Grebe,Podilymbus podiceps,E,Kentucky,2482077
Short-eared Owl,Asio flammeus,E,Kentucky,2497295
Pocketbook,Lampsilis ovata,E,Kentucky,2288173
Dwarf Rainbow,Leaunio pataecus,E,Kentucky,9671252
Mountain Creekshell,Leaunio vanuxemensis,E,Kentucky,9694733
Cumberland Moccasinshell,Medionidus conradicus,E,Kentucky,2287910
Purple Lilliput,Toxolasma lividum,E,Kentucky,2288024
Kentucky Crayfish,Faxonius kentuckiensis,T,Kentucky,8819880
Gray Myotis,Myotis grisescens,T,Kentucky,
Little Brown Bat,Myotis lucifugus,T,Kentucky,2432406
Northern Long-Eared Bat,Myotis septentrionalis,E,Kentucky,2432436
Indiana Bat,Myotis sodalis,E,Kentucky,2432418
Tricolored Bat,Perimyotis subflavus,T,Kentucky,7665644
Copperbelly Watersnake,Nerodia erythrogaster neglecta,T,Kentucky,5223362
Southeastern Crowned Snake,Tantilla coronata,T,Kentucky,2456522
Hooded Merganser,Lophodytes cucullatus,T,Kentucky,2498408
Spotted Sandpiper,Actitis macularius,E,Kentucky,2481798
Common Gallinule,Gallinula galeata,T,Kentucky,5228200
Golden-winged Warbler,Vermivora chrysoptera,E,Kentucky,5230811
Black-crowned Night-heron,Nycticorax nycticorax,T,Kentucky,2480863
Pied-billed Grebe,Podilymbus podiceps,E,Kentucky,2482077
Little Spectaclecase,Leaunio lienosus,T,Kentucky,9765176
Gray Myotis,Myotis grisescens,T,Kentucky,
Little Brown Bat,Myotis lucifugus,T,Kentucky,2432406
Northern Long-Eared Bat,Myotis septentrionalis,E,Kentucky,2432436
Tricolored Bat,Perimyotis subflavus,T,Kentucky,7665644
Kentucky Arrow Darter,Etheostoma spilotum,T,Kentucky,7542142
Longhead Darter,Percina macrocephala,E,Kentucky,2382086
Great Egret,Ardea alba,T,Kentucky,9752617
Pied-billed Grebe,Podilymbus podiceps,E,Kentucky,2482077
Cumberland Papershell,Anodontoides denigratus,E,Kentucky,7811712
Snuffbox,Epioblasma triquetra,E,Kentucky,2288218
Longsolid,Fusconaia subrotunda,T,Kentucky,2288194
Pocketbook,Lampsilis ovata,E,Kentucky,2288173
Little Spectaclecase,Leaunio lienosus,T,Kentucky,9765176
Round Hickorynut,Obovaria subrotunda,T,Kentucky,2288370
Rabbitsfoot,Theliderma cylindrica,E,Kentucky,7342653
Eastern Small-footed Myotis,Myotis leibii,T,Kentucky,2432455
Little Brown Bat,Myotis lucifugus,T,Kentucky,2432406
Northern Long-Eared Bat,Myotis septentrionalis,E,Kentucky,2432436
Indiana Bat,Myotis sodalis,E,Kentucky,2432418
Tricolored Bat,Perimyotis subflavus,T,Kentucky,7665644
Northern Brook Lamprey,Ichthyomyzon fossor,T,Kentucky,2421249
American Brook Lamprey,Lethenteron appendix,T,Kentucky,2421396
Coal Skink,Plestiodon anthracinus,E,Kentucky,4287450
Lake Sturgeon,Acipenser fulvescens,E,Kentucky,2402120
Northern Harrier,Circus hudsonius,T,Kentucky,5229175
Pied-billed Grebe,Podilymbus podiceps,E,Kentucky,2482077
Dromedary Pearlymussel,Dromus dromas,E,Kentucky,5189349
Oyster Mussel,Epioblasma capsaeformis,E,Kentucky,2288229
Pocketbook,Lampsilis ovata,E,Kentucky,2288173
Ring Pink,Obovaria retusa,E,Kentucky,2288366
Round Hickorynut,Obovaria subrotunda,T,Kentucky,2288370
Rough Pigtoe,Pleurobema plenum,E,Kentucky,2288073
Pyramid Pigtoe,Pleurobema rubrum,E,Kentucky,2288082
Fluted Kidneyshell,Ptychobranchus subtentus,E,Kentucky,7432362
Gray Myotis,Myotis grisescens,T,Kentucky,
Eastern Small-footed Myotis,Myotis leibii,T,Kentucky,2432455
Little Brown Bat,Myotis lucifugus,T,Kentucky,2432406
Northern Long-Eared Bat,Myotis septentrionalis,E,Kentucky,2432436
Indiana Bat,Myotis sodalis,E,Kentucky,2432418
Tricolored Bat,Perimyotis subflavus,T,Kentucky,7665644
Lake Sturgeon,Acipenser fulvescens,E,Kentucky,2402120
Mississippi Silverside,Menidia audens,T,Kentucky,2412298
Northern Harrier,Circus hudsonius,T,Kentucky,5229175
Spotted Sandpiper,Actitis macularius,E,Kentucky,2481798
Peregrine Falcon,Falco peregrinus,E,Kentucky,2481047
American Coot,Fulica americana,E,Kentucky,2474393
Golden-winged Warbler,Vermivora chrysoptera,E,Kentucky,5230811
Black-crowned Night-heron,Nycticorax nycticorax,T,Kentucky,2480863
Pied-billed Grebe,Podilymbus podiceps,E,Kentucky,2482077
Long-eared Owl,Asio otus,E,Kentucky,2497306
Pocketbook,Lampsilis ovata,E,Kentucky,2288173
Fat Pocketbook,Potamilus capax,T,Kentucky,2287988
Rabbitsfoot,Theliderma cylindrica,E,Kentucky,7342653
Texas Lilliput,Toxolasma texasiense,T,Kentucky,8238701
Crittenden Crayfish,Faxonius bisectus,T,Kentucky,9101897
Kentucky Crayfish,Faxonius kentuckiensis,T,Kentucky,8819880
Gray Myotis,Myotis grisescens,T,Kentucky,
Little Brown Bat,Myotis lucifugus,T,Kentucky,2432406
Northern Long-Eared Bat,Myotis septentrionalis,E,Kentucky,2432436
Tricolored Bat,Perimyotis subflavus,T,Kentucky,7665644
Copperbelly Watersnake,Nerodia erythrogaster neglecta,T,Kentucky,5223362
Lake Sturgeon,Acipenser fulvescens,E,Kentucky,2402120
Blotched Chub,Erimystax insignis,E,Kentucky,2362090
Palezone Shiner,Miniellus albizonatus,E,Kentucky,
Sawfin Shiner,Paranotropis sp. cf. spectrunculus,E,Kentucky,
Northern Harrier,Circus hudsonius,T,Kentucky,5229175
Hooded Merganser,Lophodytes cucullatus,T,Kentucky,2498408
American Coot,Fulica americana,E,Kentucky,2474393
Brown Creeper,Certhia americana,T,Kentucky,9581157
Pied-billed Grebe,Podilymbus podiceps,E,Kentucky,2482077
Spectaclecase,Cumberlandia monodonta,E,Kentucky,2287869
Elktoe,Alasmidonta marginata,T,Kentucky,2287889
Fanshell,Cyprogenia stegaria,E,Kentucky,5189381
Dromedary Pearlymussel,Dromus dromas,E,Kentucky,5189349
Cumberlandian Combshell,Epioblasma brevidens,E,Kentucky,2288227
Oyster Mussel,Epioblasma capsaeformis,E,Kentucky,2288229
Catspaw,Epioblasma obliquata,E,Kentucky,2288233
Snuffbox,Epioblasma triquetra,E,Kentucky,2288218
Longsolid,Fusconaia subrotunda,T,Kentucky,2288194
Pink Mucket,Lampsilis abrupta,E,Kentucky,2288132
Pocketbook,Lampsilis ovata,E,Kentucky,2288173
Ring Pink,Obovaria retusa,E,Kentucky,2288366
Round Hickorynut,Obovaria subrotunda,T,Kentucky,2288370
Orangefoot Pimpleback,Plethobasus cooperianus,E,Kentucky,2287976
Sheepnose,Plethobasus cyphyus,E,Kentucky,2287978
Rough Pigtoe,Pleurobema plenum,E,Kentucky,2288073
Pyramid Pigtoe,Pleurobema rubrum,E,Kentucky,2288082
Rabbitsfoot,Theliderma cylindrica,E,Kentucky,7342653
Cumberland Bean,Venustaconcha troostensis,E,Kentucky,9391459
Gray Myotis,Myotis grisescens,T,Kentucky,
Eastern Small-footed Myotis,Myotis leibii,T,Kentucky,2432455
Northern Long-Eared Bat,Myotis septentrionalis,E,Kentucky,2432436
Tricolored Bat,Perimyotis subflavus,T,Kentucky,7665644
American Brook Lamprey,Lethenteron appendix,T,Kentucky,2421396
Cypress Minnow,Hybognathus hayi,E,Kentucky,2364404
Northern Harrier,Circus hudsonius,T,Kentucky,5229175
Interior Least Tern,Sternula antillarum athalassos,E,Kentucky,6065773
Peregrine Falcon,Falco peregrinus,E,Kentucky,2481047
Golden-winged Warbler,Vermivora chrysoptera,E,Kentucky,5230811
Red-breasted Nuthatch,Sitta canadensis,E,Kentucky,2484879
Great Egret,Ardea alba,T,Kentucky,9752617
Long-eared Owl,Asio otus,E,Kentucky,2497306
Longsolid,Fusconaia subrotunda,T,Kentucky,2288194
Pocketbook,Lampsilis ovata,E,Kentucky,2288173
Sheepnose,Plethobasus cyphyus,E,Kentucky,2287978
Clubshell,Pleurobema clava,E,Kentucky,2288099
Pyramid Pigtoe,Pleurobema rubrum,E,Kentucky,2288082
Fat Pocketbook,Potamilus capax,T,Kentucky,2287988
Rabbitsfoot,Theliderma cylindrica,E,Kentucky,7342653
Little Brown Bat,Myotis lucifugus,T,Kentucky,2432406
Indiana Bat,Myotis sodalis,E,Kentucky,2432418
Tricolored Bat,Perimyotis subflavus,T,Kentucky,7665644
Copperbelly Watersnake,Nerodia erythrogaster neglecta,T,Kentucky,5223362
Western Sand Darter,Ammocrypta clara,E,Kentucky,2381980
Spotted Darter,Nothonotus maculatus,T,Kentucky,2382235
Northern Harrier,Circus hudsonius,T,Kentucky,5229175
Hooded Merganser,Lophodytes cucullatus,T,Kentucky,2498408
Spotted Sandpiper,Actitis macularius,E,Kentucky,2481798
Brown Creeper,Certhia americana,T,Kentucky,9581157
Golden-winged Warbler,Vermivora chrysoptera,E,Kentucky,5230811
Red-breasted Nuthatch,Sitta canadensis,E,Kentucky,2484879
Least Flycatcher,Empidonax minimus,E,Kentucky,2482791
Pied-billed Grebe,Podilymbus podiceps,E,Kentucky,2482077
Short-eared Owl,Asio flammeus,E,Kentucky,2497295
Spectaclecase,Cumberlandia monodonta,E,Kentucky,2287869
Elktoe,Alasmidonta marginata,T,Kentucky,2287889
Fanshell,Cyprogenia stegaria,E,Kentucky,5189381
Catspaw,Epioblasma obliquata,E,Kentucky,2288233
Northern Riffleshell,Epioblasma rangiana,E,Kentucky,8007262
Snuffbox,Epioblasma triquetra,E,Kentucky,2288218
Longsolid,Fusconaia subrotunda,T,Kentucky,2288194
Pink Mucket,Lampsilis abrupta,E,Kentucky,2288132
Pocketbook,Lampsilis ovata,E,Kentucky,2288173
Little Spectaclecase,Leaunio lienosus,T,Kentucky,9765176
Kentucky Creekshell,Leaunio ortmanni,E,Kentucky,9645390
Ring Pink,Obovaria retusa,E,Kentucky,2288366
Round Hickorynut,Obovaria subrotunda,T,Kentucky,2288370
Littlewing Pearlymussel,Pegias fabula,E,Kentucky,2287996
Sheepnose,Plethobasus cyphyus,E,Kentucky,2287978
Clubshell,Pleurobema clava,E,Kentucky,2288099
Rough Pigtoe,Pleurobema plenum,E,Kentucky,2288073
Pyramid Pigtoe,Pleurobema rubrum,E,Kentucky,2288082
Rabbitsfoot,Theliderma cylindrica,E,Kentucky,7342653
Gray Myotis,Myotis grisescens,T,Kentucky,
Eastern Small-footed Myotis,Myotis leibii,T,Kentucky,2432455
Little Brown Bat,Myotis lucifugus,T,Kentucky,2432406
Northern Long-Eared Bat,Myotis septentrionalis,E,Kentucky,2432436
Indiana Bat,Myotis sodalis,E,Kentucky,2432418
Tricolored Bat,Perimyotis subflavus,T,Kentucky,7665644
American Brook Lamprey,Lethenteron appendix,T,Kentucky,2421396
Eastern Slender Glass Lizard,Ophisaurus attenuatus longicaudus,T,Kentucky,6160619
Scarlet Kingsnake,Lampropeltis elapsoides,E,Kentucky,7794320
Eastern Pinesnake,Pituophis melanoleucus,E,Kentucky,9187223
Southeastern Crowned Snake,Tantilla coronata,T,Kentucky,2456522
Coal Skink,Plestiodon anthracinus,E,Kentucky,4287450
Interior Least Tern,Sternula antillarum athalassos,E,Kentucky,6065773
Spotted Sandpiper,Actitis macularius,E,Kentucky,2481798
Peregrine Falcon,Falco peregrinus,E,Kentucky,2481047
Great Egret,Ardea alba,T,Kentucky,9752617
Little Spectaclecase,Leaunio lienosus,T,Kentucky,9765176
Round Hickorynut,Obovaria subrotunda,T,Kentucky,2288370
Eastern Small-footed Myotis,Myotis leibii,T,Kentucky,2432455
Little Brown Bat,Myotis lucifugus,T,Kentucky,2432406
Northern Long-Eared Bat,Myotis septentrionalis,E,Kentucky,2432436
Indiana Bat,Myotis sodalis,E,Kentucky,2432418
Tricolored Bat,Perimyotis subflavus,T,Kentucky,7665644
Northern Brook Lamprey,Ichthyomyzon fossor,T,Kentucky,2421249
Fanshell,Cyprogenia stegaria,E,Kentucky,5189381
Snuffbox,Epioblasma triquetra,E,Kentucky,2288218
Pocketbook,Lampsilis ovata,E,Kentucky,2288173
Little Spectaclecase,Leaunio lienosus,T,Kentucky,9765176
Round Hickorynut,Obovaria subrotunda,T,Kentucky,2288370
Virginia Big-eared Bat,Corynorhinus townsendii virginianus,E,Kentucky,6163669
Eastern Small-footed Myotis,Myotis leibii,T,Kentucky,2432455
Little Brown Bat,Myotis lucifugus,T,Kentucky,2432406
Northern Long-Eared Bat,Myotis septentrionalis,E,Kentucky,2432436
Indiana Bat,Myotis sodalis,E,Kentucky,2432418
Tricolored Bat,Perimyotis subflavus,T,Kentucky,7665644
Northern Brook Lamprey,Ichthyomyzon fossor,T,Kentucky,2421249
Northern Harrier,Circus hudsonius,T,Kentucky,5229175
Hooded Merganser,Lophodytes cucullatus,T,Kentucky,2498408
Northern Shoveler,Spatula clypeata,E,Kentucky,8332393
Blue-winged Teal,Spatula discors,T,Kentucky,9422220
Spotted Sandpiper,Actitis macularius,E,Kentucky,2481798
Peregrine Falcon,Falco peregrinus,E,Kentucky,2481047
American Coot,Fulica americana,E,Kentucky,2474393
Common Gallinule,Gallinula galeata,T,Kentucky,5228200
Brown Creeper,Certhia americana,T,Kentucky,9581157
Golden-winged Warbler,Vermivora chrysoptera,E,Kentucky,5230811
Red-breasted Nuthatch,Sitta canadensis,E,Kentucky,2484879
Least Flycatcher,Empidonax minimus,E,Kentucky,2482791
Great Egret,Ardea alba,T,Kentucky,9752617
Yellow-crowned Night-heron,Nyctanassa violacea,T,Kentucky,2480953
Black-crowned Night-heron,Nycticorax nycticorax,T,Kentucky,2480863
Pied-billed Grebe,Podilymbus podiceps,E,Kentucky,2482077
Short-eared Owl,Asio flammeus,E,Kentucky,2497295
Gray Myotis,Myotis grisescens,T,Kentucky,
Little Brown Bat,Myotis lucifugus,T,Kentucky,2432406
Northern Long-Eared Bat,Myotis septentrionalis,E,Kentucky,2432436
Indiana Bat,Myotis sodalis,E,Kentucky,2432418
Tricolored Bat,Perimyotis subflavus,T,Kentucky,7665644
Northern Harrier,Circus hudsonius,T,Kentucky,5229175
Hooded Merganser,Lophodytes cucullatus,T,Kentucky,2498408
Great Egret,Ardea alba,T,Kentucky,9752617
Black-crowned Night-heron,Nycticorax nycticorax,T,Kentucky,2480863
Pied-billed Grebe,Podilymbus podiceps,E,Kentucky,2482077
Elktoe,Alasmidonta marginata,T,Kentucky,2287889
Fanshell,Cyprogenia stegaria,E,Kentucky,5189381
Catspaw,Epioblasma obliquata,E,Kentucky,2288233
Northern Riffleshell,Epioblasma rangiana,E,Kentucky,8007262
Snuffbox,Epioblasma triquetra,E,Kentucky,2288218
Longsolid,Fusconaia subrotunda,T,Kentucky,2288194
Pink Mucket,Lampsilis abrupta,E,Kentucky,2288132
Cumberland Moccasinshell,Medionidus conradicus,E,Kentucky,2287910
Round Hickorynut,Obovaria subrotunda,T,Kentucky,2288370
Sheepnose,Plethobasus cyphyus,E,Kentucky,2287978
Clubshell,Pleurobema clava,E,Kentucky,2288099
Rough Pigtoe,Pleurobema plenum,E,Kentucky,2288073
Pyramid Pigtoe,Pleurobema rubrum,E,Kentucky,2288082
Rabbitsfoot,Theliderma cylindrica,E,Kentucky,7342653
Little Brown Bat,Myotis lucifugus,T,Kentucky,2432406
Northern Long-Eared Bat,Myotis septentrionalis,E,Kentucky,2432436
Tricolored Bat,Perimyotis subflavus,T,Kentucky,7665644
Western Sand Darter,Ammocrypta clara,E,Kentucky,2381980
Yellow-spotted Woodland Salamander,Plethodon pauleyi,E,Kentucky,10408173
Northern Harrier,Circus hudsonius,T,Kentucky,5229175
Spotted Sandpiper,Actitis macularius,E,Kentucky,2481798
Peregrine Falcon,Falco peregrinus,E,Kentucky,2481047
Common Raven,Corvus corax,T,Kentucky,2482492
Black-crowned Night-heron,Nycticorax nycticorax,T,Kentucky,2480863
Pied-billed Grebe,Podilymbus podiceps,E,Kentucky,2482077
Longsolid,Fusconaia subrotunda,T,Kentucky,2288194
Round Hickorynut,Obovaria subrotunda,T,Kentucky,2288370
Pyramid Pigtoe,Pleurobema rubrum,E,Kentucky,2288082
Rabbitsfoot,Theliderma cylindrica,E,Kentucky,7342653
Big Sandy Crayfish,Cambarus callainus,T,Kentucky,8899029
Eastern Small-footed Myotis,Myotis leibii,T,Kentucky,2432455
Little Brown Bat,Myotis lucifugus,T,Kentucky,2432406
Northern Long-Eared Bat,Myotis septentrionalis,E,Kentucky,2432436
Indiana Bat,Myotis sodalis,E,Kentucky,2432418
Tricolored Bat,Perimyotis subflavus,T,Kentucky,7665644
Northern Brook Lamprey,Ichthyomyzon fossor,T,Kentucky,2421249
American Brook Lamprey,Lethenteron appendix,T,Kentucky,2421396
Scarlet Kingsnake,Lampropeltis elapsoides,E,Kentucky,7794320
Northern Harrier,Circus hudsonius,T,Kentucky,5229175
Hooded Merganser,Lophodytes cucullatus,T,Kentucky,2498408
Northern Shoveler,Spatula clypeata,E,Kentucky,8332393
Blue-winged Teal,Spatula discors,T,Kentucky,9422220
Spotted Sandpiper,Actitis macularius,E,Kentucky,2481798
Peregrine Falcon,Falco peregrinus,E,Kentucky,2481047
American Coot,Fulica americana,E,Kentucky,2474393
Brown Creeper,Certhia americana,T,Kentucky,9581157
Blackburnian Warbler,Setophaga fusca,T,Kentucky,6093199
Golden-winged Warbler,Vermivora chrysoptera,E,Kentucky,5230811
Red-breasted Nuthatch,Sitta canadensis,E,Kentucky,2484879
Least Flycatcher,Empidonax minimus,E,Kentucky,2482791
Great Egret,Ardea alba,T,Kentucky,9752617
Yellow-crowned Night-heron,Nyctanassa violacea,T,Kentucky,2480953
Black-crowned Night-heron,Nycticorax nycticorax,T,Kentucky,2480863
Pied-billed Grebe,Podilymbus podiceps,E,Kentucky,2482077
Long-eared Owl,Asio otus,E,Kentucky,2497306
Elktoe,Alasmidonta marginata,T,Kentucky,2287889
Pocketbook,Lampsilis ovata,E,Kentucky,2288173
Alligator Snapping Turtle,Macrochelys temminckii,E,Kentucky,5220318
Gray Myotis,Myotis grisescens,T,Kentucky,
Little Brown Bat,Myotis lucifugus,T,Kentucky,2432406
Northern Long-Eared Bat,Myotis septentrionalis,E,Kentucky,2432436
Indiana Bat,Myotis sodalis,E,Kentucky,2432418
Tricolored Bat,Perimyotis subflavus,T,Kentucky,7665644
Lake Sturgeon,Acipenser fulvescens,E,Kentucky,2402120
Mississippi Silverside,Menidia audens,T,Kentucky,2412298
Dollar Sunfish,Lepomis marginatus,E,Kentucky,2394497
Redspotted Sunfish,Lepomis miniatus,T,Kentucky,2394505
Lake Chubsucker,Erimyzon sucetta,T,Kentucky,2358939
Cypress Minnow,Hybognathus hayi,E,Kentucky,2364404
Taillight Shiner,Notropis maculatus,T,Kentucky,2362203
Golden Topminnow,Fundulus chrysotus,E,Kentucky,5203617
Starhead Topminnow,Fundulus dispar,E,Kentucky,5203653
Central Mudminnow,Umbra limi,T,Kentucky,5203110
Alligator Gar,Atractosteus spatula,E,Kentucky,2346754
Relict Darter,Etheostoma chienense,E,Kentucky,2382400
Swamp Darter,Etheostoma fusiforme,E,Kentucky,2382339
Cypress Darter,Etheostoma proeliare,T,Kentucky,2382292
Plains Leopard Frog,Lithobates blairi,E,Kentucky,2427062
Three-toed Amphiuma,Amphiuma tridactylum,E,Kentucky,2432081
Northern Harrier,Circus hudsonius,T,Kentucky,5229175
Hooded Merganser,Lophodytes cucullatus,T,Kentucky,2498408
Northern Shoveler,Spatula clypeata,E,Kentucky,8332393
Blue-winged Teal,Spatula discors,T,Kentucky,9422220
Interior Least Tern,Sternula antillarum athalassos,E,Kentucky,6065773
Spotted Sandpiper,Actitis macularius,E,Kentucky,2481798
Peregrine Falcon,Falco peregrinus,E,Kentucky,2481047
American Coot,Fulica americana,E,Kentucky,2474393
Common Gallinule,Gallinula galeata,T,Kentucky,5228200
King Rail,Rallus elegans,E,Kentucky,9480015
Vesper Sparrow,Pooecetes gramineus,E,Kentucky,2491728
Least Flycatcher,Empidonax minimus,E,Kentucky,2482791
Great Egret,Ardea alba,T,Kentucky,9752617
Little Blue Heron,Egretta caerulea,E,Kentucky,2480894
Snowy Egret,Egretta thula,E,Kentucky,2480873
Least Bittern,Ixobrychus exilis,T,Kentucky,2480852
Yellow-crowned Night-heron,Nyctanassa violacea,T,Kentucky,2480953
Black-crowned Night-heron,Nycticorax nycticorax,T,Kentucky,2480863
Pied-billed Grebe,Podilymbus podiceps,E,Kentucky,2482077
Short-eared Owl,Asio flammeus,E,Kentucky,2497295
Little Spectaclecase,Leaunio lienosus,T,Kentucky,9765176
Alligator Snapping Turtle,Macrochelys temminckii,E,Kentucky,5220318
Southern Painted Turtle,Chrysemys dorsalis,T,Kentucky,2443135
Warpaint Mudbug,Lacunicambarus erythrodactylus,T,Kentucky,10146931
Painted Devil Crayfish,Lacunicambarus ludovicianus,T,Kentucky,10047756
Indiana Bat,Myotis sodalis,E,Kentucky,2432418
Tricolored Bat,Perimyotis subflavus,T,Kentucky,7665644
Cotton Mouse,Peromyscus gossypinus,T,Kentucky,2437988
Mississippi Green Watersnake,Nerodia cyclopion,E,Kentucky,5223330
Broad-banded Watersnake,Nerodia fasciata confluens,E,Kentucky,5223350
Western Ribbonsnake,Thamnophis proximus proximus,E,Kentucky,7190664
Northern Harrier,Circus hudsonius,T,Kentucky,5229175
Hooded Merganser,Lophodytes cucullatus,T,Kentucky,2498408
Peregrine Falcon,Falco peregrinus,E,Kentucky,2481047
Great Egret,Ardea alba,T,Kentucky,9752617
Black-crowned Night-heron,Nycticorax nycticorax,T,Kentucky,2480863
Pied-billed Grebe,Podilymbus podiceps,E,Kentucky,2482077
Clubshell,Pleurobema clava,E,Kentucky,2288099
Salamander Mussel,Simpsonaias ambigua,T,Kentucky,2288258
Peregrine Falcon,Falco peregrinus,E,Kentucky,2481047
Least Flycatcher,Empidonax minimus,E,Kentucky,2482791
Longsolid,Fusconaia subrotunda,T,Kentucky,2288194
Sheepnose,Plethobasus cyphyus,E,Kentucky,2287978
Clubshell,Pleurobema clava,E,Kentucky,2288099
Gray Myotis,Myotis grisescens,T,Kentucky,
Little Brown Bat,Myotis lucifugus,T,Kentucky,2432406
Tricolored Bat,Perimyotis subflavus,T,Kentucky,7665644
Coal Skink,Plestiodon anthracinus,E,Kentucky,4287450
Northern Harrier,Circus hudsonius,T,Kentucky,5229175
Hooded Merganser,Lophodytes cucullatus,T,Kentucky,2498408
Spotted Sandpiper,Actitis macularius,E,Kentucky,2481798
Brown Creeper,Certhia americana,T,Kentucky,9581157
Black-crowned Night-heron,Nycticorax nycticorax,T,Kentucky,2480863
Pied-billed Grebe,Podilymbus podiceps,E,Kentucky,2482077
Long-eared Owl,Asio otus,E,Kentucky,2497306
Salamander Mussel,Simpsonaias ambigua,T,Kentucky,2288258
Northern Long-Eared Bat,Myotis septentrionalis,E,Kentucky,2432436
Indiana Bat,Myotis sodalis,E,Kentucky,2432418
Tricolored Bat,Perimyotis subflavus,T,Kentucky,7665644
Dollar Sunfish,Lepomis marginatus,E,Kentucky,2394497
Redspotted Sunfish,Lepomis miniatus,T,Kentucky,2394505
Lake Chubsucker,Erimyzon sucetta,T,Kentucky,2358939
Blacktail Redhorse,Moxostoma poecilurum,E,Kentucky,2358991
Bluntface Shiner,Cyprinella camura,E,Kentucky,5207662
Cypress Minnow,Hybognathus hayi,E,Kentucky,2364404
Taillight Shiner,Notropis maculatus,T,Kentucky,2362203
Central Mudminnow,Umbra limi,T,Kentucky,5203110
Relict Darter,Etheostoma chienense,E,Kentucky,2382400
Brighteye Darter,Etheostoma lynceum,E,Kentucky,2382322
Goldstripe Darter,Etheostoma parvipinne,E,Kentucky,2382350
Cypress Darter,Etheostoma proeliare,T,Kentucky,2382292
Firebelly Darter,Etheostoma pyrrhogaster,E,Kentucky,2382251
Gulf Darter,Etheostoma swaini,E,Kentucky,2382302
Least Madtom,Noturus hildebrandi,E,Kentucky,4286751
Brown Madtom,Noturus phaeus,E,Kentucky,2341028
Three-toed Amphiuma,Amphiuma tridactylum,E,Kentucky,2432081
Three-lined Salamander,Eurycea guttolineata,T,Kentucky,5218380
Blue-winged Teal,Spatula discors,T,Kentucky,9422220
Common Gallinule,Gallinula galeata,T,Kentucky,5228200
Bachman's Sparrow,Peucaea aestivalis,E,Kentucky,7341544
Great Egret,Ardea alba,T,Kentucky,9752617
Little Blue Heron,Egretta caerulea,E,Kentucky,2480894
Yellow-crowned Night-heron,Nyctanassa violacea,T,Kentucky,2480953
Pied-billed Grebe,Podilymbus podiceps,E,Kentucky,2482077
Fanshell,Cyprogenia stegaria,E,Kentucky,5189381
Little Spectaclecase,Leaunio lienosus,T,Kentucky,9765176
Vernal Crayfish,Procambarus viaeviridis,T,Kentucky,2227241
Tricolored Bat,Perimyotis subflavus,T,Kentucky,7665644
Cotton Mouse,Peromyscus gossypinus,T,Kentucky,2437988
Southern Brook Lamprey,Ichthyomyzon gagei,E,Kentucky,2421246
Kirtland's Snake,Clonophis kirtlandii,T,Kentucky,2456368
Coal Skink,Plestiodon anthracinus,E,Kentucky,4287450
Lake Chubsucker,Erimyzon sucetta,T,Kentucky,2358939
Slender Madtom,Noturus exilis,E,Kentucky,2341039
Northern Harrier,Circus hudsonius,T,Kentucky,5229175
Spotted Sandpiper,Actitis macularius,E,Kentucky,2481798
Peregrine Falcon,Falco peregrinus,E,Kentucky,2481047
Yellow-crowned Night-heron,Nyctanassa violacea,T,Kentucky,2480953
Pied-billed Grebe,Podilymbus podiceps,E,Kentucky,2482077
Short-eared Owl,Asio flammeus,E,Kentucky,2497295
Northern Riffleshell,Epioblasma rangiana,E,Kentucky,8007262
Snuffbox,Epioblasma triquetra,E,Kentucky,2288218
Longsolid,Fusconaia subrotunda,T,Kentucky,2288194
Little Spectaclecase,Leaunio lienosus,T,Kentucky,9765176
Kentucky Creekshell,Leaunio ortmanni,E,Kentucky,9645390
Clubshell,Pleurobema clava,E,Kentucky,2288099
Rabbitsfoot,Theliderma cylindrica,E,Kentucky,7342653
Gray Myotis,Myotis grisescens,T,Kentucky,
Indiana Bat,Myotis sodalis,E,Kentucky,2432418
Tricolored Bat,Perimyotis subflavus,T,Kentucky,7665644
Western Sand Darter,Ammocrypta clara,E,Kentucky,2381980
Spotted Darter,Nothonotus maculatus,T,Kentucky,2382235
Longhead Darter,Percina macrocephala,E,Kentucky,2382086
Pied-billed Grebe,Podilymbus podiceps,E,Kentucky,2482077
Elktoe,Alasmidonta marginata,T,Kentucky,2287889
Fanshell,Cyprogenia stegaria,E,Kentucky,5189381
Northern Riffleshell,Epioblasma rangiana,E,Kentucky,8007262
Snuffbox,Epioblasma triquetra,E,Kentucky,2288218
Longsolid,Fusconaia subrotunda,T,Kentucky,2288194
Pocketbook,Lampsilis ovata,E,Kentucky,2288173
Little Spectaclecase,Leaunio lienosus,T,Kentucky,9765176
Round Hickorynut,Obovaria subrotunda,T,Kentucky,2288370
Clubshell,Pleurobema clava,E,Kentucky,2288099
Rough Pigtoe,Pleurobema plenum,E,Kentucky,2288073
Rabbitsfoot,Theliderma cylindrica,E,Kentucky,7342653
Purple Lilliput,Toxolasma lividum,E,Kentucky,2288024
Gray Myotis,Myotis grisescens,T,Kentucky,
Little Brown Bat,Myotis lucifugus,T,Kentucky,2432406
Northern Long-Eared Bat,Myotis septentrionalis,E,Kentucky,2432436
Tricolored Bat,Perimyotis subflavus,T,Kentucky,7665644
Mountain Brook Lamprey,Ichthyomyzon greeleyi,T,Kentucky,2421252
American Brook Lamprey,Lethenteron appendix,T,Kentucky,2421396
Hooded Merganser,Lophodytes cucullatus,T,Kentucky,2498408
Spotted Sandpiper,Actitis macularius,E,Kentucky,2481798
Peregrine Falcon,Falco peregrinus,E,Kentucky,2481047
Great Egret,Ardea alba,T,Kentucky,9752617
Snowy Egret,Egretta thula,E,Kentucky,2480873
Yellow-crowned Night-heron,Nyctanassa violacea,T,Kentucky,2480953
Black-crowned Night-heron,Nycticorax nycticorax,T,Kentucky,2480863
Pied-billed Grebe,Podilymbus podiceps,E,Kentucky,2482077
Fanshell,Cyprogenia stegaria,E,Kentucky,5189381
Snuffbox,Epioblasma triquetra,E,Kentucky,2288218
Pocketbook,Lampsilis ovata,E,Kentucky,2288173
Creek Heelsplitter,Lasmigona compressa,E,Kentucky,2288264
Little Spectaclecase,Leaunio lienosus,T,Kentucky,9765176
Ring Pink,Obovaria retusa,E,Kentucky,2288366
Round Hickorynut,Obovaria subrotunda,T,Kentucky,2288370
Sheepnose,Plethobasus cyphyus,E,Kentucky,2287978
Pyramid Pigtoe,Pleurobema rubrum,E,Kentucky,2288082
Gray Myotis,Myotis grisescens,T,Kentucky,
Eastern Small-footed Myotis,Myotis leibii,T,Kentucky,2432455
Little Brown Bat,Myotis lucifugus,T,Kentucky,2432406
Northern Long-Eared Bat,Myotis septentrionalis,E,Kentucky,2432436
Tricolored Bat,Perimyotis subflavus,T,Kentucky,7665644
Northern Brook Lamprey,Ichthyomyzon fossor,T,Kentucky,2421249
American Brook Lamprey,Lethenteron appendix,T,Kentucky,2421396
Coal Skink,Plestiodon anthracinus,E,Kentucky,4287450
Interior Least Tern,Sternula antillarum athalassos,E,Kentucky,6065773
Pied-billed Grebe,Podilymbus podiceps,E,Kentucky,2482077
Fanshell,Cyprogenia stegaria,E,Kentucky,5189381
Dromedary Pearlymussel,Dromus dromas,E,Kentucky,5189349
Oyster Mussel,Epioblasma capsaeformis,E,Kentucky,2288229
Snuffbox,Epioblasma triquetra,E,Kentucky,2288218
Longsolid,Fusconaia subrotunda,T,Kentucky,2288194
Pink Mucket,Lampsilis abrupta,E,Kentucky,2288132
Pocketbook,Lampsilis ovata,E,Kentucky,2288173
Ring Pink,Obovaria retusa,E,Kentucky,2288366
Orangefoot Pimpleback,Plethobasus cooperianus,E,Kentucky,2287976
Sheepnose,Plethobasus cyphyus,E,Kentucky,2287978
Rough Pigtoe,Pleurobema plenum,E,Kentucky,2288073
Pyramid Pigtoe,Pleurobema rubrum,E,Kentucky,2288082
Rabbitsfoot,Theliderma cylindrica,E,Kentucky,7342653
Copperbelly Watersnake,Nerodia erythrogaster neglecta,T,Kentucky,5223362
Alligator Gar,Atractosteus spatula,E,Kentucky,2346754
Spotted Darter,Nothonotus maculatus,T,Kentucky,2382235
Northern Harrier,Circus hudsonius,T,Kentucky,5229175
Hooded Merganser,Lophodytes cucullatus,T,Kentucky,2498408
Blue-winged Teal,Spatula discors,T,Kentucky,9422220
Spotted Sandpiper,Actitis macularius,E,Kentucky,2481798
Peregrine Falcon,Falco peregrinus,E,Kentucky,2481047
American Coot,Fulica americana,E,Kentucky,2474393
Vesper Sparrow,Pooecetes gramineus,E,Kentucky,2491728
Least Flycatcher,Empidonax minimus,E,Kentucky,2482791
Great Egret,Ardea alba,T,Kentucky,9752617
Black-crowned Night-heron,Nycticorax nycticorax,T,Kentucky,2480863
Pied-billed Grebe,Podilymbus podiceps,E,Kentucky,2482077
Elktoe,Alasmidonta marginata,T,Kentucky,2287889
Snuffbox,Epioblasma triquetra,E,Kentucky,2288218
Longsolid,Fusconaia subrotunda,T,Kentucky,2288194
Pocketbook,Lampsilis ovata,E,Kentucky,2288173
Little Spectaclecase,Leaunio lienosus,T,Kentucky,9765176
Kentucky Creekshell,Leaunio ortmanni,E,Kentucky,9645390
Ring Pink,Obovaria retusa,E,Kentucky,2288366
Round Hickorynut,Obovaria subrotunda,T,Kentucky,2288370
Clubshell,Pleurobema clava,E,Kentucky,2288099
Pyramid Pigtoe,Pleurobema rubrum,E,Kentucky,2288082
Rabbitsfoot,Theliderma cylindrica,E,Kentucky,7342653
Gray Myotis,Myotis grisescens,T,Kentucky,
Eastern Small-footed Myotis,Myotis leibii,T,Kentucky,2432455
Little Brown Bat,Myotis lucifugus,T,Kentucky,2432406
Northern Long-Eared Bat,Myotis septentrionalis,E,Kentucky,2432436
Indiana Bat,Myotis sodalis,E,Kentucky,2432418
Tricolored Bat,Perimyotis subflavus,T,Kentucky,7665644
Eastern Slender Glass Lizard,Ophisaurus attenuatus longicaudus,T,Kentucky,6160619
Southeastern Crowned Snake,Tantilla coronata,T,Kentucky,2456522
Blackside Dace,Chrosomus cumberlandensis,T,Kentucky,2365380
Kentucky Arrow Darter,Etheostoma spilotum,T,Kentucky,7542142
Yellow-spotted Woodland Salamander,Plethodon pauleyi,E,Kentucky,10408173
Hooded Merganser,Lophodytes cucullatus,T,Kentucky,2498408
Spotted Sandpiper,Actitis macularius,E,Kentucky,2481798
Peregrine Falcon,Falco peregrinus,E,Kentucky,2481047
Common Raven,Corvus corax,T,Kentucky,2482492
Blackburnian Warbler,Setophaga fusca,T,Kentucky,6093199
Golden-winged Warbler,Vermivora chrysoptera,E,Kentucky,5230811
Red-breasted Nuthatch,Sitta canadensis,E,Kentucky,2484879
Least Flycatcher,Empidonax minimus,E,Kentucky,2482791
Pied-billed Grebe,Podilymbus podiceps,E,Kentucky,2482077
Pocketbook,Lampsilis ovata,E,Kentucky,2288173
Longclaw Crayfish,Cambarus buntingi,T,Kentucky,2227403
Gray Myotis,Myotis grisescens,T,Kentucky,
Eastern Small-footed Myotis,Myotis leibii,T,Kentucky,2432455
Little Brown Bat,Myotis lucifugus,T,Kentucky,2432406
Northern Long-Eared Bat,Myotis septentrionalis,E,Kentucky,2432436
Indiana Bat,Myotis sodalis,E,Kentucky,2432418
Tricolored Bat,Perimyotis subflavus,T,Kentucky,7665644
Long-tailed Shrew,Sorex dispar blitchi,E,Kentucky,6163390
Eastern Pinesnake,Pituophis melanoleucus,E,Kentucky,9187223
Coal Skink,Plestiodon anthracinus,E,Kentucky,4287450
Spotted Darter,Nothonotus maculatus,T,Kentucky,2382235
Northern Harrier,Circus hudsonius,T,Kentucky,5229175
Spotted Sandpiper,Actitis macularius,E,Kentucky,2481798
American Coot,Fulica americana,E,Kentucky,2474393
Golden-winged Warbler,Vermivora chrysoptera,E,Kentucky,5230811
Vesper Sparrow,Pooecetes gramineus,E,Kentucky,2491728
Black-crowned Night-heron,Nycticorax nycticorax,T,Kentucky,2480863
Elktoe,Alasmidonta marginata,T,Kentucky,2287889
Fanshell,Cyprogenia stegaria,E,Kentucky,5189381
Longsolid,Fusconaia subrotunda,T,Kentucky,2288194
Pocketbook,Lampsilis ovata,E,Kentucky,2288173
Clubshell,Pleurobema clava,E,Kentucky,2288099
Salamander Mussel,Simpsonaias ambigua,T,Kentucky,2288258
Rabbitsfoot,Theliderma cylindrica,E,Kentucky,7342653
Little Brown Bat,Myotis lucifugus,T,Kentucky,2432406
Indiana Bat,Myotis sodalis,E,Kentucky,2432418
Tricolored Bat,Perimyotis subflavus,T,Kentucky,7665644
Pallid Shiner,Hybopsis amnis,E,Kentucky,2366623
Western Sand Darter,Ammocrypta clara,E,Kentucky,2381980
Spotted Darter,Nothonotus maculatus,T,Kentucky,2382235
Longhead Darter,Percina macrocephala,E,Kentucky,2382086
Northern Harrier,Circus hudsonius,T,Kentucky,5229175
Hooded Merganser,Lophodytes cucullatus,T,Kentucky,2498408
Spotted Sandpiper,Actitis macularius,E,Kentucky,2481798
Peregrine Falcon,Falco peregrinus,E,Kentucky,2481047
Common Gallinule,Gallinula galeata,T,Kentucky,5228200
Golden-winged Warbler,Vermivora chrysoptera,E,Kentucky,5230811
Vesper Sparrow,Pooecetes gramineus,E,Kentucky,2491728
Least Flycatcher,Empidonax minimus,E,Kentucky,2482791
Great Egret,Ardea alba,T,Kentucky,9752617
Black-crowned Night-heron,Nycticorax nycticorax,T,Kentucky,2480863
Pied-billed Grebe,Podilymbus podiceps,E,Kentucky,2482077
Spectaclecase,Cumberlandia monodonta,E,Kentucky,2287869
Elktoe,Alasmidonta marginata,T,Kentucky,2287889
Fanshell,Cyprogenia stegaria,E,Kentucky,5189381
Catspaw,Epioblasma obliquata,E,Kentucky,2288233
Northern Riffleshell,Epioblasma rangiana,E,Kentucky,8007262
Snuffbox,Epioblasma triquetra,E,Kentucky,2288218
Longsolid,Fusconaia subrotunda,T,Kentucky,2288194
Pink Mucket,Lampsilis abrupta,E,Kentucky,2288132
Pocketbook,Lampsilis ovata,E,Kentucky,2288173
Little Spectaclecase,Leaunio lienosus,T,Kentucky,9765176
Kentucky Creekshell,Leaunio ortmanni,E,Kentucky,9645390
Mountain Creekshell,Leaunio vanuxemensis,E,Kentucky,9694733
Ring Pink,Obovaria retusa,E,Kentucky,2288366
Round Hickorynut,Obovaria subrotunda,T,Kentucky,2288370
Sheepnose,Plethobasus cyphyus,E,Kentucky,2287978
Clubshell,Pleurobema clava,E,Kentucky,2288099
Rough Pigtoe,Pleurobema plenum,E,Kentucky,2288073
Pyramid Pigtoe,Pleurobema rubrum,E,Kentucky,2288082
Fluted Kidneyshell,Ptychobranchus subtentus,E,Kentucky,7432362
Salamander Mussel,Simpsonaias ambigua,T,Kentucky,2288258
Rabbitsfoot,Theliderma cylindrica,E,Kentucky,7342653
Gray Myotis,Myotis grisescens,T,Kentucky,
Eastern Small-footed Myotis,Myotis leibii,T,Kentucky,2432455
Little Brown Bat,Myotis lucifugus,T,Kentucky,2432406
Northern Long-Eared Bat,Myotis septentrionalis,E,Kentucky,2432436
Indiana Bat,Myotis sodalis,E,Kentucky,2432418
Tricolored Bat,Perimyotis subflavus,T,Kentucky,7665644
American Brook Lamprey,Lethenteron appendix,T,Kentucky,2421396
Eastern Slender Glass Lizard,Ophisaurus attenuatus longicaudus,T,Kentucky,6160619
Eastern Pinesnake,Pituophis melanoleucus,E,Kentucky,9187223
Southeastern Crowned Snake,Tantilla coronata,T,Kentucky,2456522
Mississippi Silverside,Menidia audens,T,Kentucky,2412298
Lake Chubsucker,Erimyzon sucetta,T,Kentucky,2358939
Northern Harrier,Circus hudsonius,T,Kentucky,5229175
Hooded Merganser,Lophodytes cucullatus,T,Kentucky,2498408
Northern Shoveler,Spatula clypeata,E,Kentucky,8332393
Blue-winged Teal,Spatula discors,T,Kentucky,9422220
Interior Least Tern,Sternula antillarum athalassos,E,Kentucky,6065773
Spotted Sandpiper,Actitis macularius,E,Kentucky,2481798
Peregrine Falcon,Falco peregrinus,E,Kentucky,2481047
American Coot,Fulica americana,E,Kentucky,2474393
Common Gallinule,Gallinula galeata,T,Kentucky,5228200
King Rail,Rallus elegans,E,Kentucky,9480015
Brown Creeper,Certhia americana,T,Kentucky,9581157
Blackburnian Warbler,Setophaga fusca,T,Kentucky,6093199
Golden-winged Warbler,Vermivora chrysoptera,E,Kentucky,5230811
Vesper Sparrow,Pooecetes gramineus,E,Kentucky,2491728
Red-breasted Nuthatch,Sitta canadensis,E,Kentucky,2484879
Least Flycatcher,Empidonax minimus,E,Kentucky,2482791
Great Egret,Ardea alba,T,Kentucky,9752617
Little Blue Heron,Egretta caerulea,E,Kentucky,2480894
Snowy Egret,Egretta thula,E,Kentucky,2480873
Least Bittern,Ixobrychus exilis,T,Kentucky,2480852
Yellow-crowned Night-heron,Nyctanassa violacea,T,Kentucky,2480953
Black-crowned Night-heron,Nycticorax nycticorax,T,Kentucky,2480863
Pied-billed Grebe,Podilymbus podiceps,E,Kentucky,2482077
Short-eared Owl,Asio flammeus,E,Kentucky,2497295
Longsolid,Fusconaia subrotunda,T,Kentucky,2288194
Pocketbook,Lampsilis ovata,E,Kentucky,2288173
Little Spectaclecase,Leaunio lienosus,T,Kentucky,9765176
Round Hickorynut,Obovaria subrotunda,T,Kentucky,2288370
Sheepnose,Plethobasus cyphyus,E,Kentucky,2287978
Pyramid Pigtoe,Pleurobema rubrum,E,Kentucky,2288082
Fat Pocketbook,Potamilus capax,T,Kentucky,2287988
Rabbitsfoot,Theliderma cylindrica,E,Kentucky,7342653
Little Brown Bat,Myotis lucifugus,T,Kentucky,2432406
Northern Long-Eared Bat,Myotis septentrionalis,E,Kentucky,2432436
Indiana Bat,Myotis sodalis,E,Kentucky,2432418
Tricolored Bat,Perimyotis subflavus,T,Kentucky,7665644
Copperbelly Watersnake,Nerodia erythrogaster neglecta,T,Kentucky,5223362
Northern Harrier,Circus hudsonius,T,Kentucky,5229175
Bachman's Sparrow,Peucaea aestivalis,E,Kentucky,7341544
Black-crowned Night-heron,Nycticorax nycticorax,T,Kentucky,2480863
Little Brown Bat,Myotis lucifugus,T,Kentucky,2432406
Indiana Bat,Myotis sodalis,E,Kentucky,2432418
Tricolored Bat,Perimyotis subflavus,T,Kentucky,7665644
Pallid Sturgeon,Scaphirhynchus albus,E,Kentucky,2402088
Mississippi Silverside,Menidia audens,T,Kentucky,2412298
Dollar Sunfish,Lepomis marginatus,E,Kentucky,2394497
Redspotted Sunfish,Lepomis miniatus,T,Kentucky,2394505
Lake Chubsucker,Erimyzon sucetta,T,Kentucky,2358939
Bluntface Shiner,Cyprinella camura,E,Kentucky,5207662
Cypress Minnow,Hybognathus hayi,E,Kentucky,2364404
Sturgeon Chub,Macrhybopsis gelida,E,Kentucky,2362060
Sicklefin Chub,Macrhybopsis meeki,E,Kentucky,2362056
Taillight Shiner,Notropis maculatus,T,Kentucky,2362203
Starhead Topminnow,Fundulus dispar,E,Kentucky,5203653
Central Mudminnow,Umbra limi,T,Kentucky,5203110
Relict Darter,Etheostoma chienense,E,Kentucky,2382400
Cypress Darter,Etheostoma proeliare,T,Kentucky,2382292
Three-toed Amphiuma,Amphiuma tridactylum,E,Kentucky,2432081
Northern Harrier,Circus hudsonius,T,Kentucky,5229175
Hooded Merganser,Lophodytes cucullatus,T,Kentucky,2498408
Interior Least Tern,Sternula antillarum athalassos,E,Kentucky,6065773
Peregrine Falcon,Falco peregrinus,E,Kentucky,2481047
Brown Creeper,Certhia americana,T,Kentucky,9581157
Red-breasted Nuthatch,Sitta canadensis,E,Kentucky,2484879
Great Egret,Ardea alba,T,Kentucky,9752617
Little Blue Heron,Egretta caerulea,E,Kentucky,2480894
Snowy Egret,Egretta thula,E,Kentucky,2480873
Yellow-crowned Night-heron,Nyctanassa violacea,T,Kentucky,2480953
Pink Mucket,Lampsilis abrupta,E,Kentucky,2288132
Little Spectaclecase,Leaunio lienosus,T,Kentucky,9765176
Bleufer,Potamilus purpuratus,E,Kentucky,2287990
Alligator Snapping Turtle,Macrochelys temminckii,E,Kentucky,5220318
Southern Painted Turtle,Chrysemys dorsalis,T,Kentucky,2443135
Shrimp Crayfish,Faxonius lancifer,E,Kentucky,9059974
Gray-speckled Crayfish,Faxonius palmeri palmeri,E,Kentucky,9045670
Painted Devil Crayfish,Lacunicambarus ludovicianus,T,Kentucky,10047756
Vernal Crayfish,Procambarus viaeviridis,T,Kentucky,2227241
Northern Long-Eared Bat,Myotis septentrionalis,E,Kentucky,2432436
Indiana Bat,Myotis sodalis,E,Kentucky,2432418
Tricolored Bat,Perimyotis subflavus,T,Kentucky,7665644
Cotton Mouse,Peromyscus gossypinus,T,Kentucky,2437988
Mississippi Green Watersnake,Nerodia cyclopion,E,Kentucky,5223330
Redspotted Sunfish,Lepomis miniatus,T,Kentucky,2394505
Lake Chubsucker,Erimyzon sucetta,T,Kentucky,2358939
Cypress Minnow,Hybognathus hayi,E,Kentucky,2364404
Northern Harrier,Circus hudsonius,T,Kentucky,5229175
Hooded Merganser,Lophodytes cucullatus,T,Kentucky,2498408
Blue-winged Teal,Spatula discors,T,Kentucky,9422220
American Coot,Fulica americana,E,Kentucky,2474393
Common Gallinule,Gallinula galeata,T,Kentucky,5228200
Brown Creeper,Certhia americana,T,Kentucky,9581157
Red-breasted Nuthatch,Sitta canadensis,E,Kentucky,2484879
Great Egret,Ardea alba,T,Kentucky,9752617
Snowy Egret,Egretta thula,E,Kentucky,2480873
Least Bittern,Ixobrychus exilis,T,Kentucky,2480852
Yellow-crowned Night-heron,Nyctanassa violacea,T,Kentucky,2480953
Pied-billed Grebe,Podilymbus podiceps,E,Kentucky,2482077
Short-eared Owl,Asio flammeus,E,Kentucky,2497295
Kentucky Crayfish,Faxonius kentuckiensis,T,Kentucky,8819880
Gray Myotis,Myotis grisescens,T,Kentucky,
Little Brown Bat,Myotis lucifugus,T,Kentucky,2432406
Northern Long-Eared Bat,Myotis septentrionalis,E,Kentucky,2432436
Tricolored Bat,Perimyotis subflavus,T,Kentucky,7665644
Copperbelly Watersnake,Nerodia erythrogaster neglecta,T,Kentucky,5223362
Southeastern Crowned Snake,Tantilla coronata,T,Kentucky,2456522
Kentucky Arrow Darter,Etheostoma spilotum,T,Kentucky,7542142
Olive Darter,Percina squamata,E,Kentucky,2382079
Golden-winged Warbler,Vermivora chrysoptera,E,Kentucky,5230811
Pied-billed Grebe,Podilymbus podiceps,E,Kentucky,2482077
Elktoe,Alasmidonta marginata,T,Kentucky,2287889
Cumberland Papershell,Anodontoides denigratus,E,Kentucky,7811712
Cumberlandian Combshell,Epioblasma brevidens,E,Kentucky,2288227
Pocketbook,Lampsilis ovata,E,Kentucky,2288173
Mountain Creekshell,Leaunio vanuxemensis,E,Kentucky,9694733
Cumberland Moccasinshell,Medionidus conradicus,E,Kentucky,2287910
Littlewing Pearlymussel,Pegias fabula,E,Kentucky,2287996
Tennessee Clubshell,Pleurobema oviforme,E,Kentucky,2288088
Fluted Kidneyshell,Ptychobranchus subtentus,E,Kentucky,7432362
Purple Lilliput,Toxolasma lividum,E,Kentucky,2288024
Cumberland Bean,Venustaconcha troostensis,E,Kentucky,9391459
Virginia Big-eared Bat,Corynorhinus townsendii virginianus,E,Kentucky,6163669
Gray Myotis,Myotis grisescens,T,Kentucky,
Eastern Small-footed Myotis,Myotis leibii,T,Kentucky,2432455
Little Brown Bat,Myotis lucifugus,T,Kentucky,2432406
Northern Long-Eared Bat,Myotis septentrionalis,E,Kentucky,2432436
Indiana Bat,Myotis sodalis,E,Kentucky,2432418
Tricolored Bat,Perimyotis subflavus,T,Kentucky,7665644
Northern Brook Lamprey,Ichthyomyzon fossor,T,Kentucky,2421249
Mountain Brook Lamprey,Ichthyomyzon greeleyi,T,Kentucky,2421252
American Brook Lamprey,Lethenteron appendix,T,Kentucky,2421396
Alabama Shad,Alosa alabamae,E,Kentucky,2412616
Northern Harrier,Circus hudsonius,T,Kentucky,5229175
Hooded Merganser,Lophodytes cucullatus,T,Kentucky,2498408
Northern Shoveler,Spatula clypeata,E,Kentucky,8332393
Blue-winged Teal,Spatula discors,T,Kentucky,9422220
Interior Least Tern,Sternula antillarum athalassos,E,Kentucky,6065773
Spotted Sandpiper,Actitis macularius,E,Kentucky,2481798
Peregrine Falcon,Falco peregrinus,E,Kentucky,2481047
American Coot,Fulica americana,E,Kentucky,2474393
King Rail,Rallus elegans,E,Kentucky,9480015
Brown Creeper,Certhia americana,T,Kentucky,9581157
Blackburnian Warbler,Setophaga fusca,T,Kentucky,6093199
Golden-winged Warbler,Vermivora chrysoptera,E,Kentucky,5230811
Bachman's Sparrow,Peucaea aestivalis,E,Kentucky,7341544
Vesper Sparrow,Pooecetes gramineus,E,Kentucky,2491728
Red-breasted Nuthatch,Sitta canadensis,E,Kentucky,2484879
Least Flycatcher,Empidonax minimus,E,Kentucky,2482791
Great Egret,Ardea alba,T,Kentucky,9752617
Little Blue Heron,Egretta caerulea,E,Kentucky,2480894
Snowy Egret,Egretta thula,E,Kentucky,2480873
Least Bittern,Ixobrychus exilis,T,Kentucky,2480852
Yellow-crowned Night-heron,Nyctanassa violacea,T,Kentucky,2480953
Black-crowned Night-heron,Nycticorax nycticorax,T,Kentucky,2480863
Pied-billed Grebe,Podilymbus podiceps,E,Kentucky,2482077
Short-eared Owl,Asio flammeus,E,Kentucky,2497295
Long-eared Owl,Asio otus,E,Kentucky,2497306
Elktoe,Alasmidonta marginata,T,Kentucky,2287889
Fanshell,Cyprogenia stegaria,E,Kentucky,5189381
Longsolid,Fusconaia subrotunda,T,Kentucky,2288194
Pink Mucket,Lampsilis abrupta,E,Kentucky,2288132
Pocketbook,Lampsilis ovata,E,Kentucky,2288173
Ring Pink,Obovaria retusa,E,Kentucky,2288366
Orangefoot Pimpleback,Plethobasus cooperianus,E,Kentucky,2287976
Sheepnose,Plethobasus cyphyus,E,Kentucky,2287978
Clubshell,Pleurobema clava,E,Kentucky,2288099
Pyramid Pigtoe,Pleurobema rubrum,E,Kentucky,2288082
Salamander Mussel,Simpsonaias ambigua,T,Kentucky,2288258
Louisville Crayfish,Faxonius jeffersoni,E,Kentucky,8840328
Gray Myotis,Myotis grisescens,T,Kentucky,
Little Brown Bat,Myotis lucifugus,T,Kentucky,2432406
Northern Long-Eared Bat,Myotis septentrionalis,E,Kentucky,2432436
Indiana Bat,Myotis sodalis,E,Kentucky,2432418
Tricolored Bat,Perimyotis subflavus,T,Kentucky,7665644
Kirtland's Snake,Clonophis kirtlandii,T,Kentucky,2456368
Copperbelly Watersnake,Nerodia erythrogaster neglecta,T,Kentucky,5223362
Southeastern Crowned Snake,Tantilla coronata,T,Kentucky,2456522
Northern Harrier,Circus hudsonius,T,Kentucky,5229175
Hooded Merganser,Lophodytes cucullatus,T,Kentucky,2498408
Northern Shoveler,Spatula clypeata,E,Kentucky,8332393
Blue-winged Teal,Spatula discors,T,Kentucky,9422220
Spotted Sandpiper,Actitis macularius,E,Kentucky,2481798
Peregrine Falcon,Falco peregrinus,E,Kentucky,2481047
American Coot,Fulica americana,E,Kentucky,2474393
Brown Creeper,Certhia americana,T,Kentucky,9581157
Red-breasted Nuthatch,Sitta canadensis,E,Kentucky,2484879
Least Flycatcher,Empidonax minimus,E,Kentucky,2482791
Great Egret,Ardea alba,T,Kentucky,9752617
Black-crowned Night-heron,Nycticorax nycticorax,T,Kentucky,2480863
Pied-billed Grebe,Podilymbus podiceps,E,Kentucky,2482077
Short-eared Owl,Asio flammeus,E,Kentucky,2497295
Fanshell,Cyprogenia stegaria,E,Kentucky,5189381
Round Hickorynut,Obovaria subrotunda,T,Kentucky,2288370
Rabbitsfoot,Theliderma cylindrica,E,Kentucky,7342653
Gray Myotis,Myotis grisescens,T,Kentucky,
Eastern Small-footed Myotis,Myotis leibii,T,Kentucky,2432455
Little Brown Bat,Myotis lucifugus,T,Kentucky,2432406
Northern Long-Eared Bat,Myotis septentrionalis,E,Kentucky,2432436
Indiana Bat,Myotis sodalis,E,Kentucky,2432418
Tricolored Bat,Perimyotis subflavus,T,Kentucky,7665644
Northern Harrier,Circus hudsonius,T,Kentucky,5229175
Common Raven,Corvus corax,T,Kentucky,2482492
Golden-winged Warbler,Vermivora chrysoptera,E,Kentucky,5230811
Red-breasted Nuthatch,Sitta canadensis,E,Kentucky,2484879
Pied-billed Grebe,Podilymbus podiceps,E,Kentucky,2482077
Longsolid,Fusconaia subrotunda,T,Kentucky,2288194
Round Hickorynut,Obovaria subrotunda,T,Kentucky,2288370
Little Brown Bat,Myotis lucifugus,T,Kentucky,2432406
Northern Long-Eared Bat,Myotis septentrionalis,E,Kentucky,2432436
Tricolored Bat,Perimyotis subflavus,T,Kentucky,7665644
Northern Brook Lamprey,Ichthyomyzon fossor,T,Kentucky,2421249
Scarlet Kingsnake,Lampropeltis elapsoides,E,Kentucky,7794320
Northern Harrier,Circus hudsonius,T,Kentucky,5229175
Hooded Merganser,Lophodytes cucullatus,T,Kentucky,2498408
Spotted Sandpiper,Actitis macularius,E,Kentucky,2481798
Peregrine Falcon,Falco peregrinus,E,Kentucky,2481047
Brown Creeper,Certhia americana,T,Kentucky,9581157
Golden-winged Warbler,Vermivora chrysoptera,E,Kentucky,5230811
Vesper Sparrow,Pooecetes gramineus,E,Kentucky,2491728
Least Flycatcher,Empidonax minimus,E,Kentucky,2482791
Pied-billed Grebe,Podilymbus podiceps,E,Kentucky,2482077
Elktoe,Alasmidonta marginata,T,Kentucky,2287889
Fanshell,Cyprogenia stegaria,E,Kentucky,5189381
Catspaw,Epioblasma obliquata,E,Kentucky,2288233
Northern Riffleshell,Epioblasma rangiana,E,Kentucky,8007262
Longsolid,Fusconaia subrotunda,T,Kentucky,2288194
Pink Mucket,Lampsilis abrupta,E,Kentucky,2288132
Pocketbook,Lampsilis ovata,E,Kentucky,2288173
Creek Heelsplitter,Lasmigona compressa,E,Kentucky,2288264
Ring Pink,Obovaria retusa,E,Kentucky,2288366
Round Hickorynut,Obovaria subrotunda,T,Kentucky,2288370
Clubshell,Pleurobema clava,E,Kentucky,2288099
Pyramid Pigtoe,Pleurobema rubrum,E,Kentucky,2288082
Salamander Mussel,Simpsonaias ambigua,T,Kentucky,2288258
Little Brown Bat,Myotis lucifugus,T,Kentucky,2432406
Indiana Bat,Myotis sodalis,E,Kentucky,2432418
Tricolored Bat,Perimyotis subflavus,T,Kentucky,7665644
Kirtland's Snake,Clonophis kirtlandii,T,Kentucky,2456368
Kentucky Arrow Darter,Etheostoma spilotum,T,Kentucky,7542142
Yellow-spotted Woodland Salamander,Plethodon pauleyi,E,Kentucky,10408173
Northern Harrier,Circus hudsonius,T,Kentucky,5229175
Hooded Merganser,Lophodytes cucullatus,T,Kentucky,2498408
Blue-winged Teal,Spatula discors,T,Kentucky,9422220
Spotted Sandpiper,Actitis macularius,E,Kentucky,2481798
Common Raven,Corvus corax,T,Kentucky,2482492
Red-breasted Nuthatch,Sitta canadensis,E,Kentucky,2484879
Great Egret,Ardea alba,T,Kentucky,9752617
Pied-billed Grebe,Podilymbus podiceps,E,Kentucky,2482077
Eastern Small-footed Myotis,Myotis leibii,T,Kentucky,2432455
Little Brown Bat,Myotis lucifugus,T,Kentucky,2432406
Northern Long-Eared Bat,Myotis septentrionalis,E,Kentucky,2432436
Indiana Bat,Myotis sodalis,E,Kentucky,2432418
Tricolored Bat,Perimyotis subflavus,T,Kentucky,7665644
Coal Skink,Plestiodon anthracinus,E,Kentucky,4287450
Blackside Dace,Chrosomus cumberlandensis,T,Kentucky,2365380
Cumberland Darter,Etheostoma susanae,E,Kentucky,2382315
Northern Harrier,Circus hudsonius,T,Kentucky,5229175
Golden-winged Warbler,Vermivora chrysoptera,E,Kentucky,5230811
Pied-billed Grebe,Podilymbus podiceps,E,Kentucky,2482077
Cumberland Papershell,Anodontoides denigratus,E,Kentucky,7811712
Cumberlandian Combshell,Epioblasma brevidens,E,Kentucky,2288227
Snuffbox,Epioblasma triquetra,E,Kentucky,2288218
Pocketbook,Lampsilis ovata,E,Kentucky,2288173
Little Spectaclecase,Leaunio lienosus,T,Kentucky,9765176
Round Hickorynut,Obovaria subrotunda,T,Kentucky,2288370
Cumberland Bean,Venustaconcha troostensis,E,Kentucky,9391459
Longclaw Crayfish,Cambarus buntingi,T,Kentucky,2227403
Eastern Small-footed Myotis,Myotis leibii,T,Kentucky,2432455
Little Brown Bat,Myotis lucifugus,T,Kentucky,2432406
Northern Long-Eared Bat,Myotis septentrionalis,E,Kentucky,2432436
Tricolored Bat,Perimyotis subflavus,T,Kentucky,7665644
Coal Skink,Plestiodon anthracinus,E,Kentucky,4287450
Northern Harrier,Circus hudsonius,T,Kentucky,5229175
Northern Shoveler,Spatula clypeata,E,Kentucky,8332393
American Coot,Fulica americana,E,Kentucky,2474393
Brown Creeper,Certhia americana,T,Kentucky,9581157
Golden-winged Warbler,Vermivora chrysoptera,E,Kentucky,5230811
Red-breasted Nuthatch,Sitta canadensis,E,Kentucky,2484879
Little Blue Heron,Egretta caerulea,E,Kentucky,2480894
Pied-billed Grebe,Podilymbus podiceps,E,Kentucky,2482077
Fanshell,Cyprogenia stegaria,E,Kentucky,5189381
Northern Riffleshell,Epioblasma rangiana,E,Kentucky,8007262
Snuffbox,Epioblasma triquetra,E,Kentucky,2288218
Longsolid,Fusconaia subrotunda,T,Kentucky,2288194
Pocketbook,Lampsilis ovata,E,Kentucky,2288173
Little Spectaclecase,Leaunio lienosus,T,Kentucky,9765176
Kentucky Creekshell,Leaunio ortmanni,E,Kentucky,9645390
Round Hickorynut,Obovaria subrotunda,T,Kentucky,2288370
Rabbitsfoot,Theliderma cylindrica,E,Kentucky,7342653
Gray Myotis,Myotis grisescens,T,Kentucky,
Little Brown Bat,Myotis lucifugus,T,Kentucky,2432406
Northern Long-Eared Bat,Myotis septentrionalis,E,Kentucky,2432436
Tricolored Bat,Perimyotis subflavus,T,Kentucky,7665644
Eastern Slender Glass Lizard,Ophisaurus attenuatus longicaudus,T,Kentucky,6160619
Lake Sturgeon,Acipenser fulvescens,E,Kentucky,2402120
Blackside Dace,Chrosomus cumberlandensis,T,Kentucky,2365380
Olive Darter,Percina squamata,E,Kentucky,2382079
Northern Harrier,Circus hudsonius,T,Kentucky,5229175
Hooded Merganser,Lophodytes cucullatus,T,Kentucky,2498408
Spotted Sandpiper,Actitis macularius,E,Kentucky,2481798
Peregrine Falcon,Falco peregrinus,E,Kentucky,2481047
Common Raven,Corvus corax,T,Kentucky,2482492
Red-breasted Nuthatch,Sitta canadensis,E,Kentucky,2484879
Least Flycatcher,Empidonax minimus,E,Kentucky,2482791
Great Egret,Ardea alba,T,Kentucky,9752617
Pied-billed Grebe,Podilymbus podiceps,E,Kentucky,2482077
Cumberland Elktoe,Alasmidonta atropurpurea,E,Kentucky,2287888
Elktoe,Alasmidonta marginata,T,Kentucky,2287889
Cumberland Papershell,Anodontoides denigratus,E,Kentucky,7811712
Cumberlandian Combshell,Epioblasma brevidens,E,Kentucky,2288227
Oyster Mussel,Epioblasma capsaeformis,E,Kentucky,2288229
Longsolid,Fusconaia subrotunda,T,Kentucky,2288194
Pocketbook,Lampsilis ovata,E,Kentucky,2288173
Little Spectaclecase,Leaunio lienosus,T,Kentucky,9765176
Cumberland Moccasinshell,Medionidus conradicus,E,Kentucky,2287910
Round Hickorynut,Obovaria subrotunda,T,Kentucky,2288370
Littlewing Pearlymussel,Pegias fabula,E,Kentucky,2287996
Tennessee Clubshell,Pleurobema oviforme,E,Kentucky,2288088
Fluted Kidneyshell,Ptychobranchus subtentus,E,Kentucky,7432362
Purple Lilliput,Toxolasma lividum,E,Kentucky,2288024
Cumberland Bean,Venustaconcha troostensis,E,Kentucky,9391459
Gray Myotis,Myotis grisescens,T,Kentucky,
Eastern Small-footed Myotis,Myotis leibii,T,Kentucky,2432455
Little Brown Bat,Myotis lucifugus,T,Kentucky,2432406
Northern Long-Eared Bat,Myotis septentrionalis,E,Kentucky,2432436
Tricolored Bat,Perimyotis subflavus,T,Kentucky,7665644
Mountain Brook Lamprey,Ichthyomyzon greeleyi,T,Kentucky,2421252
Coal Skink,Plestiodon anthracinus,E,Kentucky,4287450
Northern Harrier,Circus hudsonius,T,Kentucky,5229175
Hooded Merganser,Lophodytes cucullatus,T,Kentucky,2498408
Spotted Sandpiper,Actitis macularius,E,Kentucky,2481798
Brown Creeper,Certhia americana,T,Kentucky,9581157
Common Raven,Corvus corax,T,Kentucky,2482492
Vesper Sparrow,Pooecetes gramineus,E,Kentucky,2491728
Red-breasted Nuthatch,Sitta canadensis,E,Kentucky,2484879
Great Egret,Ardea alba,T,Kentucky,9752617
Little Blue Heron,Egretta caerulea,E,Kentucky,2480894
Least Bittern,Ixobrychus exilis,T,Kentucky,2480852
Black-crowned Night-heron,Nycticorax nycticorax,T,Kentucky,2480863
Longsolid,Fusconaia subrotunda,T,Kentucky,2288194
Little Spectaclecase,Leaunio lienosus,T,Kentucky,9765176
Round Hickorynut,Obovaria subrotunda,T,Kentucky,2288370
Rabbitsfoot,Theliderma cylindrica,E,Kentucky,7342653
Little Brown Bat,Myotis lucifugus,T,Kentucky,2432406
Northern Long-Eared Bat,Myotis septentrionalis,E,Kentucky,2432436
Indiana Bat,Myotis sodalis,E,Kentucky,2432418
Tricolored Bat,Perimyotis subflavus,T,Kentucky,7665644
Northern Brook Lamprey,Ichthyomyzon fossor,T,Kentucky,2421249
American Brook Lamprey,Lethenteron appendix,T,Kentucky,2421396
Kentucky Arrow Darter,Etheostoma spilotum,T,Kentucky,7542142
Brown Creeper,Certhia americana,T,Kentucky,9581157
Snuffbox,Epioblasma triquetra,E,Kentucky,2288218
Round Hickorynut,Obovaria subrotunda,T,Kentucky,2288370
Virginia Big-eared Bat,Corynorhinus townsendii virginianus,E,Kentucky,6163669
Gray Myotis,Myotis grisescens,T,Kentucky,
Eastern Small-footed Myotis,Myotis leibii,T,Kentucky,2432455
Little Brown Bat,Myotis lucifugus,T,Kentucky,2432406
Northern Long-Eared Bat,Myotis septentrionalis,E,Kentucky,2432436
Indiana Bat,Myotis sodalis,E,Kentucky,2432418
Tricolored Bat,Perimyotis subflavus,T,Kentucky,7665644
American Brook Lamprey,Lethenteron appendix,T,Kentucky,2421396
Coal Skink,Plestiodon anthracinus,E,Kentucky,4287450
Kentucky Arrow Darter,Etheostoma spilotum,T,Kentucky,7542142
Yellow-spotted Woodland Salamander,Plethodon pauleyi,E,Kentucky,10408173
Common Raven,Corvus corax,T,Kentucky,2482492
Golden-winged Warbler,Vermivora chrysoptera,E,Kentucky,5230811
Black-crowned Night-heron,Nycticorax nycticorax,T,Kentucky,2480863
Snuffbox,Epioblasma triquetra,E,Kentucky,2288218
Pocketbook,Lampsilis ovata,E,Kentucky,2288173
Little Spectaclecase,Leaunio lienosus,T,Kentucky,9765176
Round Hickorynut,Obovaria subrotunda,T,Kentucky,2288370
Salamander Mussel,Simpsonaias ambigua,T,Kentucky,2288258
Gray Myotis,Myotis grisescens,T,Kentucky,
Eastern Small-footed Myotis,Myotis leibii,T,Kentucky,2432455
Little Brown Bat,Myotis lucifugus,T,Kentucky,2432406
Northern Long-Eared Bat,Myotis septentrionalis,E,Kentucky,2432436
Indiana Bat,Myotis sodalis,E,Kentucky,2432418
Tricolored Bat,Perimyotis subflavus,T,Kentucky,7665644
Northern Brook Lamprey,Ichthyomyzon fossor,T,Kentucky,2421249
American Brook Lamprey,Lethenteron appendix,T,Kentucky,2421396
Coal Skink,Plestiodon anthracinus,E,Kentucky,4287450
Blackside Dace,Chrosomus cumberlandensis,T,Kentucky,2365380
Kentucky Arrow Darter,Etheostoma spilotum,T,Kentucky,7542142
Yellow-spotted Woodland Salamander,Plethodon pauleyi,E,Kentucky,10408173
Northern Harrier,Circus hudsonius,T,Kentucky,5229175
Hooded Merganser,Lophodytes cucullatus,T,Kentucky,2498408
Peregrine Falcon,Falco peregrinus,E,Kentucky,2481047
Common Raven,Corvus corax,T,Kentucky,2482492
Blackburnian Warbler,Setophaga fusca,T,Kentucky,6093199
Golden-winged Warbler,Vermivora chrysoptera,E,Kentucky,5230811
Great Egret,Ardea alba,T,Kentucky,9752617
Pied-billed Grebe,Podilymbus podiceps,E,Kentucky,2482077
Longclaw Crayfish,Cambarus buntingi,T,Kentucky,2227403
Gray Myotis,Myotis grisescens,T,Kentucky,
Eastern Small-footed Myotis,Myotis leibii,T,Kentucky,2432455
Little Brown Bat,Myotis lucifugus,T,Kentucky,2432406
Northern Long-Eared Bat,Myotis septentrionalis,E,Kentucky,2432436
Indiana Bat,Myotis sodalis,E,Kentucky,2432418
Tricolored Bat,Perimyotis subflavus,T,Kentucky,7665644
Long-tailed Shrew,Sorex dispar blitchi,E,Kentucky,6163390
Eastern Pinesnake,Pituophis melanoleucus,E,Kentucky,9187223
Lake Sturgeon,Acipenser fulvescens,E,Kentucky,2402120
Longhead Darter,Percina macrocephala,E,Kentucky,2382086
Northern Harrier,Circus hudsonius,T,Kentucky,5229175
Black-crowned Night-heron,Nycticorax nycticorax,T,Kentucky,2480863
Fanshell,Cyprogenia stegaria,E,Kentucky,5189381
Catspaw,Epioblasma obliquata,E,Kentucky,2288233
Snuffbox,Epioblasma triquetra,E,Kentucky,2288218
Longsolid,Fusconaia subrotunda,T,Kentucky,2288194
Pink Mucket,Lampsilis abrupta,E,Kentucky,2288132
Pocketbook,Lampsilis ovata,E,Kentucky,2288173
Creek Heelsplitter,Lasmigona compressa,E,Kentucky,2288264
Little Spectaclecase,Leaunio lienosus,T,Kentucky,9765176
Ring Pink,Obovaria retusa,E,Kentucky,2288366
Round Hickorynut,Obovaria subrotunda,T,Kentucky,2288370
Sheepnose,Plethobasus cyphyus,E,Kentucky,2287978
Rough Pigtoe,Pleurobema plenum,E,Kentucky,2288073
Pyramid Pigtoe,Pleurobema rubrum,E,Kentucky,2288082
Salamander Mussel,Simpsonaias ambigua,T,Kentucky,2288258
Dusky Mudbug,Cambarus adustus,E,Kentucky,9115889
Little Brown Bat,Myotis lucifugus,T,Kentucky,2432406
Northern Long-Eared Bat,Myotis septentrionalis,E,Kentucky,2432436
Tricolored Bat,Perimyotis subflavus,T,Kentucky,7665644
Buck Darter,Etheostoma nebra,E,Kentucky,8723745
Northern Harrier,Circus hudsonius,T,Kentucky,5229175
Hooded Merganser,Lophodytes cucullatus,T,Kentucky,2498408
Spotted Sandpiper,Actitis macularius,E,Kentucky,2481798
Great Egret,Ardea alba,T,Kentucky,9752617
Black-crowned Night-heron,Nycticorax nycticorax,T,Kentucky,2480863
Pied-billed Grebe,Podilymbus podiceps,E,Kentucky,2482077
Pocketbook,Lampsilis ovata,E,Kentucky,2288173
Little Spectaclecase,Leaunio lienosus,T,Kentucky,9765176
Round Hickorynut,Obovaria subrotunda,T,Kentucky,2288370
Salamander Mussel,Simpsonaias ambigua,T,Kentucky,2288258
Purple Lilliput,Toxolasma lividum,E,Kentucky,2288024
Cumberland Bean,Venustaconcha troostensis,E,Kentucky,9391459
Tricolored Bat,Perimyotis subflavus,T,Kentucky,7665644
Lake Sturgeon,Acipenser fulvescens,E,Kentucky,2402120
Mississippi Silverside,Menidia audens,T,Kentucky,2412298
Lake Chubsucker,Erimyzon sucetta,T,Kentucky,2358939
Alligator Gar,Atractosteus spatula,E,Kentucky,2346754
Cypress Darter,Etheostoma proeliare,T,Kentucky,2382292
Northern Harrier,Circus hudsonius,T,Kentucky,5229175
Hooded Merganser,Lophodytes cucullatus,T,Kentucky,2498408
Northern Shoveler,Spatula clypeata,E,Kentucky,8332393
Blue-winged Teal,Spatula discors,T,Kentucky,9422220
Interior Least Tern,Sternula antillarum athalassos,E,Kentucky,6065773
Spotted Sandpiper,Actitis macularius,E,Kentucky,2481798
Peregrine Falcon,Falco peregrinus,E,Kentucky,2481047
American Coot,Fulica americana,E,Kentucky,2474393
Brown Creeper,Certhia americana,T,Kentucky,9581157
Least Flycatcher,Empidonax minimus,E,Kentucky,2482791
Great Egret,Ardea alba,T,Kentucky,9752617
Snowy Egret,Egretta thula,E,Kentucky,2480873
Yellow-crowned Night-heron,Nyctanassa violacea,T,Kentucky,2480953
Black-crowned Night-heron,Nycticorax nycticorax,T,Kentucky,2480863
Pied-billed Grebe,Podilymbus podiceps,E,Kentucky,2482077
Short-eared Owl,Asio flammeus,E,Kentucky,2497295
Spectaclecase,Cumberlandia monodonta,E,Kentucky,2287869
Fanshell,Cyprogenia stegaria,E,Kentucky,5189381
Longsolid,Fusconaia subrotunda,T,Kentucky,2288194
Pink Mucket,Lampsilis abrupta,E,Kentucky,2288132
Pocketbook,Lampsilis ovata,E,Kentucky,2288173
Ring Pink,Obovaria retusa,E,Kentucky,2288366
Orangefoot Pimpleback,Plethobasus cooperianus,E,Kentucky,2287976
Sheepnose,Plethobasus cyphyus,E,Kentucky,2287978
Clubshell,Pleurobema clava,E,Kentucky,2288099
Pyramid Pigtoe,Pleurobema rubrum,E,Kentucky,2288082
Fat Pocketbook,Potamilus capax,T,Kentucky,2287988
Bleufer,Potamilus purpuratus,E,Kentucky,2287990
Salamander Mussel,Simpsonaias ambigua,T,Kentucky,2288258
Rabbitsfoot,Theliderma cylindrica,E,Kentucky,7342653
Alligator Snapping Turtle,Macrochelys temminckii,E,Kentucky,5220318
Kentucky Crayfish,Faxonius kentuckiensis,T,Kentucky,8819880
Vernal Crayfish,Procambarus viaeviridis,T,Kentucky,2227241
Gray Myotis,Myotis grisescens,T,Kentucky,
Little Brown Bat,Myotis lucifugus,T,Kentucky,2432406
Northern Long-Eared Bat,Myotis septentrionalis,E,Kentucky,2432436
Indiana Bat,Myotis sodalis,E,Kentucky,2432418
Tricolored Bat,Perimyotis subflavus,T,Kentucky,7665644
Copperbelly Watersnake,Nerodia erythrogaster neglecta,T,Kentucky,5223362
Southeastern Crowned Snake,Tantilla coronata,T,Kentucky,2456522
Redspotted Sunfish,Lepomis miniatus,T,Kentucky,2394505
Blotched Chub,Erimystax insignis,E,Kentucky,2362090
Pallid Shiner,Hybopsis amnis,E,Kentucky,2366623
Spotted Darter,Nothonotus maculatus,T,Kentucky,2382235
Smallscale Darter,Nothonotus microlepidus,E,Kentucky,7368878
Slender Madtom,Noturus exilis,E,Kentucky,2341039
Northern Harrier,Circus hudsonius,T,Kentucky,5229175
Hooded Merganser,Lophodytes cucullatus,T,Kentucky,2498408
Blue-winged Teal,Spatula discors,T,Kentucky,9422220
Spotted Sandpiper,Actitis macularius,E,Kentucky,2481798
Peregrine Falcon,Falco peregrinus,E,Kentucky,2481047
Golden-winged Warbler,Vermivora chrysoptera,E,Kentucky,5230811
Great Egret,Ardea alba,T,Kentucky,9752617
Pied-billed Grebe,Podilymbus podiceps,E,Kentucky,2482077
Short-eared Owl,Asio flammeus,E,Kentucky,2497295
Elktoe,Alasmidonta marginata,T,Kentucky,2287889
Snuffbox,Epioblasma triquetra,E,Kentucky,2288218
Pocketbook,Lampsilis ovata,E,Kentucky,2288173
Little Spectaclecase,Leaunio lienosus,T,Kentucky,9765176
Kentucky Creekshell,Leaunio ortmanni,E,Kentucky,9645390
Mountain Creekshell,Leaunio vanuxemensis,E,Kentucky,9694733
Cumberland Moccasinshell,Medionidus conradicus,E,Kentucky,2287910
Round Hickorynut,Obovaria subrotunda,T,Kentucky,2288370
Littlewing Pearlymussel,Pegias fabula,E,Kentucky,2287996
Tennessee Clubshell,Pleurobema oviforme,E,Kentucky,2288088
Rabbitsfoot,Theliderma cylindrica,E,Kentucky,7342653
Purple Lilliput,Toxolasma lividum,E,Kentucky,2288024
Gray Myotis,Myotis grisescens,T,Kentucky,
Little Brown Bat,Myotis lucifugus,T,Kentucky,2432406
Indiana Bat,Myotis sodalis,E,Kentucky,2432418
Tricolored Bat,Perimyotis subflavus,T,Kentucky,7665644
Copperbelly Watersnake,Nerodia erythrogaster neglecta,T,Kentucky,5223362
Lake Sturgeon,Acipenser fulvescens,E,Kentucky,2402120
Mississippi Silverside,Menidia audens,T,Kentucky,2412298
Cypress Darter,Etheostoma proeliare,T,Kentucky,2382292
Northern Harrier,Circus hudsonius,T,Kentucky,5229175
Hooded Merganser,Lophodytes cucullatus,T,Kentucky,2498408
Northern Shoveler,Spatula clypeata,E,Kentucky,8332393
Blue-winged Teal,Spatula discors,T,Kentucky,9422220
Interior Least Tern,Sternula antillarum athalassos,E,Kentucky,6065773
Spotted Sandpiper,Actitis macularius,E,Kentucky,2481798
Peregrine Falcon,Falco peregrinus,E,Kentucky,2481047
American Coot,Fulica americana,E,Kentucky,2474393
Brown Creeper,Certhia americana,T,Kentucky,9581157
Golden-winged Warbler,Vermivora chrysoptera,E,Kentucky,5230811
Red-breasted Nuthatch,Sitta canadensis,E,Kentucky,2484879
Least Flycatcher,Empidonax minimus,E,Kentucky,2482791
Great Egret,Ardea alba,T,Kentucky,9752617
Little Blue Heron,Egretta caerulea,E,Kentucky,2480894
Snowy Egret,Egretta thula,E,Kentucky,2480873
Least Bittern,Ixobrychus exilis,T,Kentucky,2480852
Yellow-crowned Night-heron,Nyctanassa violacea,T,Kentucky,2480953
Black-crowned Night-heron,Nycticorax nycticorax,T,Kentucky,2480863
Pied-billed Grebe,Podilymbus podiceps,E,Kentucky,2482077
Short-eared Owl,Asio flammeus,E,Kentucky,2497295
Fanshell,Cyprogenia stegaria,E,Kentucky,5189381
Longsolid,Fusconaia subrotunda,T,Kentucky,2288194
Pink Mucket,Lampsilis abrupta,E,Kentucky,2288132
Pocketbook,Lampsilis ovata,E,Kentucky,2288173
Ring Pink,Obovaria retusa,E,Kentucky,2288366
Round Hickorynut,Obovaria subrotunda,T,Kentucky,2288370
Alligator Snapping Turtle,Macrochelys temminckii,E,Kentucky,5220318
Crittenden Crayfish,Faxonius bisectus,T,Kentucky,9101897
Warpaint Mudbug,Lacunicambarus erythrodactylus,T,Kentucky,10146931
Vernal Crayfish,Procambarus viaeviridis,T,Kentucky,2227241
Gray Myotis,Myotis grisescens,T,Kentucky,
Little Brown Bat,Myotis lucifugus,T,Kentucky,2432406
Northern Long-Eared Bat,Myotis septentrionalis,E,Kentucky,2432436
Tricolored Bat,Perimyotis subflavus,T,Kentucky,7665644
Scarlet Kingsnake,Lampropeltis elapsoides,E,Kentucky,7794320
Eastern Pinesnake,Pituophis melanoleucus,E,Kentucky,9187223
Southeastern Crowned Snake,Tantilla coronata,T,Kentucky,2456522
Western Ribbonsnake,Thamnophis proximus proximus,E,Kentucky,7190664
Northern Harrier,Circus hudsonius,T,Kentucky,5229175
Hooded Merganser,Lophodytes cucullatus,T,Kentucky,2498408
Northern Shoveler,Spatula clypeata,E,Kentucky,8332393
Spotted Sandpiper,Actitis macularius,E,Kentucky,2481798
Peregrine Falcon,Falco peregrinus,E,Kentucky,2481047
American Coot,Fulica americana,E,Kentucky,2474393
Common Gallinule,Gallinula galeata,T,Kentucky,5228200
Brown Creeper,Certhia americana,T,Kentucky,9581157
Golden-winged Warbler,Vermivora chrysoptera,E,Kentucky,5230811
Bachman's Sparrow,Peucaea aestivalis,E,Kentucky,7341544
Red-breasted Nuthatch,Sitta canadensis,E,Kentucky,2484879
Least Flycatcher,Empidonax minimus,E,Kentucky,2482791
Great Egret,Ardea alba,T,Kentucky,9752617
Black-crowned Night-heron,Nycticorax nycticorax,T,Kentucky,2480863
Pied-billed Grebe,Podilymbus podiceps,E,Kentucky,2482077
Short-eared Owl,Asio flammeus,E,Kentucky,2497295
Long-eared Owl,Asio otus,E,Kentucky,2497306
Ring Pink,Obovaria retusa,E,Kentucky,2288366
Round Hickorynut,Obovaria subrotunda,T,Kentucky,2288370
Sheepnose,Plethobasus cyphyus,E,Kentucky,2287978
Gray Myotis,Myotis grisescens,T,Kentucky,
Little Brown Bat,Myotis lucifugus,T,Kentucky,2432406
Northern Long-Eared Bat,Myotis septentrionalis,E,Kentucky,2432436
Tricolored Bat,Perimyotis subflavus,T,Kentucky,7665644
Coal Skink,Plestiodon anthracinus,E,Kentucky,4287450
Spotted Sandpiper,Actitis macularius,E,Kentucky,2481798
Fanshell,Cyprogenia stegaria,E,Kentucky,5189381
Little Spectaclecase,Leaunio lienosus,T,Kentucky,9765176
Eastern Small-footed Myotis,Myotis leibii,T,Kentucky,2432455
Little Brown Bat,Myotis lucifugus,T,Kentucky,2432406
Northern Long-Eared Bat,Myotis septentrionalis,E,Kentucky,2432436
Indiana Bat,Myotis sodalis,E,Kentucky,2432418
Tricolored Bat,Perimyotis subflavus,T,Kentucky,7665644
American Brook Lamprey,Lethenteron appendix,T,Kentucky,2421396
Pied-billed Grebe,Podilymbus podiceps,E,Kentucky,2482077
Short-eared Owl,Asio flammeus,E,Kentucky,2497295
Snuffbox,Epioblasma triquetra,E,Kentucky,2288218
Pocketbook,Lampsilis ovata,E,Kentucky,2288173
Little Spectaclecase,Leaunio lienosus,T,Kentucky,9765176
Round Hickorynut,Obovaria subrotunda,T,Kentucky,2288370
Salamander Mussel,Simpsonaias ambigua,T,Kentucky,2288258
Gray Myotis,Myotis grisescens,T,Kentucky,
Little Brown Bat,Myotis lucifugus,T,Kentucky,2432406
Northern Long-Eared Bat,Myotis septentrionalis,E,Kentucky,2432436
Tricolored Bat,Perimyotis subflavus,T,Kentucky,7665644
Southeastern Crowned Snake,Tantilla coronata,T,Kentucky,2456522
Mississippi Silverside,Menidia audens,T,Kentucky,2412298
Dollar Sunfish,Lepomis marginatus,E,Kentucky,2394497
Pallid Shiner,Hybopsis amnis,E,Kentucky,2366623
Taillight Shiner,Notropis maculatus,T,Kentucky,2362203
Central Mudminnow,Umbra limi,T,Kentucky,5203110
Cypress Darter,Etheostoma proeliare,T,Kentucky,2382292
Northern Harrier,Circus hudsonius,T,Kentucky,5229175
Hooded Merganser,Lophodytes cucullatus,T,Kentucky,2498408
Northern Shoveler,Spatula clypeata,E,Kentucky,8332393
Blue-winged Teal,Spatula discors,T,Kentucky,9422220
Interior Least Tern,Sternula antillarum athalassos,E,Kentucky,6065773
Spotted Sandpiper,Actitis macularius,E,Kentucky,2481798
Peregrine Falcon,Falco peregrinus,E,Kentucky,2481047
American Coot,Fulica americana,E,Kentucky,2474393
Brown Creeper,Certhia americana,T,Kentucky,9581157
Golden-winged Warbler,Vermivora chrysoptera,E,Kentucky,5230811
Red-breasted Nuthatch,Sitta canadensis,E,Kentucky,2484879
Brown-headed Nuthatch,Sitta pusilla,E,Kentucky,2484904
Least Flycatcher,Empidonax minimus,E,Kentucky,2482791
Great Egret,Ardea alba,T,Kentucky,9752617
Little Blue Heron,Egretta caerulea,E,Kentucky,2480894
Snowy Egret,Egretta thula,E,Kentucky,2480873
Yellow-crowned Night-heron,Nyctanassa violacea,T,Kentucky,2480953
Black-crowned Night-heron,Nycticorax nycticorax,T,Kentucky,2480863
Pied-billed Grebe,Podilymbus podiceps,E,Kentucky,2482077
Spectaclecase,Cumberlandia monodonta,E,Kentucky,2287869
Fanshell,Cyprogenia stegaria,E,Kentucky,5189381
Dromedary Pearlymussel,Dromus dromas,E,Kentucky,5189349
Longsolid,Fusconaia subrotunda,T,Kentucky,2288194
Pink Mucket,Lampsilis abrupta,E,Kentucky,2288132
Pocketbook,Lampsilis ovata,E,Kentucky,2288173
Ring Pink,Obovaria retusa,E,Kentucky,2288366
Round Hickorynut,Obovaria subrotunda,T,Kentucky,2288370
Orangefoot Pimpleback,Plethobasus cooperianus,E,Kentucky,2287976
Sheepnose,Plethobasus cyphyus,E,Kentucky,2287978
Pyramid Pigtoe,Pleurobema rubrum,E,Kentucky,2288082
Fat Pocketbook,Potamilus capax,T,Kentucky,2287988
Bleufer,Potamilus purpuratus,E,Kentucky,2287990
Rabbitsfoot,Theliderma cylindrica,E,Kentucky,7342653
Alligator Snapping Turtle,Macrochelys temminckii,E,Kentucky,5220318
Painted Devil Crayfish,Lacunicambarus ludovicianus,T,Kentucky,10047756
Northern Long-Eared Bat,Myotis septentrionalis,E,Kentucky,2432436
Tricolored Bat,Perimyotis subflavus,T,Kentucky,7665644
American Brook Lamprey,Lethenteron appendix,T,Kentucky,2421396
Eastern Pinesnake,Pituophis melanoleucus,E,Kentucky,9187223
Southeastern Crowned Snake,Tantilla coronata,T,Kentucky,2456522
Western Sand Darter,Ammocrypta clara,E,Kentucky,2381980
Northern Harrier,Circus hudsonius,T,Kentucky,5229175
Common Raven,Corvus corax,T,Kentucky,2482492
Big Sandy Crayfish,Cambarus callainus,T,Kentucky,8899029
Eastern Small-footed Myotis,Myotis leibii,T,Kentucky,2432455
Little Brown Bat,Myotis lucifugus,T,Kentucky,2432406
Northern Long-Eared Bat,Myotis septentrionalis,E,Kentucky,2432436
Tricolored Bat,Perimyotis subflavus,T,Kentucky,7665644
Hooded Merganser,Lophodytes cucullatus,T,Kentucky,2498408
Peregrine Falcon,Falco peregrinus,E,Kentucky,2481047
Pied-billed Grebe,Podilymbus podiceps,E,Kentucky,2482077
Fanshell,Cyprogenia stegaria,E,Kentucky,5189381
Longsolid,Fusconaia subrotunda,T,Kentucky,2288194
Pocketbook,Lampsilis ovata,E,Kentucky,2288173
Sheepnose,Plethobasus cyphyus,E,Kentucky,2287978
Rough Pigtoe,Pleurobema plenum,E,Kentucky,2288073
Little Brown Bat,Myotis lucifugus,T,Kentucky,2432406
Northern Long-Eared Bat,Myotis septentrionalis,E,Kentucky,2432436
Indiana Bat,Myotis sodalis,E,Kentucky,2432418
Tricolored Bat,Perimyotis subflavus,T,Kentucky,7665644
Mississippi Silverside,Menidia audens,T,Kentucky,2412298
Dollar Sunfish,Lepomis marginatus,E,Kentucky,2394497
Redspotted Sunfish,Lepomis miniatus,T,Kentucky,2394505
Lake Chubsucker,Erimyzon sucetta,T,Kentucky,2358939
Cypress Minnow,Hybognathus hayi,E,Kentucky,2364404
Taillight Shiner,Notropis maculatus,T,Kentucky,2362203
Central Mudminnow,Umbra limi,T,Kentucky,5203110
Alligator Gar,Atractosteus spatula,E,Kentucky,2346754
Cypress Darter,Etheostoma proeliare,T,Kentucky,2382292
Northern Harrier,Circus hudsonius,T,Kentucky,5229175
Hooded Merganser,Lophodytes cucullatus,T,Kentucky,2498408
Interior Least Tern,Sternula antillarum athalassos,E,Kentucky,6065773
Peregrine Falcon,Falco peregrinus,E,Kentucky,2481047
American Coot,Fulica americana,E,Kentucky,2474393
Brown Creeper,Certhia americana,T,Kentucky,9581157
Golden-winged Warbler,Vermivora chrysoptera,E,Kentucky,5230811
Great Egret,Ardea alba,T,Kentucky,9752617
Yellow-crowned Night-heron,Nyctanassa violacea,T,Kentucky,2480953
Pied-billed Grebe,Podilymbus podiceps,E,Kentucky,2482077
Longsolid,Fusconaia subrotunda,T,Kentucky,2288194
Pink Mucket,Lampsilis abrupta,E,Kentucky,2288132
Pocketbook,Lampsilis ovata,E,Kentucky,2288173
Ring Pink,Obovaria retusa,E,Kentucky,2288366
Orangefoot Pimpleback,Plethobasus cooperianus,E,Kentucky,2287976
Sheepnose,Plethobasus cyphyus,E,Kentucky,2287978
Pyramid Pigtoe,Pleurobema rubrum,E,Kentucky,2288082
Fat Pocketbook,Potamilus capax,T,Kentucky,2287988
Bleufer,Potamilus purpuratus,E,Kentucky,2287990
Rabbitsfoot,Theliderma cylindrica,E,Kentucky,7342653
Alligator Snapping Turtle,Macrochelys temminckii,E,Kentucky,5220318
Shrimp Crayfish,Faxonius lancifer,E,Kentucky,9059974
Little Brown Bat,Myotis lucifugus,T,Kentucky,2432406
Northern Long-Eared Bat,Myotis septentrionalis,E,Kentucky,2432436
Indiana Bat,Myotis sodalis,E,Kentucky,2432418
Tricolored Bat,Perimyotis subflavus,T,Kentucky,7665644
Cotton Mouse,Peromyscus gossypinus,T,Kentucky,2437988
Lake Sturgeon,Acipenser fulvescens,E,Kentucky,2402120
Mississippi Silverside,Menidia audens,T,Kentucky,2412298
Blackside Dace,Chrosomus cumberlandensis,T,Kentucky,2365380
Blotched Chub,Erimystax insignis,E,Kentucky,2362090
Pallid Shiner,Hybopsis amnis,E,Kentucky,2366623
Palezone Shiner,Miniellus albizonatus,E,Kentucky,
Sawfin Shiner,Paranotropis sp. cf. spectrunculus,E,Kentucky,
Tuxedo Darter,Etheostoma lemniscatum,E,Kentucky,2382399
Cumberland Darter,Etheostoma susanae,E,Kentucky,2382315
Olive Darter,Percina squamata,E,Kentucky,2382079
Hooded Merganser,Lophodytes cucullatus,T,Kentucky,2498408
Blue-winged Teal,Spatula discors,T,Kentucky,9422220
Spotted Sandpiper,Actitis macularius,E,Kentucky,2481798
Common Raven,Corvus corax,T,Kentucky,2482492
Golden-winged Warbler,Vermivora chrysoptera,E,Kentucky,5230811
Vesper Sparrow,Pooecetes gramineus,E,Kentucky,2491728
Pied-billed Grebe,Podilymbus podiceps,E,Kentucky,2482077
Spectaclecase,Cumberlandia monodonta,E,Kentucky,2287869
Cumberland Elktoe,Alasmidonta atropurpurea,E,Kentucky,2287888
Elktoe,Alasmidonta marginata,T,Kentucky,2287889
Cumberland Papershell,Anodontoides denigratus,E,Kentucky,7811712
Fanshell,Cyprogenia stegaria,E,Kentucky,5189381
Dromedary Pearlymussel,Dromus dromas,E,Kentucky,5189349
Cumberlandian Combshell,Epioblasma brevidens,E,Kentucky,2288227
Oyster Mussel,Epioblasma capsaeformis,E,Kentucky,2288229
Snuffbox,Epioblasma triquetra,E,Kentucky,2288218
Tan Riffleshell,Epioblasma walkeri,E,Kentucky,2288207
Longsolid,Fusconaia subrotunda,T,Kentucky,2288194
Pocketbook,Lampsilis ovata,E,Kentucky,2288173
Little Spectaclecase,Leaunio lienosus,T,Kentucky,9765176
Mountain Creekshell,Leaunio vanuxemensis,E,Kentucky,9694733
Cumberland Moccasinshell,Medionidus conradicus,E,Kentucky,2287910
Round Hickorynut,Obovaria subrotunda,T,Kentucky,2288370
Littlewing Pearlymussel,Pegias fabula,E,Kentucky,2287996
Clubshell,Pleurobema clava,E,Kentucky,2288099
Tennessee Clubshell,Pleurobema oviforme,E,Kentucky,2288088
Pyramid Pigtoe,Pleurobema rubrum,E,Kentucky,2288082
Fluted Kidneyshell,Ptychobranchus subtentus,E,Kentucky,7432362
Purple Lilliput,Toxolasma lividum,E,Kentucky,2288024
Cumberland Bean,Venustaconcha troostensis,E,Kentucky,9391459
Big South Fork Crayfish,Cambarus bouchardi,E,Kentucky,2227351
Cumberland Plateau Cave Crayfish,Orconectes barri,T,Kentucky,
Appalachian Cave Crayfish,Orconectes packardi,T,Kentucky,
Eastern Small-footed Myotis,Myotis leibii,T,Kentucky,2432455
Little Brown Bat,Myotis lucifugus,T,Kentucky,2432406
Northern Long-Eared Bat,Myotis septentrionalis,E,Kentucky,2432436
Indiana Bat,Myotis sodalis,E,Kentucky,2432418
Tricolored Bat,Perimyotis subflavus,T,Kentucky,7665644
Mountain Brook Lamprey,Ichthyomyzon greeleyi,T,Kentucky,2421252
Eastern Slender Glass Lizard,Ophisaurus attenuatus longicaudus,T,Kentucky,6160619
Eastern Pinesnake,Pituophis melanoleucus,E,Kentucky,9187223
Southeastern Crowned Snake,Tantilla coronata,T,Kentucky,2456522
Coal Skink,Plestiodon anthracinus,E,Kentucky,4287450
Lake Chubsucker,Erimyzon sucetta,T,Kentucky,2358939
Pallid Shiner,Hybopsis amnis,E,Kentucky,2366623
Northern Harrier,Circus hudsonius,T,Kentucky,5229175
Spotted Sandpiper,Actitis macularius,E,Kentucky,2481798
Short-eared Owl,Asio flammeus,E,Kentucky,2497295
Longsolid,Fusconaia subrotunda,T,Kentucky,2288194
Pocketbook,Lampsilis ovata,E,Kentucky,2288173
Round Hickorynut,Obovaria subrotunda,T,Kentucky,2288370
Pyramid Pigtoe,Pleurobema rubrum,E,Kentucky,2288082
Alligator Snapping Turtle,Macrochelys temminckii,E,Kentucky,5220318
Kirtland's Snake,Clonophis kirtlandii,T,Kentucky,2456368
Copperbelly Watersnake,Nerodia erythrogaster neglecta,T,Kentucky,5223362
Northern Harrier,Circus hudsonius,T,Kentucky,5229175
Hooded Merganser,Lophodytes cucullatus,T,Kentucky,2498408
Northern Shoveler,Spatula clypeata,E,Kentucky,8332393
Blue-winged Teal,Spatula discors,T,Kentucky,9422220
Spotted Sandpiper,Actitis macularius,E,Kentucky,2481798
Peregrine Falcon,Falco peregrinus,E,Kentucky,2481047
American Coot,Fulica americana,E,Kentucky,2474393
Brown Creeper,Certhia americana,T,Kentucky,9581157
Blackburnian Warbler,Setophaga fusca,T,Kentucky,6093199
Red-breasted Nuthatch,Sitta canadensis,E,Kentucky,2484879
Pied-billed Grebe,Podilymbus podiceps,E,Kentucky,2482077
Short-eared Owl,Asio flammeus,E,Kentucky,2497295
Pocketbook,Lampsilis ovata,E,Kentucky,2288173
Ring Pink,Obovaria retusa,E,Kentucky,2288366
Sheepnose,Plethobasus cyphyus,E,Kentucky,2287978
Clubshell,Pleurobema clava,E,Kentucky,2288099
Pyramid Pigtoe,Pleurobema rubrum,E,Kentucky,2288082
Rabbitsfoot,Theliderma cylindrica,E,Kentucky,7342653
Gray Myotis,Myotis grisescens,T,Kentucky,
Eastern Small-footed Myotis,Myotis leibii,T,Kentucky,2432455
Little Brown Bat,Myotis lucifugus,T,Kentucky,2432406
Northern Long-Eared Bat,Myotis septentrionalis,E,Kentucky,2432436
Indiana Bat,Myotis sodalis,E,Kentucky,2432418
Tricolored Bat,Perimyotis subflavus,T,Kentucky,7665644
Northern Harrier,Circus hudsonius,T,Kentucky,5229175
Hooded Merganser,Lophodytes cucullatus,T,Kentucky,2498408
Spotted Sandpiper,Actitis macularius,E,Kentucky,2481798
Peregrine Falcon,Falco peregrinus,E,Kentucky,2481047
Red-breasted Nuthatch,Sitta canadensis,E,Kentucky,2484879
Great Egret,Ardea alba,T,Kentucky,9752617
Pied-billed Grebe,Podilymbus podiceps,E,Kentucky,2482077
Elktoe,Alasmidonta marginata,T,Kentucky,2287889
Snuffbox,Epioblasma triquetra,E,Kentucky,2288218
Pocketbook,Lampsilis ovata,E,Kentucky,2288173
Round Hickorynut,Obovaria subrotunda,T,Kentucky,2288370
Salamander Mussel,Simpsonaias ambigua,T,Kentucky,2288258
Virginia Big-eared Bat,Corynorhinus townsendii virginianus,E,Kentucky,6163669
Eastern Small-footed Myotis,Myotis leibii,T,Kentucky,2432455
Little Brown Bat,Myotis lucifugus,T,Kentucky,2432406
Northern Long-Eared Bat,Myotis septentrionalis,E,Kentucky,2432436
Indiana Bat,Myotis sodalis,E,Kentucky,2432418
Tricolored Bat,Perimyotis subflavus,T,Kentucky,7665644
Northern Brook Lamprey,Ichthyomyzon fossor,T,Kentucky,2421249
American Brook Lamprey,Lethenteron appendix,T,Kentucky,2421396
Northern Harrier,Circus hudsonius,T,Kentucky,5229175
Hooded Merganser,Lophodytes cucullatus,T,Kentucky,2498408
Interior Least Tern,Sternula antillarum athalassos,E,Kentucky,6065773
Spotted Sandpiper,Actitis macularius,E,Kentucky,2481798
Peregrine Falcon,Falco peregrinus,E,Kentucky,2481047
Brown Creeper,Certhia americana,T,Kentucky,9581157
Blackburnian Warbler,Setophaga fusca,T,Kentucky,6093199
Golden-winged Warbler,Vermivora chrysoptera,E,Kentucky,5230811
Least Flycatcher,Empidonax minimus,E,Kentucky,2482791
Great Egret,Ardea alba,T,Kentucky,9752617
Pied-billed Grebe,Podilymbus podiceps,E,Kentucky,2482077
Ring Pink,Obovaria retusa,E,Kentucky,2288366
Round Hickorynut,Obovaria subrotunda,T,Kentucky,2288370
Gray Myotis,Myotis grisescens,T,Kentucky,
Eastern Small-footed Myotis,Myotis leibii,T,Kentucky,2432455
Little Brown Bat,Myotis lucifugus,T,Kentucky,2432406
Tricolored Bat,Perimyotis subflavus,T,Kentucky,7665644
Spotted Darter,Nothonotus maculatus,T,Kentucky,2382235
Brown Creeper,Certhia americana,T,Kentucky,9581157
Pocketbook,Lampsilis ovata,E,Kentucky,2288173
Little Spectaclecase,Leaunio lienosus,T,Kentucky,9765176
Kentucky Creekshell,Leaunio ortmanni,E,Kentucky,9645390
Salamander Mussel,Simpsonaias ambigua,T,Kentucky,2288258
Gray Myotis,Myotis grisescens,T,Kentucky,
Little Brown Bat,Myotis lucifugus,T,Kentucky,2432406
Northern Long-Eared Bat,Myotis septentrionalis,E,Kentucky,2432436
Tricolored Bat,Perimyotis subflavus,T,Kentucky,7665644
Spotted Darter,Nothonotus maculatus,T,Kentucky,2382235
Longhead Darter,Percina macrocephala,E,Kentucky,2382086
Slender Madtom,Noturus exilis,E,Kentucky,2341039
Northern Harrier,Circus hudsonius,T,Kentucky,5229175
Fanshell,Cyprogenia stegaria,E,Kentucky,5189381
Dromedary Pearlymussel,Dromus dromas,E,Kentucky,5189349
Pocketbook,Lampsilis ovata,E,Kentucky,2288173
Little Spectaclecase,Leaunio lienosus,T,Kentucky,9765176
Ring Pink,Obovaria retusa,E,Kentucky,2288366
Sheepnose,Plethobasus cyphyus,E,Kentucky,2287978
Rough Pigtoe,Pleurobema plenum,E,Kentucky,2288073
Pyramid Pigtoe,Pleurobema rubrum,E,Kentucky,2288082
Rabbitsfoot,Theliderma cylindrica,E,Kentucky,7342653
Gray Myotis,Myotis grisescens,T,Kentucky,
Northern Long-Eared Bat,Myotis septentrionalis,E,Kentucky,2432436
Tricolored Bat,Perimyotis subflavus,T,Kentucky,7665644
American Brook Lamprey,Lethenteron appendix,T,Kentucky,2421396
Coal Skink,Plestiodon anthracinus,E,Kentucky,4287450
Spotted Sandpiper,Actitis macularius,E,Kentucky,2481798
Peregrine Falcon,Falco peregrinus,E,Kentucky,2481047
Pied-billed Grebe,Podilymbus podiceps,E,Kentucky,2482077
Snuffbox,Epioblasma triquetra,E,Kentucky,2288218
Little Spectaclecase,Leaunio lienosus,T,Kentucky,9765176
Mountain Creekshell,Leaunio vanuxemensis,E,Kentucky,9694733
Little Brown Bat,Myotis lucifugus,T,Kentucky,2432406
Northern Long-Eared Bat,Myotis septentrionalis,E,Kentucky,2432436
Tricolored Bat,Perimyotis subflavus,T,Kentucky,7665644
Northern Harrier,Circus hudsonius,T,Kentucky,5229175
Hooded Merganser,Lophodytes cucullatus,T,Kentucky,2498408
Common Raven,Corvus corax,T,Kentucky,2482492
Blackburnian Warbler,Setophaga fusca,T,Kentucky,6093199
Golden-winged Warbler,Vermivora chrysoptera,E,Kentucky,5230811
Least Flycatcher,Empidonax minimus,E,Kentucky,2482791
Pied-billed Grebe,Podilymbus podiceps,E,Kentucky,2482077
Snuffbox,Epioblasma triquetra,E,Kentucky,2288218
Pocketbook,Lampsilis ovata,E,Kentucky,2288173
Round Hickorynut,Obovaria subrotunda,T,Kentucky,2288370
Virginia Big-eared Bat,Corynorhinus townsendii virginianus,E,Kentucky,6163669
Eastern Small-footed Myotis,Myotis leibii,T,Kentucky,2432455
Little Brown Bat,Myotis lucifugus,T,Kentucky,2432406
Northern Long-Eared Bat,Myotis septentrionalis,E,Kentucky,2432436
Indiana Bat,Myotis sodalis,E,Kentucky,2432418
Tricolored Bat,Perimyotis subflavus,T,Kentucky,7665644
American Brook Lamprey,Lethenteron appendix,T,Kentucky,2421396
Redspotted Sunfish,Lepomis miniatus,T,Kentucky,2394505
Lake Chubsucker,Erimyzon sucetta,T,Kentucky,2358939
Cypress Minnow,Hybognathus hayi,E,Kentucky,2364404
Northern Harrier,Circus hudsonius,T,Kentucky,5229175
Hooded Merganser,Lophodytes cucullatus,T,Kentucky,2498408
Northern Shoveler,Spatula clypeata,E,Kentucky,8332393
Blue-winged Teal,Spatula discors,T,Kentucky,9422220
Interior Least Tern,Sternula antillarum athalassos,E,Kentucky,6065773
Spotted Sandpiper,Actitis macularius,E,Kentucky,2481798
Peregrine Falcon,Falco peregrinus,E,Kentucky,2481047
American Coot,Fulica americana,E,Kentucky,2474393
Common Gallinule,Gallinula galeata,T,Kentucky,5228200
Brown Creeper,Certhia americana,T,Kentucky,9581157
Golden-winged Warbler,Vermivora chrysoptera,E,Kentucky,5230811
Vesper Sparrow,Pooecetes gramineus,E,Kentucky,2491728
Red-breasted Nuthatch,Sitta canadensis,E,Kentucky,2484879
Least Flycatcher,Empidonax minimus,E,Kentucky,2482791
Great Egret,Ardea alba,T,Kentucky,9752617
Little Blue Heron,Egretta caerulea,E,Kentucky,2480894
Snowy Egret,Egretta thula,E,Kentucky,2480873
Least Bittern,Ixobrychus exilis,T,Kentucky,2480852
Yellow-crowned Night-heron,Nyctanassa violacea,T,Kentucky,2480953
Black-crowned Night-heron,Nycticorax nycticorax,T,Kentucky,2480863
Pied-billed Grebe,Podilymbus podiceps,E,Kentucky,2482077
Short-eared Owl,Asio flammeus,E,Kentucky,2497295
Long-eared Owl,Asio otus,E,Kentucky,2497306
Fanshell,Cyprogenia stegaria,E,Kentucky,5189381
Catspaw,Epioblasma obliquata,E,Kentucky,2288233
Longsolid,Fusconaia subrotunda,T,Kentucky,2288194
Pink Mucket,Lampsilis abrupta,E,Kentucky,2288132
Pocketbook,Lampsilis ovata,E,Kentucky,2288173
Little Spectaclecase,Leaunio lienosus,T,Kentucky,9765176
Round Hickorynut,Obovaria subrotunda,T,Kentucky,2288370
Clubshell,Pleurobema clava,E,Kentucky,2288099
Rough Pigtoe,Pleurobema plenum,E,Kentucky,2288073
Pyramid Pigtoe,Pleurobema rubrum,E,Kentucky,2288082
Salamander Mussel,Simpsonaias ambigua,T,Kentucky,2288258
Gray Myotis,Myotis grisescens,T,Kentucky,
Little Brown Bat,Myotis lucifugus,T,Kentucky,2432406
Northern Long-Eared Bat,Myotis septentrionalis,E,Kentucky,2432436
Tricolored Bat,Perimyotis subflavus,T,Kentucky,7665644
Copperbelly Watersnake,Nerodia erythrogaster neglecta,T,Kentucky,5223362
Northern Harrier,Circus hudsonius,T,Kentucky,5229175
Hooded Merganser,Lophodytes cucullatus,T,Kentucky,2498408
Vesper Sparrow,Pooecetes gramineus,E,Kentucky,2491728
Red-breasted Nuthatch,Sitta canadensis,E,Kentucky,2484879
Great Egret,Ardea alba,T,Kentucky,9752617
Little Blue Heron,Egretta caerulea,E,Kentucky,2480894
Pied-billed Grebe,Podilymbus podiceps,E,Kentucky,2482077
Short-eared Owl,Asio flammeus,E,Kentucky,2497295
Long-eared Owl,Asio otus,E,Kentucky,2497306
Fanshell,Cyprogenia stegaria,E,Kentucky,5189381
Northern Riffleshell,Epioblasma rangiana,E,Kentucky,8007262
Snuffbox,Epioblasma triquetra,E,Kentucky,2288218
Longsolid,Fusconaia subrotunda,T,Kentucky,2288194
Pocketbook,Lampsilis ovata,E,Kentucky,2288173
Little Spectaclecase,Leaunio lienosus,T,Kentucky,9765176
Ring Pink,Obovaria retusa,E,Kentucky,2288366
Round Hickorynut,Obovaria subrotunda,T,Kentucky,2288370
Clubshell,Pleurobema clava,E,Kentucky,2288099
Rough Pigtoe,Pleurobema plenum,E,Kentucky,2288073
Pyramid Pigtoe,Pleurobema rubrum,E,Kentucky,2288082
Salamander Mussel,Simpsonaias ambigua,T,Kentucky,2288258
Purple Lilliput,Toxolasma lividum,E,Kentucky,2288024
Gray Myotis,Myotis grisescens,T,Kentucky,
Little Brown Bat,Myotis lucifugus,T,Kentucky,2432406
Northern Long-Eared Bat,Myotis septentrionalis,E,Kentucky,2432436
Indiana Bat,Myotis sodalis,E,Kentucky,2432418
Tricolored Bat,Perimyotis subflavus,T,Kentucky,7665644
Northern Harrier,Circus hudsonius,T,Kentucky,5229175
Spotted Sandpiper,Actitis macularius,E,Kentucky,2481798
Great Egret,Ardea alba,T,Kentucky,9752617
Black-crowned Night-heron,Nycticorax nycticorax,T,Kentucky,2480863
Short-eared Owl,Asio flammeus,E,Kentucky,2497295
Fanshell,Cyprogenia stegaria,E,Kentucky,5189381
Catspaw,Epioblasma obliquata,E,Kentucky,2288233
Northern Riffleshell,Epioblasma rangiana,E,Kentucky,8007262
Snuffbox,Epioblasma triquetra,E,Kentucky,2288218
Longsolid,Fusconaia subrotunda,T,Kentucky,2288194
Pink Mucket,Lampsilis abrupta,E,Kentucky,2288132
Round Hickorynut,Obovaria subrotunda,T,Kentucky,2288370
Sheepnose,Plethobasus cyphyus,E,Kentucky,2287978
Clubshell,Pleurobema clava,E,Kentucky,2288099
Salamander Mussel,Simpsonaias ambigua,T,Kentucky,2288258
Rabbitsfoot,Theliderma cylindrica,E,Kentucky,7342653
Northern Long-Eared Bat,Myotis septentrionalis,E,Kentucky,2432436
Tricolored Bat,Perimyotis subflavus,T,Kentucky,7665644
Lake Chubsucker,Erimyzon sucetta,T,Kentucky,2358939
Pallid Shiner,Hybopsis amnis,E,Kentucky,2366623
Northern Harrier,Circus hudsonius,T,Kentucky,5229175
Hooded Merganser,Lophodytes cucullatus,T,Kentucky,2498408
Spotted Sandpiper,Actitis macularius,E,Kentucky,2481798
Peregrine Falcon,Falco peregrinus,E,Kentucky,2481047
American Coot,Fulica americana,E,Kentucky,2474393
Common Gallinule,Gallinula galeata,T,Kentucky,5228200
Vesper Sparrow,Pooecetes gramineus,E,Kentucky,2491728
Red-breasted Nuthatch,Sitta canadensis,E,Kentucky,2484879
Least Flycatcher,Empidonax minimus,E,Kentucky,2482791
Great Egret,Ardea alba,T,Kentucky,9752617
Little Blue Heron,Egretta caerulea,E,Kentucky,2480894
Snowy Egret,Egretta thula,E,Kentucky,2480873
Least Bittern,Ixobrychus exilis,T,Kentucky,2480852
Black-crowned Night-heron,Nycticorax nycticorax,T,Kentucky,2480863
Pied-billed Grebe,Podilymbus podiceps,E,Kentucky,2482077
Short-eared Owl,Asio flammeus,E,Kentucky,2497295
Long-eared Owl,Asio otus,E,Kentucky,2497306
Fanshell,Cyprogenia stegaria,E,Kentucky,5189381
Longsolid,Fusconaia subrotunda,T,Kentucky,2288194
Pocketbook,Lampsilis ovata,E,Kentucky,2288173
Little Spectaclecase,Leaunio lienosus,T,Kentucky,9765176
Kentucky Creekshell,Leaunio ortmanni,E,Kentucky,9645390
Round Hickorynut,Obovaria subrotunda,T,Kentucky,2288370
Clubshell,Pleurobema clava,E,Kentucky,2288099
Rough Pigtoe,Pleurobema plenum,E,Kentucky,2288073
Pyramid Pigtoe,Pleurobema rubrum,E,Kentucky,2288082
Rabbitsfoot,Theliderma cylindrica,E,Kentucky,7342653
Little Brown Bat,Myotis lucifugus,T,Kentucky,2432406
Northern Long-Eared Bat,Myotis septentrionalis,E,Kentucky,2432436
Tricolored Bat,Perimyotis subflavus,T,Kentucky,7665644
Kirtland's Snake,Clonophis kirtlandii,T,Kentucky,2456368
Copperbelly Watersnake,Nerodia erythrogaster neglecta,T,Kentucky,5223362
Northern Harrier,Circus hudsonius,T,Kentucky,5229175
Hooded Merganser,Lophodytes cucullatus,T,Kentucky,2498408
Northern Shoveler,Spatula clypeata,E,Kentucky,8332393
Spotted Sandpiper,Actitis macularius,E,Kentucky,2481798
Peregrine Falcon,Falco peregrinus,E,Kentucky,2481047
Brown Creeper,Certhia americana,T,Kentucky,9581157
Least Flycatcher,Empidonax minimus,E,Kentucky,2482791
Yellow-crowned Night-heron,Nyctanassa violacea,T,Kentucky,2480953
Black-crowned Night-heron,Nycticorax nycticorax,T,Kentucky,2480863
Pied-billed Grebe,Podilymbus podiceps,E,Kentucky,2482077
Short-eared Owl,Asio flammeus,E,Kentucky,2497295
Fanshell,Cyprogenia stegaria,E,Kentucky,5189381
Longsolid,Fusconaia subrotunda,T,Kentucky,2288194
Pink Mucket,Lampsilis abrupta,E,Kentucky,2288132
Pocketbook,Lampsilis ovata,E,Kentucky,2288173
Little Spectaclecase,Leaunio lienosus,T,Kentucky,9765176
Ring Pink,Obovaria retusa,E,Kentucky,2288366
Sheepnose,Plethobasus cyphyus,E,Kentucky,2287978
Pyramid Pigtoe,Pleurobema rubrum,E,Kentucky,2288082
Louisville Crayfish,Faxonius jeffersoni,E,Kentucky,8840328
Gray Myotis,Myotis grisescens,T,Kentucky,
Little Brown Bat,Myotis lucifugus,T,Kentucky,2432406
Northern Long-Eared Bat,Myotis septentrionalis,E,Kentucky,2432436
Tricolored Bat,Perimyotis subflavus,T,Kentucky,7665644
Northern Harrier,Circus hudsonius,T,Kentucky,5229175
Hooded Merganser,Lophodytes cucullatus,T,Kentucky,2498408
Northern Shoveler,Spatula clypeata,E,Kentucky,8332393
Spotted Sandpiper,Actitis macularius,E,Kentucky,2481798
Common Gallinule,Gallinula galeata,T,Kentucky,5228200
Brown Creeper,Certhia americana,T,Kentucky,9581157
Vesper Sparrow,Pooecetes gramineus,E,Kentucky,2491728
Red-breasted Nuthatch,Sitta canadensis,E,Kentucky,2484879
Pied-billed Grebe,Podilymbus podiceps,E,Kentucky,2482077
Long-eared Owl,Asio otus,E,Kentucky,2497306
Pink Mucket,Lampsilis abrupta,E,Kentucky,2288132
Pocketbook,Lampsilis ovata,E,Kentucky,2288173
Ring Pink,Obovaria retusa,E,Kentucky,2288366
Round Hickorynut,Obovaria subrotunda,T,Kentucky,2288370
Clubshell,Pleurobema clava,E,Kentucky,2288099
Rough Pigtoe,Pleurobema plenum,E,Kentucky,2288073
Salamander Mussel,Simpsonaias ambigua,T,Kentucky,2288258
Purple Lilliput,Toxolasma lividum,E,Kentucky,2288024
Little Brown Bat,Myotis lucifugus,T,Kentucky,2432406
Northern Long-Eared Bat,Myotis septentrionalis,E,Kentucky,2432436
Indiana Bat,Myotis sodalis,E,Kentucky,2432418
Tricolored Bat,Perimyotis subflavus,T,Kentucky,7665644
Kentucky Arrow Darter,Etheostoma spilotum,T,Kentucky,7542142
Snuffbox,Epioblasma triquetra,E,Kentucky,2288218
Longsolid,Fusconaia subrotunda,T,Kentucky,2288194
Pocketbook,Lampsilis ovata,E,Kentucky,2288173
Little Spectaclecase,Leaunio lienosus,T,Kentucky,9765176
Round Hickorynut,Obovaria subrotunda,T,Kentucky,2288370
Little Brown Bat,Myotis lucifugus,T,Kentucky,2432406
Northern Long-Eared Bat,Myotis septentrionalis,E,Kentucky,2432436
Indiana Bat,Myotis sodalis,E,Kentucky,2432418
Tricolored Bat,Perimyotis subflavus,T,Kentucky,7665644
Slender Madtom,Noturus exilis,E,Kentucky,2341039
Northern Harrier,Circus hudsonius,T,Kentucky,5229175
Peregrine Falcon,Falco peregrinus,E,Kentucky,2481047
Pied-billed Grebe,Podilymbus podiceps,E,Kentucky,2482077
Elktoe,Alasmidonta marginata,T,Kentucky,2287889
Fanshell,Cyprogenia stegaria,E,Kentucky,5189381
Catspaw,Epioblasma obliquata,E,Kentucky,2288233
Northern Riffleshell,Epioblasma rangiana,E,Kentucky,8007262
Snuffbox,Epioblasma triquetra,E,Kentucky,2288218
Longsolid,Fusconaia subrotunda,T,Kentucky,2288194
Pink Mucket,Lampsilis abrupta,E,Kentucky,2288132
Pocketbook,Lampsilis ovata,E,Kentucky,2288173
Round Hickorynut,Obovaria subrotunda,T,Kentucky,2288370
Sheepnose,Plethobasus cyphyus,E,Kentucky,2287978
Clubshell,Pleurobema clava,E,Kentucky,2288099
Rough Pigtoe,Pleurobema plenum,E,Kentucky,2288073
Pyramid Pigtoe,Pleurobema rubrum,E,Kentucky,2288082
Salamander Mussel,Simpsonaias ambigua,T,Kentucky,2288258
Rabbitsfoot,Theliderma cylindrica,E,Kentucky,7342653
Purple Lilliput,Toxolasma lividum,E,Kentucky,2288024
Little Brown Bat,Myotis lucifugus,T,Kentucky,2432406
Indiana Bat,Myotis sodalis,E,Kentucky,2432418
Tricolored Bat,Perimyotis subflavus,T,Kentucky,7665644
Blackside Dace,Chrosomus cumberlandensis,T,Kentucky,2365380
Kentucky Arrow Darter,Etheostoma spilotum,T,Kentucky,7542142
Yellow-spotted Woodland Salamander,Plethodon pauleyi,E,Kentucky,10408173
Common Raven,Corvus corax,T,Kentucky,2482492
Gray Myotis,Myotis grisescens,T,Kentucky,
Eastern Small-footed Myotis,Myotis leibii,T,Kentucky,2432455
Little Brown Bat,Myotis lucifugus,T,Kentucky,2432406
Northern Long-Eared Bat,Myotis septentrionalis,E,Kentucky,2432436
Tricolored Bat,Perimyotis subflavus,T,Kentucky,7665644
Northern Brook Lamprey,Ichthyomyzon fossor,T,Kentucky,2421249
American Brook Lamprey,Lethenteron appendix,T,Kentucky,2421396
Longhead Darter,Percina macrocephala,E,Kentucky,2382086
Yellow-spotted Woodland Salamander,Plethodon pauleyi,E,Kentucky,10408173
Northern Harrier,Circus hudsonius,T,Kentucky,5229175
Spotted Sandpiper,Actitis macularius,E,Kentucky,2481798
Common Raven,Corvus corax,T,Kentucky,2482492
Golden-winged Warbler,Vermivora chrysoptera,E,Kentucky,5230811
Great Egret,Ardea alba,T,Kentucky,9752617
Little Blue Heron,Egretta caerulea,E,Kentucky,2480894
Short-eared Owl,Asio flammeus,E,Kentucky,2497295
Round Hickorynut,Obovaria subrotunda,T,Kentucky,2288370
Big Sandy Crayfish,Cambarus callainus,T,Kentucky,8899029
Gray Myotis,Myotis grisescens,T,Kentucky,
Eastern Small-footed Myotis,Myotis leibii,T,Kentucky,2432455
Little Brown Bat,Myotis lucifugus,T,Kentucky,2432406
Northern Long-Eared Bat,Myotis septentrionalis,E,Kentucky,2432436
Indiana Bat,Myotis sodalis,E,Kentucky,2432418
Tricolored Bat,Perimyotis subflavus,T,Kentucky,7665644
Northern Brook Lamprey,Ichthyomyzon fossor,T,Kentucky,2421249
American Brook Lamprey,Lethenteron appendix,T,Kentucky,2421396
Northern Harrier,Circus hudsonius,T,Kentucky,5229175
Spotted Sandpiper,Actitis macularius,E,Kentucky,2481798
Red-breasted Nuthatch,Sitta canadensis,E,Kentucky,2484879
Elktoe,Alasmidonta marginata,T,Kentucky,2287889
Fanshell,Cyprogenia stegaria,E,Kentucky,5189381
Snuffbox,Epioblasma triquetra,E,Kentucky,2288218
Longsolid,Fusconaia subrotunda,T,Kentucky,2288194
Pocketbook,Lampsilis ovata,E,Kentucky,2288173
Little Spectaclecase,Leaunio lienosus,T,Kentucky,9765176
Round Hickorynut,Obovaria subrotunda,T,Kentucky,2288370
Virginia Big-eared Bat,Corynorhinus townsendii virginianus,E,Kentucky,6163669
Eastern Small-footed Myotis,Myotis leibii,T,Kentucky,2432455
Little Brown Bat,Myotis lucifugus,T,Kentucky,2432406
Northern Long-Eared Bat,Myotis septentrionalis,E,Kentucky,2432436
Indiana Bat,Myotis sodalis,E,Kentucky,2432418
Tricolored Bat,Perimyotis subflavus,T,Kentucky,7665644
Northern Brook Lamprey,Ichthyomyzon fossor,T,Kentucky,2421249
American Brook Lamprey,Lethenteron appendix,T,Kentucky,2421396
Coal Skink,Plestiodon anthracinus,E,Kentucky,4287450
Lake Sturgeon,Acipenser fulvescens,E,Kentucky,2402120
Blackside Dace,Chrosomus cumberlandensis,T,Kentucky,2365380
Blotched Chub,Erimystax insignis,E,Kentucky,2362090
Sawfin Shiner,Paranotropis sp. cf. spectrunculus,E,Kentucky,
Buck Darter,Etheostoma nebra,E,Kentucky,8723745
Olive Darter,Percina squamata,E,Kentucky,2382079
Northern Harrier,Circus hudsonius,T,Kentucky,5229175
Hooded Merganser,Lophodytes cucullatus,T,Kentucky,2498408
Northern Shoveler,Spatula clypeata,E,Kentucky,8332393
Interior Least Tern,Sternula antillarum athalassos,E,Kentucky,6065773
Spotted Sandpiper,Actitis macularius,E,Kentucky,2481798
Peregrine Falcon,Falco peregrinus,E,Kentucky,2481047
American Coot,Fulica americana,E,Kentucky,2474393
Common Gallinule,Gallinula galeata,T,Kentucky,5228200
Brown Creeper,Certhia americana,T,Kentucky,9581157
Common Raven,Corvus corax,T,Kentucky,2482492
Blackburnian Warbler,Setophaga fusca,T,Kentucky,6093199
Golden-winged Warbler,Vermivora chrysoptera,E,Kentucky,5230811
Vesper Sparrow,Pooecetes gramineus,E,Kentucky,2491728
Red-breasted Nuthatch,Sitta canadensis,E,Kentucky,2484879
Least Flycatcher,Empidonax minimus,E,Kentucky,2482791
Great Egret,Ardea alba,T,Kentucky,9752617
Little Blue Heron,Egretta caerulea,E,Kentucky,2480894
Snowy Egret,Egretta thula,E,Kentucky,2480873
Black-crowned Night-heron,Nycticorax nycticorax,T,Kentucky,2480863
Pied-billed Grebe,Podilymbus podiceps,E,Kentucky,2482077
Short-eared Owl,Asio flammeus,E,Kentucky,2497295
Long-eared Owl,Asio otus,E,Kentucky,2497306
Spectaclecase,Cumberlandia monodonta,E,Kentucky,2287869
Cumberland Elktoe,Alasmidonta atropurpurea,E,Kentucky,2287888
Elktoe,Alasmidonta marginata,T,Kentucky,2287889
Dromedary Pearlymussel,Dromus dromas,E,Kentucky,5189349
Cumberlandian Combshell,Epioblasma brevidens,E,Kentucky,2288227
Oyster Mussel,Epioblasma capsaeformis,E,Kentucky,2288229
Snuffbox,Epioblasma triquetra,E,Kentucky,2288218
Tan Riffleshell,Epioblasma walkeri,E,Kentucky,2288207
Longsolid,Fusconaia subrotunda,T,Kentucky,2288194
Pocketbook,Lampsilis ovata,E,Kentucky,2288173
Little Spectaclecase,Leaunio lienosus,T,Kentucky,9765176
Mountain Creekshell,Leaunio vanuxemensis,E,Kentucky,9694733
Cumberland Moccasinshell,Medionidus conradicus,E,Kentucky,2287910
Round Hickorynut,Obovaria subrotunda,T,Kentucky,2288370
Littlewing Pearlymussel,Pegias fabula,E,Kentucky,2287996
Orangefoot Pimpleback,Plethobasus cooperianus,E,Kentucky,2287976
Sheepnose,Plethobasus cyphyus,E,Kentucky,2287978
Clubshell,Pleurobema clava,E,Kentucky,2288099
Tennessee Clubshell,Pleurobema oviforme,E,Kentucky,2288088
Pyramid Pigtoe,Pleurobema rubrum,E,Kentucky,2288082
Fluted Kidneyshell,Ptychobranchus subtentus,E,Kentucky,7432362
Rabbitsfoot,Theliderma cylindrica,E,Kentucky,7342653
Purple Lilliput,Toxolasma lividum,E,Kentucky,2288024
Cumberland Bean,Venustaconcha troostensis,E,Kentucky,9391459
Appalachian Cave Crayfish,Orconectes packardi,T,Kentucky,
Virginia Big-eared Bat,Corynorhinus townsendii virginianus,E,Kentucky,6163669
Gray Myotis,Myotis grisescens,T,Kentucky,
Eastern Small-footed Myotis,Myotis leibii,T,Kentucky,2432455
Little Brown Bat,Myotis lucifugus,T,Kentucky,2432406
Northern Long-Eared Bat,Myotis septentrionalis,E,Kentucky,2432436
Indiana Bat,Myotis sodalis,E,Kentucky,2432418
Tricolored Bat,Perimyotis subflavus,T,Kentucky,7665644
Mountain Brook Lamprey,Ichthyomyzon greeleyi,T,Kentucky,2421252
Eastern Slender Glass Lizard,Ophisaurus attenuatus longicaudus,T,Kentucky,6160619
Coal Skink,Plestiodon anthracinus,E,Kentucky,4287450
Brown Creeper,Certhia americana,T,Kentucky,9581157
Elktoe,Alasmidonta marginata,T,Kentucky,2287889
Fanshell,Cyprogenia stegaria,E,Kentucky,5189381
Longsolid,Fusconaia subrotunda,T,Kentucky,2288194
Pocketbook,Lampsilis ovata,E,Kentucky,2288173
Round Hickorynut,Obovaria subrotunda,T,Kentucky,2288370
Clubshell,Pleurobema clava,E,Kentucky,2288099
Salamander Mussel,Simpsonaias ambigua,T,Kentucky,2288258
Tricolored Bat,Perimyotis subflavus,T,Kentucky,7665644
Buck Darter,Etheostoma nebra,E,Kentucky,8723745
Olive Darter,Percina squamata,E,Kentucky,2382079
Northern Harrier,Circus hudsonius,T,Kentucky,5229175
Hooded Merganser,Lophodytes cucullatus,T,Kentucky,2498408
Spotted Sandpiper,Actitis macularius,E,Kentucky,2481798
American Coot,Fulica americana,E,Kentucky,2474393
Great Egret,Ardea alba,T,Kentucky,9752617
Pied-billed Grebe,Podilymbus podiceps,E,Kentucky,2482077
Cumberland Elktoe,Alasmidonta atropurpurea,E,Kentucky,2287888
Elktoe,Alasmidonta marginata,T,Kentucky,2287889
Longsolid,Fusconaia subrotunda,T,Kentucky,2288194
Pocketbook,Lampsilis ovata,E,Kentucky,2288173
Little Spectaclecase,Leaunio lienosus,T,Kentucky,9765176
Cumberland Moccasinshell,Medionidus conradicus,E,Kentucky,2287910
Round Hickorynut,Obovaria subrotunda,T,Kentucky,2288370
Littlewing Pearlymussel,Pegias fabula,E,Kentucky,2287996
Tennessee Clubshell,Pleurobema oviforme,E,Kentucky,2288088
Fluted Kidneyshell,Ptychobranchus subtentus,E,Kentucky,7432362
Rabbitsfoot,Theliderma cylindrica,E,Kentucky,7342653
Purple Lilliput,Toxolasma lividum,E,Kentucky,2288024
Cumberland Bean,Venustaconcha troostensis,E,Kentucky,9391459
Appalachian Cave Crayfish,Orconectes packardi,T,Kentucky,
Virginia Big-eared Bat,Corynorhinus townsendii virginianus,E,Kentucky,6163669
Gray Myotis,Myotis grisescens,T,Kentucky,
Eastern Small-footed Myotis,Myotis leibii,T,Kentucky,2432455
Little Brown Bat,Myotis lucifugus,T,Kentucky,2432406
Northern Long-Eared Bat,Myotis septentrionalis,E,Kentucky,2432436
Indiana Bat,Myotis sodalis,E,Kentucky,2432418
Tricolored Bat,Perimyotis subflavus,T,Kentucky,7665644
Mountain Brook Lamprey,Ichthyomyzon greeleyi,T,Kentucky,2421252
Coal Skink,Plestiodon anthracinus,E,Kentucky,4287450
Northern Harrier,Circus hudsonius,T,Kentucky,5229175
Hooded Merganser,Lophodytes cucullatus,T,Kentucky,2498408
Northern Shoveler,Spatula clypeata,E,Kentucky,8332393
Blue-winged Teal,Spatula discors,T,Kentucky,9422220
Interior Least Tern,Sternula antillarum athalassos,E,Kentucky,6065773
Spotted Sandpiper,Actitis macularius,E,Kentucky,2481798
Peregrine Falcon,Falco peregrinus,E,Kentucky,2481047
American Coot,Fulica americana,E,Kentucky,2474393
Common Gallinule,Gallinula galeata,T,Kentucky,5228200
Brown Creeper,Certhia americana,T,Kentucky,9581157
Blackburnian Warbler,Setophaga fusca,T,Kentucky,6093199
Golden-winged Warbler,Vermivora chrysoptera,E,Kentucky,5230811
Least Flycatcher,Empidonax minimus,E,Kentucky,2482791
Great Egret,Ardea alba,T,Kentucky,9752617
Little Blue Heron,Egretta caerulea,E,Kentucky,2480894
Black-crowned Night-heron,Nycticorax nycticorax,T,Kentucky,2480863
Pied-billed Grebe,Podilymbus podiceps,E,Kentucky,2482077
Snuffbox,Epioblasma triquetra,E,Kentucky,2288218
Longsolid,Fusconaia subrotunda,T,Kentucky,2288194
Pink Mucket,Lampsilis abrupta,E,Kentucky,2288132
Pocketbook,Lampsilis ovata,E,Kentucky,2288173
Round Hickorynut,Obovaria subrotunda,T,Kentucky,2288370
Virginia Big-eared Bat,Corynorhinus townsendii virginianus,E,Kentucky,6163669
Gray Myotis,Myotis grisescens,T,Kentucky,
Eastern Small-footed Myotis,Myotis leibii,T,Kentucky,2432455
Little Brown Bat,Myotis lucifugus,T,Kentucky,2432406
Northern Long-Eared Bat,Myotis septentrionalis,E,Kentucky,2432436
Indiana Bat,Myotis sodalis,E,Kentucky,2432418
Tricolored Bat,Perimyotis subflavus,T,Kentucky,7665644
Northern Brook Lamprey,Ichthyomyzon fossor,T,Kentucky,2421249
Scarlet Kingsnake,Lampropeltis elapsoides,E,Kentucky,7794320
Lake Sturgeon,Acipenser fulvescens,E,Kentucky,2402120
Northern Harrier,Circus hudsonius,T,Kentucky,5229175
Hooded Merganser,Lophodytes cucullatus,T,Kentucky,2498408
Spotted Sandpiper,Actitis macularius,E,Kentucky,2481798
Golden-winged Warbler,Vermivora chrysoptera,E,Kentucky,5230811
Red-breasted Nuthatch,Sitta canadensis,E,Kentucky,2484879
Brown-headed Nuthatch,Sitta pusilla,E,Kentucky,2484904
Great Egret,Ardea alba,T,Kentucky,9752617
Pied-billed Grebe,Podilymbus podiceps,E,Kentucky,2482077
Spectaclecase,Cumberlandia monodonta,E,Kentucky,2287869
Elktoe,Alasmidonta marginata,T,Kentucky,2287889
Fanshell,Cyprogenia stegaria,E,Kentucky,5189381
Dromedary Pearlymussel,Dromus dromas,E,Kentucky,5189349
Cumberlandian Combshell,Epioblasma brevidens,E,Kentucky,2288227
Oyster Mussel,Epioblasma capsaeformis,E,Kentucky,2288229
Catspaw,Epioblasma obliquata,E,Kentucky,2288233
Snuffbox,Epioblasma triquetra,E,Kentucky,2288218
Tan Riffleshell,Epioblasma walkeri,E,Kentucky,2288207
Longsolid,Fusconaia subrotunda,T,Kentucky,2288194
Pink Mucket,Lampsilis abrupta,E,Kentucky,2288132
Pocketbook,Lampsilis ovata,E,Kentucky,2288173
Little Spectaclecase,Leaunio lienosus,T,Kentucky,9765176
Cumberland Moccasinshell,Medionidus conradicus,E,Kentucky,2287910
Ring Pink,Obovaria retusa,E,Kentucky,2288366
Round Hickorynut,Obovaria subrotunda,T,Kentucky,2288370
Orangefoot Pimpleback,Plethobasus cooperianus,E,Kentucky,2287976
Sheepnose,Plethobasus cyphyus,E,Kentucky,2287978
Tennessee Clubshell,Pleurobema oviforme,E,Kentucky,2288088
Rough Pigtoe,Pleurobema plenum,E,Kentucky,2288073
Pyramid Pigtoe,Pleurobema rubrum,E,Kentucky,2288082
Rabbitsfoot,Theliderma cylindrica,E,Kentucky,7342653
Purple Lilliput,Toxolasma lividum,E,Kentucky,2288024
Cumberland Bean,Venustaconcha troostensis,E,Kentucky,9391459
Eastern Small-footed Myotis,Myotis leibii,T,Kentucky,2432455
Little Brown Bat,Myotis lucifugus,T,Kentucky,2432406
Northern Long-Eared Bat,Myotis septentrionalis,E,Kentucky,2432436
Tricolored Bat,Perimyotis subflavus,T,Kentucky,7665644
Northern Harrier,Circus hudsonius,T,Kentucky,5229175
Golden-winged Warbler,Vermivora chrysoptera,E,Kentucky,5230811
Least Flycatcher,Empidonax minimus,E,Kentucky,2482791
Pied-billed Grebe,Podilymbus podiceps,E,Kentucky,2482077
Short-eared Owl,Asio flammeus,E,Kentucky,2497295
Cumberland Elktoe,Alasmidonta atropurpurea,E,Kentucky,2287888
Elktoe,Alasmidonta marginata,T,Kentucky,2287889
Gray Myotis,Myotis grisescens,T,Kentucky,
Little Brown Bat,Myotis lucifugus,T,Kentucky,2432406
Northern Long-Eared Bat,Myotis septentrionalis,E,Kentucky,2432436
Indiana Bat,Myotis sodalis,E,Kentucky,2432418
Tricolored Bat,Perimyotis subflavus,T,Kentucky,7665644
Northern Harrier,Circus hudsonius,T,Kentucky,5229175
Hooded Merganser,Lophodytes cucullatus,T,Kentucky,2498408
Spotted Sandpiper,Actitis macularius,E,Kentucky,2481798
Peregrine Falcon,Falco peregrinus,E,Kentucky,2481047
Least Flycatcher,Empidonax minimus,E,Kentucky,2482791
Great Egret,Ardea alba,T,Kentucky,9752617
Black-crowned Night-heron,Nycticorax nycticorax,T,Kentucky,2480863
Pied-billed Grebe,Podilymbus podiceps,E,Kentucky,2482077
Short-eared Owl,Asio flammeus,E,Kentucky,2497295
Long-eared Owl,Asio otus,E,Kentucky,2497306
Salamander Mussel,Simpsonaias ambigua,T,Kentucky,2288258
Little Brown Bat,Myotis lucifugus,T,Kentucky,2432406
Indiana Bat,Myotis sodalis,E,Kentucky,2432418
Flame Chub,Hemitremia flammea,E,Kentucky,2367245
Spotted Darter,Nothonotus maculatus,T,Kentucky,2382235
Slender Madtom,Noturus exilis,E,Kentucky,2341039
Hooded Merganser,Lophodytes cucullatus,T,Kentucky,2498408
Blue-winged Teal,Spatula discors,T,Kentucky,9422220
Spotted Sandpiper,Actitis macularius,E,Kentucky,2481798
American Coot,Fulica americana,E,Kentucky,2474393
Great Egret,Ardea alba,T,Kentucky,9752617
Pied-billed Grebe,Podilymbus podiceps,E,Kentucky,2482077
Elktoe,Alasmidonta marginata,T,Kentucky,2287889
Pocketbook,Lampsilis ovata,E,Kentucky,2288173
Kentucky Creekshell,Leaunio ortmanni,E,Kentucky,9645390
Mountain Creekshell,Leaunio vanuxemensis,E,Kentucky,9694733
Purple Lilliput,Toxolasma lividum,E,Kentucky,2288024
Gray Myotis,Myotis grisescens,T,Kentucky,
Tricolored Bat,Perimyotis subflavus,T,Kentucky,7665644
Northern Harrier,Circus hudsonius,T,Kentucky,5229175
Brown Creeper,Certhia americana,T,Kentucky,9581157
Great Egret,Ardea alba,T,Kentucky,9752617
Pied-billed Grebe,Podilymbus podiceps,E,Kentucky,2482077
Fanshell,Cyprogenia stegaria,E,Kentucky,5189381
Snuffbox,Epioblasma triquetra,E,Kentucky,2288218
Round Hickorynut,Obovaria subrotunda,T,Kentucky,2288370
Clubshell,Pleurobema clava,E,Kentucky,2288099
Pyramid Pigtoe,Pleurobema rubrum,E,Kentucky,2288082
Purple Lilliput,Toxolasma lividum,E,Kentucky,2288024
Gray Myotis,Myotis grisescens,T,Kentucky,
Little Brown Bat,Myotis lucifugus,T,Kentucky,2432406
Northern Long-Eared Bat,Myotis septentrionalis,E,Kentucky,2432436
Indiana Bat,Myotis sodalis,E,Kentucky,2432418
Tricolored Bat,Perimyotis subflavus,T,Kentucky,7665644
Western Sand Darter,Ammocrypta clara,E,Kentucky,2381980
Longhead Darter,Percina macrocephala,E,Kentucky,2382086
Northern Harrier,Circus hudsonius,T,Kentucky,5229175
Hooded Merganser,Lophodytes cucullatus,T,Kentucky,2498408
Spotted Sandpiper,Actitis macularius,E,Kentucky,2481798
Great Egret,Ardea alba,T,Kentucky,9752617
Pied-billed Grebe,Podilymbus podiceps,E,Kentucky,2482077
Short-eared Owl,Asio flammeus,E,Kentucky,2497295
Elktoe,Alasmidonta marginata,T,Kentucky,2287889
Fanshell,Cyprogenia stegaria,E,Kentucky,5189381
Northern Riffleshell,Epioblasma rangiana,E,Kentucky,8007262
Snuffbox,Epioblasma triquetra,E,Kentucky,2288218
Longsolid,Fusconaia subrotunda,T,Kentucky,2288194
Pocketbook,Lampsilis ovata,E,Kentucky,2288173
Little Spectaclecase,Leaunio lienosus,T,Kentucky,9765176
Clubshell,Pleurobema clava,E,Kentucky,2288099
Rabbitsfoot,Theliderma cylindrica,E,Kentucky,7342653
Purple Lilliput,Toxolasma lividum,E,Kentucky,2288024
Gray Myotis,Myotis grisescens,T,Kentucky,
Little Brown Bat,Myotis lucifugus,T,Kentucky,2432406
Northern Long-Eared Bat,Myotis septentrionalis,E,Kentucky,2432436
Indiana Bat,Myotis sodalis,E,Kentucky,2432418
Tricolored Bat,Perimyotis subflavus,T,Kentucky,7665644
American Brook Lamprey,Lethenteron appendix,T,Kentucky,2421396
Redspotted Sunfish,Lepomis miniatus,T,Kentucky,2394505
Northern Harrier,Circus hudsonius,T,Kentucky,5229175
Hooded Merganser,Lophodytes cucullatus,T,Kentucky,2498408
Interior Least Tern,Sternula antillarum athalassos,E,Kentucky,6065773
Great Egret,Ardea alba,T,Kentucky,9752617
Little Blue Heron,Egretta caerulea,E,Kentucky,2480894
Snowy Egret,Egretta thula,E,Kentucky,2480873
Pied-billed Grebe,Podilymbus podiceps,E,Kentucky,2482077
Fanshell,Cyprogenia stegaria,E,Kentucky,5189381
Pocketbook,Lampsilis ovata,E,Kentucky,2288173
Little Spectaclecase,Leaunio lienosus,T,Kentucky,9765176
Mountain Creekshell,Leaunio vanuxemensis,E,Kentucky,9694733
Ring Pink,Obovaria retusa,E,Kentucky,2288366
Round Hickorynut,Obovaria subrotunda,T,Kentucky,2288370
Littlewing Pearlymussel,Pegias fabula,E,Kentucky,2287996
Fluted Kidneyshell,Ptychobranchus subtentus,E,Kentucky,7432362
Purple Lilliput,Toxolasma lividum,E,Kentucky,2288024
Eastern Slender Glass Lizard,Ophisaurus attenuatus longicaudus,T,Kentucky,6160619
Lake Sturgeon,Acipenser fulvescens,E,Kentucky,2402120
Mississippi Silverside,Menidia audens,T,Kentucky,2412298
Redspotted Sunfish,Lepomis miniatus,T,Kentucky,2394505
Cypress Darter,Etheostoma proeliare,T,Kentucky,2382292
Smallscale Darter,Nothonotus microlepidus,E,Kentucky,7368878
Slender Madtom,Noturus exilis,E,Kentucky,2341039
Northern Harrier,Circus hudsonius,T,Kentucky,5229175
Hooded Merganser,Lophodytes cucullatus,T,Kentucky,2498408
Northern Shoveler,Spatula clypeata,E,Kentucky,8332393
Blue-winged Teal,Spatula discors,T,Kentucky,9422220
Interior Least Tern,Sternula antillarum athalassos,E,Kentucky,6065773
Spotted Sandpiper,Actitis macularius,E,Kentucky,2481798
Peregrine Falcon,Falco peregrinus,E,Kentucky,2481047
American Coot,Fulica americana,E,Kentucky,2474393
Brown Creeper,Certhia americana,T,Kentucky,9581157
Blackburnian Warbler,Setophaga fusca,T,Kentucky,6093199
Golden-winged Warbler,Vermivora chrysoptera,E,Kentucky,5230811
Bachman's Sparrow,Peucaea aestivalis,E,Kentucky,7341544
Vesper Sparrow,Pooecetes gramineus,E,Kentucky,2491728
Red-breasted Nuthatch,Sitta canadensis,E,Kentucky,2484879
Least Flycatcher,Empidonax minimus,E,Kentucky,2482791
Great Egret,Ardea alba,T,Kentucky,9752617
Little Blue Heron,Egretta caerulea,E,Kentucky,2480894
Snowy Egret,Egretta thula,E,Kentucky,2480873
Black-crowned Night-heron,Nycticorax nycticorax,T,Kentucky,2480863
Pied-billed Grebe,Podilymbus podiceps,E,Kentucky,2482077
Short-eared Owl,Asio flammeus,E,Kentucky,2497295
Elktoe,Alasmidonta marginata,T,Kentucky,2287889
Little Spectaclecase,Leaunio lienosus,T,Kentucky,9765176
Dwarf Rainbow,Leaunio pataecus,E,Kentucky,9671252
Mountain Creekshell,Leaunio vanuxemensis,E,Kentucky,9694733
Ring Pink,Obovaria retusa,E,Kentucky,2288366
Orangefoot Pimpleback,Plethobasus cooperianus,E,Kentucky,2287976
Purple Lilliput,Toxolasma lividum,E,Kentucky,2288024
Kentucky Crayfish,Faxonius kentuckiensis,T,Kentucky,8819880
Warpaint Mudbug,Lacunicambarus erythrodactylus,T,Kentucky,10146931
Gray Myotis,Myotis grisescens,T,Kentucky,
Little Brown Bat,Myotis lucifugus,T,Kentucky,2432406
Northern Long-Eared Bat,Myotis septentrionalis,E,Kentucky,2432436
Indiana Bat,Myotis sodalis,E,Kentucky,2432418
Tricolored Bat,Perimyotis subflavus,T,Kentucky,7665644
Scarlet Kingsnake,Lampropeltis elapsoides,E,Kentucky,7794320
Eastern Pinesnake,Pituophis melanoleucus,E,Kentucky,9187223
Southeastern Crowned Snake,Tantilla coronata,T,Kentucky,2456522
Western Pygmy Rattlesnake,Sistrurus miliarius streckeri,E,Kentucky,6157551
Peregrine Falcon,Falco peregrinus,E,Kentucky,2481047
Ring Pink,Obovaria retusa,E,Kentucky,2288366
Pyramid Pigtoe,Pleurobema rubrum,E,Kentucky,2288082
Rabbitsfoot,Theliderma cylindrica,E,Kentucky,7342653
Gray Myotis,Myotis grisescens,T,Kentucky,
Little Brown Bat,Myotis lucifugus,T,Kentucky,2432406
Indiana Bat,Myotis sodalis,E,Kentucky,2432418
Tricolored Bat,Perimyotis subflavus,T,Kentucky,7665644
Lake Sturgeon,Acipenser fulvescens,E,Kentucky,2402120
Mississippi Silverside,Menidia audens,T,Kentucky,2412298
Cypress Minnow,Hybognathus hayi,E,Kentucky,2364404
Northern Harrier,Circus hudsonius,T,Kentucky,5229175
Hooded Merganser,Lophodytes cucullatus,T,Kentucky,2498408
Northern Shoveler,Spatula clypeata,E,Kentucky,8332393
Blue-winged Teal,Spatula discors,T,Kentucky,9422220
Interior Least Tern,Sternula antillarum athalassos,E,Kentucky,6065773
Spotted Sandpiper,Actitis macularius,E,Kentucky,2481798
Peregrine Falcon,Falco peregrinus,E,Kentucky,2481047
American Coot,Fulica americana,E,Kentucky,2474393
Common Gallinule,Gallinula galeata,T,Kentucky,5228200
Brown Creeper,Certhia americana,T,Kentucky,9581157
Golden-winged Warbler,Vermivora chrysoptera,E,Kentucky,5230811
Least Flycatcher,Empidonax minimus,E,Kentucky,2482791
Great Egret,Ardea alba,T,Kentucky,9752617
Snowy Egret,Egretta thula,E,Kentucky,2480873
Least Bittern,Ixobrychus exilis,T,Kentucky,2480852
Yellow-crowned Night-heron,Nyctanassa violacea,T,Kentucky,2480953
Black-crowned Night-heron,Nycticorax nycticorax,T,Kentucky,2480863
Pied-billed Grebe,Podilymbus podiceps,E,Kentucky,2482077
Short-eared Owl,Asio flammeus,E,Kentucky,2497295
Pocketbook,Lampsilis ovata,E,Kentucky,2288173
Ring Pink,Obovaria retusa,E,Kentucky,2288366
Round Hickorynut,Obovaria subrotunda,T,Kentucky,2288370
Clubshell,Pleurobema clava,E,Kentucky,2288099
Pyramid Pigtoe,Pleurobema rubrum,E,Kentucky,2288082
Fat Pocketbook,Potamilus capax,T,Kentucky,2287988
Texas Lilliput,Toxolasma texasiense,T,Kentucky,8238701
Gray Myotis,Myotis grisescens,T,Kentucky,
Little Brown Bat,Myotis lucifugus,T,Kentucky,2432406
Northern Long-Eared Bat,Myotis septentrionalis,E,Kentucky,2432436
Indiana Bat,Myotis sodalis,E,Kentucky,2432418
Tricolored Bat,Perimyotis subflavus,T,Kentucky,7665644
Copperbelly Watersnake,Nerodia erythrogaster neglecta,T,Kentucky,5223362
Pallid Shiner,Hybopsis amnis,E,Kentucky,2366623
Western Sand Darter,Ammocrypta clara,E,Kentucky,2381980
Spotted Darter,Nothonotus maculatus,T,Kentucky,2382235
Longhead Darter,Percina macrocephala,E,Kentucky,2382086
Slender Madtom,Noturus exilis,E,Kentucky,2341039
Yellow-spotted Woodland Salamander,Plethodon pauleyi,E,Kentucky,10408173
Northern Harrier,Circus hudsonius,T,Kentucky,5229175
Hooded Merganser,Lophodytes cucullatus,T,Kentucky,2498408
Northern Shoveler,Spatula clypeata,E,Kentucky,8332393
Blue-winged Teal,Spatula discors,T,Kentucky,9422220
Interior Least Tern,Sternula antillarum athalassos,E,Kentucky,6065773
Spotted Sandpiper,Actitis macularius,E,Kentucky,2481798
Peregrine Falcon,Falco peregrinus,E,Kentucky,2481047
American Coot,Fulica americana,E,Kentucky,2474393
Brown Creeper,Certhia americana,T,Kentucky,9581157
Blackburnian Warbler,Setophaga fusca,T,Kentucky,6093199
Golden-winged Warbler,Vermivora chrysoptera,E,Kentucky,5230811
Vesper Sparrow,Pooecetes gramineus,E,Kentucky,2491728
Red-breasted Nuthatch,Sitta canadensis,E,Kentucky,2484879
Least Flycatcher,Empidonax minimus,E,Kentucky,2482791
Great Egret,Ardea alba,T,Kentucky,9752617
Little Blue Heron,Egretta caerulea,E,Kentucky,2480894
Snowy Egret,Egretta thula,E,Kentucky,2480873
Yellow-crowned Night-heron,Nyctanassa violacea,T,Kentucky,2480953
Black-crowned Night-heron,Nycticorax nycticorax,T,Kentucky,2480863
Pied-billed Grebe,Podilymbus podiceps,E,Kentucky,2482077
Short-eared Owl,Asio flammeus,E,Kentucky,2497295
Long-eared Owl,Asio otus,E,Kentucky,2497306
Spectaclecase,Cumberlandia monodonta,E,Kentucky,2287869
Elktoe,Alasmidonta marginata,T,Kentucky,2287889
Fanshell,Cyprogenia stegaria,E,Kentucky,5189381
Catspaw,Epioblasma obliquata,E,Kentucky,2288233
Northern Riffleshell,Epioblasma rangiana,E,Kentucky,8007262
Snuffbox,Epioblasma triquetra,E,Kentucky,2288218
Longsolid,Fusconaia subrotunda,T,Kentucky,2288194
Pink Mucket,Lampsilis abrupta,E,Kentucky,2288132
Pocketbook,Lampsilis ovata,E,Kentucky,2288173
Little Spectaclecase,Leaunio lienosus,T,Kentucky,9765176
Kentucky Creekshell,Leaunio ortmanni,E,Kentucky,9645390
Ring Pink,Obovaria retusa,E,Kentucky,2288366
Round Hickorynut,Obovaria subrotunda,T,Kentucky,2288370
Sheepnose,Plethobasus cyphyus,E,Kentucky,2287978
Clubshell,Pleurobema clava,E,Kentucky,2288099
Rough Pigtoe,Pleurobema plenum,E,Kentucky,2288073
Pyramid Pigtoe,Pleurobema rubrum,E,Kentucky,2288082
Bleufer,Potamilus purpuratus,E,Kentucky,2287990
Salamander Mussel,Simpsonaias ambigua,T,Kentucky,2288258
Rabbitsfoot,Theliderma cylindrica,E,Kentucky,7342653
Purple Lilliput,Toxolasma lividum,E,Kentucky,2288024
Gray Myotis,Myotis grisescens,T,Kentucky,
Little Brown Bat,Myotis lucifugus,T,Kentucky,2432406
Northern Long-Eared Bat,Myotis septentrionalis,E,Kentucky,2432436
Indiana Bat,Myotis sodalis,E,Kentucky,2432418
Tricolored Bat,Perimyotis subflavus,T,Kentucky,7665644
Mountain Brook Lamprey,Ichthyomyzon greeleyi,T,Kentucky,2421252
American Brook Lamprey,Lethenteron appendix,T,Kentucky,2421396
Southeastern Crowned Snake,Tantilla coronata,T,Kentucky,2456522
Peregrine Falcon,Falco peregrinus,E,Kentucky,2481047
Salamander Mussel,Simpsonaias ambigua,T,Kentucky,2288258
Lake Sturgeon,Acipenser fulvescens,E,Kentucky,2402120
Blotched Chub,Erimystax insignis,E,Kentucky,2362090
Pallid Shiner,Hybopsis amnis,E,Kentucky,2366623
Palezone Shiner,Miniellus albizonatus,E,Kentucky,
Sawfin Shiner,Paranotropis sp. cf. spectrunculus,E,Kentucky,
Western Sand Darter,Ammocrypta clara,E,Kentucky,2381980
Longhead Darter,Percina macrocephala,E,Kentucky,2382086
Northern Harrier,Circus hudsonius,T,Kentucky,5229175
Hooded Merganser,Lophodytes cucullatus,T,Kentucky,2498408
Blue-winged Teal,Spatula discors,T,Kentucky,9422220
Spotted Sandpiper,Actitis macularius,E,Kentucky,2481798
American Coot,Fulica americana,E,Kentucky,2474393
Brown Creeper,Certhia americana,T,Kentucky,9581157
Vesper Sparrow,Pooecetes gramineus,E,Kentucky,2491728
Red-breasted Nuthatch,Sitta canadensis,E,Kentucky,2484879
Great Egret,Ardea alba,T,Kentucky,9752617
Little Blue Heron,Egretta caerulea,E,Kentucky,2480894
Snowy Egret,Egretta thula,E,Kentucky,2480873
Pied-billed Grebe,Podilymbus podiceps,E,Kentucky,2482077
Short-eared Owl,Asio flammeus,E,Kentucky,2497295
Spectaclecase,Cumberlandia monodonta,E,Kentucky,2287869
Elktoe,Alasmidonta marginata,T,Kentucky,2287889
Fanshell,Cyprogenia stegaria,E,Kentucky,5189381
Dromedary Pearlymussel,Dromus dromas,E,Kentucky,5189349
Cumberlandian Combshell,Epioblasma brevidens,E,Kentucky,2288227
Oyster Mussel,Epioblasma capsaeformis,E,Kentucky,2288229
Longsolid,Fusconaia subrotunda,T,Kentucky,2288194
Pink Mucket,Lampsilis abrupta,E,Kentucky,2288132
Pocketbook,Lampsilis ovata,E,Kentucky,2288173
Little Spectaclecase,Leaunio lienosus,T,Kentucky,9765176
Mountain Creekshell,Leaunio vanuxemensis,E,Kentucky,9694733
Cumberland Moccasinshell,Medionidus conradicus,E,Kentucky,2287910
Ring Pink,Obovaria retusa,E,Kentucky,2288366
Round Hickorynut,Obovaria subrotunda,T,Kentucky,2288370
Littlewing Pearlymussel,Pegias fabula,E,Kentucky,2287996
Orangefoot Pimpleback,Plethobasus cooperianus,E,Kentucky,2287976
Sheepnose,Plethobasus cyphyus,E,Kentucky,2287978
Tennessee Clubshell,Pleurobema oviforme,E,Kentucky,2288088
Rough Pigtoe,Pleurobema plenum,E,Kentucky,2288073
Pyramid Pigtoe,Pleurobema rubrum,E,Kentucky,2288082
Fluted Kidneyshell,Ptychobranchus subtentus,E,Kentucky,7432362
Purple Lilliput,Toxolasma lividum,E,Kentucky,2288024
Cumberland Bean,Venustaconcha troostensis,E,Kentucky,9391459
Cumberland Plateau Cave Crayfish,Orconectes barri,T,Kentucky,
Gray Myotis,Myotis grisescens,T,Kentucky,
Eastern Small-footed Myotis,Myotis leibii,T,Kentucky,2432455
Little Brown Bat,Myotis lucifugus,T,Kentucky,2432406
Northern Long-Eared Bat,Myotis septentrionalis,E,Kentucky,2432436
Indiana Bat,Myotis sodalis,E,Kentucky,2432418
Tricolored Bat,Perimyotis subflavus,T,Kentucky,7665644
Mountain Brook Lamprey,Ichthyomyzon greeleyi,T,Kentucky,2421252
Northern Harrier,Circus hudsonius,T,Kentucky,5229175
Spotted Sandpiper,Actitis macularius,E,Kentucky,2481798
Peregrine Falcon,Falco peregrinus,E,Kentucky,2481047
Pied-billed Grebe,Podilymbus podiceps,E,Kentucky,2482077
Little Spectaclecase,Leaunio lienosus,T,Kentucky,9765176
Texas Lilliput,Toxolasma texasiense,T,Kentucky,8238701
Kentucky Crayfish,Faxonius kentuckiensis,T,Kentucky,8819880
Copperbelly Watersnake,Nerodia erythrogaster neglecta,T,Kentucky,5223362
Lake Sturgeon,Acipenser fulvescens,E,Kentucky,2402120
Blackside Dace,Chrosomus cumberlandensis,T,Kentucky,2365380
Cumberland Darter,Etheostoma susanae,E,Kentucky,2382315
Olive Darter,Percina squamata,E,Kentucky,2382079
Spotted Sandpiper,Actitis macularius,E,Kentucky,2481798
Golden-winged Warbler,Vermivora chrysoptera,E,Kentucky,5230811
Cumberland Elktoe,Alasmidonta atropurpurea,E,Kentucky,2287888
Cumberland Papershell,Anodontoides denigratus,E,Kentucky,7811712
Pocketbook,Lampsilis ovata,E,Kentucky,2288173
Little Spectaclecase,Leaunio lienosus,T,Kentucky,9765176
Cumberland Moccasinshell,Medionidus conradicus,E,Kentucky,2287910
Cumberland Bean,Venustaconcha troostensis,E,Kentucky,9391459
Longclaw Crayfish,Cambarus buntingi,T,Kentucky,2227403
Eastern Small-footed Myotis,Myotis leibii,T,Kentucky,2432455
Little Brown Bat,Myotis lucifugus,T,Kentucky,2432406
Northern Long-Eared Bat,Myotis septentrionalis,E,Kentucky,2432436
Indiana Bat,Myotis sodalis,E,Kentucky,2432418
Tricolored Bat,Perimyotis subflavus,T,Kentucky,7665644
Eastern Slender Glass Lizard,Ophisaurus attenuatus longicaudus,T,Kentucky,6160619
Scarlet Kingsnake,Lampropeltis elapsoides,E,Kentucky,7794320
Eastern Pinesnake,Pituophis melanoleucus,E,Kentucky,9187223
Coal Skink,Plestiodon anthracinus,E,Kentucky,4287450
Kentucky Arrow Darter,Etheostoma spilotum,T,Kentucky,7542142
Peregrine Falcon,Falco peregrinus,E,Kentucky,2481047
Brown Creeper,Certhia americana,T,Kentucky,9581157
Common Raven,Corvus corax,T,Kentucky,2482492
Red-breasted Nuthatch,Sitta canadensis,E,Kentucky,2484879
Elktoe,Alasmidonta marginata,T,Kentucky,2287889
Pocketbook,Lampsilis ovata,E,Kentucky,2288173
Round Hickorynut,Obovaria subrotunda,T,Kentucky,2288370
Virginia Big-eared Bat,Corynorhinus townsendii virginianus,E,Kentucky,6163669
Little Brown Bat,Myotis lucifugus,T,Kentucky,2432406
Northern Long-Eared Bat,Myotis septentrionalis,E,Kentucky,2432436
Indiana Bat,Myotis sodalis,E,Kentucky,2432418
Tricolored Bat,Perimyotis subflavus,T,Kentucky,7665644
Northern Brook Lamprey,Ichthyomyzon fossor,T,Kentucky,2421249
American Brook Lamprey,Lethenteron appendix,T,Kentucky,2421396
Northern Harrier,Circus hudsonius,T,Kentucky,5229175
Hooded Merganser,Lophodytes cucullatus,T,Kentucky,2498408
Common Gallinule,Gallinula galeata,T,Kentucky,5228200
Brown Creeper,Certhia americana,T,Kentucky,9581157
Great Egret,Ardea alba,T,Kentucky,9752617
Yellow-crowned Night-heron,Nyctanassa violacea,T,Kentucky,2480953
Pied-billed Grebe,Podilymbus podiceps,E,Kentucky,2482077
Long-eared Owl,Asio otus,E,Kentucky,2497306
Alligator Snapping Turtle,Macrochelys temminckii,E,Kentucky,5220318
Gray Myotis,Myotis grisescens,T,Kentucky,
Tricolored Bat,Perimyotis subflavus,T,Kentucky,7665644
Wing Snaggletooth,Gastrocopta procera,Threatened,Wisconsin,2294026
Cherrystone Drop,Hendersonia occulta,Threatened,Wisconsin,5189928
ENDANGERED (H) Bog Rush,Juncus stygius,Threatened,Wisconsin,2701983
Pecatonica River Mayfly Acanthametropus pecatonica (H) Prairie Bush Clover*,Lespedeza leptostachya,Threatened,Wisconsin,2955734
Flat-headed Mayfly Spinadis simplex (D) Auricled Twayblade,Listera auriculata,Threatened,Wisconsin,2816352
A Leafhopper Attenuipyga vanduzeei (I) Fly Honeysuckle,Lonicera involucrata,Threatened,Wisconsin,5334253
Swamp Metalmark Calephelis muticum (E) Smith's Melic Grass,Melica smithii,Threatened,Wisconsin,2703128
Hairy-necked Tiger Beetle Cicindela hirticollis rhodensis (I) Mat Muhly,Muhlenbergia richardsonis,Threatened,Wisconsin,2704017
Ottoe Skipper Hesperia ottoe (I) Louisiana Broomrape,Orobanche ludoviciana,Threatened,Wisconsin,3738693
Giant Carrion Beetle** Nicrophorus americanus (D) Small-flowered Grass-of-Parnassus,Parnassia parviflora,Threatened,Wisconsin,6418648
Extra-striped Snaketail Ophiogomphus anomalus (E) Butterwort,Pinguicula vulgaris,Threatened,Wisconsin,5415065
Saint Croix Snaketail Ophiogomphus susbehcha (D) Heart-leaved Plantain,Plantago cordata,Threatened,Wisconsin,3189759
Silphium Borer Moth Papaipema silphii (H),Platanthera leucophaea,Threatened,Wisconsin,2798308
Hine’s Emerald** Somatochlora hineana (D) Pink Milkwort,Polygala incarnata,Threatened,Wisconsin,3191432
Incurvate Emerald Somatochlora incurvata (G) Spotted Pondweed,Potamogeton pulcher,Threatened,Wisconsin,5301137
Regal Fritillary Speyeria idalia (E) Rough White Lettuce,Prenanthes aspera,Threatened,Wisconsin,3090797
Knobels Riffle Beetle Stenelmis knobeli (D) Great White Lettuce,Prenanthes crepidinea,Threatened,Wisconsin,3090775
Lake Huron Locust Trimerotropis huroniana (D) Pine-drops,Pterospora andromedea,Threatened,Wisconsin,5334184
THREATENED (D) Small Shinleaf,Pyrola minor,Threatened,Wisconsin,2888272
An Issid Planthopper Fitchiella robertsoni (E) Small Yellow Water Crowfoot,Ranunculus gmelinii,Threatened,Wisconsin,3033301
Frosted Elfin Callophrys irus (I) Lapland Buttercup,Ranunculus lapponicus,Threatened,Wisconsin,3921456
Prairie Leafhopper Polyamia dilata (D) Lapland Rosebay,Rhododendron lapponicum,Threatened,Wisconsin,2883075
Spatterdock Darner Rhionaeschna mutata (D) Wild Petunia,Ruellia humilis,Threatened,Wisconsin,5415395
Sand Dune Willow,Salix cordata,Threatened,Wisconsin,5372629
PLANTS (I) Satiny Willow,Salix pellita,Threatened,Wisconsin,5372688
ENDANGERED (I) Hall’s Bulrush,Schoenoplectus hallii,Threatened,Wisconsin,2710705
Pale False Foxglove Agalinis skinneriana (G) Netted Nut-rush,Scleria reticularis,Threatened,Wisconsin,2712521
Cut-leaved Anemone Anemone multifida var. multifida (E) Low Spike-moss,Selaginella selaginoides,Threatened,Wisconsin,2688197
Large-leaved Sandwort Moehringia (=Arenaria) macrophylla (I) Fire Pink,Silene viginica,Threatened,Wisconsin,
Lake Cress Armoracia lacustris (E) Blue-stemmed Goldenrod,Solidago caesia,Threatened,Wisconsin,5389076
Green Spleenwort Asplenium trichomanes-ramosum (D) Hairy Meadow Parsnip,Thaspium chapmanii,Threatened,Wisconsin,3034875
Alpine Milk Vetch Astragalus alpinus (E) Heartleaf Foamflower,Tiarella cordifolia,Threatened,Wisconsin,5371610
Prairie Plum Astragalus crassicarpus (I) Purple False Oats,Trisetum melicoides,Threatened,Wisconsin,8125862
Cooper's Milk Vetch Astragalus neglectus (D) Dwarf Bilberry,Vaccinium cespitosum,Threatened,Wisconsin,2882861
Common Moonwort Botrychium lunaria (D) Squashberry,Viburnum edule,Threatened,Wisconsin,2888613
Wild Hyacinth Camassia scilloides (E) Northern Monkshood*,Aconitum noveboracense,Threatened,Wisconsin,3033676
Ravenfoot Sedge Carex crus-corvi (G) Muskroot,Adoxa moschatellina,Threatened,Wisconsin,2888794
Smooth-sheathed Sedge Carex laevivaginata (G) Roundstem Foxglove,Agalinis gattingeri,Threatened,Wisconsin,3171236
False Hop Sedge Carex lupuliformis (G) Round-leaved Orchis,Amerorchis rotundifolia,Threatened,Wisconsin,4926517
Intermediate Sedge Carex media (E) Wooly Milkweed,Asclepias lanuginosa,Threatened,Wisconsin,3170327
Schweinitz’s Sedge Carex schweinitzii (G) Dwarf Milkweed,Asclepias ovalifolia,Threatened,Wisconsin,3170264
Brook Grass Catabrosa aquatica (H) Prairie Milkweed,Asclepias sullivantii,Threatened,Wisconsin,3170265
Hemlock-parsley Conioselinum chinense (G) Pinnatifid Spleenwort,Asplenium pinnatifidum,Threatened,Wisconsin,2650621
Obovate Beak Grass Diarrhena obovata (G) Kitten Tails,Besseya bullii,Threatened,Wisconsin,3172149
Neat Spike-rush Eleocharis nitida (H) Large Water Starwort,Callitriche heterophylla,Threatened,Wisconsin,5372482
Square-stem Spike-rush Eleocharis quadrangulata (H) Calypso Orchid,Calypso bulbosa,Threatened,Wisconsin,5323572
Wolf's Spike-rush Eleocharis wolfii (D) Carey’s Sedge,Carex careyana,Threatened,Wisconsin,2728363
Harbinger-of-Spring Erigenia bulbosa (H) Beautiful Sedge,Carex concinna,Threatened,Wisconsin,2722504
Chestnut Sedge Fimbristylis puberula (H) Coast Sedge,Carex exilis,Threatened,Wisconsin,2727176
Dwarf Umbrella Sedge Fuirena pumila (G) Handsome Sedge,Carex formosa,Threatened,Wisconsin,2729219
Northern Commandra Geocaulon lividum (D) Elk Sedge,Carex garberi,Threatened,Wisconsin,2727544
Lenticular Sedge,Carex lenticularis,Threatened,Wisconsin,2723525
Michaux’s Sedge,Carex michauxiana,Threatened,Wisconsin,2729996
Hill's Thistle,Cirsium hillii,Threatened,Wisconsin,4219668
Dune (Pitcher's) Thistle*,Cirsium pitcheri,Threatened,Wisconsin,3113668
Rams-head Lady's-slipper,Cypripedium arietinum,Threatened,Wisconsin,2820325
White Lady's-slipper,Cypripedium candidum,Threatened,Wisconsin,2820374
English Sundew,Drosera anglica,Threatened,Wisconsin,3190932
Linear-leaved Sundew,Drosera linearis,Threatened,Wisconsin,3190845
Pale Purple Coneflower,Echinacea pallida,Threatened,Wisconsin,3150919
Beaked Spike-rush,Eleocharis rostellata,Threatened,Wisconsin,2717550
Forked Aster,Eurybia furcata,Threatened,Wisconsin,5396123
Western Fescue,Festuca occidentalis,Threatened,Wisconsin,2705003
Blue Ash,Fraxinus quadrangulata,Threatened,Wisconsin,3172370
Round Fruited St. John’s Wort,Hypericum sphaerocarpum,Threatened,Wisconsin,3189476
Dwarf Lake Iris*,Iris lacustris,Threatened,Wisconsin,5298482
Slender Bush Clover,Lespedeza virginica,Threatened,Wisconsin,2955685
Bladderpod,Lesquerella ludoviciana,Threatened,Wisconsin,3048930
Broad-leaved Twayblade,Listera convallarioides,Threatened,Wisconsin,2816287
Brittle Prickly Pear,Opuntia fragilis,Threatened,Wisconsin,5384113
Clustered Broomrape,Orobanche fasciculata,Threatened,Wisconsin,3173264
Plains Ragwort,Packera indecora,Threatened,Wisconsin,8325712
Marsh Grass-of-Parnassus,Parnassia palustris,Threatened,Wisconsin,3032585
Sweet Colt's-foot,Petasites sagittatus,Threatened,Wisconsin,4238351
Braun’s Holly Fern,Polystichum braunii,Threatened,Wisconsin,2651092
Prairie-parsley,Polytaenia nuttallii,Threatened,Wisconsin,5371857
Algae-leaved Pondweed,Potamogeton confervoides,Threatened,Wisconsin,5301196
Cliff Cudweed,Pseudognaphalium saxicola,Threatened,Wisconsin,3101060
Seaside Crowfoot,Ranunculus cymbalaria,Threatened,Wisconsin,3033443
Long-beaked Bald-rush,Rhynchospora scirpoides,Threatened,Wisconsin,2720935
Clustered Bur-reed,Sparganium glomeratum,Threatened,Wisconsin,7809564
Sheathed Pondweed,Stuckenia vaginata,Threatened,Wisconsin,2756555
False Asphodel,Triantha glutinosa,Threatened,Wisconsin,9206474
Tufted Bulrush,Trichophorum cespitosum,Threatened,Wisconsin,2710592
Snow Trillium,Trillium nivale,Threatened,Wisconsin,2742425
Spike Trisetum,Trisetum spicatum,Threatened,Wisconsin,10720384
Marsh Valerian,Valeriana uliginosa,Threatened,Wisconsin,2888757
