Common Name,Scientific Name,Status,State
Abbott's booby,Papasula (=Sula) abbotti,Endangered,All
Aboriginal Prickly-apple,Harrisia (=Cereus) aboriginum (=gracilis),Endangered,All
Acklins ground iguana,Cyclura rileyi nuchalis,Threatened,All
Acuña Cactus,Echinomastus erectocentrus var. acunensis,Endangered,All
Addax,Addax nasomaculatus,Endangered,All
Adriatic sturgeon,Acipenser naccarii,Endangered,All
A`e,Zanthoxylum dipetalum var. tomentosum,Endangered,All
A`e,Zanthoxylum hawaiiense,Endangered,All
A`e,Zanthoxylum oahuense,Endangered,All
African coelacanth,Latimeria chalumnae,Threatened,All
African dwarf crocodile,Osteolaemus tetraspis tetraspis,Endangered,All
African elephant,Loxodonta africana,Threatened,All
African penguin,Spheniscus demersus,Endangered,All
African slender-snouted crocodile,Crocodylus cataphractus,Endangered,All
African viviparous toads,Nectophrynoides spp.,Endangered,All
African wild ass,Equus africanus,Endangered,All
African wild dog,Lycaon pictus,Endangered,All
`Ahinahina,Argyroxiphium sandwicense ssp. macrocephalum,Threatened,All
`Ahinahina,Argyroxiphium sandwicense ssp. sandwicense,Endangered,All
"`Aiakeakua, popolo",Solanum sandwicense,Endangered,All
`Aiea,Nothocestrum breviflorum,Endangered,All
`Aiea,Nothocestrum latifolium,Endangered,All
`Aiea,Nothocestrum peltatum,Endangered,All
Akekee,Loxops caeruleirostris,Endangered,All
akiapolaau,Hemignathus wilsoni,Endangered,All
Akikiki,Oreomystis bairdi,Endangered,All
`Akohekohe (crested honeycreeper),Palmeria dolei,Endangered,All
`Akoko,Euphorbia celastroides var. kaenana,Endangered,All
`Akoko,Euphorbia deppeana,Endangered,All
`Akoko,Euphorbia eleanoriae,Endangered,All
`Akoko,Euphorbia haeleeleana,Endangered,All
`Akoko,Euphorbia herbstii,Endangered,All
`Akoko,Euphorbia kuwaleana,Endangered,All
`Akoko,Euphorbia remyi var. kauaiensis,Endangered,All
`Akoko,Euphorbia remyi var. remyi,Endangered,All
`Akoko,Euphorbia rockii,Endangered,All
`Akoko,Euphorbia skottsbergii var. skottsbergii,Endangered,All
'Akoko,Euphorbia halemanui,Endangered,All
`aku,Cyanea tritomantha,Endangered,All
`aku`aku,Cyanea platyphylla,Endangered,All
`Ala `ala wai nui,Peperomia subpetiolata,Endangered,All
Ala balik (trout),Salmo platycephalus,Endangered,All
Alabama beach mouse,Peromyscus polionotus ammobates,Endangered,All
Alabama Canebrake Pitcher Plant,Sarracenia rubra ssp. alabamensis,Endangered,All
Alabama cavefish,Speoplatyrhinus poulsoni,Endangered,All
Alabama cave shrimp,Palaemonias alabamae,Endangered,All
Alabama lampmussel,Lampsilis virescens,Endangered,All
Alabama Leather Flower,Clematis socialis,Endangered,All
Alabama moccasinshell,Medionidus acutissimus,Threatened,All
Alabama pearlshell,Margaritifera marrianae,Endangered,All
Alabama red-bellied turtle,Pseudemys alabamensis,Endangered,All
Alabama streak-sorus fern,Thelypteris pilosa var. alabamensis,Threatened,All
Alabama sturgeon,Scaphirhynchus suttkusi,Endangered,All
Alameda whipsnake (=striped racer),Masticophis lateralis euryxanthus,Threatened,All
Alamosa springsnail,Tryonia alamosae,Endangered,All
Alani,Melicope adscendens,Endangered,All
Alani,Melicope balloui,Endangered,All
Alani,Melicope christophersenii,Endangered,All
Alani,Melicope degeneri,Endangered,All
Alani,Melicope haupuensis,Endangered,All
Alani,Melicope hiiakae,Endangered,All
Alani,Melicope knudsenii,Endangered,All
Alani,Melicope lydgatei,Endangered,All
Alani,Melicope makahae,Endangered,All
Alani,Melicope mucronulata,Endangered,All
Alani,Melicope munroi,Endangered,All
Alani,Melicope ovalis,Endangered,All
Alani,Melicope pallida,Endangered,All
Alani,Melicope paniculata,Endangered,All
Alani,Melicope puberula,Endangered,All
Alani,Melicope quadrangularis,Endangered,All
Alani,Melicope reflexa,Endangered,All
Alani,Melicope saint-johnii,Endangered,All
Alani,Melicope zahlbruckneri,Endangered,All
Alaotra Grebe,Tachybaptus rufolavatus,Endangered,All
Aldabra Warbler (old world warbler),Nesillas aldabranus,Endangered,All
Aleutian shield fern,Polystichum aleuticum,Endangered,All
Algerian nuthatch,Sitta ledanti,Endangered,All
Allen's Cay iguana,Cyclura cychlura inornata,Threatened,All
Altamaha Spinymussel,Elliptio spinosa,Endangered,All
Amargosa niterwort,Nitrophila mohavensis,Endangered,All
Amargosa vole,Microtus californicus scirpensis,Endangered,All
Amazonian manatee,Trichechus inunguis,Endangered,All
Amber darter,Percina antesella,Endangered,All
American burying beetle,Nicrophorus americanus,Threatened,All
American chaffseed,Schwalbea americana,Endangered,All
American crocodile,Crocodylus acutus,Threatened,All
American crocodile,Crocodylus acutus,Endangered,All
American hart's-tongue fern,Asplenium scolopendrium var. americanum,Threatened,All
Amsterdam Albatross,Diomedia amsterdamensis,Endangered,All
Anastasia Island beach mouse,Peromyscus polionotus phasma,Endangered,All
`Anaunau,Lepidium arbuscula,Endangered,All
Anchialine pool shrimp,Vetericaris chaceorum,Endangered,All
Anchialine pool Shrimp,Procaris hawaiana,Endangered,All
Andean cat,Felis jacobita,Endangered,All
Andean condor,Vultur gryphus,Endangered,All
Andean flamingo,Phoenicoparrus andinus,Endangered,All
Andrew's frigatebird,Fregata andrewsi,Endangered,All
Andros Island ground iguana,Cyclura cychlura cychlura,Threatened,All
Anegada ground iguana,Cyclura pinguis,Endangered,All
Angel shark,Squatina squatina,Endangered,All
Angulated tortoise,Geochelone yniphora,Endangered,All
Anjouan Island sparrowhawk,Accipiter francesii pusillus,Endangered,All
Anjouan scops owl,Otus rutilus capnodes,Endangered,All
Anthony's riversnail,Athearnia anthonyi,Endangered,All
Anthricinan yellow-faced bee,Hylaeus anthracinus,Endangered,All
Antioch Dunes evening-primrose,Oenothera deltoides ssp. howellii,Endangered,All
`Anunu,Sicyos albus,Endangered,All
`Anunu,Sicyos macrophyllus,Endangered,All
Apalachicola rosemary,Conradina glabra,Endangered,All
Apaporis River caiman,Caiman crocodilus apaporiensis,Endangered,All
Apennine chamois,Rupicapra rupicapra ornata,Endangered,All
Aplokating-palaoan,Psychotria malaspinae,Endangered,All
Appalachian elktoe,Alasmidonta raveneliana,Endangered,All
Appalachian monkeyface (pearlymussel),Theliderma sparsa,Endangered,All
Applegate's milk-vetch,Astragalus applegatei,Endangered,All
Aquatic box turtle,Terrapene coahuila,Endangered,All
Arabian gazelle,Gazella gazella,Endangered,All
Arabian oryx,Oryx leucoryx,Endangered,All
Arabian ostrich,Struthio camelus syriacus,Endangered,All
Arabian tahr,Hemitragus jayakari,Endangered,All
Argali,Ovis ammon,Threatened,All
Argali,Ovis ammon,Endangered,All
Argentine angelshark,Squatina argentina,Endangered,All
Arizona Cliffrose,Purshia (=Cowania) subintegra,Endangered,All
Arizona eryngo,Eryngium sparganophyllum,Endangered,All
Arizona hedgehog cactus,Echinocereus arizonicus ssp. arizonicus,Endangered,All
Arkansas fatmucket,Lampsilis powellii,Threatened,All
Arkansas River shiner,Notropis girardi,Threatened,All
Armored snail,Marstonia pachyta,Endangered,All
Arroyo (=arroyo southwestern) toad,Anaxyrus californicus,Endangered,All
Aruba Island rattlesnake,Crotalus unicolor,Threatened,All
Ash-breasted tit-tyrant,Anairetes alpinus,Endangered,All
Ash-grey paintbrush,Castilleja cinerea,Threatened,All
Ash Meadows Amargosa pupfish,Cyprinodon nevadensis mionectes,Endangered,All
Ash Meadows blazingstar,Mentzelia leucophylla,Threatened,All
Ash Meadows gumplant,Grindelia fraxinipratensis,Threatened,All
Ash Meadows ivesia,Ivesia kingii var. eremica,Threatened,All
Ash meadows milk-vetch,Astragalus phoenix,Threatened,All
Ash Meadows naucorid,Ambrysus amargosus,Threatened,All
Ash Meadows speckled dace,Rhinichthys osculus nevadensis,Endangered,All
Ash Meadows sunray,Enceliopsis nudicaulis var. corrugata,Threatened,All
Ashy dogweed,Thymophylla tephroleuca,Endangered,All
Asian bonytongue,Scleropages formosus,Endangered,All
Asian elephant,Elephas maximus,Endangered,All
Asian golden (=Temmnick's) cat,Catopuma (=Felis) temminckii,Endangered,All
Asian tapir,Tapirus indicus,Endangered,All
Asian wild ass,Equus hemionus,Endangered,All
Assimulans yellow-faced bee,Hylaeus assimulans,Endangered,All
Atitlan grebe,Podilymbus gigas,Endangered,All
Atlantic humpback dolphin,Sousa teuszii,Endangered,All
Atlantic Humpback Dolphin,Sousa teuszii,Endangered,All
Atlantic pigtoe,Fusconaia masoni,Threatened,All
Atlantic salmon,Salmo salar,Endangered,All
Atlantic salt marsh snake,Nerodia clarkii taeniata,Threatened,All
Atlantic sturgeon,Acipenser oxyrinchus oxyrinchus,Endangered,All
Atlantic sturgeon,Acipenser oxyrinchus oxyrinchus,Endangered,All
Atlantic sturgeon,Acipenser oxyrinchus oxyrinchus,Endangered,All
Atlantic sturgeon,Acipenser oxyrinchus oxyrinchus,Endangered,All
Atlantic sturgeon,Acipenser oxyrinchus oxyrinchus,Threatened,All
Attwater's greater prairie-chicken,Tympanuchus cupido attwateri,Endangered,All
Audouin's gull,Larus audouinii,Endangered,All
Aukland Island rail,Rallus pectoralis muelleri,Endangered,All
Aupaka,Isodendrion hosakae,Endangered,All
Aupaka,Isodendrion laurifolium,Endangered,All
Aupaka,Isodendrion longifolium,Threatened,All
Austin blind Salamander,Eurycea waterlooensis,Endangered,All
Australian native mouse,Notomys aquilo,Endangered,All
Australian native mouse,Zyzomys pedunculatus,Endangered,All
Autumn Buttercup,Ranunculus aestivalis (=acriformis),Endangered,All
Avahi,Avahi laniger (entire genus),Endangered,All
Avon Park harebells,Crotalaria avonensis,Endangered,All
`Awikiwiki,Canavalia molokaiensis,Endangered,All
`Awikiwiki,Canavalia napaliensis,Endangered,All
`Awikiwiki,Canavalia pubescens,Endangered,All
Awiwi,Schenkia sebaeoides,Endangered,All
'Awiwi,Kadua cookiana,Endangered,All
Aye-aye,Daubentonia madagascariensis,Endangered,All
Ayumodoki (loach),Hymenophysa curta,Endangered,All
Azores wood pigeon,Columba palumbus azorica,Endangered,All
Babirusa,Babyrousa babyrussa,Endangered,All
Bactrian camel,Camelus bactrianus,Endangered,All
Bactrian deer,Cervus elaphus bactrianus,Endangered,All
Bahaman or Cuban parrot,Amazona leucocephala,Endangered,All
Bakersfield cactus,Opuntia treleasei,Endangered,All
Baker's larkspur,Delphinium bakeri,Endangered,All
Balcones spike,Fusconaia iheringi,Endangered,All
Baluchistan bear,Ursus thibetanus gedrosianus,Endangered,All
Banbury Springs limpet,Idaholanx fresti,Endangered,All
Banded cotinga,Cotinga maculata,Endangered,All
Banded hare wallaby,Lagostrophus fasciatus,Endangered,All
Banded wattle-eye,Platysteira laticincta,Endangered,All
Band-rumped Storm-petrel,Hydrobates castro,Endangered,All
Banggai cardinalfish,Pterapogon kauderni,Threatened,All
Bannerman's turaco,Tauraco bannermani,Endangered,All
Banteng,Bos javanicus,Endangered,All
Barbados yellow warbler (=wood),Dendroica petechia petechia,Endangered,All
Barbary deer,Cervus elaphus barbarus,Endangered,All
Barbary hyena,Hyaena hyaena barbara,Endangered,All
Barbary serval,Leptailurus (=Felis) serval constantina,Endangered,All
Barbary stag,Cervus elaphus barbarus,Endangered,All
Bariaco,Trichilia triacantha,Endangered,All
Barneby reed-mustard,Schoenocrambe barnebyi,Endangered,All
Barneby ridge-cress,Lepidium barnebyanum,Endangered,All
Barred bandicoot,Perameles bougainville,Endangered,All
Barrens topminnow,Fundulus julisia,Endangered,All
Barrington land iguana,Conolophus pallidus,Endangered,All
Bar-tailed pheasant,Syrmaticus humaie,Endangered,All
Barton Springs salamander,Eurycea sosorum,Endangered,All
Bartram's hairstreak Butterfly,Strymon acis bartrami,Endangered,All
Bartram's stonecrop,Graptopetalum bartramii,Threatened,All
Bay checkerspot butterfly,Euphydryas editha bayensis,Threatened,All
Bayou darter,Etheostoma rubrum,Threatened,All
Beach jacquemontia,Jacquemontia reclinata,Endangered,All
beach layia,Layia carnosa,Threatened,All
bearded Seal,Erignathus barbatus nauticus,Threatened,All
bearded Seal,Erignathus barbatus nauticus,Threatened,All
beardless chinchweed,Pectis imberbis,Endangered,All
Bear Valley sandwort,Arenaria ursina,Threatened,All
Beautiful goetzea,Goetzea elegans,Endangered,All
Beautiful pawpaw,Deeringothamnus pulchellus,Endangered,All
Beautiful shiner,Cyprinella formosa,Threatened,All
Beaver (Mongolian),Castor fiber birulai,Endangered,All
Bee Creek Cave harvestman,Texella reddelli,Endangered,All
Behren's silverspot butterfly,Speyeria zerene behrensii,Endangered,All
Beluga sturgeon,Huso huso,Threatened,All
beluga whale,Delphinapterus leucas,Endangered,All
Ben Lomond spineflower,Chorizanthe pungens var. hartwegiana,Endangered,All
Ben Lomond wallflower,Erysimum teretifolium,Endangered,All
Benton County cave crayfish,Cambarus aculabrum,Endangered,All
Berenghenas halomtano,Solanum guamense,Endangered,All
Bermuda petrel,Pterodroma cahow,Endangered,All
Big Bend gambusia,Gambusia gaigei,Endangered,All
Big Creek Crayfish,Faxonius peruncus,Threatened,All
big-leaved crownbeard,Verbesina dissita,Threatened,All
Big Pine partridge pea,Chamaecrista lineata keyensis,Endangered,All
Big Sandy crayfish,Cambarus callainus,Threatened,All
Big Spring spinedace,Lepidomeda mollispinis pratensis,Threatened,All
Birdwing pearlymussel,Lemiox rimosus,Endangered,All
Black Abalone,Haliotis cracherodii,Endangered,All
black-breasted puffleg,Eriocnemis nigrivestis,Endangered,All
Blackburn's sphinx moth,Manduca blackburni,Endangered,All
Black caiman,Melanosuchus niger,Endangered,All
Black-capped Petrel,Pterodroma hasitata,Endangered,All
Blackchin guitarfish,Rhinobatos cemiculus,Threatened,All
Black clubshell,Pleurobema curtum,Endangered,All
Black colobus monkey,Colobus satanas,Endangered,All
Black-faced impala,Aepyceros melampus petersi,Endangered,All
Black-footed cat,Felis nigripes,Endangered,All
Black-footed ferret,Mustela nigripes,Endangered,All
Black-fronted piping-guan,Pipile jacutinga,Endangered,All
Black hooded (black-headed) antwren,Formicivora erythronotos,Endangered,All
Black howler monkey,Alouatta pigra,Threatened,All
Black lace cactus,Echinocereus reichenbachii var. albertii,Endangered,All
Blackline Hawaiian damselfly,Megalagrion nigrohamatum nigrolineatum,Endangered,All
Black-necked Crane,Grus nigricollis,Endangered,All
Black pinesnake,Pituophis melanoleucus lodingi,Threatened,All
Black rhinoceros,Diceros bicornis,Endangered,All
Blackside dace,Phoxinus cumberlandensis,Threatened,All
Black softshell turtle,Trionyx nigricans,Endangered,All
Black spored quillwort,Isoetes melanospora,Endangered,All
Black Stilt,Himantopus novaezelandiae,Endangered,All
Black warrior (=Sipsey Fork) Waterdog,Necturus alabamensis,Endangered,All
Bliss Rapids snail,Taylorconcha serpenticola,Threatened,All
Blodgett's silverbush,Argythamnia blodgettii,Threatened,All
Blowout penstemon,Penstemon haydenii,Endangered,All
Blue-billed curassow,Crax alberti,Endangered,All
bluemask darter,Etheostoma akatulo,Endangered,All
Blue Ridge goldenrod,Solidago spithamaea,Threatened,All
Blue shiner,Cyprinella caerulea,Threatened,All
blue-tailed mole skink,Eumeces egregius lividus,Threatened,All
Blue-throated macaw,Ara glaucogularis,Endangered,All
Blue-throated (=ochre-marked) parakeet,Pyrrhura cruentata,Endangered,All
Blue whale,Balaenoptera musculus,Endangered,All
Blunt-nosed leopard lizard,Gambelia silus,Endangered,All
Blyth's tragopan pheasant,Tragopan blythii,Endangered,All
Bocaccio,Sebastes paucispinis,Endangered,All
bog buck moth,Hemileuca maia menyanthevora (=H. iroquois),Endangered,All
bog turtle,Glyptemys muhlenbergii,Threatened,All
Bolivian short-tailed chinchilla,Chinchilla chinchilla boliviana,Endangered,All
Bolson tortoise,Gopherus flavomarginatus,Endangered,All
Bone Cave harvestman,Texella reyesi,Endangered,All
Bontebok,Damaliscus pygarus (=dorcas) dorcas,Endangered,All
Bonytail,Gila elegans,Endangered,All
Boulder darter,Etheostoma wapiti,Endangered,All
Boulder star coral,Orbicella franksi,Threatened,All
Bowhead whale,Balaena mysticetus,Endangered,All
Bracted twistflower,Streptanthus bracteatus,Threatened,All
Brady pincushion cactus,Pediocactus bradyi,Endangered,All
Braun's rock-cress,Arabis perstellata,Endangered,All
Braunton's milk-vetch,Astragalus brauntonii,Endangered,All
Brazilian guitarfish,Rhinobatos horkelii,Endangered,All
Brazilian sideneck turtle,Phrynops hogei,Endangered,All
Brazilian three-toed sloth,Bradypus torquatus,Endangered,All
Brazillian merganser,Mergus octosetaceus,Endangered,All
Brindled nail-tailed wallaby,Onychogalea fraenata,Endangered,All
Britton's beargrass,Nolina brittoniana,Endangered,All
Broad-snouted caiman,Caiman latirostris,Threatened,All
Broad-snouted caiman,Caiman latirostris,Endangered,All
Brooksville bellflower,Campanula robinsiae,Endangered,All
Brother's Island tuatara,Sphenodon guntheri,Endangered,All
Brown-banded antpitta,Grallaria milleri,Endangered,All
Brown bear,Ursus arctos arctos,Endangered,All
Brown bear,Ursus arctos pruinosus,Endangered,All
Brown eared pheasant,Crossoptilon mantchuricum,Endangered,All
Brown Hyena,Parahyaena (=Hyaena) brunnea,Endangered,All
Bruneau Hot springsnail,Pyrgulopsis bruneauensis,Endangered,All
Brush-tailed rat-kangaroo,Bettongia penicillata,Endangered,All
Buena Vista Lake shrew,Sorex ornatus relictus,Endangered,All
Buff-headed marmoset,Callithrix flaviceps,Endangered,All
Bull Trout,Salvelinus confluentus,Threatened,All
Bulmer's fruit bat (=flying fox),Aproteles bulmerae,Endangered,All
Bumblebee bat,Craseonycteris thonglongyai,Endangered,All
Bunched arrowhead,Sagittaria fasciculata,Endangered,All
Bunched cory cactus,Coryphantha ramillosa,Threatened,All
Burke's goldfields,Lasthenia burkei,Endangered,All
Burmese peacock turtle,Morenia ocellata,Endangered,All
Butte County meadowfoam,Limnanthes floccosa ssp. californica,Endangered,All
Cabot's tragopan pheasant,Tragopan caboti,Endangered,All
Cabrera's hutia,Capromys angelcabrerai,Endangered,All
Cactus ferruginous pygmy-owl,Glaucidium brasilianum cactorum,Threatened,All
Caerulean Paradise flycatcher,Eutrichomyias rowleyi,Endangered,All
Cahaba shiner,Notropis cahabae,Endangered,All
Calamianes (=Philippine) deer,Axis porcinus calamianensis,Endangered,All
California condor,Gymnogyps californianus,Endangered,All
California freshwater shrimp,Syncaris pacifica,Endangered,All
California jewelflower,Caulanthus californicus,Endangered,All
California least tern,Sternula antillarum browni,Endangered,All
California Orcutt grass,Orcuttia californica,Endangered,All
California red-legged frog,Rana draytonii,Threatened,All
California Ridgway's rail,Rallus obsoletus obsoletus,Endangered,All
California seablite,Suaeda californica,Endangered,All
California taraxacum,Taraxacum californicum,Endangered,All
California tiger Salamander,Ambystoma californiense,Threatened,All
California tiger Salamander,Ambystoma californiense,Endangered,All
California tiger Salamander,Ambystoma californiense,Endangered,All
Calistoga allocarya,Plagiobothrys strictus,Endangered,All
Callippe silverspot butterfly,Speyeria callippe callippe,Endangered,All
Cameroon clawless otter,Aonyx congicus (=congica) microdon,Endangered,All
Cameroon toad,Bufo superciliaris,Endangered,All
Campbell Island flightless teal,Anas aucklandica nesiotis,Endangered,All
Canada Lynx,Lynx canadensis,Threatened,All
Canarian black oystercatcher,Haematopus meadewaldoi,Endangered,All
Canby's dropwort,Oxypolis canbyi,Endangered,All
Candy darter,Etheostoma osburni,Endangered,All
Canelo Hills ladies'-tresses,Spiranthes delitescens,Endangered,All
Canoe Creek Clubshell,Pleurobema athearni,Endangered,All
Cantabrian capercaillie,Tetrao urogallus cantabricus,Endangered,All
Capa rosa,Callicarpa ampla,Endangered,All
Cape Fear shiner,Notropis mekistocholas,Endangered,All
Cape Mountain zebra,Equus zebra ssp. zebra,Endangered,All
Cape Sable seaside sparrow,Ammospiza maritima mirabilis,Endangered,All
Cape Sable Thoroughwort,Chromolaena frustrata,Endangered,All
Capped Langur,Trachypithecus (=Presbytis) pileatus,Endangered,All
Carolina heelsplitter,Lasmigona decorata,Endangered,All
Carolina madtom,Noturus furiosus,Endangered,All
Carolina northern flying squirrel,Glaucomys sabrinus coloratus,Endangered,All
Carson wandering skipper,Pseudocopaeodes eunus obscurus,Endangered,All
Carter's mustard,Warea carteri,Endangered,All
Carter's panicgrass,Panicum fauriei var. carteri,Endangered,All
Carter's small-flowered flax,Linum carteri carteri,Endangered,All
Casey's June Beetle,Dinacoma caseyi,Endangered,All
Catalina Island mountain-mahogany,Cercocarpus traskiae,Endangered,All
Cat Island turtle,Trachemys terrapen,Endangered,All
Cauca guan,Penelope perspicax,Endangered,All
Cayman Brac ground iguana,Cyclura nubila caymanensis,Threatened,All
Cebello halumtano,Bulbophyllum guamense,Threatened,All
Cebu black shama (thrush),Copsychus niger cebuensis,Endangered,All
Cedros Island mule Deer,Odocoileus hemionus cerrosensis,Endangered,All
Central American river turtle,Dermatemys mawii,Endangered,All
Central American tapir,Tapirus bairdii,Endangered,All
Ceylon mugger crocodile,Crocodylus palustris kimbula,Endangered,All
Chambered nautilus,Nautilus pompilius,Threatened,All
Chapman rhododendron,Rhododendron chapmanii,Endangered,All
Chatham Island petrel,Pterodroma axillaris,Endangered,All
Chatham Island pigeon,Hemiphaga novaeseelandiae chathamensis,Endangered,All
Chatham Island robin,Petroica traversi,Endangered,All
Cheat Mountain salamander,Plethodon nettingi,Threatened,All
Cheer pheasant,Catreus wallichii,Endangered,All
Cheetah,Acinonyx jubatus,Endangered,All
Cherokee darter,Etheostoma scotti,Threatened,All
Cherry-throated tanager,Nemosia rourei,Endangered,All
Chihuahua chub,Gila nigrescens,Threatened,All
Chilean false larch,Fitzroya cupressoides,Threatened,All
Chilean woodstar,Eulidia yarrellii,Endangered,All
Chiltan (=wild goat) markhor,Capra falconeri (=aegragrus) chiltanensis,Endangered,All
Chimpanzee,Pan troglodytes,Endangered,All
Chinese alligator,Alligator sinensis,Endangered,All
Chinese Camp brodiaea,Brodiaea pallida,Threatened,All
Chinese egret,Egretta eulophotes,Endangered,All
Chinese giant salamander,Andrias davidianus (=davidianus d.),Endangered,All
Chinese monal pheasant,Lophophorus lhuysii,Endangered,All
Chinese River Dolphin,Lipotes vexillifer,Endangered,All
Chinese sturgeon,Acipenser sinensis,Endangered,All
Chinook salmon,Oncorhynchus (=Salmo) tshawytscha,Endangered,All
Chinook salmon,Oncorhynchus (=Salmo) tshawytscha,Threatened,All
Chinook salmon,Oncorhynchus (=Salmo) tshawytscha,Endangered,All
Chinook salmon,Oncorhynchus (=Salmo) tshawytscha,Threatened,All
Chinook salmon,Oncorhynchus (=Salmo) tshawytscha,Threatened,All
Chinook salmon,Oncorhynchus (=Salmo) tshawytscha,Threatened,All
Chinook salmon,Oncorhynchus (=Salmo) tshawytscha,Threatened,All
Chinook salmon,Oncorhynchus (=Salmo) tshawytscha,Threatened,All
Chinook salmon,Oncorhynchus (=Salmo) tshawytscha,Threatened,All
Chipola slabshell,Elliptio chipolaensis,Threatened,All
Chiricahua leopard frog,Rana chiricahuensis,Threatened,All
Chisos Mountain hedgehog Cactus,Echinocereus chisoensis var. chisoensis,Threatened,All
Chittenango ovate amber snail,Novisuccinea chittenangoensis,Threatened,All
Choctaw bean,Obovaria choctawensis,Endangered,All
Choctawhatchee beach mouse,Peromyscus polionotus allophrys,Endangered,All
Chorro Creek bog thistle,Cirsium fontinale var. obispoense,Endangered,All
Christmas Island goshawk,Accipiter fasciatus natalis,Endangered,All
Chucky Madtom,Noturus crypticus,Endangered,All
Chum salmon,Oncorhynchus keta,Threatened,All
Chum salmon,Oncorhynchus keta,Threatened,All
Chupacallos,Pleodendron macranthum,Endangered,All
Chupadera springsnail,Pyrgulopsis chupaderae,Endangered,All
Cicek (minnow),Acanthorutilus handlirschi,Endangered,All
Clara Hunt's milk-vetch,Astragalus clarianus,Endangered,All
Clarke's weaver,Ploceus golandi,Endangered,All
Clark's gazelle,Ammodorcas clarkei,Endangered,All
Clay-Loving wild buckwheat,Eriogonum pelinophilum,Endangered,All
Clay phacelia,Phacelia argillacea,Endangered,All
Clay reed-mustard,Schoenocrambe argillacea,Threatened,All
Clay's hibiscus,Hibiscus clayi,Endangered,All
Clear Creek gambusia,Gambusia heterochir,Endangered,All
Clouded leopard,Neofelis nebulosa,Endangered,All
Cloven-feathered dove,Drepanoptila holosericea,Endangered,All
clover lupine,Lupinus tidestromii,Endangered,All
Clover Valley speckled dace,Rhinichthys osculus oligoporus,Endangered,All
Clubshell,Pleurobema clava,Endangered,All
Coachella Valley fringe-toed lizard,Uma inornata,Threatened,All
Coachella Valley milk-vetch,Astragalus lentiginosus var. coachellae,Endangered,All
Coastal California gnatcatcher,Polioptila californica californica,Threatened,All
Coastal dunes milk-vetch,Astragalus tener var. titi,Endangered,All
Cobana negra,Stahlia monosperma,Threatened,All
Cochise pincushion cactus,Coryphantha robbinsorum,Threatened,All
Cochito,Phocoena sinus,Endangered,All
Coffin Cave mold beetle,Batrisodes texanus,Endangered,All
Coho salmon,Oncorhynchus (=Salmo) kisutch,Threatened,All
Coho salmon,Oncorhynchus (=Salmo) kisutch,Threatened,All
Coho salmon,Oncorhynchus (=Salmo) kisutch,Threatened,All
Coho salmon,Oncorhynchus (=Salmo) kisutch,Endangered,All
Cokendolpher Cave Harvestman,Texella cokendolpheri,Endangered,All
Colorado pikeminnow,Ptychocheilus lucius,Endangered,All
Columbian white-tailed deer,Odocoileus virginianus leucurus,Threatened,All
Colusa grass,Neostapfia colusana,Threatened,All
Comal Springs dryopid beetle,Stygoparnus comalensis,Endangered,All
Comal Springs riffle beetle,Heterelmis comalensis,Endangered,All
Comanche Springs pupfish,Cyprinodon elegans,Endangered,All
Common Guitarfish,Rhinobatos rhinobatos,Threatened,All
Conasauga logperch,Percina jenkinsi,Endangered,All
Conejo dudleya,Dudleya abramsii ssp. parva,Threatened,All
Congo dwarf crocodile,Osteolaemus tetraspis osborni,Endangered,All
Conservancy fairy shrimp,Branchinecta conservatio,Endangered,All
Contra Costa goldfields,Lasthenia conjugens,Endangered,All
Contra Costa wallflower,Erysimum capitatum var. angustatum,Endangered,All
Cook's holly,Ilex cookii,Endangered,All
Cook's lomatium,Lomatium cookii,Endangered,All
Cooley's meadowrue,Thalictrum cooleyi,Endangered,All
Cooley's water-willow,Justicia cooleyi,Endangered,All
Coosa moccasinshell,Medionidus parvulus,Endangered,All
Copperbelly water snake,Nerodia erythrogaster neglecta,Threatened,All
Corsican red deer,Cervus elaphus corsicanus,Endangered,All
Corsican swallowtail butterfly,Papilio hospiton,Endangered,All
Costa Rican jatropha,Jatropha costaricensis,Endangered,All
Costa Rican puma,Puma (=Felis) concolor costaricensis,Endangered,All
Cotton-top tamarin,Saguinus oedipus,Endangered,All
Coyote ceanothus,Ceanothus ferrisae,Endangered,All
Cracking pearlymussel,Hemistena lata,Endangered,All
Crenulate lead-plant,Amorpha crenulata,Endangered,All
Crescent nail-tailed wallaby,Onychogalea lunata,Endangered,All
Crested caracara (Audubon's) [FL DPS],Caracara plancus audubonii,Threatened,All
Crimson Hawaiian damselfly,Megalagrion leptodemas,Endangered,All
Cuatro Cienegas softshell turtle,Trionyx ater,Endangered,All
Cuba hook-billed kite,Chondrohierax uncinatus wilsonii,Endangered,All
Cuban crocodile,Crocodylus rhombifer,Endangered,All
Cuban ground iguana,Cyclura nubila nubila,Threatened,All
Cuban solenodon,Solenodon cubanus,Endangered,All
Cuba sandhill crane,Grus canadensis nesiotes,Endangered,All
Cui-ui,Chasmistes cujus,Endangered,All
Culebra Island giant anole,Anolis roosevelti,Endangered,All
Cumberland bean (pearlymussel),Villosa trabalis,Endangered,All
Cumberland darter,Etheostoma susanae,Endangered,All
Cumberland elktoe,Alasmidonta atropurpurea,Endangered,All
Cumberlandian combshell,Epioblasma brevidens,Endangered,All
Cumberland monkeyface (pearlymussel),Theliderma intermedia,Endangered,All
Cumberland pigtoe,Pleuronaia gibber,Endangered,All
Cumberland rosemary,Conradina verticillata,Threatened,All
Curtis Pearlymussel,Epioblasma curtisii,Endangered,All
Cushenbury buckwheat,Eriogonum ovalifolium var. vineum,Endangered,All
Cushenbury milk-vetch,Astragalus albens,Endangered,All
Cushenbury oxytheca,Oxytheca parishii var. goodmaniana,Endangered,All
Cylindrical lioplax (snail),Lioplax cyclostomaformis,Endangered,All
Daggernose Shark,Isogomphodon oxyrhynchus,Endangered,All
Dakota Skipper,Hesperia dacotae,Threatened,All
Dama gazelle,Gazella dama,Endangered,All
Dappled mountain robin,Arcanator orostruthus,Threatened,All
Dark pigtoe,Pleurobema furvum,Endangered,All
Davis' green pitaya,Echinocereus viridiflorus var. davisii,Endangered,All
Day gecko,Phelsuma edwardnewtoni,Endangered,All
DeBeque phacelia,Phacelia submutica,Threatened,All
Decurrent false aster,Boltonia decurrens,Threatened,All
Delhi Sands flower-loving fly,Rhaphiomidas terminatus abdominalis,Endangered,All
Del Mar manzanita,Arctostaphylos glandulosa subsp. crassifolia,Endangered,All
Delta green ground beetle,Elaphrus viridis,Threatened,All
Delta smelt,Hypomesus transpacificus,Threatened,All
Deltoid spurge,Chamaesyce deltoidea ssp. deltoidea,Endangered,All
Desert bandicoot,Perameles eremiana,Endangered,All
Desert dace,Eremichthys acros,Threatened,All
Desert monitor,Varanus griseus,Endangered,All
Desert (=plain) rat-kangaroo,Caloprymnus campestris,Endangered,All
Desert pupfish,Cyprinodon macularius,Endangered,All
Desert slender salamander,Batrachoseps aridus,Endangered,All
Desert tortoise,Gopherus agassizii,Threatened,All
Desert yellowhead,Yermo xanthocephalus,Threatened,All
Devils Hole pupfish,Cyprinodon diabolis,Endangered,All
Devils River minnow,Dionda diaboli,Threatened,All
Dhole,Cuon alpinus,Endangered,All
Diamond Darter,Crystallaria cincotta,Endangered,All
Diamond Head schiedea,Schiedea adamantis,Endangered,All
Diamond Tryonia,Pseudotryonia adamantina,Endangered,All
Diana monkey,Cercopithecus diana,Endangered,All
Dibbler,Antechinus apicalis,Endangered,All
Diminutive Amphipod,Gammarus hyalleloides,Endangered,All
Dixie Valley Toad,Anaxyrus williamsi,Endangered,All
Djibouti francolin,Francolinus ochropectus,Endangered,All
Dolphin and Union caribou,Rangifer tarandus groenlandicus x pearyi,Endangered,All
Douc langur,Pygathrix nemaeus,Endangered,All
Drill,Mandrillus (=Papio) leucophaeus,Endangered,All
Dromedary pearlymussel,Dromus dromas,Endangered,All
Dudley Bluffs bladderpod,Lesquerella congesta,Threatened,All
Dudley Bluffs twinpod,Physaria obcordata,Threatened,All
Dugong,Dugong dugon,Endangered,All
dusky gopher frog,Rana sevosa,Endangered,All
Dusky sea snake,Aipysurus fuscus,Endangered,All
Duskytail darter,Etheostoma percnurum,Endangered,All
Dwarf Bear-poppy,Arctomecon humilis,Endangered,All
Dwarf hutia,Capromys nana,Endangered,All
Dwarf iliau,Wilkesia hobdyi,Endangered,All
Dwarf lake iris,Iris lacustris,Threatened,All
Dwarf naupaka,Scaevola coriacea,Endangered,All
Dwarf sawfish,Pristis clavata,Endangered,All
Dwarf wedgemussel,Alasmidonta heterodon,Endangered,All
Eastern Black rail,Laterallus jamaicensis jamaicensis,Threatened,All
Eastern Hellbender,Cryptobranchus alleganiensis alleganiensis,Endangered,All
Eastern indigo snake,Drymarchon couperi,Threatened,All
Eastern jerboa marsupial,Antechinomys laniger,Endangered,All
Eastern Massasauga (=rattlesnake),Sistrurus catenatus,Threatened,All
Eastern native-cat,Dasyurus viverrinus,Endangered,All
Eastern prairie fringed orchid,Platanthera leucophaea,Threatened,All
Easy yellow-faced bee,Hylaeus facilis,Endangered,All
Edward's pheasant,Lophura edwardsi,Endangered,All
Egyptian Tortoise,Testudo kleinmanni,Threatened,All
Eiao Marquesas reed-Warbler,Acrocephalus percernis aquilonis,Endangered,All
El Dorado bedstraw,Galium californicum ssp. sierrae,Endangered,All
Eld's brow-antlered Deer,Cervus eldi,Endangered,All
Elfin tree fern,Cyathea dryopteroides,Endangered,All
Elfin-woods warbler,Setophaga angelae,Threatened,All
Elkhorn coral,Acropora palmata,Threatened,All
Elliot's pheasant,Syrmaticus ellioti,Endangered,All
El Segundo blue butterfly,Euphilotes battoides allyni,Endangered,All
emperor penguin,Aptenodytes forsteri,Threatened,All
`Ena`ena,Pseudognaphalium sandwicensium var. molokaiense,Endangered,All
Encinitas baccharis,Baccharis vanessae,Threatened,All
erect-crested penguin,Eudyptes sclateri,Threatened,All
Erubia,Solanum drymophilum,Endangered,All
Eskimo curlew,Numenius borealis,Endangered,All
Esmeraldas woodstar,Chaetocercus berlepschi,Endangered,All
Etonia rosemary,Conradina etonia,Endangered,All
Etowah darter,Etheostoma etowahae,Endangered,All
Eulachon,Thaleichthys pacificus,Threatened,All
Euler's flycatcher,Empidonax euleri johnstonei,Endangered,All
Eurasian peregrine falcon,Falco peregrinus peregrinus,Endangered,All
Eureka Dune grass,Swallenia alexandrae,Threatened,All
European sturgeon,Acipenser sturio,Endangered,All
Everglades bully,Sideroxylon reclinatum ssp. austrofloridense,Threatened,All
Everglade snail kite,Rostrhamus sociabilis plumbeus,Endangered,All
Exuma Island iguana,Cyclura cychlura figginsi,Threatened,All
Eyrean grasswren (flycatcher),Amytornis goyderi,Endangered,All
Fadang,Cycas micronesica,Threatened,All
false killer whale,Pseudorca crassidens,Endangered,All
false spike,Fusconaia mitchelli,Endangered,All
False water rat,Xeromys myoides,Endangered,All
Fanshell,Cyprogenia stegaria,Endangered,All
Fassett's locoweed,Oxytropis campestris var. chartacea,Threatened,All
Fat pocketbook,Potamilus capax,Endangered,All
Fat threeridge (mussel),Amblema neislerii,Endangered,All
Fea's muntjac,Muntiacus feae,Endangered,All
Fender's blue butterfly,Icaricia icarioides fenderi,Threatened,All
Few-flowered navarretia,Navarretia leucocephala ssp. pauciflora (=N. pauciflora),Endangered,All
Fickeisen plains cactus,Pediocactus peeblesianus ssp. fickeiseniae,Endangered,All
Field's mouse,Pseudomys fieldi,Endangered,All
Fiji banded iguana,Brachylophus fasciatus,Endangered,All
Fiji crested iguana,Brachylophus vitiensis,Endangered,All
Fiji petrel,Pseudobulweria macgillivrayi,Endangered,All
Finback whale,Balaenoptera physalus,Endangered,All
Finelined pocketbook,Hamiota altilis,Threatened,All
Finerayed pigtoe,Fusconaia cuneolus,Endangered,All
fiordland crested penguin,Eudyptes pachyrhynchus,Threatened,All
Fisher,Pekania pennanti,Endangered,All
Fish Slough milk-vetch,Astragalus lentiginosus var. piscinensis,Threatened,All
Flat-headed cat,Prionailurus (=Felis) planiceps,Endangered,All
Flat pebblesnail,Lepyrium showalteri,Endangered,All
Flat-spired three-toothed Snail,Triodopsis platysayoides,Threatened,All
Flattened musk turtle,Sternotherus depressus,Threatened,All
Fleshy-fruit gladecress,Leavenworthia crassa,Endangered,All
Fleshy owl's-clover,Castilleja campestris ssp. succulenta,Threatened,All
Floreana tree-Finch,Camarhynchus pauper,Endangered,All
Florida bonamia,Bonamia grandiflora,Threatened,All
Florida bonneted bat,Eumops floridanus,Endangered,All
Florida brickell-bush,Brickellia mosieri,Endangered,All
Florida bristle fern,Trichomanes punctatum ssp. floridanum,Endangered,All
Florida grasshopper sparrow,Ammodramus savannarum floridanus,Endangered,All
Florida Keys mole skink,Plestiodon egregius egregius,Endangered,All
Florida leafwing Butterfly,Anaea troglodyta floridalis,Endangered,All
Florida panther,Puma (=Felis) concolor coryi,Endangered,All
Florida perforate cladonia,Cladonia perforata,Endangered,All
Florida pineland crabgrass,Digitaria pauciflora,Threatened,All
Florida prairie-clover,Dalea carthagenensis floridana,Endangered,All
Florida salt marsh vole,Microtus pennsylvanicus dukecampbelli,Endangered,All
Florida scrub-jay,Aphelocoma coerulescens,Threatened,All
Florida semaphore Cactus,Consolea corallicola,Endangered,All
Florida skullcap,Scutellaria floridana,Threatened,All
Florida torreya,Torreya taxifolia,Endangered,All
Florida ziziphus,Ziziphus celata,Endangered,All
Fluminense swallowtail butterfly,Parides ascanius,Endangered,All
Fluted kidneyshell,Ptychobranchus subtentus,Endangered,All
Flying earwig Hawaiian damselfly,Megalagrion nesiotes,Endangered,All
Foothill yellow-legged frog,Rana boylii,Threatened,All
Foothill yellow-legged frog,Rana boylii,Endangered,All
Foothill yellow-legged frog,Rana boylii,Threatened,All
Foothill yellow-legged frog,Rana boylii,Endangered,All
Forbes' parakeet,Cyanoramphus auriceps forbesi,Endangered,All
Formosan rock macaque,Macaca cyclopis,Threatened,All
Formosan sika deer,Cervus nippon taiouanus,Endangered,All
Formosan yellow-throated marten,Martes flavigula chrysospila,Endangered,All
Fosberg's love grass,Eragrostis fosbergii,Endangered,All
Fountain darter,Etheostoma fonticola,Endangered,All
Fountain thistle,Cirsium fontinale var. fontinale,Endangered,All
Four-petal pawpaw,Asimina tetramera,Endangered,All
Fragile tree snail,Samoana fragilis,Endangered,All
Fragrant prickly-apple,Cereus eriophorus var. fragrans,Endangered,All
Franciscan manzanita,Arctostaphylos franciscana,Endangered,All
Francois' langur,Trachypithecus (=Presbytis) francoisi,Endangered,All
Franklin's bumble bee,Bombus franklini,Endangered,All
Frecklebelly madtom,Noturus munitus,Threatened,All
Freira,Pterodroma madeira,Endangered,All
Fresno kangaroo rat,Dipodomys nitratoides exilis,Endangered,All
Friendly Ground-Dove,Gallicolumba stairi,Endangered,All
Fringe-backed fire-eye,Pyriglena atra,Endangered,All
Fringed campion,Silene polypetala,Endangered,All
Fringed Ornamental Tarantula,Poecilotheria ornata,Endangered,All
Frosted Flatwoods salamander,Ambystoma cingulatum,Threatened,All
Furbish lousewort,Pedicularis furbishiae,Threatened,All
Fuzzy pigtoe,Pleurobema strodeanum,Threatened,All
Gaimard's rat-kangaroo,Bettongia gaimardi,Endangered,All
Galapagos hawk,Buteo galapagoensis,Endangered,All
Galapagos penguin,Spheniscus mendiculus,Endangered,All
Galapagos petrel,Pterodroma phaeopygia,Threatened,All
Galapagos tortoise,Geochelone nigra (=elephantopus),Endangered,All
Gambel's watercress,Rorippa gambellii,Endangered,All
Garber's spurge,Chamaesyce garberi,Threatened,All
Garrett's mint,Dicerandra christmanii,Endangered,All
Gavial,Gavialis gangeticus,Endangered,All
Gaviota Tarplant,Deinandra increscens ssp. villosa,Endangered,All
Gelada baboon,Theropithecus gelada,Threatened,All
Gentian pinkroot,Spigelia gentianoides,Endangered,All
Gentner's fritillary,Fritillaria gentneri,Endangered,All
Geometric turtle,Psammobates geometricus,Endangered,All
Georgetown Salamander,Eurycea naufragia,Threatened,All
Georgia pigtoe,Pleurobema hanleyianum,Endangered,All
Georgia rockcress,Arabis georgiana,Threatened,All
Giant armadillo,Priodontes maximus,Endangered,All
Giant garter snake,Thamnophis gigas,Threatened,All
Giant ibis,Pseudibis gigantea,Endangered,All
Giant kangaroo rat,Dipodomys ingens,Endangered,All
Giant Manta Ray,Manta birostris,Threatened,All
Giant otter,Pteronura brasiliensis,Endangered,All
Giant panda,Ailuropoda melanoleuca,Endangered,All
Giant sable antelope,Hippotragus niger variani,Endangered,All
Giant scops owl,Mimizuku (=Otus) gurneyi,Endangered,All
Gibbons,Hylobates spp. (including Nomascus),Endangered,All
Gierisch mallow,Sphaeralcea gierischii,Endangered,All
Gila chub,Gila intermedia,Endangered,All
Gila topminnow (incl. Yaqui),Poeciliopsis occidentalis,Endangered,All
Gila trout,Oncorhynchus gilae,Threatened,All
Glaucous macaw,Anodorhynchus glaucus,Endangered,All
Godfrey's butterwort,Pinguicula ionantha,Threatened,All
Goeldi's marmoset,Callimico goeldii,Endangered,All
golden-cheeked warbler,Setophaga chrysoparia,Endangered,All
Golden conure,Aratinga guarouba,Threatened,All
Golden coqui,Eleutherodactylus jasperi,Threatened,All
Golden langur,Trachypithecus (=Presbytis) geei,Endangered,All
Golden-rumped tamarin,Leontopithecus spp.,Endangered,All
Golden sedge,Carex lutea,Endangered,All
Golden-shouldered parakeet,Psephotus chrysopterygius,Endangered,All
Goldline darter,Percina aurolineata,Threatened,All
Goliath Frog,Conraua goliath,Threatened,All
Gonzales tryonia,Tryonia circumstriata (=stocktonensis),Endangered,All
Gopher tortoise,Gopherus polyphemus,Threatened,All
Goral,Naemorhedus goral,Endangered,All
Gorgeted wood-quail,Odontophorus strophium,Endangered,All
Gorilla,Gorilla gorilla,Endangered,All
Gould's mouse,Pseudomys gouldii,Endangered,All
Government Canyon Bat Cave meshweaver,Cicurina vespera,Endangered,All
Government Canyon Bat Cave spider,Tayshaneta microps,Endangered,All
Gowen cypress,Cupressus goveniana ssp. goveniana,Threatened,All
Grand Cayman ground iguana,Cyclura lewisi,Endangered,All
Gray bat,Myotis grisescens,Endangered,All
Gray (=entellus) langur,Semnopithecus (=Presbytis) entellus,Endangered,All
Gray whale,Eschrichtius robustus,Endangered,All
Gray wolf,Canis lupus,Endangered,All
Gray wolf,Canis lupus,Threatened,All
Greater adjutant,Leptoptilos dubius,Endangered,All
Great green macaw,Ara ambiguus,Endangered,All
Great Indian bustard,Ardeotis (=Choriotis) nigriceps,Endangered,All
Great Indian rhinoceros,Rhinoceros unicornis,Endangered,All
Greenback Cutthroat trout,Oncorhynchus clarkii stomias,Threatened,All
Greene's tuctoria,Tuctoria greenei,Endangered,All
Greenland white-tailed eagle,Haliaeetus albicilla groenlandicus,Endangered,All
Green Pitcher Plant,Sarracenia oreophila,Endangered,All
Green sawfish,Pristis zijsron,Endangered,All
Green sea turtle,Chelonia mydas,Endangered,All
Green sea turtle,Chelonia mydas,Threatened,All
Green sea turtle,Chelonia mydas,Threatened,All
Green sea turtle,Chelonia mydas,Threatened,All
Green sea turtle,Chelonia mydas,Endangered,All
Green sea turtle,Chelonia mydas,Threatened,All
Green sea turtle,Chelonia mydas,Threatened,All
Green sea turtle,Chelonia mydas,Threatened,All
Green sea turtle,Chelonia mydas,Threatened,All
Green sea turtle,Chelonia mydas,Threatened,All
Green sea turtle,Chelonia mydas,Endangered,All
green sturgeon,Acipenser medirostris,Threatened,All
Grenada gray-fronted dove,Leptotila rufaxilla wellsi,Endangered,All
Grenada hook-billed kite,Chondrohierax uncinatus mirus,Endangered,All
Grevy's zebra,Equus grevyi,Threatened,All
Grey-necked rockfowl,Picathartes oreas,Endangered,All
Grizzly bear,Ursus arctos horribilis,Threatened,All
Grotto Sculpin,Cottus specus,Endangered,All
Ground parrot,Pezoporus wallicus,Endangered,All
Guadalupe Fatmucket,Lampsilis bergmanni,Endangered,All
Guadalupe fescue,Festuca ligulata,Endangered,All
Guadalupe fur seal,Arctocephalus townsendi,Threatened,All
Guadalupe Orb,Cyclonaias necki,Endangered,All
Guadeloupe house wren,Troglodytes aedon guadeloupensis,Endangered,All
Guajon,Eleutherodactylus cooki,Threatened,All
Guam kingfisher,Todiramphus cinnamominus,Endangered,All
Guam rail,Gallirallus owstoni,Endangered,All
Guam tree snail,Partula radiolata,Endangered,All
Guatemalan Fir (=pinabete),Abies guatemalensis,Threatened,All
Guatemalan jaguarundi,Herpailurus (=Felis) yagouaroundi fossata,Endangered,All
Guizhou snub-nosed monkey,Rhinopithecus brelichi,Endangered,All
Gulf Coast jaguarundi,Puma yagouaroundi cacomitli,Endangered,All
Gulf Grouper,Mycteroperca jordani,Endangered,All
Gulf moccasinshell,Medionidus penicillatus,Endangered,All
Gulf of Mexico Bryde's Whale,Balaenoptera edeni,Endangered,All
Gulf sturgeon,Acipenser oxyrinchus (=oxyrhynchus) desotoi,Threatened,All
Gunnison Sage-grouse,Centrocercus minimus,Threatened,All
Gurney's pitta,Pitta gurneyi,Endangered,All
Guthrie's (=Pyne's) ground-plum,Astragalus bibullatus,Endangered,All
Guyandotte River crayfish,Cambarus veteranus,Endangered,All
Gypsum wild-buckwheat,Eriogonum gypsophilum,Threatened,All
haha,Cyanea crispa,Endangered,All
haha,Cyanea dunbariae,Endangered,All
haha,Cyanea duvalliorum,Endangered,All
haha,Cyanea gibsonii,Endangered,All
haha,Cyanea magnicalyx,Endangered,All
haha,Cyanea maritae,Endangered,All
haha,Cyanea mauiensis,Endangered,All
haha,Cyanea munroi,Endangered,All
Haha,Cyanea acuminata,Endangered,All
Haha,Cyanea asarifolia,Endangered,All
Haha,Cyanea asplenifolia,Endangered,All
Haha,Cyanea calycina,Endangered,All
Haha,Cyanea copelandii ssp. copelandii,Endangered,All
Haha,Cyanea copelandii ssp. haleakalaensis,Endangered,All
Haha,Cyanea dolichopoda,Endangered,All
Haha,Cyanea eleeleensis,Endangered,All
Haha,Cyanea glabra,Endangered,All
Haha,Cyanea grimesiana ssp. grimesiana,Endangered,All
Haha,Cyanea grimesiana ssp. obatae,Endangered,All
Haha,Cyanea hamatiflora ssp. carlsonii,Endangered,All
Haha,Cyanea hamatiflora ssp. hamatiflora,Endangered,All
Haha,Cyanea humboldtiana,Endangered,All
Haha,Cyanea kolekoleensis,Endangered,All
Haha,Cyanea koolauensis,Endangered,All
Haha,Cyanea kuhihewa,Endangered,All
Haha,Cyanea kunthiana,Endangered,All
Haha,Cyanea lanceolata,Endangered,All
Haha,Cyanea lobata,Endangered,All
Haha,Cyanea longiflora,Endangered,All
Haha,Cyanea mannii,Endangered,All
Haha,Cyanea marksii,Endangered,All
Haha,Cyanea mceldowneyi,Endangered,All
Haha,Cyanea obtusa,Endangered,All
Haha,Cyanea pinnatifida,Endangered,All
Haha,Cyanea procera,Endangered,All
Haha,Cyanea profuga,Endangered,All
Haha,Cyanea purpurellifolia,Endangered,All
Haha,Cyanea recta,Threatened,All
Haha,Cyanea remyi,Endangered,All
Haha,Cyanea rivularis,Endangered,All
Haha,Cyanea shipmanii,Endangered,All
Haha,Cyanea stictophylla,Endangered,All
Haha,Cyanea st.-johnii,Endangered,All
Haha,Cyanea superba,Endangered,All
Haha,Cyanea truncata,Endangered,All
Haha,Cyanea undulata,Endangered,All
haha nui,Cyanea horrida,Endangered,All
Hahnel's Amazonian swallowtail butterfly,Parides hahneli,Endangered,All
Hairy Orcutt grass,Orcuttia pilosa,Endangered,All
Hairy rattleweed,Baptisia arachnifera,Endangered,All
Haitian solenodon,Solenodon paradoxus,Endangered,All
haiwale,Cyrtandra ferripilosa,Endangered,All
haiwale,Cyrtandra nanawaleensis,Endangered,All
haiwale,Cyrtandra wagneri,Endangered,All
Haiwale,Cyrtandra gracilis,Endangered,All
Haiwale,Cyrtandra paliku,Endangered,All
Haiwale,Cyrtandra waiolani,Endangered,All
Ha`iwale,Cyrtandra crenata,Endangered,All
Ha`iwale,Cyrtandra dentata,Endangered,All
Ha`iwale,Cyrtandra filipes,Endangered,All
Ha`iwale,Cyrtandra giffardii,Endangered,All
Ha`iwale,Cyrtandra hematos,Endangered,All
Ha`iwale,Cyrtandra kaulantha,Endangered,All
Ha`iwale,Cyrtandra kealiae ssp. kealiae,Threatened,All
Ha`iwale,Cyrtandra munroi,Endangered,All
Ha`iwale,Cyrtandra oenobarba,Endangered,All
Ha`iwale,Cyrtandra oxybapha,Endangered,All
Ha`iwale,Cyrtandra polyantha,Endangered,All
Ha`iwale,Cyrtandra sessilis,Endangered,All
Ha`iwale,Cyrtandra subumbellata,Endangered,All
Ha`iwale,Cyrtandra tintinnabula,Endangered,All
Ha`iwale,Cyrtandra viridiflora,Endangered,All
Hala pepe,Dracaena fernaldii,Endangered,All
Hala pepe,Dracaena forbesii,Endangered,All
Hala pepe,Dracaena konaensis,Endangered,All
Harperella,Ptilimnium nodosum,Endangered,All
Harper's beauty,Harperocallis flava,Endangered,All
Harpy eagle,Harpia harpyja,Endangered,All
Harris' mimic swallowtail butterfly,Eurytides lysithous harrisianus,Endangered,All
Hartmann's mountain zebra,Equus zebra hartmannae,Threatened,All
Hartweg's golden sunburst,Pseudobahia bahiifolia,Endangered,All
Hau kuahiwi,Hibiscadelphus giffardianus,Endangered,All
Hau kuahiwi,Hibiscadelphus hualalaiensis,Endangered,All
Hau kuahiwi,Hibiscadelphus woodii,Endangered,All
Hawaii akepa,Loxops coccineus,Endangered,All
Hawaiian bluegrass,Poa sandvicensis,Endangered,All
Hawaiian common gallinule,Gallinula galeata sandvicensis,Endangered,All
Hawaiian coot (alae ke`oke`o),Fulica alai,Endangered,All
Hawaiian crow,Corvus hawaiiensis,Endangered,All
Hawaiian duck,Anas wyvilliana,Endangered,All
Hawaiian gardenia,Gardenia brighamii,Endangered,All
Hawaiian goose,Branta (=Nesochen) sandvicensis,Threatened,All
Hawaiian hoary bat,Lasiurus cinereus semotus,Endangered,All
Hawaiian monk seal,Monachus schauinslandi,Endangered,All
Hawaiian petrel,Pterodroma sandwichensis,Endangered,All
Hawaiian picture-wing fly,Drosophila aglaia,Endangered,All
Hawaiian picture-wing fly,Drosophila differens,Endangered,All
Hawaiian picture-wing fly,Drosophila digressa,Endangered,All
Hawaiian picture-wing fly,Drosophila hemipeza,Endangered,All
Hawaiian picture-wing fly,Drosophila heteroneura,Endangered,All
Hawaiian picture-wing fly,Drosophila montgomeryi,Endangered,All
Hawaiian picture-wing fly,Drosophila mulli,Threatened,All
Hawaiian picture-wing fly,Drosophila musaphilia,Endangered,All
Hawaiian picture-wing fly,Drosophila neoclavisetae,Endangered,All
Hawaiian picture-wing fly,Drosophila obatai,Endangered,All
Hawaiian picture-wing fly,Drosophila ochrobasis,Endangered,All
Hawaiian picture-wing fly,Drosophila sharpi,Endangered,All
Hawaiian picture-wing fly,Drosophila substenoptera,Endangered,All
Hawaiian picture-wing fly,Drosophila tarphytrichia,Endangered,All
Hawaiian stilt,Himantopus mexicanus knudseni,Threatened,All
Hawaiian vetch,Vicia menziesii,Endangered,All
Hawaiian yellow-faced bee,Hylaeus kuakea,Endangered,All
Hawaiian yellow-faced bee,Hylaeus longiceps,Endangered,All
Hawaiian yellow-faced bee,Hylaeus mana,Endangered,All
Hawaii creeper,Loxops mana,Endangered,All
Hawksbill sea turtle,Eretmochelys imbricata,Endangered,All
Hay's Spring amphipod,Stygobromus hayi,Endangered,All
"Hayun Iagu (=(Guam), Tronkon guafi (Rota))",Serianthes nelsonii,Endangered,All
Heau,Exocarpos luteolus,Endangered,All
Heau,Exocarpos menziesii,Endangered,All
Heavy pigtoe,Pleurobema taitianum,Endangered,All
Heinroth's shearwater,Puffinus heinrothi,Threatened,All
Heliotrope milk-vetch,Astragalus montii,Threatened,All
Hell Creek Cave crayfish,Cambarus zophonastes,Endangered,All
Heller's blazingstar,Liatris helleri,Threatened,All
Helmeted honeyeater,Lichenostomus melanops cassidix (=Meliphaga c.),Endangered,All
Helmeted hornbill,Buceros (=Rhinoplax) vigil,Endangered,All
Helotes mold beetle,Batrisodes venyivi,Endangered,All
Hermes copper butterfly,Lycaena hermes,Threatened,All
Hickman's potentilla,Potentilla hickmanii,Endangered,All
Hierro giant lizard,Gallotia simonyi simonyi,Endangered,All
Higgins eye (pearlymussel),Lampsilis higginsii,Endangered,All
Highlands scrub hypericum,Hypericum cumulicola,Endangered,All
Higo Chumbo,Harrisia portoricensis,Threatened,All
Higuero de sierra,Crescentia portoricensis,Endangered,All
Hiko White River springfish,Crenichthys baileyi grandis,Endangered,All
Hilaris yellow-faced bee,Hylaeus hilaris,Endangered,All
Hillebrand's reedgrass,Calamagrostis hillebrandii,Endangered,All
Hilo ischaemum,Ischaemum byrone,Endangered,All
Hinckley oak,Quercus hinckleyi,Threatened,All
Hine's emerald dragonfly,Somatochlora hineana,Endangered,All
Hispid hare,Caprolagus hispidus,Endangered,All
Hoawa,Pittosporum halophilum,Endangered,All
Hoawa,Pittosporum hawaiiense,Endangered,All
Ho`awa,Pittosporum napaliense,Endangered,All
Hoffmann's rock-cress,Arabis hoffmannii,Endangered,All
Hoffmann's slender-flowered gilia,Gilia tenuiflora ssp. hoffmannii,Endangered,All
Hohiu,Dryopteris glabra var. pusilla,Endangered,All
Holei,Ochrosia haleakalae,Endangered,All
Holei,Ochrosia kilaueaensis,Endangered,All
Holmgren milk-vetch,Astragalus holmgreniorum,Endangered,All
Holy Ghost ipomopsis,Ipomopsis sancti-spiritus,Endangered,All
Homerus swallowtail butterfly,Papilio homerus,Endangered,All
Honduran emerald hummingbird,Amazilia luciae,Endangered,All
Honohono,Haplostachys haplostachya,Endangered,All
Hooded Crane,Grus monacha,Endangered,All
Hook-billed hermit (hummingbird),Ramphodon (=Glaucis) dohrnii,Endangered,All
Hoover's spurge,Chamaesyce hooveri,Threatened,All
Horned guan,Oreophasis derbianus,Endangered,All
Houghton's goldenrod,Solidago houghtonii,Threatened,All
Houston toad,Bufo houstonensis,Endangered,All
Howell's spectacular thelypody,Thelypodium howellii ssp. spectabilis,Threatened,All
Howell's spineflower,Chorizanthe howellii,Endangered,All
Huachuca water-umbel,Lilaeopsis schaffneriana var. recurva,Endangered,All
Hulumoa,Korthalsella degeneri,Endangered,All
Humboldt penguin,Spheniscus humboldti,Threatened,All
Humpback chub,Gila cypha,Threatened,All
Humpback whale,Megaptera novaeangliae,Threatened,All
Humpback whale,Megaptera novaeangliae,Endangered,All
Humpback whale,Megaptera novaeangliae,Endangered,All
Humpback whale,Megaptera novaeangliae,Endangered,All
Humpback whale,Megaptera novaeangliae,Endangered,All
Humped tree snail,Partula gibba,Endangered,All
Hungerford's crawling water Beetle,Brychius hungerfordi,Endangered,All
Hutton tui chub,Gila bicolor ssp.,Threatened,All
Hyacinth macaw,Anodorhynchus hyacinthinus,Threatened,All
Ibadan malimbe,Malimbus ibadanensis,Endangered,All
Ibiza wall lizard,Podarcis pityusensis,Threatened,All
Ihi,Portulaca villosa,Endangered,All
Ihi`ihi,Marsilea villosa,Endangered,All
`I`iwi,Drepanis coccinea,Threatened,All
Ikan temoleh (minnow),Probarbus jullieni,Endangered,All
Illinois cave amphipod,Gammarus acherondytes,Endangered,All
Imperial parrot,Amazona imperialis,Endangered,All
Imperial pheasant,Lophura imperialis,Endangered,All
Imperial woodpecker,Campephilus imperialis,Endangered,All
Inagua Island turtle,Trachemys stejnegeri malonei,Endangered,All
Independence Valley speckled dace,Rhinichthys osculus lethoporus,Endangered,All
Indiana bat,Myotis sodalis,Endangered,All
Indian (=Bengal) monitor,Varanus bengalensis,Endangered,All
Indian Knob mountainbalm,Eriodictyon altissimum,Endangered,All
Indian python,Python molurus molurus,Endangered,All
Indian sawback turtle,Kachuga tecta tecta,Endangered,All
Indian softshell turtle,Trionyx gangeticus,Endangered,All
Indigo macaw,Anodorhynchus leari,Endangered,All
Indochina hog deer,Axis porcinus annamiticus,Endangered,All
Indri lemur,Indri indri,Endangered,All
Inflated heelsplitter,Potamilus inflatus,Threatened,All
Interrupted (=Georgia) Rocksnail,Leptoxis foremani,Endangered,All
Inyo California towhee,Melozone crissalis eremophilus,Threatened,All
Ione (incl. Irish Hill) buckwheat,Eriogonum apricum (incl. var. prostratum),Endangered,All
Ione manzanita,Arctostaphylos myrtifolia,Threatened,All
Iowa Pleistocene snail,Discus macclintocki,Endangered,All
Iriomote cat,Prionailurus (=Felis) bengalensis iriomotensis,Endangered,All
Island Barberry,Berberis pinnata ssp. insularis,Endangered,All
Island Grouper,Mycteroperca fusca,Threatened,All
Island malacothrix,Malacothrix squalida,Endangered,All
Island marble Butterfly,Euchloe ausonides insulanus,Endangered,All
island phacelia,Phacelia insularis ssp. insularis,Endangered,All
Island rush-rose,Helianthemum greenei,Threatened,All
Israel painted frog,Discoglossus nigriventer,Endangered,All
Ivory-billed woodpecker,Campephilus principalis,Endangered,All
Ivory Ornamental Tarantula,Poecilotheria subfusca,Endangered,All
Jaguar,Panthera onca,Endangered,All
Jamaican boa,Epicrates subflavus,Endangered,All
Jamaican iguana,Cyclura collei,Endangered,All
James spinymussel,Parvaspina collina,Endangered,All
Japanese Crane,Grus japonensis,Endangered,All
Japanese crested ibis,Nipponia nippon,Endangered,All
Japanese giant salamander,Andrias japonicus (=davidianus j.),Endangered,All
Japanese macaque,Macaca fuscata,Threatened,All
Javan rhinoceros,Rhinoceros sondaicus,Endangered,All
Jemez Mountains salamander,Plethodon neomexicanus,Endangered,All
Jentink's duiker,Cephalophus jentinki,Endangered,All
Jerdon's courser,Rhinoptilus bitorquatus,Endangered,All
Jesup's milk-vetch,Astragalus robbinsii var. jesupii,Endangered,All
Jollyville Plateau Salamander,Eurycea tonkawae,Threatened,All
Jones Cycladenia,Cycladenia humilis var. jonesii,Threatened,All
June sucker,Chasmistes liorus,Threatened,All
Junin grebe,Podiceps taczanowskii,Endangered,All
Junin rail,Laterallus tuerosi,Endangered,All
Kabul (straight-horned) markhor,Capra falconeri megaceros,Threatened,All
Kaempfer's tody-tyrant,Hemitriccus kaempferi,Endangered,All
Kagu,Rhynochetos jubatus,Endangered,All
Kakapo,Strigops habroptilus,Endangered,All
Kaluga sturgeon,Huso dauricus,Endangered,All
Kamakahala,Labordia cyrtandrae,Endangered,All
Kamakahala,Labordia helleri,Endangered,All
Kamakahala,Labordia lydgatei,Endangered,All
Kamakahala,Labordia pumila,Endangered,All
Kamakahala,Labordia tinifolia var. lanaiensis,Endangered,All
Kamakahala,Labordia tinifolia var. wahiawaensis,Endangered,All
Kamakahala,Labordia triflora,Endangered,All
Kamanomano,Cenchrus agrimonioides,Endangered,All
Kamapua`a,Kadua fluviatilis,Endangered,All
Kandy Parachute Spider,Poecilotheria smithi,Endangered,All
Karner blue butterfly,Lycaeides melissa samuelis,Endangered,All
Kashmir stag,Cervus elaphus hanglu,Endangered,All
Kauai cave amphipod,Spelaeorchestia koloana,Endangered,All
Kauai cave wolf or pe'e pe'e maka 'ole spider,Adelocosa anops,Endangered,All
Kauai hau kuahiwi,Hibiscadelphus distans,Endangered,All
Kauila,Colubrina oppositifolia,Endangered,All
Kaulu,Pteralyxia kauaiensis,Endangered,All
Kaulu,Pteralyxia macrocarpa,Endangered,All
Kearney's blue-star,Amsonia kearneyana,Endangered,All
Keck's Checker-mallow,Sidalcea keckii,Endangered,All
Kemp's ridley sea turtle,Lepidochelys kempii,Endangered,All
Kendall Warm Springs dace,Rhinichthys osculus thermalis,Endangered,All
Kentucky arrow darter,Etheostoma spilotum,Threatened,All
Kentucky cave shrimp,Palaemonias ganteri,Endangered,All
Kentucky glade cress,Leavenworthia exigua laciniata,Threatened,All
Kenwood Marsh checker-mallow,Sidalcea oregana ssp. valida,Endangered,All
Kern mallow,Eremalche kernensis,Endangered,All
Kern primrose sphinx moth,Euproserpinus euterpe,Threatened,All
Key deer,Odocoileus virginianus clavium,Endangered,All
Key Largo cotton mouse,Peromyscus gossypinus allapaticola,Endangered,All
Key Largo woodrat,Neotoma floridana smalli,Endangered,All
Key ring-necked snake,Diadophis punctatus acricus,Endangered,All
Key tree cactus,Pilosocereus robinii,Endangered,All
Killer whale,Orcinus orca,Endangered,All
Kincaid's Lupine,Lupinus sulphureus ssp. kincaidii,Threatened,All
Kio`ele,Kadua coriacea,Endangered,All
Kiponapona,Phyllostegia racemosa,Endangered,All
Kneeland Prairie penny-cress,Thlaspi californicum,Endangered,All
Knieskern's Beaked-rush,Rhynchospora knieskernii,Threatened,All
Knowlton's cactus,Pediocactus knowltonii,Endangered,All
Koala,Phascolarctos cinereus,Threatened,All
Koch's pitta,Pitta kochi,Endangered,All
Kodachrome bladderpod,Lesquerella tumulosa,Endangered,All
Kohe malama malama o Kanaloa,Kanaloa kahoolawensis,Endangered,All
Koholapehu,Dubautia latifolia,Endangered,All
Kokako (wattlebird),Callaeas cinerea,Endangered,All
Koki`o,Kokia cookei,Endangered,All
Koki`o,Kokia drynarioides,Endangered,All
Koki`o,Kokia kauaiensis,Endangered,All
Koki`o ke`oke`o,Hibiscus arnottianus ssp. immaculatus,Endangered,All
Koki`o ke`oke`o,Hibiscus waimeae ssp. hannerae,Endangered,All
Kolea,Myrsine fosbergii,Endangered,All
Kolea,Myrsine juddii,Endangered,All
Kolea,Myrsine knudsenii,Endangered,All
Kolea,Myrsine linearifolia,Threatened,All
Kolea,Myrsine mezii,Endangered,All
Kolea,Myrsine vaccinioides,Endangered,All
Komodo Island monitor,Varanus komodoensis,Endangered,All
kookoolau,Bidens hillebrandiana ssp. hillebrandiana,Endangered,All
Ko`oko`olau,Bidens amplectens,Endangered,All
Ko`oko`olau,Bidens campylotheca ssp. pentamera,Endangered,All
Ko`oko`olau,Bidens campylotheca ssp. waihoiensis,Endangered,All
Ko`oko`olau,Bidens conjuncta,Endangered,All
Ko`oko`olau,Bidens micrantha ssp. ctenophylla,Endangered,All
Ko`oko`olau,Bidens micrantha ssp. kalealaha,Endangered,All
Ko`oko`olau,Bidens wiebkei,Endangered,All
Ko`oloa`ula,Abutilon menziesii,Endangered,All
kopa,Kadua cordata remyi,Endangered,All
Kopiko,Psychotria grandiflora,Endangered,All
Kopiko,Psychotria hexandra var. oahuensis,Endangered,All
Kopiko,Psychotria hobdyi,Endangered,All
Koster's springsnail,Juturnia kosteri,Endangered,All
Kouprey,Bos sauveli,Endangered,All
Kral's water-plantain,Sagittaria secundifolia,Threatened,All
Kretschmarr Cave mold beetle,Texamaurops reddelli,Endangered,All
Kuahiwi laukahi,Plantago hawaiensis,Endangered,All
Kuahiwi laukahi,Plantago princeps,Endangered,All
Kuawawaenohu,Schiedea lychnoides,Endangered,All
Kuenzler hedgehog cactus,Echinocereus fendleri var. kuenzleri,Threatened,All
Kuhl's (=Bawean) deer,Axis porcinus kuhli,Endangered,All
Kulu`i,Nototrichium humile,Endangered,All
Kupukupu makali`i,Menisciopsis boydiae,Endangered,All
Lacy elimia (snail),Elimia crenatella,Threatened,All
La Graciosa thistle,Cirsium loncholepis,Endangered,All
Laguna Beach liveforever,Dudleya stolonifera,Threatened,All
Laguna Mountains skipper,Pyrgus ruralis lagunae,Endangered,All
Lahontan cutthroat trout,Oncorhynchus clarkii henshawi,Threatened,All
Lake County stonecrop,Parvisedum leiocarpum,Endangered,All
Lakela's mint,Dicerandra immaculata,Endangered,All
Lakeside daisy,Hymenoxys herbacea,Threatened,All
Lanai sandalwood (=`iliahi),Santalum haleakalae var. lanaiense,Endangered,All
Lanai tree snail,Partulina semicarinata,Endangered,All
Lanai tree snail,Partulina variabilis,Endangered,All
Lane Mountain milk-vetch,Astragalus jaegerianus,Endangered,All
Lange's metalmark butterfly,Apodemia mormo langei,Endangered,All
Langford's tree snail,Partula langfordi,Endangered,All
Large desert marsupial-mouse,Sminthopsis psammophila,Endangered,All
Large-eared hutia,Capromys auritus,Endangered,All
Large-flowered fiddleneck,Amsinckia grandiflora,Endangered,All
Large-flowered skullcap,Scutellaria montana,Threatened,All
Large-flowered woolly meadowfoam,Limnanthes pumila ssp. grandiflora,Endangered,All
Large-fruited sand-verbena,Abronia macrocarpa,Endangered,All
Largetooth Sawfish,Pristis pristis,Endangered,All
Lar Valley viper,Vipera latifii,Endangered,All
Lassics lupine,Lupinus constancei,Endangered,All
Last Chance townsendia,Townsendia aprica,Threatened,All
Lau `ehu,Panicum niihauense,Endangered,All
Laulihilihi,Schiedea stellarioides,Endangered,All
Laurel dace,Chrosomus saylori,Endangered,All
Layne's butterweed,Senecio layneae,Threatened,All
Laysan duck,Anas laysanensis,Endangered,All
Laysan finch,Telespiza cantans,Endangered,All
Leadbeater's Possum,Gymnobelideus leadbeateri,Endangered,All
Leafy prairie-clover,Dalea foliosa,Endangered,All
Least Bell's vireo,Vireo bellii pusillus,Endangered,All
Leatherback sea turtle,Dermochelys coriacea,Endangered,All
Lee County cave isopod,Lirceus usdagalun,Endangered,All
Leedy's roseroot,Rhodiola integrifolia ssp. leedyi,Threatened,All
Lee pincushion cactus,Coryphantha sneedii var. leei,Threatened,All
lehua makanoe,Lysimachia daphnoides,Endangered,All
Lemurs,"Lemuridae (incl. genera Lemur, Phaner, Hapalemur, Lepilemur, Microcebus, Allocebus, Cheirogaleus, Varecia)",Endangered,All
Leon Springs pupfish,Cyprinodon bovinus,Endangered,All
Leopard,Panthera pardus,Threatened,All
Leopard,Panthera pardus,Endangered,All
Leopard cat,Prionailurus (=Felis) bengalensis bengalensis,Endangered,All
Leopard darter,Percina pantherina,Threatened,All
Lesser rabbit bandicoot,Macrotis leucura,Endangered,All
Lesser rhea (incl. Darwin's),Rhea (=Pterocnemia) pennata,Endangered,All
Lesser slow loris,Nycticebus pygmaeus,Threatened,All
Lesueur's rat-kangaroo,Bettongia lesueur,Endangered,All
Lewton's polygala,Polygala lewtonii,Endangered,All
L'hoest's monkey,Cercopithecus lhoesti,Endangered,All
Light-footed Ridgway's rail,Rallus obsoletus levipes,Endangered,All
Liliwai,Acaena exigua,Endangered,All
Lion,Panthera leo ssp. leo,Endangered,All
Lion,Panthera leo ssp. melanochaita,Threatened,All
Lion-tailed macaque,Macaca silenus,Endangered,All
Little Aguja (=Creek) Pondweed,Potamogeton clystocarpus,Endangered,All
Little amphianthus,Amphianthus pusillus,Threatened,All
Little blue macaw,Cyanopsitta spixii,Endangered,All
Little Colorado spinedace,Lepidomeda vittata,Threatened,All
Little earth hutia,Capromys sanfelipensis,Endangered,All
Little Kern golden trout,Oncorhynchus aguabonita whitei,Threatened,All
Little planigale,Planigale ingrami subtilissima,Endangered,All
Littlewing pearlymussel,Pegias fabula,Endangered,All
Llanero Coqui,Eleutherodactylus juanariveroi,Endangered,All
Lloyd's Mariposa cactus,Sclerocactus mariposensis,Threatened,All
Loach minnow,Tiaroga cobitis,Endangered,All
Lobed Star Coral,Orbicella annularis,Threatened,All
Loch Lomond coyote thistle,Eryngium constancei,Endangered,All
Loggerhead sea turtle,Caretta caretta,Endangered,All
Loggerhead sea turtle,Caretta caretta,Threatened,All
Loggerhead sea turtle,Caretta caretta,Endangered,All
Loggerhead sea turtle,Caretta caretta,Endangered,All
Loggerhead sea turtle,Caretta caretta,Endangered,All
Loggerhead sea turtle,Caretta caretta,Threatened,All
Loggerhead sea turtle,Caretta caretta,Threatened,All
Loggerhead sea turtle,Caretta caretta,Threatened,All
Loggerhead sea turtle,Caretta caretta,Endangered,All
Lompoc yerba santa,Eriodictyon capitatum,Endangered,All
Longfin Smelt,Spirinchus thaleichthys,Endangered,All
Longhorn fairy shrimp,Branchinecta longiantenna,Endangered,All
Long-legged warbler,Trichocichla rufa,Endangered,All
Longsolid,Fusconaia subrotunda,Threatened,All
Longspurred mint,Dicerandra cornutissima,Endangered,All
Long-tailed ground roller,Uratelornis chimaera,Endangered,All
Long-tailed langur,Presbytis potenziani,Threatened,All
Long-tailed marsupial-mouse,Sminthopsis longicaudata,Endangered,All
Long-tailed otter,Lontra (=Lutra) longicaudis (incl. platensis),Endangered,All
Lord Howe wood rail,Gallirallus (=Tricholimnas) sylvestris,Endangered,All
Lost River sucker,Deltistes luxatus,Endangered,All
Lotis blue butterfly,Lycaeides argyrognomon lotis,Endangered,All
Louisiana pearlshell,Margaritifera hembeli,Threatened,All
Louisiana pinesnake,Pituophis ruthveni,Threatened,All
Louisiana quillwort,Isoetes louisianensis,Endangered,All
loulu,Pritchardia aylmer-robinsonii,Endangered,All
loulu,Pritchardia bakeri,Endangered,All
loulu,Pritchardia hardyi,Endangered,All
loulu,Pritchardia kaalae,Endangered,All
loulu,Pritchardia lanigera,Endangered,All
loulu,Pritchardia maideniana,Endangered,All
loulu,Pritchardia munroi,Endangered,All
loulu,Pritchardia napaliensis,Endangered,All
loulu,Pritchardia remota,Endangered,All
loulu,Pritchardia schattaueri,Endangered,All
loulu,Pritchardia viscosa,Endangered,All
Lower Keys marsh rabbit,Sylvilagus palustris hefneri,Endangered,All
Lowland anoa,Bubalus depressicornis,Endangered,All
Luzon peacock swallowtail butterfly,Papilio chikae,Endangered,All
Lyon's pentachaeta,Pentachaeta lyonii,Endangered,All
Lyrate bladderpod,Lesquerella lyrata,Threatened,All
MacFarlane's four-o'clock,Mirabilis macfarlanei,Threatened,All
Madagascar pochard,Aythya innotata,Endangered,All
Madagascar radiated tortoise,Geochelone radiata,Endangered,All
Madagascar red owl,Tyto soumagnei,Endangered,All
Madagascar sea eagle,Haliaeetus vociferoides,Endangered,All
Madagascar serpent eagle,Eutriorchis astur,Endangered,All
Madison Cave isopod,Antrolana lira,Threatened,All
Madla Cave Meshweaver,Cicurina madla,Endangered,All
Magenta petrel,Pterodroma magentae,Endangered,All
Magnificent ramshorn,Planorbella magnifica,Endangered,All
Maguire primrose,Primula maguirei,Threatened,All
Mahoe,Alectryon macrococcus,Endangered,All
Makou,Peucedanum sandwicense,Threatened,All
Makou,Ranunculus hawaiensis,Endangered,All
Makou,Ranunculus mauiensis,Endangered,All
Malabar large-spotted civet,Viverra civettina (=megaspila c.),Endangered,All
Maleo megapode,Macrocephalon maleo,Endangered,All
Malheur wire-lettuce,Stephanomeria malheurensis,Endangered,All
Mancos milk-vetch,Astragalus humillimus,Endangered,All
Mandrill,Mandrillus (=Papio) sphinx,Endangered,All
Maned wolf,Chrysocyon brachyurus,Endangered,All
Mann's bluegrass,Poa mannii,Endangered,All
Mantled howler monkey,Alouatta palliata,Endangered,All
Manus Island tree snail,Papustyla pulcherrima,Endangered,All
Many-flowered navarretia,Navarretia leucocephala ssp. plieantha,Endangered,All
Ma`oli`oli,Schiedea apokremnos,Endangered,All
Ma`oli`oli,Schiedea hawaiiensis,Endangered,All
Ma`oli`oli,Schiedea kealiae,Endangered,All
Ma`oli`oli,Schiedea pubescens,Endangered,All
Mao (= maomao) (honeyeater),Gymnomyza samoensis,Endangered,All
Mapele,Cyrtandra cyaneoides,Endangered,All
Marbled cat,Pardofelis (=Felis) marmorata,Endangered,All
Marbled Murrelet,Brachyramphus marmoratus,Threatened,All
Marcescent dudleya,Dudleya cymosa ssp. marcescens,Threatened,All
Margaretta's hermit,Phaethornis malaris margarettae,Endangered,All
Margay,Leopardus (=Felis) wiedii,Endangered,All
Maria Island ground lizard,Cnemidophorus vanzoi,Endangered,All
Maria Island snake,Liophus ornatus,Endangered,All
Mariana (=aga) Crow,Corvus kubaryi,Endangered,All
Mariana common moorhen (pulattat),Gallinula chloropus guami,Endangered,All
Mariana eight-spot butterfly,Hypolimnas octocula marianensis,Endangered,All
Mariana fruit Bat (=Mariana flying fox),Pteropus mariannus mariannus,Threatened,All
Mariana swiftlet,Aerodramus bartschi,Endangered,All
Mariana wandering butterfly,Vagrans egistina,Endangered,All
Marin dwarf-flax,Hesperolinon congestum,Threatened,All
Marine otter,Lontra (=Lutra) felina,Endangered,All
Mariposa pussypaws,Calyptridium pulchellum,Threatened,All
Marquesas pigeon,Ducula galeata,Endangered,All
Marron bacora,Solanum conocarpum,Endangered,All
Marsh deer,Blastocerus dichotomus,Endangered,All
marsh sandwort,Arenaria paludicola,Endangered,All
Martinique trembler (thrasher),Cinclocerthia ruficauda gutturalis,Endangered,All
Marungu sunbird,Nectarinia prigoginei,Endangered,All
Maryland darter,Etheostoma sellare,Endangered,All
Mascarene black petrel,Pterodroma aterrima,Endangered,All
Masked bobwhite (quail),Colinus virginianus ridgwayi,Endangered,All
Mat-forming quillwort,Isoetes tegetiformans,Endangered,All
Maui dolphin,Cephalorhynchus hectori maui,Endangered,All
Maui parrotbill (Kiwikiu),Pseudonestor xanthophrys,Endangered,All
Maui reedgrass,Calamagrostis expansa,Endangered,All
Maui remya,Remya mauiensis,Endangered,All
Mauna Loa (=Ka'u) silversword,Argyroxiphium kauense,Endangered,All
Mauritius cuckoo-shrike,Coquus typicus,Endangered,All
Mauritius fody,Foudia rubra,Endangered,All
Mauritius kestrel,Falco punctatus,Endangered,All
Mauritius olivaceous Bulbul,Hypsipetes borbonicus olivaceus,Endangered,All
Mauritius parakeet,Psittacula echo,Endangered,All
Mayaguana iguana,Cyclura carinata bartschi,Threatened,All
McDonald's rock-cress,Arabis mcdonaldiana,Endangered,All
McNeill's deer,Cervus elaphus macneilii,Endangered,All
Mead's milkweed,Asclepias meadii,Threatened,All
Mediterranean monk seal,Monachus monachus,Endangered,All
Mehamehame,Flueggea neowawraea,Endangered,All
Mekong giant catfish,Pangasius sanitwongsei,Endangered,All
Meltwater lednian stonefly,Lednia tumana,Threatened,All
Menzies' wallflower,Erysimum menziesii,Endangered,All
Merriam's Montezuma quail,Cyrtonyx montezumae merriami,Endangered,All
Mesa Verde cactus,Sclerocactus mesae-verdae,Threatened,All
Metcalf Canyon jewelflower,Streptanthus albidus ssp. albidus,Endangered,All
Mexican blindcat (catfish),Prietella phreatophila,Endangered,All
Mexican bobcat,Lynx (=Felis) rufus escuinapae,Endangered,All
Mexican flannelbush,Fremontodendron mexicanum,Endangered,All
Mexican long-nosed bat,Leptonycteris nivalis,Endangered,All
Mexican prairie dog,Cynomys mexicanus,Endangered,All
Mexican spotted owl,Strix occidentalis lucida,Threatened,All
Mexican wolf,Canis lupus baileyi,Endangered,All
Mhorr gazelle,Gazella dama mhorr,Endangered,All
Miami Blue Butterfly,Cyclargus thomasi bethunebakeri,Endangered,All
Miami tiger beetle,Cicindelidia floridana,Endangered,All
Miccosukee gooseberry,Ribes echinellum,Threatened,All
Michaux's sumac,Rhus michauxii,Endangered,All
Michigan monkey-flower,Mimulus michiganensis,Endangered,All
Micronesian megapode,Megapodius laperouse,Endangered,All
Mikado pheasant,Syrmaticus mikado,Endangered,All
Military macaw,Ara militaris,Endangered,All
Mindoro imperial (=zone-tailed) pigeon,Ducula mindorensis,Endangered,All
Minnesota dwarf trout lily,Erythronium propullans,Endangered,All
Mission blue butterfly,Icaricia icarioides missionensis,Endangered,All
Mississippi sandhill crane,Antigone canadensis pulla,Endangered,All
Missouri bladderpod,Physaria filiformis,Threatened,All
Mitchell's satyr Butterfly,Neonympha mitchellii mitchellii,Endangered,All
Miyako tango (=Toyko bitterling),Tanakia tanago,Endangered,All
Moapa dace,Moapa coriacea,Endangered,All
Mohave tui chub,Gila bicolor ssp. mohavensis,Endangered,All
Mohr's Barbara's buttons,Marshallia mohrii,Threatened,All
Molokai `oloma`o,Myadestes lanaiensis rutha,Endangered,All
Mona boa,Epicrates monensis monensis,Threatened,All
Mona ground Iguana,Cyclura stejnegeri,Threatened,All
Mongolian saiga (antelope),Saiga tatarica mongolica,Endangered,All
Monterey clover,Trifolium trichocalyx,Endangered,All
Monterey gilia,Gilia tenuiflora ssp. arenaria,Endangered,All
Monterey spineflower,Chorizanthe pungens var. pungens,Threatened,All
Monte Verde golden toad,Bufo periglenes,Endangered,All
Morden's owlet,Otus ireneae,Endangered,All
Morefields Leather Flower,Clematis morefieldii,Endangered,All
Moroccan gazelle,Gazella dorcas massaesyla,Endangered,All
Morro Bay kangaroo rat,Dipodomys heermanni morroensis,Endangered,All
Morro manzanita,Arctostaphylos morroensis,Threatened,All
Morro shoulderband (=Banded dune) snail,Helminthoglypta walkeriana,Threatened,All
Mountain anoa,Bubalus quarlesi,Endangered,All
Mountain (=Cuvier's) gazelle,Gazella cuvieri,Endangered,All
Mountain golden heather,Hudsonia montana,Threatened,All
Mountainous Star Coral,Orbicella faveolata,Threatened,All
Mountain pygmy possum,Burramys parvus,Endangered,All
Mountain sweet pitcher-plant,Sarracenia rubra ssp. jonesii,Endangered,All
Mountain tapir,Tapirus pinchaque,Endangered,All
Mountain yellow-legged frog,Rana muscosa,Endangered,All
Mountain yellow-legged frog,Rana muscosa,Endangered,All
Mountain zebra,Equus zebra zebra,Endangered,All
Mount Charleston blue butterfly,Icaricia (Plebejus) shasta charlestonensis,Endangered,All
Mount Graham red squirrel,Tamiasciurus fremonti grahamensis,Endangered,All
Mount Hermon June beetle,Polyphylla barbata,Endangered,All
Mt. Rainier white-tailed ptarmigan,Lagopus leucura rainierensis,Threatened,All
Mugger crocodile,Crocodylus palustris palustris,Endangered,All
Munz's onion,Allium munzii,Endangered,All
Musk deer,Moschus spp. (all species),Endangered,All
Myrtle's silverspot butterfly,Speyeria zerene myrtleae,Endangered,All
Naenae,Dubautia kalalauensis,Endangered,All
Naenae,Dubautia kenwoodii,Endangered,All
Na`ena`e,Dubautia herbstobatae,Endangered,All
Na`ena`e,Dubautia imbricata ssp. imbricata,Endangered,All
Na`ena`e,Dubautia pauciflorula,Endangered,All
Na`ena`e,Dubautia plantaginea ssp. humilis,Endangered,All
Na`ena`e,Dubautia plantaginea ssp. magnifolia,Endangered,All
Na`ena`e,Dubautia waialealae,Endangered,All
Nani wai`ale`ale,Viola kauaiensis var. wahiawaensis,Endangered,All
Nanu,Gardenia mannii,Endangered,All
Nanu,Gardenia remyi,Endangered,All
Napa bluegrass,Poa napensis,Endangered,All
Narrow-headed gartersnake,Thamnophis rufipunctatus,Threatened,All
Narrownose smoothhound shark,Mustelus schmitti,Threatened,All
Narrow pigtoe,Fusconaia escambia,Threatened,All
Narrow sawfish,Anoxypristis cuspidata,Endangered,All
Nashville crayfish,Orconectes shoupi,Endangered,All
Nassau grouper,Epinephelus striatus,Threatened,All
(=Native yellow hibiscus) ma`o hau hele,Hibiscus brackenridgei,Endangered,All
Navajo sedge,Carex specuicola,Threatened,All
Navasota ladies-tresses,Spiranthes parksii,Endangered,All
Neches River rose-mallow,Hibiscus dasycalyx,Threatened,All
nehe,Lipochaeta fauriei,Endangered,All
nehe,Lipochaeta lobata var. leptophylla,Endangered,All
nehe,Lipochaeta micrantha,Endangered,All
nehe,Lipochaeta venosa,Endangered,All
nehe,Lipochaeta waimeaensis,Endangered,All
nehe,Melanthera kamolensis,Endangered,All
nehe,Melanthera tenuifolia,Endangered,All
Nekogigi (catfish),Coreobagrus ichikawai,Endangered,All
Nellie's cory cactus,Escobaria minima,Endangered,All
Neosho madtom,Noturus placidus,Threatened,All
Neosho Mucket,Lampsilis rafinesqueana,Endangered,All
Neuse River waterdog,Necturus lewisi,Threatened,All
Nevin's barberry,Berberis nevinii,Endangered,All
Newcomb's snail,Erinna newcombi,Threatened,All
Newcomb's Tree snail,Newcombia cumingi,Endangered,All
Newell''s shearwater,Puffinus newelli,Threatened,All
New Holland mouse,Pseudomys novaehollandiae,Endangered,All
New Mexico meadow jumping mouse,Zapus hudsonius luteus,Endangered,All
New Mexico ridge-nosed rattlesnake,Crotalus willardi obscurus,Threatened,All
New Zealand bushwren,Xenicus longipes,Endangered,All
New Zealand shore plover,Thinornis novaeseelandiae,Endangered,All
New Zealand thrush (wattlebird),Turnagra capensis,Endangered,All
Niangua darter,Etheostoma nianguae,Threatened,All
Nichol's Turk's head cactus,Echinocactus horizonthalonius var. nicholii,Endangered,All
Nicklin's pearlymussel,Megalonaias nicklineana,Endangered,All
Night (=Australian) parrot,Geopsittacus occidentalis,Endangered,All
Nightingale reed warbler (old world warbler),Acrocephalus luscinia,Endangered,All
Nihoa finch,Telespiza ultima,Endangered,All
Nihoa millerbird (old world warbler),Acrocephalus familiaris kingi,Endangered,All
Nile crocodile,Crocodylus niloticus,Threatened,All
Nioi,Eugenia koolauensis,Endangered,All
Nipomo Mesa lupine,Lupinus nipomensis,Endangered,All
No common name,Abutilon eremitopetalum,Endangered,All
No common name,Abutilon sandwicense,Endangered,All
No common name,Achyranthes mutica,Endangered,All
No common name,Acropora globiceps,Threatened,All
No common name,Acropora jacquelineae,Threatened,All
No common name,Acropora lokani,Threatened,All
No common name,Acropora pharaonis,Threatened,All
No common name,Acropora retusa,Threatened,All
No common name,Acropora rudis,Threatened,All
No common name,Acropora speciosa,Threatened,All
No common name,Acropora tenella,Threatened,All
No common name,Agave eggersiana,Endangered,All
No common name,Amaranthus brownii,Endangered,All
No common name,Anacropora spinosa,Threatened,All
No common name,Aristida chaseae,Endangered,All
No common name,Asplenium dielerectum,Endangered,All
No common name,Asplenium diellaciniatum,Endangered,All
No common name,Asplenium (=Diellia) dielfalcatum (=falcata),Endangered,All
No common name,Asplenium dielmannii,Endangered,All
No common name,Asplenium dielpallidum,Endangered,All
No common name,Asplenium peruvianum var. insulare,Endangered,All
No common name,Asplenium unisorum,Endangered,All
No common name,Auerodendron pauciflorum,Endangered,All
No common name,Bonamia menziesii,Endangered,All
No common name,Calyptranthes thomasiana,Endangered,All
No common name,Cantharellus noumeae,Endangered,All
No common name,Catesbaea melanocarpa,Endangered,All
No common name,Chamaecrista glandulosa var. mirabilis,Endangered,All
No common name,Cordia bellonis,Endangered,All
No common name,Cranichis ricartii,Endangered,All
No common name,Cyanea kauaulaensis,Endangered,All
No common name,Cyperus fauriei,Endangered,All
No common name,Cyperus neokunthianus,Endangered,All
No common name,Cyperus pennatiformis,Endangered,All
No common name,Daphnopsis helleriana,Endangered,All
No common name,Delissea rhytidosperma,Endangered,All
No common name,Delissea undulata,Endangered,All
No common name,Dendrobium guamense,Threatened,All
No common name,Deparia kaalaana,Endangered,All
No common name,Diplazium molokaiense,Endangered,All
No common name,Doryopteris angelica,Endangered,All
No common name,Doryopteris takeuchii,Endangered,All
No common name,Elaphoglossum serpens,Endangered,All
No common name,Eugenia bryanii,Endangered,All
No common name,Eugenia woodburyana,Threatened,All
No common name,Euphyllia paradivisa,Threatened,All
No common name,Festuca hawaiiensis,Endangered,All
No common name,Festuca molokaiensis,Endangered,All
No common name,Geocarpon minimum,Threatened,All
No common name,Gesneria pauciflora,Threatened,All
No common name,Gonocalyx concolor,Endangered,All
No common name,Gouania hillebrandii,Endangered,All
No common name,Gouania meyenii,Endangered,All
No common name,Gouania vitifolia,Endangered,All
No common name,Hesperomannia arborescens,Endangered,All
No common name,Hesperomannia arbuscula,Endangered,All
No common name,Hesperomannia lydgatei,Endangered,All
No common name,Ilex sintenisii,Endangered,All
No common name,Isopora crateriformis,Threatened,All
No common name,Kadua degeneri,Endangered,All
No common name,Kadua haupuensis,Endangered,All
No common name,Kadua parvula,Endangered,All
No common name,Kadua st.-johnii,Endangered,All
No common name,Keysseria (=Lagenifera) erici,Endangered,All
No common name,Keysseria (=Lagenifera) helenae,Endangered,All
No common name,Labordia lorenciana,Endangered,All
No common name,Lepidium orbiculare,Endangered,All
No common name,Leptocereus grantianus,Endangered,All
No common name,Lobelia koolauensis,Endangered,All
No common name,Lobelia monostachya,Endangered,All
No common name,Lobelia niihauensis,Endangered,All
No common name,Lobelia oahuensis,Endangered,All
No common name,Lyonia truncata var. proctorii,Endangered,All
No common name,Lysimachia filifolia,Endangered,All
No common name,Lysimachia iniki,Endangered,All
No common name,Lysimachia lydgatei,Endangered,All
No common name,Lysimachia maxima,Endangered,All
No common name,Lysimachia pendens,Endangered,All
No common name,Lysimachia scopulensis,Endangered,All
No common name,Lysimachia venosa,Endangered,All
No common name,Maesa walkeri,Threatened,All
No common name,Melicope cornuta var. cornuta,Endangered,All
No common name,Melicope cornuta var. decurrens,Endangered,All
No common name,Melicope remyi,Endangered,All
No common name,Microlepia strigosa var. mauiensis,Endangered,All
No common name,Mitracarpus maxwelliae,Endangered,All
No common name,Mitracarpus polycladus,Threatened,All
No common name,Montipora australiensis,Threatened,All
No common name,Myrcia paganii,Endangered,All
No common name,Neraudia angulata,Endangered,All
No common name,Neraudia ovata,Endangered,All
No common name,Neraudia sericea,Endangered,All
No common name,Nervilia jacksoniae,Threatened,All
No common name,Nesogenes rotensis,Endangered,All
No common name,Osmoxylon mariannense,Endangered,All
No common name,Pavona diffluens,Threatened,All
No common name,Phlegmariurus stemmermanniae,Endangered,All
No common name,Phyllanthus saffordii,Endangered,All
No common name,Phyllostegia bracteata,Endangered,All
No common name,Phyllostegia brevidens,Endangered,All
No common name,Phyllostegia floribunda,Endangered,All
No common name,Phyllostegia glabra var. lanaiensis,Endangered,All
No common name,Phyllostegia haliakalae,Endangered,All
No common name,Phyllostegia helleri,Endangered,All
No common name,Phyllostegia hirsuta,Endangered,All
No common name,Phyllostegia hispida,Endangered,All
No common name,Phyllostegia kaalaensis,Endangered,All
No common name,Phyllostegia knudsenii,Endangered,All
No common name,Phyllostegia mannii,Endangered,All
No common name,Phyllostegia mollis,Endangered,All
No common name,Phyllostegia parviflora,Endangered,All
No common name,Phyllostegia pilosa,Endangered,All
No common name,Phyllostegia renovans,Endangered,All
No common name,Phyllostegia stachyoides,Endangered,All
No common name,Phyllostegia velutina,Endangered,All
No common name,Phyllostegia waimeae,Endangered,All
No common name,Phyllostegia warshaueri,Endangered,All
No common name,Phyllostegia wawrana,Endangered,All
No common name,Platanthera holochila,Endangered,All
No common name,Poa siphonoglossa,Endangered,All
No common name,Polyscias bisattenuata,Endangered,All
No common name,Polyscias flynnii,Endangered,All
No common name,Polyscias lydgatei,Endangered,All
No common name,Polyscias racemosa,Endangered,All
No common name,Polystichum calderonense,Endangered,All
No common name,Porites napopora,Threatened,All
No common name,Pteris lidgatei,Endangered,All
No common name,Remya kauaiensis,Endangered,All
No common name,Remya montgomeryi,Endangered,All
No common name,Sanicula mariversa,Endangered,All
No common name,Sanicula purpurea,Endangered,All
No common name,Sanicula sandwicensis,Endangered,All
No common name,Santalum involutum,Endangered,All
No common name,Schiedea attenuata,Endangered,All
No common name,Schiedea diffusa ssp. macraei,Endangered,All
No common name,Schiedea diffusa subsp. diffusa,Endangered,All
No common name,Schiedea haleakalensis,Endangered,All
No common name,Schiedea helleri,Endangered,All
No common name,Schiedea hookeri,Endangered,All
No common name,Schiedea jacobii,Endangered,All
No common name,Schiedea kaalae,Endangered,All
No common name,Schiedea kauaiensis,Endangered,All
No common name,Schiedea laui,Endangered,All
No common name,Schiedea lydgatei,Endangered,All
No common name,Schiedea membranacea,Endangered,All
No common name,Schiedea nuttallii,Endangered,All
No common name,Schiedea obovata,Endangered,All
No common name,Schiedea salicaria,Endangered,All
No common name,Schiedea sarmentosa,Endangered,All
No common name,Schiedea spergulina var. leiopoda,Endangered,All
No common name,Schiedea spergulina var. spergulina,Threatened,All
No common name,Schiedea trinervis,Endangered,All
No common name,Schiedea verticillata,Endangered,All
No common name,Schiedea viscosa,Endangered,All
No common name,Schoepfia arenaria,Threatened,All
No common name,Seriatopora aculeata,Threatened,All
No common name,Sicyos lanceoloideus,Endangered,All
No common name,Siderastrea glynni,Endangered,All
No common name,Silene alexandri,Endangered,All
No common name,Silene hawaiiensis,Threatened,All
No common name,Silene lanceolata,Endangered,All
No common name,Silene perlmanii,Endangered,All
No common name,Spermolepis hawaiiensis,Endangered,All
No common name,Stenogyne angustifolia var. angustifolia,Endangered,All
No common name,Stenogyne bifida,Endangered,All
No common name,Stenogyne campanulata,Endangered,All
No common name,Stenogyne cranwelliae,Endangered,All
No common name,Stenogyne kaalae ssp. sherffii,Endangered,All
No common name,Stenogyne kanehoana,Endangered,All
No common name,Stenogyne kauaulaensis,Endangered,All
No common name,Stenogyne kealiae,Endangered,All
No common name,Tabernaemontana rotensis,Threatened,All
No common name,Tectaria estremerana,Endangered,All
No common name,Ternstroemia subsessilis,Endangered,All
No common name,Tetramolopium arenarium,Endangered,All
No common name,Tetramolopium filiforme,Endangered,All
No common name,Tetramolopium lepidotum ssp. lepidotum,Endangered,All
No common name,Tetramolopium remyi,Endangered,All
No common name,Tetramolopium rockii,Threatened,All
No common name,Thelypteris inabonensis,Endangered,All
No common name,Thelypteris verecunda,Endangered,All
No common name,Thelypteris yaucoensis,Endangered,All
No common name,Tinospora homosepala,Endangered,All
No common name,Trematolobelia singularis,Endangered,All
No common name,Tubastraea floreana,Endangered,All
No common name,Tuberolabium guamense,Threatened,All
No common name,Varronia rupicola,Threatened,All
No common name,Vernonia proctorii,Endangered,All
No common name,Vigna o-wahuensis,Endangered,All
No common name,Viola helenae,Endangered,All
No common name,Viola lanaiensis,Endangered,All
No common name,Viola oahuensis,Endangered,All
No common name,Wikstroemia skottsbergiana,Endangered,All
No common name,Wikstroemia villosa,Endangered,All
No common name,Xylosma crenatum,Endangered,All
[no common name] Beetle,Rhadine exilis,Endangered,All
[no common name] Beetle,Rhadine infernalis,Endangered,All
Noel's Amphipod,Gammarus desperatus,Endangered,All
Nohoanu,Geranium arboreum,Endangered,All
Nohoanu,Geranium hanaense,Endangered,All
Nohoanu,Geranium hillebrandii,Endangered,All
Nohoanu,Geranium kauaiense,Endangered,All
Nohoanu,Geranium multiflorum,Endangered,All
Noisy scrub-bird,Atrichornis clamosus,Endangered,All
noonday snail,Mesodon clarki nantahala,Threatened,All
Nordmann's greenshank,Tringa guttifer,Endangered,All
Norfolk Island parakeet,Cyanoramphus cookii (=novaezelandiae c.),Endangered,All
Norfolk Island white-eye,Zosterops albogularis,Endangered,All
North American wolverine,Gulo gulo luscus,Threatened,All
North Andean huemul,Hippocamelus antisensis,Endangered,All
North Atlantic Right Whale,Eubalaena glacialis,Endangered,All
North China sika deer,Cervus nippon mandarinus,Endangered,All
Northeastern beach tiger beetle,Habroscelimorpha dorsalis dorsalis,Threatened,All
Northern Aplomado Falcon,Falco femoralis septentrionalis,Endangered,All
Northern bald ibis,Geronticus eremita,Endangered,All
Northern Idaho Ground Squirrel,Urocitellus brunneus,Threatened,All
Northern Long-Eared Bat,Myotis septentrionalis,Endangered,All
Northern Mexican gartersnake,Thamnophis eques megalops,Threatened,All
Northern riffleshell,Epioblasma rangiana,Endangered,All
Northern Sea Otter,Enhydra lutris kenyoni,Threatened,All
Northern spotted owl,Strix occidentalis caurina,Threatened,All
Northern swift fox,Vulpes velox hebes,Endangered,All
Northern white rhinoceros,Ceratotherium simum cottoni,Endangered,All
Northern wild monkshood,Aconitum noveboracense,Threatened,All
North Pacific Right Whale,Eubalaena japonica,Endangered,All
North Park phacelia,Phacelia formosula,Endangered,All
Numbat,Myrmecobius fasciatus,Endangered,All
O`ahu `alauahio,Paroreomyza maculata,Endangered,All
Oahu elepaio,Chasiempis ibidis,Endangered,All
Oahu tree snails,Achatinella spp.,Endangered,All
Oceanic Hawaiian damselfly,Megalagrion oceanicum,Endangered,All
Oceanic whitetip shark,Carcharhinus longimanus,Threatened,All
Ocelot,Leopardus (=Felis) pardalis,Endangered,All
Ochlockonee moccasinshell,Medionidus simpsonianus,Endangered,All
Ocmulgee skullcap,Scutellaria ocmulgee,Endangered,All
Oha,Delissea subcordata,Endangered,All
Ohai,Sesbania tomentosa,Endangered,All
`Oha wai,Clermontia drepanomorpha,Endangered,All
`Oha wai,Clermontia lindseyana,Endangered,All
`Oha wai,Clermontia oblongifolia ssp. brevipes,Endangered,All
`Oha wai,Clermontia oblongifolia ssp. mauiensis,Endangered,All
`Oha wai,Clermontia peleana,Endangered,All
`Oha wai,Clermontia pyrularia,Endangered,All
`Oha wai,Clermontia samuelii,Endangered,All
`Ohe,Joinvillea ascendens ascendens,Endangered,All
`Ohe`ohe,Polyscias gymnocarpa,Endangered,All
Ohlone tiger beetle,Cicindela ohlone,Endangered,All
Okeechobee gourd,Cucurbita okeechobeensis ssp. okeechobeensis,Endangered,All
Olive ridley sea turtle,Lepidochelys olivacea,Threatened,All
Olive ridley sea turtle,Lepidochelys olivacea,Endangered,All
olua,Hypolepis hawaiiensis var. mauiensis,Endangered,All
Olulu,Brighamia insignis,Endangered,All
Olympia pocket gopher,Thomomys mazama pugetensis,Threatened,All
Opuhe,Urera kaalae,Endangered,All
Orange-bellied parakeet,Neophema chrysogaster,Endangered,All
Orangeblack Hawaiian damselfly,Megalagrion xanthomelas,Endangered,All
Orangefoot pimpleback (pearlymussel),Plethobasus cooperianus,Endangered,All
Orangenacre mucket,Hamiota perovalis,Threatened,All
Orangutan,Pongo pygmaeus,Endangered,All
Orcutt's spineflower,Chorizanthe orcuttiana,Endangered,All
Oregon silverspot butterfly,Speyeria zerene hippolyta,Threatened,All
Oregon spotted frog,Rana pretiosa,Threatened,All
Oriental white stork,Ciconia boyciana (=ciconia b.),Endangered,All
Orinoco crocodile,Crocodylus intermedius,Endangered,All
Osterhout milkvetch,Astragalus osterhoutii,Endangered,All
Otay mesa-mint,Pogogyne nudiuscula,Endangered,All
Otay tarplant,Deinandra (=Hemizonia) conjugens,Threatened,All
Ouachita fanshell,Cyprogenia sp. cf. aberti,Threatened,All
Ouachita rock pocketbook,Arcidens wheeleri,Endangered,All
`O`u (honeycreeper),Psittirostra psittacea,Endangered,All
Oval pigtoe,Pleurobema pyriforme,Endangered,All
Ovate clubshell,Pleurobema perovatum,Endangered,All
Owens pupfish,Cyprinodon radiosus,Endangered,All
Owens Tui Chub,Gila bicolor ssp. snyderi,Endangered,All
Oyster mussel,Epioblasma capsaeformis,Endangered,All
Ozark big-eared bat,Corynorhinus (=Plecotus) townsendii ingens,Endangered,All
Ozark cavefish,Amblyopsis rosae,Threatened,All
Ozark Hellbender,Cryptobranchus alleganiensis bishopi,Endangered,All
Pacific Hawaiian damselfly,Megalagrion pacificum,Endangered,All
"Pacific marten, Coastal DPS",Martes caurina,Threatened,All
Pacific pocket mouse,Perognathus longimembris pacificus,Endangered,All
Pacific sheath-tailed Bat,Emballonura semicaudata rotensis,Endangered,All
Pacific sheath-tailed Bat,Emballonura semicaudata semicaudata,Endangered,All
Pagi Island langur,Nasalis concolor,Endangered,All
Pagosa skyrocket,Ipomopsis polyantha,Endangered,All
Pahranagat roundtail chub,Gila robusta jordani,Endangered,All
Pahrump poolfish,Empetrichthys latos,Endangered,All
Pa`iniu,Astelia waialealae,Endangered,All
Painted rocksnail,Leptoxis taeniata,Threatened,All
Painted snake coiled forest snail,Anguispira picta,Threatened,All
Paiute cutthroat trout,Oncorhynchus clarkii seleniris,Threatened,All
Pakistan sand cat,Felis margarita scheffeli,Endangered,All
Palai la`au,Adenophorus periens,Endangered,All
Palapalai aumakua,Dryopteris crinalis var. podosorus,Endangered,All
Palawan peacock pheasant,Polyplectron emphanum,Endangered,All
Pale lilliput (pearlymussel),Toxolasma cylindrellus,Endangered,All
Palezone shiner,Notropis albizonatus,Endangered,All
Palila (honeycreeper),Loxioides bailleui,Endangered,All
Pallid manzanita,Arctostaphylos pallida,Threatened,All
Pallid sturgeon,Scaphirhynchus albus,Endangered,All
Palma de manaca,Calyptronoma rivalis,Threatened,All
Palmate-bracted bird's beak,Cordylanthus palmatus,Endangered,All
Palo colorado,Ternstroemia luquillensis,Endangered,All
Palo de jazmin,Styrax portoricensis,Endangered,All
Palo de nigua,Cornutia obovata,Endangered,All
Palo de ramon,Banara vanderbiltii,Endangered,All
Palo de rosa,Ottoschulzia rhodoxylon,Threatened,All
Palos Verdes blue butterfly,Glaucopsyche lygdamus palosverdesensis,Endangered,All
Pamakani,Tetramolopium capillare,Endangered,All
Pamakani,Viola chamissoniana ssp. chamissoniana,Endangered,All
Pampas deer,Ozotoceros bezoarticus,Endangered,All
Panama City crayfish,Procambarus econfinae,Threatened,All
Panamanian golden frog,Atelopus varius zeteki,Endangered,All
Panamanian jaguarundi,Herpailurus (=Felis) yagouaroundi panamensis,Endangered,All
Papala,Charpentiera densiflora,Endangered,All
Papery whitlow-wort,Paronychia chartacea,Threatened,All
Parachute beardtongue,Penstemon debilis,Threatened,All
Paradise parakeet,Psephotus pulcherrimus,Endangered,All
Pariette cactus,Sclerocactus brevispinus,Threatened,All
Parish's daisy,Erigeron parishii,Threatened,All
Parma wallaby,Macropus parma,Endangered,All
Paudedo,Hedyotis megalantha,Endangered,All
Pauoa,Ctenitis squamigera,Endangered,All
Pawnee montane skipper,Hesperia leonardus montana,Threatened,All
Peacock softshell turtle,Trionyx hurum,Endangered,All
Pearl darter,Percina aurora,Threatened,All
Pearl River Map Turtle,Graptemys pearlensis,Threatened,All
Peck's cave amphipod,Stygobromus (=Stygonectes) pecki,Endangered,All
Pecos amphipod,Gammarus pecos,Endangered,All
Pecos assiminea snail,Assiminea pecos,Endangered,All
Pecos bluntnose shiner,Notropis simus pecosensis,Threatened,All
Pecos gambusia,Gambusia nobilis,Endangered,All
"Pecos (=puzzle, =paradox) sunflower",Helianthus paradoxus,Threatened,All
Pedate checker-mallow,Sidalcea pedata,Endangered,All
Pederseni''s Tiger Spider,Poecilotheria vittata,Endangered,All
Peebles Navajo cactus,Pediocactus peeblesianus ssp. peeblesianus,Endangered,All
Peirson's milk-vetch,Astragalus magdalenae var. peirsonii,Threatened,All
Pelos del diablo,Aristida portoricensis,Endangered,All
Pelzeln's gazelle,Gazella dorcas pelzelni,Endangered,All
Penasco least chipmunk,Tamias minimus atristriatus,Endangered,All
peninsular bighorn sheep,Ovis canadensis nelsoni,Endangered,All
Peninsular pronghorn,Antilocapra americana peninsularis,Endangered,All
Penland alpine fen mustard,Eutrema penlandii,Threatened,All
Penland beardtongue,Penstemon penlandii,Endangered,All
Pennell's bird's-beak,Cordylanthus tenuis ssp. capillaris,Endangered,All
Peppered chub,Macrhybopsis tetranema,Endangered,All
Perdido Key beach mouse,Peromyscus polionotus trissyllepsis,Endangered,All
Persian fallow deer,Dama mesopotamica (=dama m.),Endangered,All
Persistent trillium,Trillium persistens,Endangered,All
Peruvian plantcutter,Phytotoma raimondii,Endangered,All
Peter's Mountain mallow,Iliamna corei,Endangered,All
Phantom Springsnail,Pyrgulopsis texana,Endangered,All
Phantom Tryonia,Tryonia cheatumi,Endangered,All
Philippine cockatoo,Cacatua haematuropygia,Endangered,All
Philippine crocodile,Crocodylus novaeguineae mindorensis,Endangered,All
Philippine eagle,Pithecophaga jefferyi,Endangered,All
Philippine tarsier,Tarsius syrichta,Threatened,All
Pied tamarin,Saguinus bicolor,Endangered,All
Pigeon wings,Clitoria fragrans,Threatened,All
Pig-footed bandicoot,Chaeropus ecaudatus,Endangered,All
Pillar Coral,Dendrogyra cylindrus,Threatened,All
pilo,Kadua laxiflora,Endangered,All
Pilo kea lau li`i,Melicope rostrata,Endangered,All
Pima pineapple cactus,Coryphantha scheeri var. robustispina,Endangered,All
Pine Hill ceanothus,Ceanothus roderickii,Endangered,All
Pine Hill flannelbush,Fremontodendron californicum ssp. decumbens,Endangered,All
Pineland sandmat,Chamaesyce deltoidea pinetorum,Threatened,All
Pink fairy armadillo,Chlamyphorus truncatus,Endangered,All
Pink-headed duck,Rhodonessa caryophyllacea,Endangered,All
Pink mucket (pearlymussel),Lampsilis abrupta,Endangered,All
Pink pigeon,Columba mayeri,Endangered,All
Piping Plover,Charadrius melodus,Endangered,All
Piping Plover,Charadrius melodus,Threatened,All
Pismo clarkia,Clarkia speciosa ssp. immaculata,Endangered,All
Pitcher's thistle,Cirsium pitcheri,Threatened,All
Pitkin Marsh lily,Lilium pardalinum ssp. pitkinense,Endangered,All
Plains wanderer (=collared-hemipode),Pedionomus torquatus,Endangered,All
Plicate rocksnail,Leptoxis plicata,Endangered,All
Plymouth Redbelly Turtle = Plymouth Redbelly Cooter,Pseudemys rubriventris bangsi,Endangered,All
Po`e,Portulaca sclerocarpa,Endangered,All
Point Arena mountain beaver,Aplodontia rufa nigra,Endangered,All
Polar bear,Ursus maritimus,Threatened,All
Pollen's vanga,Xenopirostris polleni,Threatened,All
Ponape greater white-eye,Rukia longirostra,Endangered,All
Ponape mountain starling,Aplonis pelzelni,Endangered,All
Pondberry,Lindera melissifolia,Endangered,All
Popolo,Cyanea solanacea,Endangered,All
Popolo,Solanum nelsonii,Endangered,All
Popolo ku mai,Solanum incompletum,Endangered,All
Poweshiek skipperling,Oarisma poweshiek,Endangered,All
Prairie bush-clover,Lespedeza leptostachya,Threatened,All
Preble's meadow jumping mouse,Zapus hudsonius preblei,Threatened,All
Presidio clarkia,Clarkia franciscana,Endangered,All
Presidio Manzanita,Arctostaphylos hookeri var. ravenii,Endangered,All
Preuss' red colobus monkey,Procolobus (=Colobus) preussi (=badius p.),Endangered,All
Prices potato-bean,Apios priceana,Threatened,All
Proboscis monkey,Nasalis larvatus,Endangered,All
Prostrate milkweed,Asclepias prostrata,Endangered,All
Przewalski's horse,Equus przewalskii,Endangered,All
Pua `ala,Brighamia rockii,Endangered,All
Puaiohi,Myadestes palmeri,Endangered,All
Pudu,Pudu pudu,Endangered,All
Puerto Rican boa,Chilabothrus inornatus,Endangered,All
Puerto Rican broad-winged hawk,Buteo platypterus brunnescens,Endangered,All
Puerto Rican crested toad,Peltophryne lemur,Threatened,All
Puerto Rican harlequin butterfly,Atlantea tulita,Threatened,All
Puerto Rican nightjar,Antrostomus noctitherus,Endangered,All
Puerto Rican parrot,Amazona vittata,Endangered,All
Puerto Rican plain Pigeon,Patagioenas inornata wetmorei,Endangered,All
Puerto Rican sharp-shinned hawk,Accipiter striatus venator,Endangered,All
Puritan tiger beetle,Ellipsoptera puritana,Threatened,All
Purple amole,Chlorogalum purpureum,Threatened,All
Purple bankclimber (mussel),Elliptoideus sloatianus,Threatened,All
Purple bean,Villosa perpurpurea,Endangered,All
Purple Cat's paw (=Purple Cat's paw pearlymussel),Epioblasma obliquata,Endangered,All
Purple-faced langur,Presbytis senex,Threatened,All
Pu`uka`a,Cyperus trachysanthos,Endangered,All
Pygmy chimpanzee,Pan paniscus,Endangered,All
Pygmy fringe-tree,Chionanthus pygmaeus,Endangered,All
Pygmy hog,Sus salvanius,Endangered,All
Pygmy madtom,Noturus stanauli,Endangered,All
Pygmy Rabbit,Brachylagus idahoensis,Endangered,All
Pygmy Sculpin,Cottus paulus (=pygmaeus),Threatened,All
Pyrenean ibex,Capra pyrenaica pyrenaica,Endangered,All
Queen Alexandra's birdwing butterfly,Troides alexandrae,Endangered,All
Queen Charlotte goshawk,Accipiter gentilis laingi,Threatened,All
Queen Conch,Aliger gigas,Threatened,All
Queensland hairy-nosed wombat (incl. Barnard's),Lasiorhinus krefftii (formerly L. barnardi and L. gillespiei),Endangered,All
Queensland rat-kangaroo,Bettongia tropica,Endangered,All
Quino checkerspot butterfly,Euphydryas editha quino (=E. e. wrighti),Endangered,All
Quokka,Setonix brachyurus,Endangered,All
Rabbit bandicoot,Macrotis lagotis,Endangered,All
Rabbitsfoot,Quadrula cylindrica cylindrica,Threatened,All
Railroad Valley springfish,Crenichthys nevadae,Threatened,All
Raso lark,Alauda razae,Endangered,All
Rayed Bean,Villosa fabalis,Endangered,All
Razorback sucker,Xyrauchen texanus,Threatened,All
Razor-billed curassow,Mitu mitu mitu,Endangered,All
Red-backed squirrel monkey,Saimiri oerstedii,Endangered,All
Red-bellied monkey,Cercopithecus erythrogaster,Endangered,All
Red-billed curassow,Crax blumenbachii,Endangered,All
Red-browed parrot,Amazona rhodocorytha,Endangered,All
Red-capped parrot,Pionopsitta pileata,Endangered,All
Red-cockaded woodpecker,Dryobates borealis,Threatened,All
Red-eared nose-spotted monkey,Cercopithecus erythrotis,Endangered,All
Red-faced malkoha (cuckoo),Phaenicophaeus pyrrhocephalus,Endangered,All
Red Hills salamander,Phaeognathus hubrichti,Threatened,All
Red Hills vervain,Verbena californica,Threatened,All
Red lechwe,Kobus leche,Threatened,All
Red-necked parrot,Amazona arausiaca,Endangered,All
Red siskin,Carduelis cucullata,Endangered,All
Red-spectacled parrot,Amazona pretrei pretrei,Endangered,All
Red-tailed parrot,Amazona brasiliensis,Endangered,All
Red wolf,Canis rufus,Endangered,All
Relict darter,Etheostoma chienense,Threatened,All
Relict gull,Larus relictus,Endangered,All
Relict trillium,Trillium reliquum,Endangered,All
Resplendent quetzel,Pharomachrus mocinno ssp. mocinno,Endangered,All
Reticulated flatwoods salamander,Ambystoma bishopi,Endangered,All
Reunion cuckoo-shrike,Coquus newtoni,Endangered,All
Rice's whale,Balaenoptera ricei,Endangered,All
rim rock crowned snake,Tantilla oolitica,Endangered,All
Ringed map turtle,Graptemys oculifera,Threatened,All
Ringed seal,Phoca (=Pusa) hispida ladogensis,Endangered,All
Ringed Seal,Phoca (=Pusa) hispida botnica,Threatened,All
Ringed Seal,Phoca (=Pusa) hispida hispida,Threatened,All
Ringed Seal,Phoca (=Pusa) hispida ochotensis,Threatened,All
Ring Pink,Obovaria retusa,Endangered,All
Rio de Oro Dama gazelle,Gazella dama lozanoi,Endangered,All
Rio Grande Silvery Minnow,Hybognathus amarus,Endangered,All
riparian brush rabbit,Sylvilagus bachmani riparius,Endangered,All
riparian woodrat (= San Joaquin Valley),Neotoma fuscipes riparia,Endangered,All
Riverside fairy shrimp,Streptocephalus woottoni,Endangered,All
River terrapin,Batagur baska,Endangered,All
Roan Mountain bluet,Hedyotis purpurea var. montana,Endangered,All
Robber Baron Cave Meshweaver,Cicurina baronia,Endangered,All
Robust spineflower,Chorizanthe robusta var. robusta,Endangered,All
Rock gnome lichen,Gymnoderma lineare,Endangered,All
Rodrigues fody,Foudia flavicans,Endangered,All
Rodrigues fruit bat (=flying fox),Pteropus rodricensis,Endangered,All
Rodrigues warbler (old world warbler),Bebrornis rodericanus,Endangered,All
Roseate tern,Sterna dougallii dougallii,Threatened,All
Roseate tern,Sterna dougallii dougallii,Endangered,All
Roswell springsnail,Pyrgulopsis roswellensis,Endangered,All
Rota blue damselfly,Ischnura luta,Endangered,All
Rota bridled white-eye,Zosterops rotensis,Endangered,All
Rothschild's starling (myna),Leucopsar rothschildi,Endangered,All
Rough Cactus Coral,Mycetophyllia ferox,Threatened,All
Rough hornsnail,Pleurocera foremani,Endangered,All
Rough-leaved loosestrife,Lysimachia asperulaefolia,Endangered,All
Rough pigtoe,Pleurobema plenum,Endangered,All
rough popcornflower,Plagiobothrys hirtus,Threatened,All
Rough rabbitsfoot,Quadrula cylindrica strigillata,Endangered,All
Round Ebonyshell,Reginaia rotulata,Endangered,All
Round hickorynut,Obovaria subrotunda,Threatened,All
Round Island bolyeria boa,Bolyeria multocarinata,Endangered,All
Round Island casarea boa,Casarea dussumieri,Endangered,All
Round Island day gecko,Phelsuma guentheri,Endangered,All
Round Island skink,Leiolopisma telfairi,Threatened,All
Round-leaved chaff-flower,Achyranthes splendens var. rotundata,Endangered,All
Round rocksnail,Leptoxis ampla,Threatened,All
Royal cinclodes,Cinclodes aricomae,Endangered,All
Royal marstonia (snail),Marstonia ogmorhaphe,Endangered,All
Roy Prairie pocket gopher,Thomomys mazama glacialis,Threatened,All
rufa red knot,Calidris canutus rufa,Threatened,All
Rugel's pawpaw,Deeringothamnus rugelii,Endangered,All
Rush Darter,Etheostoma phytophilum,Endangered,All
Rusty patched bumble bee,Bombus affinis,Endangered,All
Ruth's golden aster,Pityopsis ruthii,Endangered,All
Ryukyu rabbit,Pentalagus furnessi,Endangered,All
Ryukyu sika deer,Cervus nippon keramae,Endangered,All
Sacramento Mountains checkerspot Butterfly,Euphydryas anicia cloudcrofti,Endangered,All
Sacramento Mountains thistle,Cirsium vinaceum,Threatened,All
Sacramento Orcutt grass,Orcuttia viscida,Endangered,All
Sacramento prickly poppy,Argemone pleiacantha ssp. pinnatisecta,Endangered,All
Saimaa seal,Phoca hispida saimensis,Endangered,All
Saint Francis' satyr butterfly,Neonympha mitchellii francisci,Endangered,All
Sakhalin sturgeon,Acipenser mikadoi,Endangered,All
Salado Salamander,Eurycea chisholmensis,Threatened,All
Salmon-crested cockatoo,Cacatua moluccensis,Threatened,All
Salt Creek Tiger beetle,Cicindela nevadica lincolniana,Endangered,All
Salt marsh bird's-beak,Cordylanthus maritimus ssp. maritimus,Endangered,All
salt marsh harvest mouse,Reithrodontomys raviventris,Endangered,All
Saltwater crocodile,Crocodylus porosus,Threatened,All
Saltwater crocodile,Crocodylus porosus,Endangered,All
San Bernardino bluegrass,Poa atropurpurea,Endangered,All
San Bernardino Merriam's kangaroo rat,Dipodomys merriami parvus,Endangered,All
San Bernardino Mountains bladderpod,Lesquerella kingii ssp. bernardina,Endangered,All
San Bernardino springsnail,Pyrgulopsis bernardina,Threatened,All
San Bruno elfin butterfly,Callophrys mossii bayensis,Endangered,All
San Clemente Island woodland-star,Lithophragma maximum,Endangered,All
San Clemente loggerhead shrike,Lanius ludovicianus mearnsi,Endangered,All
Sand dune phacelia,Phacelia argentea,Threatened,All
Sand flax,Linum arenicola,Endangered,All
Sand gazelle,Gazella subgutturosa marica,Endangered,All
San Diego ambrosia,Ambrosia pumila,Endangered,All
San Diego button-celery,Eryngium aristulatum var. parishii,Endangered,All
San Diego fairy shrimp,Branchinecta sandiegonensis,Endangered,All
San Diego mesa-mint,Pogogyne abramsii,Endangered,All
San Diego thornmint,Acanthomintha ilicifolia,Threatened,All
Sandlace,Polygonella myriophylla,Endangered,All
Sandplain gerardia,Agalinis acuta,Endangered,All
Sand skink,Neoseps reynoldsi,Threatened,All
San Esteban Island chuckwalla,Sauromalus varius,Endangered,All
San Francisco garter snake,Thamnophis sirtalis tetrataenia,Endangered,All
San Francisco lessingia,Lessingia germanorum (=L.g. var. germanorum),Endangered,All
San Francisco Peaks ragwort,Packera franciscana,Threatened,All
San Jacinto Valley crownscale,Atriplex coronata var. notatior,Endangered,All
San Joaquin adobe sunburst,Pseudobahia peirsonii,Threatened,All
San Joaquin kit fox,Vulpes macrotis mutica,Endangered,All
San Joaquin Valley Orcutt grass,Orcuttia inaequalis,Threatened,All
San Joaquin wooly-threads,Monolopia (=Lembertia) congdonii,Endangered,All
San Marcos salamander,Eurycea nana,Threatened,All
San Mateo thornmint,Acanthomintha obovata ssp. duttonii,Endangered,All
San Mateo woolly sunflower,Eriophyllum latilobum,Endangered,All
San Rafael cactus,Pediocactus despainii,Endangered,All
Santa Ana River woolly-star,Eriastrum densifolium ssp. sanctorum,Endangered,All
Santa Ana sucker,Catostomus santaanae,Threatened,All
Santa Barbara Island liveforever,Dudleya traskiae,Endangered,All
Santa Catalina Island Fox,Urocyon littoralis catalinae,Threatened,All
Santa Clara Valley dudleya,Dudleya setchellii,Endangered,All
Santa Cruz cypress,Hesperocyparis abramsiana,Threatened,All
Santa Cruz Island bush-mallow,Malacothamnus fasciculatus var. nesioticus,Endangered,All
Santa Cruz Island fringepod,Thysanocarpus conchuliferus,Endangered,All
Santa Cruz Island malacothrix,Malacothrix indecora,Endangered,All
Santa Cruz Island rockcress,Sibara filifolia,Endangered,All
Santa Cruz long-toed salamander,Ambystoma macrodactylum croceum,Endangered,All
Santa Cruz tarplant,Holocarpha macradenia,Threatened,All
Santa Monica Mountains dudleyea,Dudleya cymosa ssp. ovatifolia,Threatened,All
Santa Rosa Island manzanita,Arctostaphylos confertiflora,Endangered,All
Sao Miguel bullfinch (finch),Pyrrhula pyrrhula murina,Endangered,All
Saudi Arabian gazelle,Gazella dorcas saudiya,Endangered,All
Sawback angelshark,Squatina aculeata,Endangered,All
Scaleshell mussel,Leptodea leptodon,Endangered,All
Scalloped Hammerhead Shark,Sphyrna lewini,Threatened,All
Scalloped Hammerhead Shark,Sphyrna lewini,Endangered,All
Scalloped Hammerhead Shark,Sphyrna lewini,Threatened,All
Scalloped Hammerhead Shark,Sphyrna lewini,Endangered,All
Scaly-tailed possum,Wyulda squamicaudata,Endangered,All
Scarlet-breasted robin (flycatcher),Petroica multicolor multicolor,Endangered,All
Scarlet macaw,Ara macao ssp. cyanopterus,Endangered,All
Scarlet macaw,Ara macao ssp. macao,Threatened,All
Schaus swallowtail butterfly,Heraclides aristodemus ponceanus,Endangered,All
Schweinitz's sunflower,Helianthus schweinitzii,Endangered,All
Scimitar-horned oryx,Oryx dammah,Endangered,All
Sclater's monal pheasant,Lophophorus sclateri,Endangered,All
Scotts Valley polygonum,Polygonum hickmanii,Endangered,All
Scotts Valley spineflower,Chorizanthe robusta var. hartwegii,Endangered,All
Scrub blazingstar,Liatris ohlingerae,Endangered,All
Scrub buckwheat,Eriogonum longifolium var. gnaphalifolium,Threatened,All
Scrub lupine,Lupinus aridorum,Endangered,All
Scrub mint,Dicerandra frutescens,Endangered,All
Scrub plum,Prunus geniculata,Endangered,All
Seabeach amaranth,Amaranthus pumilus,Threatened,All
sea bean,Mucuna persericea,Endangered,All
Sebastopol meadowfoam,Limnanthes vinculans,Endangered,All
Sei whale,Balaenoptera borealis,Endangered,All
Seledang,Bos gaurus,Endangered,All
Semper's warbler (=wood),Leucopeza semperi,Endangered,All
Sensitive joint-vetch,Aeschynomene virginica,Threatened,All
Sentry milk-vetch,Astragalus cremnophylax var. cremnophylax,Endangered,All
Serow,Naemorhedus (=Capricornis) sumatraensis,Endangered,All
Serpent Island gecko,Cyrtodactylus serpensinsula,Threatened,All
Seychelles fody (weaver-finch),Foudia sechellarum,Endangered,All
Seychelles kestrel,Falco araea,Endangered,All
Seychelles lesser vasa parrot,Coracopsis nigra barklyi,Endangered,All
Seychelles magpie-robin (thrush),Copsychus sechellarum,Endangered,All
Seychelles paradise flycatcher,Terpsiphone corvina,Endangered,All
Seychelles scops owl,Otus magicus (=insularis) insularis,Endangered,All
Seychelles turtle dove,Streptopelia picturata rostrata,Endangered,All
Seychelles warbler (old world warbler),Bebrornis sechellensis,Endangered,All
Seychelles white-eye,Zosterops modesta,Endangered,All
Shale barren rock cress,Boechera serotina,Endangered,All
Shansi sika deer,Cervus nippon grassianus,Endangered,All
Shapo,Ovis vignei vignei,Endangered,All
Shark Bay mouse,Pseudomys praeconis,Endangered,All
Sharpnose Shiner,Notropis oxyrhynchus,Endangered,All
Shasta crayfish,Pacifastacus fortis,Endangered,All
Sheepnose Mussel,Plethobasus cyphyus,Endangered,All
Shenandoah salamander,Plethodon shenandoah,Endangered,All
Shiny pigtoe,Fusconaia cor,Endangered,All
Shinyrayed pocketbook,Hamiota subangulata,Endangered,All
Shivwits milk-vetch,Astragalus ampullarioides,Endangered,All
Short-leaved rosemary,Conradina brevifolia,Endangered,All
Short-necked or western swamp turtle,Pseudemydura umbrina,Endangered,All
Shortnose sturgeon,Acipenser brevirostrum,Endangered,All
shortnose sucker,Chasmistes brevirostris,Endangered,All
Shortridge's mouse,Pseudomys shortridgei,Endangered,All
Short's bladderpod,Physaria globosa,Endangered,All
Short's goldenrod,Solidago shortii,Endangered,All
Short-tailed albatross,Phoebastria (=Diomedea) albatrus,Endangered,All
Shou,Cervus elaphus wallichi,Endangered,All
showy Indian clover,Trifolium amoenum,Endangered,All
Showy stickseed,Hackelia venusta,Endangered,All
Shrubby reed-mustard,Schoenocrambe suffrutescens,Endangered,All
Siamang,Symphalangus syndactylus,Endangered,All
Siamese crocodile,Crocodylus siamensis,Endangered,All
Siberian white Crane,Grus leucogeranus,Endangered,All
Sichuan snub-nosed monkey,Rhinopithecus roxellana,Endangered,All
Sickle darter,Percina williamsi,Threatened,All
Sierra Nevada bighorn sheep,Ovis canadensis sierrae,Endangered,All
Sierra Nevada red fox,Vulpes vulpes necator,Endangered,All
Sierra Nevada Yellow-legged Frog,Rana sierrae,Endangered,All
Sifakas,Propithecus spp.,Endangered,All
Siler pincushion cactus,"Pediocactus (=Echinocactus,=Utahia) sileri",Threatened,All
Silver rice rat,Oryzomys palustris natator,Endangered,All
Silverspot,Speyeria nokomis nokomis,Threatened,All
Simien fox,Canis simensis,Endangered,All
Sinaloan jaguarundi,Puma yagouaroundi tolteca,Endangered,All
Singapore roundleaf horseshoe bat,Hipposideros ridleyi,Endangered,All
Sira curassow,Pauxi koepckeae,Endangered,All
Slabside Pearlymussel,Pleuronaia dolabelloides,Endangered,All
Slackwater darter,Etheostoma boschungi,Threatened,All
Slender-billed curlew,Numenius tenuirostris,Endangered,All
Slender-billed Grackle,Quisicalus palustris,Endangered,All
Slender campeloma,Campeloma decampi,Endangered,All
Slender chub,Erimystax cahni,Threatened,All
Slenderclaw crayfish,Cambarus cracens,Endangered,All
Slender-horned gazelle,Gazella leptoceros,Endangered,All
Slender-horned spineflower,Dodecahema leptoceras,Endangered,All
Slender Orcutt grass,Orcuttia tenuis,Threatened,All
Slender-petaled mustard,Thelypodium stenopetalum,Endangered,All
Slender rush-pea,Hoffmannseggia tenella,Endangered,All
Slevin's skink,Emoia slevini,Endangered,All
Slickspot peppergrass,Lepidium papilliferum,Threatened,All
Small-anthered bittercress,Cardamine micranthera,Endangered,All
Smalleye Shiner,Notropis buccula,Endangered,All
Small's milkpea,Galactia smallii,Endangered,All
Smalltooth sawfish,Pristis pectinata,Endangered,All
Smalltooth sawfish,Pristis pectinata,Endangered,All
Small whorled pogonia,Isotria medeoloides,Threatened,All
Smith's blue butterfly,Euphilotes enoptes smithi,Endangered,All
Smoky madtom,Noturus baileyi,Endangered,All
Smoky mouse,Pseudomys fumeus,Endangered,All
Smoothback angelshark,Squatina oculata,Endangered,All
Smooth coneflower,Echinacea laevigata,Threatened,All
Snail [no common name],Eua zebrina,Endangered,All
Snail [no common name],Ostodes strigatus,Endangered,All
Snake River physa snail,Physella natricina,Endangered,All
Snakeroot,Eryngium cuneifolium,Endangered,All
Sneed pincushion cactus,Coryphantha sneedii var. sneedii,Endangered,All
Snow leopard,Uncia (=Panthera) uncia,Endangered,All
Snuffbox mussel,Epioblasma triquetra,Endangered,All
Sockeye salmon,Oncorhynchus (=Salmo) nerka,Endangered,All
Sockeye salmon,Oncorhynchus (=Salmo) nerka,Threatened,All
Socorro isopod,Thermosphaeroma thermophilus,Endangered,All
Socorro mockingbird,Mimus graysoni,Endangered,All
Socorro springsnail,Pyrgulopsis neomexicana,Endangered,All
Soft bird's-beak,Cordylanthus mollis ssp. mollis,Endangered,All
Soft-leaved paintbrush,Castilleja mollis,Endangered,All
Solano grass,Tuctoria mucronata,Endangered,All
Solitary tinamou,Tinamus solitarius,Endangered,All
Sonoma alopecurus,Alopecurus aequalis var. sonomensis,Endangered,All
Sonoma spineflower,Chorizanthe valida,Endangered,All
Sonoma sunshine,Blennosperma bakeri,Endangered,All
Sonora chub,Gila ditaenia,Threatened,All
Sonoran pronghorn,Antilocapra americana sonoriensis,Endangered,All
Sonoran tiger salamander,Ambystoma mavortium stebbinsi,Endangered,All
Sonoyta mud turtle,Kinosternon sonoriense longifemorale,Endangered,All
South American (=Brazilian) tapir,Tapirus terrestris,Endangered,All
South American red-lined turtle,Trachemys scripta callirostris,Endangered,All
South Andean huemul,Hippocamelus bisulcus,Endangered,All
South Asian River dolphin,Platanista gangetica minor,Endangered,All
South China sika deer,Cervus nippon kopschi,Endangered,All
Southeastern beach mouse,Peromyscus polionotus niveiventris,Threatened,All
Southeastern rufous-vented ground cuckoo,Neomorphus geoffroyi dulcis,Endangered,All
Southern bearded saki,Chiropotes satanas satanas,Endangered,All
Southern clubshell,Pleurobema decisum,Endangered,All
Southern combshell,Epioblasma penita,Endangered,All
Southern-helmeted curassow,Pauxi unicornis,Endangered,All
Southern kidneyshell,Ptychobranchus jonesi,Endangered,All
Southern Mountain Caribou DPS,Rangifer tarandus ssp. caribou,Endangered,All
Southern mountain wild-buckwheat,Eriogonum kennedyi var. austromontanum,Threatened,All
Southern pigtoe,Pleurobema georgianum,Endangered,All
Southern planigale,Planigale tenuirostris,Endangered,All
Southern Right Whale,Eubalaena australis,Endangered,All
Southern river otter,Lontra (=Lutra) provocax,Endangered,All
southern rockhopper penguin,Eudyptes chrysocome,Threatened,All
Southern Sandshell,Hamiota australis,Threatened,All
Southern sea otter,Enhydra lutris nereis,Threatened,All
South Island Hector's dolphin,Cephalorhynchus hectori hectori,Threatened,All
South Llano Springs moss,Donrichardsia macroneuron,Endangered,All
South Texas ambrosia,Ambrosia cheiranthifolia,Endangered,All
Southwestern willow flycatcher,Empidonax traillii extimus,Endangered,All
Spalding's Catchfly,Silene spaldingii,Threatened,All
Spanish imperial eagle,Aquila heliaca adalberti,Endangered,All
Spanish lynx,Felis pardina,Endangered,All
Speckled pocketbook,Lampsilis streckeri,Endangered,All
Spectaclecase (mussel),Cumberlandia monodonta,Endangered,All
Spectacled eider,Somateria fischeri,Threatened,All
Sperm whale,Physeter catodon (=macrocephalus),Endangered,All
Spider monkey,Ateles geoffroyi frontatus,Endangered,All
Spider monkey,Ateles geoffroyl panamensis,Endangered,All
Spikedace,Meda fulgida,Endangered,All
Spiny angelshark,Squatina guggenheim,Endangered,All
Spotfin Chub,Erimonax monachus,Threatened,All
Spotted linsang,Prionodon pardicolor,Endangered,All
Spotted pond turtle,Geoclemys hamiltonii,Endangered,All
Spotted Seal,Phoca largha,Threatened,All
Spreading avens,Geum radiatum,Endangered,All
Spreading navarretia,Navarretia fossalis,Threatened,All
Spring Creek bladderpod,Lesquerella perforata,Endangered,All
Spring-loving centaury,Centaurium namophilum,Threatened,All
Spring pygmy sunfish,Elassoma alabamae,Threatened,All
Springville clarkia,Clarkia springvillensis,Threatened,All
Spruce-fir moss spider,Microhexura montivaga,Endangered,All
Squirrel Chimney Cave shrimp,Palaemonetes cummingi,Threatened,All
Sri Lankan Ornamental Tarantula,Poecilotheria fasciata,Endangered,All
Staghorn coral,Acropora cervicornis,Threatened,All
St. Andrew beach mouse,Peromyscus polionotus peninsularis,Endangered,All
Star cactus,Astrophytum asterias,Endangered,All
St. Croix ground lizard,Ameiva polops,Endangered,All
Steamboat buckwheat,Eriogonum ovalifolium var. williamsiae,Endangered,All
Stebbins' morning-glory,Calystegia stebbinsii,Endangered,All
Steelhead (Rainbow Trout),Oncorhynchus (=Salmo) mykiss,Threatened,All
Steelhead (Rainbow Trout),Oncorhynchus (=Salmo) mykiss,Threatened,All
Steelhead (Rainbow Trout),Oncorhynchus (=Salmo) mykiss,Threatened,All
Steelhead (Rainbow Trout),Oncorhynchus (=Salmo) mykiss,Threatened,All
Steelhead (Rainbow Trout),Oncorhynchus (=Salmo) mykiss,Threatened,All
Steelhead (Rainbow Trout),Oncorhynchus (=Salmo) mykiss,Threatened,All
Steelhead (Rainbow Trout),Oncorhynchus (=Salmo) mykiss,Threatened,All
Steelhead (Rainbow Trout),Oncorhynchus (=Salmo) mykiss,Threatened,All
Steelhead (Rainbow Trout),Oncorhynchus (=Salmo) mykiss,Threatened,All
Steelhead (Rainbow Trout),Oncorhynchus (=Salmo) mykiss,Endangered,All
Steelhead (Rainbow Trout),Oncorhynchus (=Salmo) mykiss,Threatened,All
Steller sea lion,Eumetopias jubatus,Endangered,All
Steller's Eider,Polysticta stelleri,Threatened,All
Stephen Island frog,Leiopelma hamiltoni,Endangered,All
Stephens' kangaroo rat,Dipodomys stephensi (incl. D. cascus),Threatened,All
St. Francis River Crayfish,Faxonius quadruncus,Threatened,All
Stick-nest rat,Leporillus conditor,Endangered,All
St. Lucia Forest thrush,Cichlherminia iherminieri santaeluciae,Endangered,All
St. Lucia house wren,Troglodytes aedon mesoleucus,Endangered,All
St. Lucia parrot,Amazona versicolor,Endangered,All
Stock Island tree snail,Orthalicus reses (not incl. nesodryas),Threatened,All
straight-horned markhor,Capra falconeri megaceros,Endangered,All
straight-horned markhor,Capra falconeri megaceros,Endangered,All
Streaked Horned lark,Eremophila alpestris strigata,Threatened,All
Striped smoothhound shark,Mustelus fasciatus,Endangered,All
St. Thomas prickly-ash,Zanthoxylum thomasianum,Endangered,All
Stump-tailed macaque,Macaca arctoides,Threatened,All
St Vincent parrot,Amazona guildingii,Endangered,All
Suisun thistle,Cirsium hydrophilum var. hydrophilum,Endangered,All
Sumatran rhinoceros,Dicerorhinus sumatrensis,Endangered,All
Suwannee alligator snapping turtle,Macrochelys suwanniensis,Threatened,All
Suwannee moccasinshell,Medionidus walkeri,Threatened,All
swale paintbrush,Castilleja ornata,Endangered,All
Swamp deer,Cervus duvauceli,Endangered,All
Swamp pink,Helonias bullata,Threatened,All
Swayne's hartebeest,Alcelaphus buselaphus swaynei,Endangered,All
Swinhoe's pheasant,Lophura swinhoii,Endangered,All
Tahiti flycatcher,Pomarea nigra,Endangered,All
Taita thrush,Turdus olivaceus helleri,Endangered,All
Tamaraw,Bubalus mindorensis,Endangered,All
Tampico pearlymussel,Cyrtonaias tampicoensis tecomatensis,Endangered,All
Tana River mangabey,Cercocebus galeritus galeritus,Endangered,All
Tana River red colobus monkey,Procolobus (=Colobus) rufomitratus (=badius r.),Endangered,All
Tan riffleshell,Epioblasma florentina walkeri (=E. walkeri),Endangered,All
Tapered pigtoe,Fusconaia burkei,Threatened,All
Tar River spinymussel,Parvaspina steinstansana,Endangered,All
Tartaruga,Podocnemis expansa,Endangered,All
Tasmanian forester kangaroo,Macropus giganteus tasmaniensis,Endangered,All
Tasmanian tiger,Thylacinus cynocephalus,Endangered,All
Taylor's (=whulge) Checkerspot,Euphydryas editha taylori,Endangered,All
Telephus spurge,Euphorbia telephioides,Threatened,All
Temnick''s ground Pangolin,Manis temminckii,Endangered,All
Tenino pocket gopher,Thomomys mazama tumuli,Threatened,All
Tennessee yellow-eyed grass,Xyris tennesseensis,Endangered,All
Terlingua Creek cat's-eye,Cryptantha crassipes,Endangered,All
Texas ayenia,Ayenia limitaris,Endangered,All
Texas blind salamander,Eurycea rathbuni,Endangered,All
Texas fatmucket,Lampsilis bracteata,Endangered,All
Texas fawnsfoot,Truncilla macrodon,Threatened,All
Texas golden Gladecress,Leavenworthia texana,Endangered,All
Texas Hornshell,Popenaias popeii,Endangered,All
Texas pimpleback,Cyclonaias petrina,Endangered,All
Texas poppy-mallow,Callirhoe scabriuscula,Endangered,All
Texas prairie dawn-flower,Hymenoxys texana,Endangered,All
Texas snowbells,Styrax platanifolius ssp. texanus,Endangered,All
Texas trailing phlox,Phlox nivalis ssp. texensis,Endangered,All
Texas wild-rice,Zizania texana,Endangered,All
Thailand giant catfish,Pangasianodon gigas,Endangered,All
Thick-billed parrot,Rhynchopsitta pachyrhyncha,Endangered,All
Thin-spined porcupine,Chaetomys subspinosus,Endangered,All
Thread-leaved brodiaea,Brodiaea filifolia,Threatened,All
Three Forks Springsnail,Pyrgulopsis trivialis,Endangered,All
Three-keeled Asian turtle,Melanochelys tricarinata,Endangered,All
Thyolo alethe,Alethe choloensis,Endangered,All
Tibetan antelope,Panthalops hodgsonii,Endangered,All
Tiburon jewelflower,Streptanthus niger,Endangered,All
Tiburon mariposa lily,Calochortus tiburonensis,Threatened,All
Tiburon paintbrush,Castilleja affinis ssp. neglecta,Endangered,All
tidewater goby,Eucyclogobius newberryi,Endangered,All
Tiehm's buckwheat,Eriogonum tiehmii,Endangered,All
Tiger,Panthera tigris,Endangered,All
Tiger cat,Leopardus (=Felis) tigrinus,Endangered,All
Tiny polygala,Polygala smallii,Endangered,All
Tipton kangaroo rat,Dipodomys nitratoides nitratoides,Endangered,All
Tobusch fishhook cactus,Sclerocactus brevihamatus ssp. tobuschii,Threatened,All
Todsen's pennyroyal,Hedeoma todsenii,Endangered,All
Tomistoma,Tomistoma schlegelii,Endangered,All
Tonkin snub-nosed monkey,Rhinopithecus avunculus,Endangered,All
Tooth Cave ground beetle,Rhadine persephone,Endangered,All
Tooth Cave pseudoscorpion,Tartarocreagris texana,Endangered,All
Tooth Cave spider,Tayshaneta myopica,Endangered,All
Topeka shiner,Notropis topeka (=tristis),Endangered,All
Toque macaque,Macaca sinica,Threatened,All
Tora hartebeest,Alcelaphus buselaphus tora,Endangered,All
Totoaba (seatrout or weakfish),Cynoscion macdonaldi,Endangered,All
Tracaja,Podocnemis unifilis,Endangered,All
Triangular Kidneyshell,Ptychobranchus greenii,Endangered,All
Trinidad white-headed curassow,Pipile pipile pipile,Endangered,All
Triple-ribbed milk-vetch,Astragalus tricarinatus,Endangered,All
Trispot darter,Etheostoma trisella,Threatened,All
Tristam's woodpecker,Dryocopus javensis richardsi,Endangered,All
Tuatara,Sphenodon punctatus,Endangered,All
Tulotoma snail,Tulotoma magnifica,Threatened,All
Tumbling Creek cavesnail,Antrobia culveri,Endangered,All
Turks and Caicos iguana,Cyclura carinata carinata,Threatened,All
Uakari (all species),Cacajao spp.,Endangered,All
Ufa-halomtano,Heritiera longipetiolata,Endangered,All
Uhiuhi,Mezoneuron kavaiense,Endangered,All
Uinta Basin hookless cactus,Sclerocactus wetlandicus,Threatened,All
Ulugura bush-shrike,Malaconotus alius,Threatened,All
Umtanum desert buckwheat,Eriogonum codium,Threatened,All
unarmored threespine stickleback,Gasterosteus aculeatus williamsoni,Endangered,All
Uncompahgre fritillary butterfly,Boloria acrocnema,Endangered,All
Urial,Ovis musimon ophion,Endangered,All
Utah prairie dog,Cynomys parvidens,Threatened,All
Ute ladies'-tresses,Spiranthes diluvialis,Threatened,All
Uvillo,Eugenia haematocarpa,Endangered,All
Vahl's boxwood,Buxus vahlii,Endangered,All
Vail Lake ceanothus,Ceanothus ophiochilus,Threatened,All
Valley elderberry longhorn beetle,Desmocerus californicus dimorphus,Threatened,All
Vancouver Island marmot,Marmota vancouverensis,Endangered,All
Van Dam's vanga,Xenopirostris damii,Threatened,All
Vandenberg monkeyflower,Diplacus vandenbergensis,Endangered,All
Ventura Marsh Milk-vetch,Astragalus pycnostachyus var. lanosissimus,Endangered,All
Verity's dudleya,Dudleya verityi,Threatened,All
Vermilion darter,Etheostoma chermocki,Endangered,All
Vernal pool fairy shrimp,Branchinecta lynchi,Threatened,All
Vernal pool tadpole shrimp,Lepidurus packardi,Endangered,All
Vicuna,Vicugna vicugna,Threatened,All
Vicuna,Vicugna vicugna,Endangered,All
Vinaceous-breasted parrot,Amazona vinacea,Endangered,All
Vine Hill clarkia,Clarkia imbricata,Endangered,All
Virginia big-eared bat,Corynorhinus (=Plecotus) townsendii virginianus,Endangered,All
Virginia fringed mountain snail,Polygyriscus virginianus,Endangered,All
Virginia round-leaf birch,Betula uber,Threatened,All
Virginia sneezeweed,Helenium virginicum,Threatened,All
Virginia spiraea,Spiraea virginiana,Threatened,All
Virgin Islands tree boa,Chilabothrus granti,Endangered,All
Virgin River Chub,Gila seminuda (=robusta),Endangered,All
Visayan deer,Cervus alfredi,Endangered,All
Volcano rabbit,Romerolagus diazi,Endangered,All
Waccamaw silverside,Menidia extensa,Threatened,All
wahine noho Kula,Isodendrion pyrifolium,Endangered,All
Walia ibex,Capra walie,Endangered,All
Walker's manioc,Manihot walkerae,Endangered,All
Warm Springs pupfish,Cyprinodon nevadensis pectoralis,Endangered,All
Warner sucker,Catostomus warnerensis,Threatened,All
Watercress darter,Etheostoma nuchale,Endangered,All
Watling Island ground iguana,Cyclura rileyi rileyi,Endangered,All
Wawae`iole,Phlegmariurus mannii,Endangered,All
Wawae`iole,Phlegmariurus nutans,Endangered,All
Webber's ivesia,Ivesia webberi,Threatened,All
Wedge spurge,Chamaesyce deltoidea serpyllum,Endangered,All
Welsh's milkweed,Asclepias welshii,Threatened,All
Wenatchee Mountains checkermallow,Sidalcea oregana var. calva,Endangered,All
West African manatee,Trichechus senegalensis,Threatened,All
West African ostrich,Struthio camelus spatzi,Endangered,All
Western bristlebird,Dasyornis longirostris (=brachypterus I.),Endangered,All
Western fanshell,Cyprogenia aberti,Threatened,All
Western giant eland,Taurotragus derbianus derbianus,Endangered,All
Western glacier stonefly,Zapada glacier,Threatened,All
Western hare wallaby,Lagorchestes hirsutus,Endangered,All
Western lily,Lilium occidentale,Endangered,All
Western mouse,Pseudomys occidentalis,Endangered,All
Western prairie fringed Orchid,Platanthera praeclara,Threatened,All
Western rufous bristlebird,Dasyornis broadbenti littoralis,Endangered,All
western snowy plover,Charadrius nivosus nivosus,Threatened,All
Western tragopan pheasant,Tragopan melanocephalus,Endangered,All
Western whipbird,Psophodes nigrogularis,Endangered,All
West Indian Manatee,Trichechus manatus,Threatened,All
West Indian Walnut (=Nogal),Juglans jamaicensis,Endangered,All
Wheeler's peperomia,Peperomia wheeleri,Endangered,All
White Abalone,Haliotis sorenseni,Endangered,All
Whitebark pine,Pinus albicaulis,Threatened,All
White birds-in-a-nest,Macbridea alba,Threatened,All
White bladderpod,Physaria pallida,Endangered,All
White Bluffs bladderpod,Physaria douglasii ssp. tuplashensis,Threatened,All
White-breasted guineafowl,Agelastes meleagrides,Threatened,All
White-breasted thrasher,Ramphocinclus brachyurus,Endangered,All
White-browed tit-spinetail,Leptasthenura xenothorax,Endangered,All
White catspaw (pearlymussel),Epioblasma perobliqua,Endangered,All
White Cay ground iguana,Cyclura rileyi cristata,Threatened,All
White cockatoo,Cacatua alba,Threatened,All
White-collared mangabey,Cercocebus torquatus,Endangered,All
White-eared (=buffy tufted-ear) marmoset,Callithrix aurita (=jacchus a.),Endangered,All
White eared pheasant,Crossoptilon crossoptilon,Endangered,All
white-flippered penguin,Eudyptula albosignata,Threatened,All
White-footed tamarin,Saguinus leucopus,Threatened,All
White fringeless orchid,Platanthera integrilabia,Threatened,All
White irisette,Sisyrinchium dichotomum,Endangered,All
White-naped Crane,Grus vipio,Endangered,All
White-necked crow,Corvus leucognaphalus,Endangered,All
White-necked rockfowl,Picathartes gymnocephalus,Endangered,All
White-nosed saki,Chiropotes albinasus,Endangered,All
white-rayed pentachaeta,Pentachaeta bellidiflora,Endangered,All
White River spinedace,Lepidomeda albivallis,Endangered,All
White River springfish,Crenichthys baileyi baileyi,Endangered,All
White sedge,Carex albida,Endangered,All
White sturgeon,Acipenser transmontanus,Endangered,All
White-tailed laurel Pigeon,Columba junoniae,Threatened,All
White wartyback (pearlymussel),Plethobasus cicatricosus,Endangered,All
White-winged cotinga,Xipholena atropurpurea,Endangered,All
White-winged guan,Penelope albipennis,Endangered,All
White-winged wood duck,Cairina scutulata,Endangered,All
Whooping crane,Grus americana,Endangered,All
Whorled Sunflower,Helianthus verticillatus,Endangered,All
Wide-leaf warea,Warea amplexifolia,Endangered,All
Wild yak,Bos mutus (=grunniens m.),Endangered,All
Willamette daisy,Erigeron decumbens,Endangered,All
willowy monardella,Monardella viminea,Endangered,All
Winged Mapleleaf,Quadrula fragosa,Endangered,All
Winkler cactus,Pediocactus winkleri,Threatened,All
Wireweed,Polygonella basiramia,Endangered,All
Wood Bison,Bison bison athabascae,Threatened,All
Woolly spider monkey,Brachyteles arachnoides,Endangered,All
Woundfin,Plagopterus argentissimus,Endangered,All
Wright fishhook cactus,Sclerocactus wrightiae,Endangered,All
Wright's marsh thistle,Cirsium wrightii,Threatened,All
Wyoming Toad,Anaxyrus baxteri,Endangered,All
Yacare Caiman,Caiman yacare,Threatened,All
Yadon's piperia,Piperia yadonii,Endangered,All
Yangtze Sturgeon,Acipenser dabryanus,Endangered,All
Yaqui catfish,Ictalurus pricei,Threatened,All
Yaqui chub,Gila purpurea,Endangered,All
Yarkand deer,Cervus elaphus yarkandensis,Endangered,All
Yellow-billed Cuckoo,Coccyzus americanus,Threatened,All
Yellow-billed parrot,Amazona collaria,Threatened,All
Yellow-blotched map turtle,Graptemys flavimaculata,Threatened,All
Yellowcheek Darter,Etheostoma moorei,Endangered,All
Yellow-crested cockatoo,Cacatua sulphurea,Endangered,All
yellow-eyed penguin,Megadyptes antipodes,Threatened,All
yelloweye rockfish,Sebastes ruberrimus,Threatened,All
Yellowfin madtom,Noturus flavipinnis,Threatened,All
Yellow-footed rock wallaby,Petrogale xanthopus,Endangered,All
Yellow lance,Elliptio lanceolata,Threatened,All
Yellow larkspur,Delphinium luteum,Endangered,All
Yellow monitor,Varanus flavescens,Endangered,All
Yellow-shouldered blackbird,Agelaius xanthomus,Endangered,All
Yellow-tailed woolly monkey,Lagothrix flavicauda,Endangered,All
Yelm pocket gopher,Thomomys mazama yelmensis,Threatened,All
Yosemite toad,Anaxyrus canorus,Threatened,All
Yreka phlox,Phlox hirsuta,Endangered,All
Yuma Ridgway's rail,Rallus obsoletus yumanensis,Endangered,All
Yunnan snub-nosed monkey,Rhinopithecus bieti,Endangered,All
Zanzibar red colobus monkey,Procolobus (=Colobus) pennantii (=kirki) kirki,Endangered,All
Zanzibar suni,Neotragus moschatus moschatus,Endangered,All
Zapata bladderpod,Physaria thamnophila,Endangered,All
Zayante band-winged grasshopper,Trimerotropis infantilis,Endangered,All
Zuni bluehead Sucker,Catostomus discobolus yarrowi,Endangered,All
Zuni fleabane,Erigeron rhizomatus,Threatened,All
Barn owl,Tyto alba,Endangered,Michigan
Black tern,Chlidonias niger,Threatened,Michigan
Caspian tern,Hydroprogne caspia,Threatened,Michigan
Cerulean warbler,Setophaga cerulea,Threatened,Michigan
Common gallinule,Gallinula galeata,Threatened,Michigan
Common loon,Gavia immer,Threatened,Michigan
Common tern,Sterna hirundo,Threatened,Michigan
Eastern whip-poor-will,Antrostomus vociferus,Threatened,Michigan
Evening grosbeak,Coccothraustes vespertinus,Threatened,Michigan
Forster’s tern,Sterna forsteri,Threatened,Michigan
Golden-winged warbler,Vermivora chrysoptera,Threatened,Michigan
Henslow’s sparrow,Centronyx henslowii,Endangered,Michigan
King rail,Rallus elegans,Endangered,Michigan
Kirtland’s warbler,Setophaga kirtlandii,Threatened,Michigan
Least bittern,Ixobrychus exilis,Threatened,Michigan
Long-eared owl,Asio otus,Endangered,Michigan
Louisiana waterthrush,Parkesia motacilla,Threatened,Michigan
Migrant loggerhead shrike,Lanius ludovicianus migrans,Endangered,Michigan
Northern goshawk,Accipiter gentilis,Threatened,Michigan
Peregrine falcon,Falco peregrinus,Threatened,Michigan
Piping plover,Charadrius melodus,Endangered,Michigan
Short-eared owl,Asio flammeus,Endangered,Michigan
Spruce grouse,Canachites canadensis,Threatened,Michigan
Upland sandpiper,Bartramia longicauda,Threatened,Michigan
Yellow rail,Coturnicops noveboracensis,Threatened,Michigan
Bigmouth shiner,Notropis dorsalis,Threatened,Michigan
Brindled madtom,Noturus miurus,Threatened,Michigan
Channel darter,Percina copelandi,Endangered,Michigan
Cisco,Coregonus artedi,Threatened,Michigan
Eastern sand darter,Ammocrypta pellucida,Threatened,Michigan
Ives lake cisco,Coregonus hubbsi,Threatened,Michigan
Lake sturgeon,Acipenser fulvescens,Threatened,Michigan
Mooneye,Hiodon tergisus,Endangered,Michigan
Northern madtom,Noturus stigmosus,Endangered,Michigan
Orangethroat darter,Etheostoma spectabile,Threatened,Michigan
Pugnose minnow,Opsopoeodus emiliae,Endangered,Michigan
Pugnose shiner,Notropis anogenus,Endangered,Michigan
Redside dace,Clinostomus elongatus,Endangered,Michigan
River darter,Percina shumardi,Endangered,Michigan
River redhorse,Moxostoma carinatum,Threatened,Michigan
Sauger,Sander canadensis,Endangered,Michigan
Shortjaw cisco,Coregonus zenithicus,Endangered,Michigan
Silver chub,Macrhybopsis storeriana,Threatened,Michigan
Silver shiner,Notropis photogenis,Endangered,Michigan
Siskiwit lake cisco,Coregonus bartlettii,Threatened,Michigan
Southern redbelly dace,Chrosomus erythrogaster,Endangered,Michigan
Western creek chubsucker,Erimyzon oblongus,Endangered,Michigan
Blanchard's cricket frog,Acris crepitans blanchardii,Threatened,Michigan
Copper-bellied water snake,Nerodia erythrogaster neglecta,Endangered,Michigan
Eastern box turtle,Terrapene carolina,Threatened,Michigan
Eastern fox snake,Pantherophis gloydi,Threatened,Michigan
Eastern massasauga rattlesnake,Sistrurus catenatus,Threatened,Michigan
Kirtland's snake,Clonophis kirtlandii,Endangered,Michigan
Marbled salamander,Ambystoma opacum,Endangered,Michigan
Six-lined racerunner,Aspidoscelis sexlineatus,Threatened,Michigan
Small-mouthed salamander,Ambystoma texanum,Endangered,Michigan
Spotted turtle,Clemmys guttata,Threatened,Michigan
Western lesser siren,Siren intermedia nettingi,Endangered,Michigan
Wood turtle,Glyptemys insculpta,Threatened,Michigan
Alleghany river cruiser,Macromia alleghaniensis,Threatened,Michigan
American bumble bee,Bombus penslyvanicus,Endangered,Michigan
Culvers root borer,Papaipema sciata,Threatened,Michigan
Dukes' skipper,Euphyes dukesi,Threatened,Michigan
Elusive clubtail,Stylurus notatus,Threatened,Michigan
Frosted elfin,Callophrys irus,Threatened,Michigan
Gray petaltail,Tachopteryx thoreyi,Endangered,Michigan
Grizzled skipper,Pyrgus wyandot,Threatened,Michigan
Hine's emerald dragonfly,Somatochlora hineana,Endangered,Michigan
Hungerford's crawling water beetle,Brychius hungerfordi,Endangered,Michigan
Huron River leafhopper,Flexamia huroni,Endangered,Michigan
Karner blue,Lycaeides melissa samuelis,Threatened,Michigan
Lake Huron locust,Trimerotropis huroniana,Threatened,Michigan
Leadplant moth,Schinia lucens,Endangered,Michigan
Leafhopper,Flexamia reflexa,Threatened,Michigan
Mitchell's satyr,Neonympha mitchellii mitchellii,Endangered,Michigan
Nabokov's blue,Plebejus idas nabokovi,Threatened,Michigan
Ottoe skipper,Hesperia ottoe,Endangered,Michigan
Persius dusky wing,Erynnis persius,Threatened,Michigan
Phlox moth,Schinia indiana,Endangered,Michigan
Poweshiek skipperling,Oarisma poweshiek,Endangered,Michigan
Pygmy snaketail,Ophiogomphus howei,Threatened,Michigan
Robertson's flightless planthopper,Fitchiella robertsonii,Endangered,Michigan
Russet-tipped clubtail,Stylurus plagiatus,Endangered,Michigan
Rusty-patched bumble bee,Bombus affinis,Endangered,Michigan
Silphium borer moth,Papaipema silphii,Threatened,Michigan
Six-banded longhorn beetle,Dryobius sexnotatus,Threatened,Michigan
Swamp metalmark,Calephelis muticum,Endangered,Michigan
Three-staff underwing,Catocala amestris,Endangered,Michigan
Tiger spiketail,Cordulegaster erronea,Threatened,Michigan
Cougar,Felis concolor,Endangered,Michigan
Eastern pipistrelle,Perimyotis subflavus,Threatened,Michigan
Evening bat,Nycticeius humeralis,Threatened,Michigan
Indiana bat,Myotis sodalis,Endangered,Michigan
Least shrew,Cryptotis parva,Threatened,Michigan
Little brown bat,Myotis lucifugus,Threatened,Michigan
Lynx,Lynx canadensis,Endangered,Michigan
Northern long-eared bat,Myotis septentrionalis,Threatened,Michigan
Prairie vole,Microtus ochrogaster,Endangered,Michigan
A land snail (no common name),Catinella protracta,Endangered,Michigan
A land snail (no common name),Vallonia gracilicosta albula,Endangered,Michigan
A land snail (no common name),Vertigo modesta modesta,Endangered,Michigan
A land snail (no common name),Vertigo modesta parietalis,Endangered,Michigan
A land snail (no common name),Catinella gelida,Threatened,Michigan
A land snail (no common name),Euconulus alderi,Threatened,Michigan
Acorn ramshorn,Planorbella multivolvis,Endangered,Michigan
Black sandshell,Ligumia recta,Threatened,Michigan
Carinate pillsnail,Euchemotrema hubrichti,Threatened,Michigan
Cherrystone drop,Hendersonia occulta,Threatened,Michigan
Clubshell,Pleurobema clava,Endangered,Michigan
Deep-throat vertigo,Vertigo nylanderi,Endangered,Michigan
Delicate vertigo,Vertigo bollesiana,Threatened,Michigan
Eastern pondmussel,Sagittunio nasutus,Endangered,Michigan
Fawnsfoot,Truncilla donaciformis,Endangered,Michigan
Foster mantleslug,Pallifera fosteri,Threatened,Michigan
Hickorynut,Obovaria olivaria,Endangered,Michigan
Hubricht's vertigo,Vertigo hubrichti,Endangered,Michigan
Lambda snaggletooth,Gastrocopta holzingeri,Endangered,Michigan
Lilliput,Toxolasma parvum,Endangered,Michigan
Northern riffleshell,Epioblasma rangiana,Endangered,Michigan
Pleistocene catinella,Catinella exile,Threatened,Michigan
Proud globe,Mesodon elevatus,Threatened,Michigan
Purple lilliput,Toxolasma lividus,Endangered,Michigan
Purple wartyback,Cyclonaias tuberculata,Threatened,Michigan
Rayed bean,Paetulunio fabalis,Endangered,Michigan
Round hickorynut,Obovaria subrotunda,Endangered,Michigan
Salamander mussel,Simpsonaias ambigua,Endangered,Michigan
Six-whorl vertigo,Vertigo morsei,Endangered,Michigan
Slippershell,Alasmidonta viridis,Threatened,Michigan
Snuffbox,Epioblasma triquetra,Endangered,Michigan
Sterki's granule,Guppya sterkii,Endangered,Michigan
Threehorn wartyback,Obliquaria reflexa,Endangered,Michigan
Wavyrayed lampmussel,Lampsilis fasciola,Threatened,Michigan
White catspaw,Epioblasma perobliqua,Endangered,Michigan
Alpine bistort,Bistorta vivipara,Threatened,Michigan
Alpine blueberry,Vaccinium uliginosum,Threatened,Michigan
Alpine bluegrass,Poa alpina,Threatened,Michigan
Alpine sainfoin,Hedysarum alpinum,Endangered,Michigan
American chestnut,Castanea dentata,Endangered,Michigan
American rock-brake,Cryptogramma acrostichoides,Threatened,Michigan
Annual hedge hyssop,Gratiola virginiana,Threatened,Michigan
Arrowhead,Sagittaria montevidensis,Threatened,Michigan
Ashy whitlow grass,Draba cana,Endangered,Michigan
Assiniboia sedge,Carex assiniboinensis,Threatened,Michigan
Atlantic blue-eyed-grass,Sisyrinchium atlanticum,Threatened,Michigan
Awlwort,Subularia aquatica,Endangered,Michigan
Azure bluet,Houstonia caerulea,Threatened,Michigan
Bastard pennyroyal,Trichostema dichotomum,Threatened,Michigan
Bayonet rush,Juncus militaris,Threatened,Michigan
Beach three-awned grass,Aristida tuberculosa,Endangered,Michigan
Beard tongue,Penstemon calycosus,Threatened,Michigan
Bedstraw,Galium kamtschaticum,Endangered,Michigan
Big-leaf sandwort,Moehringia macrophylla,Threatened,Michigan
Black crowberry,Empetrum nigrum,Threatened,Michigan
Black sedge,Carex nigra,Endangered,Michigan
Black twinberry,Lonicera involucrata,Threatened,Michigan
Bladderwort,Utricularia subulata,Threatened,Michigan
Blue-eyed-grass,Sisyrinchium strictum,Threatened,Michigan
Blue-eyed-Mary,Collinsia verna,Threatened,Michigan
Blunt-lobed woodsia,Woodsia obtusa,Threatened,Michigan
Bog cotton,Eriophorum russeolum,Threatened,Michigan
Broad-leaved sedge,Carex platyphylla,Endangered,Michigan
Broomrape,Orobanche fasciculata,Threatened,Michigan
Bulrush sedge,Carex scirpoidea,Threatened,Michigan
Calypso,Calypso bulbosa,Threatened,Michigan
Canada rice grass,Piptatheropsis canadensis,Threatened,Michigan
Canadian burnet,Sanguisorba canadensis,Endangered,Michigan
Canbyi's bluegrass,Poa secunda,Endangered,Michigan
Carey's smartweed,Persicaria careyi,Threatened,Michigan
Cattail sedge,Carex typhina,Threatened,Michigan
Chives,Allium schoenoprasum,Threatened,Michigan
Climbing fern,Lygodium palmatum,Endangered,Michigan
Climbing fumitory,Adlumia fungosa,Threatened,Michigan
Common eyebright,Euphrasia nemorosa,Threatened,Michigan
Compass plant,Silphium laciniatum,Endangered,Michigan
Corn salad,Valerianella umbilicata,Endangered,Michigan
Cranefly orchid,Tipularia discolor,Endangered,Michigan
Cream wild indigo,Baptisia leucophaea,Endangered,Michigan
Creeping St. John's-wort,Hypericum adpressum,Endangered,Michigan
Creeping whitlow grass,Draba reptans,Threatened,Michigan
Cup plant,Silphium perfoliatum,Threatened,Michigan
Devil's club,Oplopanax horridus,Threatened,Michigan
Downy gentian,Gentiana puberulenta,Endangered,Michigan
Downy sunflower,Helianthus mollis,Threatened,Michigan
Dropseed,Sporobolus clandestinus,Endangered,Michigan
Drummond's aster,Symphyotrichum drummondii,Threatened,Michigan
Dwarf bilberry,Vaccinium cespitosum,Threatened,Michigan
Dwarf burhead,Echinodorus tenellus,Endangered,Michigan
Dwarf lake iris,Iris lacustris,Threatened,Michigan
Dwarf milkweed,Asclepias ovalifolia,Endangered,Michigan
Dwarf raspberry,Rubus acaulis,Threatened,Michigan
Dwarf spike-rush,Eleocharis parvula,Endangered,Michigan
Eastern few-fruited sedge,Carex oligocarpa,Threatened,Michigan
Edible valerian,Valeriana edulis var. ciliata,Threatened,Michigan
Encrusted saxifrage,Saxifraga paniculata,Threatened,Michigan
Engelmann's quillwort,Isoetes engelmannii,Endangered,Michigan
Evening campion,Silene nivea,Threatened,Michigan
Fairy bells,Prosartes hookeri,Threatened,Michigan
False asphodel,Tofieldia pusilla,Threatened,Michigan
False hop sedge,Carex lupuliformis,Threatened,Michigan
False pennyroyal,Trichostema brachiatum,Threatened,Michigan
False violet,Dalibarda repens,Threatened,Michigan
Fescue sedge,Carex festucacea,Threatened,Michigan
Few-flowered nut rush,Scleria pauciflora,Endangered,Michigan
Fire pink,Silene virginica,Endangered,Michigan
Flattened spike rush,Eleocharis compressa,Threatened,Michigan
Fleshy stitchwort,Stellaria crassifolia,Endangered,Michigan
Floating bladderwort,Utricularia inflata,Endangered,Michigan
Floating marsh marigold,Caltha natans,Endangered,Michigan
Florida mudmidget,Wolffiella gladiata,Threatened,Michigan
Forest skullcap,Scutellaria ovata,Threatened,Michigan
Forked aster,Eurybia furcata,Threatened,Michigan
Fragile prickly pear,Opuntia fragilis,Endangered,Michigan
Franklin's phacelia,Phacelia franklinii,Threatened,Michigan
Gattinger's gerardia,Agalinis gattingeri,Endangered,Michigan
Ginseng,Panax quinquefolius,Threatened,Michigan
Globe beak-rush,Rhynchospora recognita,Endangered,Michigan
Globe-fruited seedbox,Ludwigia sphaerocarpa,Endangered,Michigan
Goblin moonwort,Botrychium mormo,Endangered,Michigan
Goldenseal,Hydrastis canadensis,Threatened,Michigan
Goosefoot corn salad,Valerianella chenopodiifolia,Endangered,Michigan
Great northern aster,Canadanthus modestus,Threatened,Michigan
Greenish-white sedge,Carex albolutescens,Threatened,Michigan
Greenstar sedge,Carex viridistellata,Threatened,Michigan
Hairy mountain mint,Pycnanthemum pilosum,Threatened,Michigan
Hairy wild petunia,Ruellia humilis,Threatened,Michigan
Hall's bulrush,Schoenoplectiella hallii,Threatened,Michigan
Hart's-tongue fern,Asplenium scolopendrium var. americanum,Endangered,Michigan
Hay-scented fern,Dennstaedtia punctilobula,Endangered,Michigan
Heart-leaved arnica,Arnica cordifolia,Endangered,Michigan
Heart-leaved plantain,Plantago cordata,Endangered,Michigan
Hedge-hyssop,Gratiola aurea,Threatened,Michigan
Hill's pondweed,Potamogeton hillii,Threatened,Michigan
Hollow-stemmed Joe-pye weed,Eutrochium fistulosum,Threatened,Michigan
Houghton's goldenrod,Solidago houghtonii,Threatened,Michigan
Hudson Bay eyebright,Euphrasia hudsoniana,Threatened,Michigan
Hudson Bay sedge,Carex heleonastes,Endangered,Michigan
Hyssop-leaved fleabane,Erigeron hyssopifolius,Threatened,Michigan
Jacob's ladder,Polemonium reptans,Threatened,Michigan
Kitten-tails,Besseya bullii,Endangered,Michigan
Lakeside daisy,Tetraneuris herbacea,Endangered,Michigan
Lapland buttercup,Coptidium lapponicum,Threatened,Michigan
Large round-leaved orchid,Platanthera macrophylla,Threatened,Michigan
Large water starwort,Callitriche heterophylla,Threatened,Michigan
Least pinweed,Lechea minor,Threatened,Michigan
Leggett's pinweed,Lechea pulchella,Threatened,Michigan
Leiberg's panic grass,Dichanthelium leibergii,Threatened,Michigan
Limestone oak fern,Gymnocarpium robertianum,Threatened,Michigan
Longleaf arnica,Arnica lonchophylla,Endangered,Michigan
Macoun's buttercup,Ranunculus macounii,Threatened,Michigan
Manna grass,Glyceria acutiflora,Endangered,Michigan
Marsh grass-of-parnassus,Parnassia palustris,Threatened,Michigan
Maryland meadow beauty,Rhexia mariana,Threatened,Michigan
Mat muhly,Muhlenbergia richardsonis,Threatened,Michigan
Mermaid-weed,Proserpinaca pectinata,Endangered,Michigan
Michigan monkey flower,Mimulus michiganensis,Endangered,Michigan
Michigan moonwort,Botrychium michiganense,Threatened,Michigan
Mikania,Mikania scandens,Endangered,Michigan
Missouri rock cress,Boechera missouriensis,Threatened,Michigan
Moor rush,Juncus stygius,Endangered,Michigan
Mountain cranberry,Vaccinium vitis-idaea,Endangered,Michigan
Mountain fir moss,Huperzia appressa,Endangered,Michigan
Mountain mint,Pycnanthemum muticum,Threatened,Michigan
Mullein-foxglove,Dasistoma macrophylla,Threatened,Michigan
Narrow-leaved gentian,Gentiana linearis,Threatened,Michigan
Narrow-leaved reedgrass,Calamagrostis stricta ssp. Stricta,Threatened,Michigan
Netted nut rush,Scleria reticularis,Threatened,Michigan
New England sedge,Carex novae-angliae,Threatened,Michigan
New England violet,Viola novae-angliae,Threatened,Michigan
Nodding pogonia,Triphora trianthophora,Threatened,Michigan
Nodding rattlesnake-root,Prenanthes crepidinea,Threatened,Michigan
Northern bayberry,Myrica pensylvanica,Threatened,Michigan
Northern bladderwort,Utricularia ochroleuca,Threatened,Michigan
Northern fairy bells,Prosartes trachycarpa,Threatened,Michigan
Northern oak fern,Gymnocarpium jessoense,Endangered,Michigan
Northern prostrate clubmoss,Lycopodiella margueritae,Threatened,Michigan
Northern ragwort,Packera indecora,Threatened,Michigan
Northern woodsia,Woodsia alpina,Endangered,Michigan
Orange- or yellow-fringed orchid,Platanthera ciliaris,Endangered,Michigan
Painted trillium,Trillium undulatum,Endangered,Michigan
Pale avens,Geum virginianum,Threatened,Michigan
Pale Indian paintbrush,Castilleja septentrionalis,Threatened,Michigan
Panic grass,Panicum longifolium,Threatened,Michigan
Panicled hawkweed,Hieracium paniculatum,Threatened,Michigan
Panicled screwstem,Bartonia paniculata,Threatened,Michigan
Pearlwort,Sagina nodosa,Threatened,Michigan
Philadelphia panic-grass,Panicum philadelphicum,Endangered,Michigan
Pine-drops,Pterospora andromedea,Threatened,Michigan
Pitcher's thistle,Cirsium pitcheri,Threatened,Michigan
Prairie birdfoot violet,Viola pedatifida,Endangered,Michigan
Prairie buttercup,Ranunculus rhomboideus,Threatened,Michigan
Prairie cinquefoil,Potentilla litoralis,Threatened,Michigan
Prairie coreopsis,Coreopsis palmata,Endangered,Michigan
Prairie golden alexanders,Zizia aptera,Threatened,Michigan
Prairie moonwort,Botrychium campestre,Threatened,Michigan
Prairie or pale agoseris,Agoseris glauca,Threatened,Michigan
Prairie smoke,Geum triflorum,Threatened,Michigan
Prairie white-fringed orchid,Platanthera leucophaea,Endangered,Michigan
Prickly saxifrage,Saxifraga tricuspidata,Threatened,Michigan
Pumpelly's bromegrass,Bromus pumpellianus,Threatened,Michigan
Pumpkin ash,Fraxinus profunda,Threatened,Michigan
Purple cliff brake,Pellaea atropurpurea,Threatened,Michigan
Purple milkweed,Asclepias purpurascens,Threatened,Michigan
Purple spike rush,Eleocharis atropurpurea,Endangered,Michigan
Purple turtlehead,Chelone obliqua,Endangered,Michigan
Pygmy water lily,Nymphaea leibergii,Endangered,Michigan
Queen-of-the-prairie,Filipendula rubra,Threatened,Michigan
Ragwort,Packera insulae-regalis,Threatened,Michigan
Rattlesnake-master,Eryngium yuccifolium,Endangered,Michigan
Raven's-foot sedge,Carex crus-corvi,Endangered,Michigan
Red mulberry,Morus rubra,Threatened,Michigan
Red-fruited chokeberry,Aronia arbutifolia,Threatened,Michigan
Rock cress,Boechera dentata,Threatened,Michigan
Rock sandwort,Minuartia dawsonensis,Threatened,Michigan
Rock-rose,Chamaerhodos nuttallii var. keweenawensis,Endangered,Michigan
Rosepink,Sabatia angularis,Threatened,Michigan
Rosinweed,Silphium integrifolium,Threatened,Michigan
Ross's sedge,Carex rossii,Threatened,Michigan
Round-fruited St. John's-wort,Hypericum sphaerocarpum,Endangered,Michigan
Round-leaved violet,Viola rotundifolia,Threatened,Michigan
Round-seed panic-grass,Dichanthelium polyanthes,Endangered,Michigan
Sand cinquefoil,Potentilla supina,Threatened,Michigan
Satiny willow,Salix pellita,Threatened,Michigan
Sawtooth wormwood,Artemisia serrata,Threatened,Michigan
Scirpus-like rush,Juncus scirpoides,Threatened,Michigan
Sedge,Carex tincta,Endangered,Michigan
Sedge,Carex atratiformis,Threatened,Michigan
Sedge,Carex conjuncta,Threatened,Michigan
Sedge,Carex media,Threatened,Michigan
Shooting star,Primula meadia,Endangered,Michigan
Short-beak beak-rush,Rhynchospora nitens,Endangered,Michigan
Short-fruited rush,Juncus brachycarpus,Threatened,Michigan
Shortstalk chickweed,Cerastium brachypodum,Threatened,Michigan
Showy orchis,Galearis spectabilis,Threatened,Michigan
Side-oats grama grass,Bouteloua curtipendula,Endangered,Michigan
Skinner's gerardia,Agalinis skinneriana,Endangered,Michigan
Skullcap,Scutellaria nervosa,Endangered,Michigan
Slender beard tongue,Penstemon gracilis,Endangered,Michigan
Slender manna grass,Glyceria melicaria,Threatened,Michigan
Slender spike-rush,Eleocharis nitida,Endangered,Michigan
Slough grass,Beckmannia syzigachne,Threatened,Michigan
Small log fern,Dryopteris celsa,Threatened,Michigan
Small round-leaved orchis,Amerorchis rotundifolia,Endangered,Michigan
Small skullcap,Scutellaria parvula,Threatened,Michigan
Small yellow pond lily,Nuphar microphylla,Endangered,Michigan
Small-flowered wood rush,Luzula parviflora,Threatened,Michigan
Small-fruited spike-rush,Eleocharis microcarpa,Endangered,Michigan
Smooth ruellia,Ruellia strepens,Endangered,Michigan
Smooth whitlow grass,Draba glabella,Endangered,Michigan
Snow trillium,Trillium nivale,Threatened,Michigan
Southeastern adder's-tongue,Ophioglossum vulgatum,Endangered,Michigan
Spatulate moonwort,Botrychium spathulatum,Threatened,Michigan
Spike rush,Eleocharis radicans,Endangered,Michigan
Spotted pondweed,Potamogeton pulcher,Threatened,Michigan
Squashberry,Viburnum edule,Threatened,Michigan
Starry campion,Silene stellata,Threatened,Michigan
Stiff gentian,Gentianella quinquefolia,Threatened,Michigan
Stout smartweed,Persicaria robustior,Threatened,Michigan
Straw sedge,Carex straminea,Endangered,Michigan
Sullivant's milkweed,Asclepias sullivantii,Threatened,Michigan
Sun sedge,Carex inops,Threatened,Michigan
Swamp cottonwood,Populus heterophylla,Endangered,Michigan
Sweet Cicely,Osmorhiza depauperata,Threatened,Michigan
Sweet coltsfoot,Petasites sagittatus,Threatened,Michigan
Tall green milkweed,Asclepias hirtella,Threatened,Michigan
Tea-leaved willow,Salix planifolia,Threatened,Michigan
Three-ribbed spike rush,Eleocharis tricostata,Threatened,Michigan
Three-square bulrush,Schoenoplectus americanus,Endangered,Michigan
Tinted spurge,Euphorbia commutata,Threatened,Michigan
Toadshade,Trillium sessile,Threatened,Michigan
Twisted whitlow grass,Draba incana,Endangered,Michigan
Umbrella-grass,Fuirena pumila,Threatened,Michigan
Upland boneset,Eupatorium sessilifolium,Threatened,Michigan
Vasey's pondweed,Potamogeton vaseyi,Threatened,Michigan
Vasey's rush,Juncus vaseyi,Threatened,Michigan
Virginia bluebells,Mertensia virginica,Threatened,Michigan
Virginia flax,Linum virginianum,Threatened,Michigan
Virginia snakeroot,Endodeca serpentaria,Threatened,Michigan
Virginia spiderwort,Tradescantia virginiana,Threatened,Michigan
Voss's goldenrod,Solidago vossii,Endangered,Michigan
Walking fern,Asplenium rhizophyllum,Threatened,Michigan
Wall-rue,Asplenium ruta-muraria,Endangered,Michigan
Warty panic grass,Panicum verrucosum,Threatened,Michigan
Water willow,Justicia americana,Threatened,Michigan
Waterthread pondweed,Potamogeton bicupulatus,Threatened,Michigan
Weak stellate sedge,Carex seorsa,Threatened,Michigan
Western dock,Rumex occidentalis,Endangered,Michigan
Western mugwort,Artemisia ludoviciana,Threatened,Michigan
Western silvery aster,Symphyotrichum sericeum,Threatened,Michigan
White bergamot,Monarda clinopodia,Threatened,Michigan
White false indigo,Baptisia lactea,Threatened,Michigan
White gentian,Gentiana alba,Endangered,Michigan
White goldenrod,Solidago bicolor,Endangered,Michigan
White lady slipper,Cypripedium candidum,Threatened,Michigan
Whorled pogonia,Isotria verticillata,Threatened,Michigan
Wideflower phlox,Phlox ovata,Endangered,Michigan
Widgeon grass,Ruppia cirrhosa,Threatened,Michigan
Wild hyacinth,Camassia scilloides,Threatened,Michigan
Wild lilac,Ceanothus sanguineus,Threatened,Michigan
Wild rice,Zizania aquatica,Threatened,Michigan
Wild sweet potato,Ipomoea pandurata,Threatened,Michigan
Wild sweet William,Phlox maculata,Threatened,Michigan
Winged monkey flower,Mimulus alatus,Threatened,Michigan
Wisteria,Wisteria frutescens,Threatened,Michigan
Woodland everlasting,Omalotheca sylvatica,Threatened,Michigan
Woodland lettuce,Lactuca floridana,Threatened,Michigan
Yellow fumewort,Corydalis flavula,Threatened,Michigan
Yellow-flowered leafcup,Smallanthus uvedalia,Threatened,Michigan
Mead's Milkweed,Asclepias meadii,E,Missouri
Northern Long-eared Myotis,Myotis septentrionalis,E,Missouri
Indiana Myotis,Myotis sodalis,E,Missouri
King Rail,Rallus elegans,E,Missouri
Lake Sturgeon,Acipenser fulvescens,E,Missouri
Flathead Chub,Platygobio gracilis,E,Missouri
Pallid Sturgeon,Scaphirhynchus albus,E,Missouri
Lake Sturgeon,Acipenser fulvescens,E,Missouri
Northern Long-eared Myotis,Myotis septentrionalis,E,Missouri
Western Prairie Fringed Orchid,Platanthera praeclara,E,Missouri
Flathead Chub,Platygobio gracilis,E,Missouri
Pallid Sturgeon,Scaphirhynchus albus,E,Missouri
Plains Spotted Skunk,Spilogale interrupta,E,Missouri
Greater Prairie-chicken,Tympanuchus cupido,E,Missouri
Gray Myotis,Myotis grisescens,E,Missouri
Northern Long-eared Myotis,Myotis septentrionalis,E,Missouri
Indiana Myotis,Myotis sodalis,E,Missouri
Yellow Mud Turtle,Kinosternon flavescens,E,Missouri
Neosho Mucket,Lampsilis rafinesqueana,E,Missouri
Swainson's Warbler,Limnothlypis swainsonii,E,Missouri
Gray Myotis,Myotis grisescens,E,Missouri
Northern Long-eared Myotis,Myotis septentrionalis,E,Missouri
,Ozark Cavefish Recharge Area,E,Missouri
Bachman's Sparrow,Peucaea aestivalis,E,Missouri
Slippershell Mussel,Pressodonta viridis,E,Missouri
Running Buffalo Clover,Trifolium stoloniferum,E,Missouri
Ozark Cavefish,Troglichthys rosae,E,Missouri
Mead's Milkweed,Asclepias meadii,E,Missouri
Northern Harrier,Circus hudsonius,E,Missouri
Redfin Darter,Etheostoma whipplei,E,Missouri
Gray Myotis,Myotis grisescens,E,Missouri
Plains Spotted Skunk,Spilogale interrupta,E,Missouri
Greater Prairie-chicken,Tympanuchus cupido,E,Missouri
Mead's Milkweed,Asclepias meadii,E,Missouri
Northern Harrier,Circus hudsonius,E,Missouri
Mead's Milkweed,Asclepias meadii,E,Missouri
Niangua Darter,Etheostoma nianguae,E,Missouri
Gray Myotis,Myotis grisescens,E,Missouri
Western Fanshell,Cyprogenia aberti,E,Missouri
Elephantear,Elliptio crassidens,E,Missouri
Curtis Pearlymussel,Epioblasma curtisii,E,Missouri
Snuffbox,Epioblasma triquetra,E,Missouri
Harlequin Darter,Etheostoma histrio,E,Missouri
Swainson's Warbler,Limnothlypis swainsonii,E,Missouri
Gray Myotis,Myotis grisescens,E,Missouri
Taillight Shiner,Notropis maculatus,E,Missouri
Plains Spotted Skunk,Spilogale interrupta,E,Missouri
Lake Sturgeon,Acipenser fulvescens,E,Missouri
,Devil's Icebox Recharge Area,E,Missouri
Topeka Shiner,Miniellus topeka,E,Missouri
Gray Myotis,Myotis grisescens,E,Missouri
Northern Long-eared Myotis,Myotis septentrionalis,E,Missouri
Indiana Myotis,Myotis sodalis,E,Missouri
Flathead Chub,Platygobio gracilis,E,Missouri
Pallid Sturgeon,Scaphirhynchus albus,E,Missouri
Running Buffalo Clover,Trifolium stoloniferum,E,Missouri
Lake Sturgeon,Acipenser fulvescens,E,Missouri
Flathead Chub,Platygobio gracilis,E,Missouri
Pallid Sturgeon,Scaphirhynchus albus,E,Missouri
Crystal Darter,Crystallaria asprella,E,Missouri
Western Fanshell,Cyprogenia aberti,E,Missouri
Western Chicken Turtle,Deirochelys reticularia miaria,E,Missouri
Elephantear,Elliptio crassidens,E,Missouri
Curtis Pearlymussel,Epioblasma curtisii,E,Missouri
Swamp Darter,Etheostoma fusiforme,E,Missouri
Harlequin Darter,Etheostoma histrio,E,Missouri
Goldstripe Darter,Etheostoma parvipinne,E,Missouri
Pink Mucket,Lampsilis abrupta,E,Missouri
Swainson's Warbler,Limnothlypis swainsonii,E,Missouri
Pondberry,Lindera melissifolia,E,Missouri
Sabine Shiner,Miniellus sabinae,E,Missouri
Northern Long-eared Myotis,Myotis septentrionalis,E,Missouri
Taillight Shiner,Notropis maculatus,E,Missouri
Mountain Madtom,Noturus eleutherus,E,Missouri
Longnose Darter,Percina nasuta,E,Missouri
Ebonyshell,Reginaia ebenus,E,Missouri
Rabbitsfoot,Theliderma cylindrica,E,Missouri
Indiana Myotis,Myotis sodalis,E,Missouri
Lake Sturgeon,Acipenser fulvescens,E,Missouri
Gray Myotis,Myotis grisescens,E,Missouri
Flathead Chub,Platygobio gracilis,E,Missouri
Pallid Sturgeon,Scaphirhynchus albus,E,Missouri
Running Buffalo Clover,Trifolium stoloniferum,E,Missouri
Eastern Hellbender,Cryptobranchus alleganiensis alleganiensis,E,Missouri
Niangua Darter,Etheostoma nianguae,E,Missouri
Gray Myotis,Myotis grisescens,E,Missouri
Northern Long-eared Myotis,Myotis septentrionalis,E,Missouri
Indiana Myotis,Myotis sodalis,E,Missouri
,Niangua Darter Federal Designated Critical Habitat,E,Missouri
,Niangua Darter Known Range,E,Missouri
Lake Sturgeon,Acipenser fulvescens,E,Missouri
Crystal Darter,Crystallaria asprella,E,Missouri
Harlequin Darter,Etheostoma histrio,E,Missouri
Shawnee Hills Cavefish,Forbesichthys papilliferus,E,Missouri
Indiana Myotis,Myotis sodalis,E,Missouri
Pallid Sturgeon,Scaphirhynchus albus,E,Missouri
Interior Least Tern,Sterna antillarum athalassos,E,Missouri
Lake Sturgeon,Acipenser fulvescens,E,Missouri
American Bittern,Botaurus lentiginosus,E,Missouri
Northern Harrier,Circus hudsonius,E,Missouri
Indiana Myotis,Myotis sodalis,E,Missouri
Flathead Chub,Platygobio gracilis,E,Missouri
Pallid Sturgeon,Scaphirhynchus albus,E,Missouri
Prairie Massasauga,Sistrurus tergeminus tergeminus,E,Missouri
Swainson's Warbler,Limnothlypis swainsonii,E,Missouri
Gray Myotis,Myotis grisescens,E,Missouri
Northern Long-eared Myotis,Myotis septentrionalis,E,Missouri
Indiana Myotis,Myotis sodalis,E,Missouri
Slippershell Mussel,Pressodonta viridis,E,Missouri
Plains Spotted Skunk,Spilogale interrupta,E,Missouri
Mead's Milkweed,Asclepias meadii,E,Missouri
Mead's Milkweed,Asclepias meadii,E,Missouri
Northern Harrier,Circus hudsonius,E,Missouri
Spectaclecase,Cumberlandia monodonta,E,Missouri
Elephantear,Elliptio crassidens,E,Missouri
Niangua Darter,Etheostoma nianguae,E,Missouri
Geocarpon,Geocarpon minimum,E,Missouri
Pink Mucket,Lampsilis abrupta,E,Missouri
Gray Myotis,Myotis grisescens,E,Missouri
,Niangua Darter Known Range,E,Missouri
American Burying Beetle,Nicrophorus americanus,E,Missouri
Ebonyshell,Reginaia ebenus,E,Missouri
Greater Prairie-chicken,Tympanuchus cupido,E,Missouri
Lake Sturgeon,Acipenser fulvescens,E,Missouri
American Bittern,Botaurus lentiginosus,E,Missouri
Gray Myotis,Myotis grisescens,E,Missouri
Northern Long-eared Myotis,Myotis septentrionalis,E,Missouri
Indiana Myotis,Myotis sodalis,E,Missouri
Flathead Chub,Platygobio gracilis,E,Missouri
Pallid Sturgeon,Scaphirhynchus albus,E,Missouri
Prairie Massasauga,Sistrurus tergeminus tergeminus,E,Missouri
Interior Least Tern,Sterna antillarum athalassos,E,Missouri
Virginia Sneezeweed,Helenium virginicum,E,Missouri
Black-tailed Jackrabbit,Lepus californicus,E,Missouri
Gray Myotis,Myotis grisescens,E,Missouri
Northern Long-eared Myotis,Myotis septentrionalis,E,Missouri
,Ozark Cavefish Recharge Area,E,Missouri
Missouri Bladderpod,Physaria filiformis,E,Missouri
Slippershell Mussel,Pressodonta viridis,E,Missouri
Plains Spotted Skunk,Spilogale interrupta,E,Missouri
Ozark Cavefish,Troglichthys rosae,E,Missouri
Lake Sturgeon,Acipenser fulvescens,E,Missouri
Blanding's Turtle,Emydoidea blandingii,E,Missouri
Yellow Mud Turtle,Kinosternon flavescens,E,Missouri
Topeka Shiner,Miniellus topeka,E,Missouri
Northern Long-eared Myotis,Myotis septentrionalis,E,Missouri
Indiana Myotis,Myotis sodalis,E,Missouri
Fat Pocketbook,Potamilus capax,E,Missouri
Ebonyshell,Reginaia ebenus,E,Missouri
Central Mudminnow,Umbra limi,E,Missouri
Lake Sturgeon,Acipenser fulvescens,E,Missouri
Northern Harrier,Circus hudsonius,E,Missouri
Yellow Mud Turtle,Kinosternon flavescens,E,Missouri
Pallid Sturgeon,Scaphirhynchus albus,E,Missouri
Plains Spotted Skunk,Spilogale interrupta,E,Missouri
Indiana Myotis,Myotis sodalis,E,Missouri
Prairie Massasauga,Sistrurus tergeminus tergeminus,E,Missouri
Lake Sturgeon,Acipenser fulvescens,E,Missouri
Spectaclecase,Cumberlandia monodonta,E,Missouri
Pink Mucket,Lampsilis abrupta,E,Missouri
Gray Myotis,Myotis grisescens,E,Missouri
Northern Long-eared Myotis,Myotis septentrionalis,E,Missouri
Indiana Myotis,Myotis sodalis,E,Missouri
Flathead Chub,Platygobio gracilis,E,Missouri
Ebonyshell,Reginaia ebenus,E,Missouri
Pallid Sturgeon,Scaphirhynchus albus,E,Missouri
Lake Sturgeon,Acipenser fulvescens,E,Missouri
Elephantear,Elliptio crassidens,E,Missouri
Topeka Shiner,Miniellus topeka,E,Missouri
Gray Myotis,Myotis grisescens,E,Missouri
Flathead Chub,Platygobio gracilis,E,Missouri
Pallid Sturgeon,Scaphirhynchus albus,E,Missouri
,Topeka Shiner Known Range,E,Missouri
Eastern Hellbender,Cryptobranchus alleganiensis alleganiensis,E,Missouri
Crystal Darter,Crystallaria asprella,E,Missouri
Spectaclecase,Cumberlandia monodonta,E,Missouri
,Hine's Emerald Federal Designated Critical Habitat,E,Missouri
Gray Myotis,Myotis grisescens,E,Missouri
Northern Long-eared Myotis,Myotis septentrionalis,E,Missouri
Indiana Myotis,Myotis sodalis,E,Missouri
Sheepnose,Plethobasus cyphyus,E,Missouri
Scaleshell,Potamilus leptodon,E,Missouri
Running Buffalo Clover,Trifolium stoloniferum,E,Missouri
Mead's Milkweed,Asclepias meadii,E,Missouri
Northern Harrier,Circus hudsonius,E,Missouri
Geocarpon,Geocarpon minimum,E,Missouri
Gray Myotis,Myotis grisescens,E,Missouri
Missouri Bladderpod,Physaria filiformis,E,Missouri
Greater Prairie-chicken,Tympanuchus cupido,E,Missouri
Spectaclecase,Cumberlandia monodonta,E,Missouri
Niangua Darter,Etheostoma nianguae,E,Missouri
Gray Myotis,Myotis grisescens,E,Missouri
Northern Long-eared Myotis,Myotis septentrionalis,E,Missouri
,Niangua Darter Federal Designated Critical Habitat,E,Missouri
,Niangua Darter Known Range,E,Missouri
Slippershell Mussel,Pressodonta viridis,E,Missouri
Indiana Myotis,Myotis sodalis,E,Missouri
Northern Harrier,Circus hudsonius,E,Missouri
Northern Harrier,Circus hudsonius,E,Missouri
Ozark Hellbender,Cryptobranchus alleganiensis bishopi,E,Missouri
Virginia Sneezeweed,Helenium virginicum,E,Missouri
,Hine's Emerald Federal Designated Critical Habitat,E,Missouri
Gray Myotis,Myotis grisescens,E,Missouri
Northern Long-eared Myotis,Myotis septentrionalis,E,Missouri
Indiana Myotis,Myotis sodalis,E,Missouri
Slippershell Mussel,Pressodonta viridis,E,Missouri
Hine's Emerald,Somatochlora hineana,E,Missouri
Ozark Hellbender,Cryptobranchus alleganiensis bishopi,E,Missouri
Swainson's Warbler,Limnothlypis swainsonii,E,Missouri
Gray Myotis,Myotis grisescens,E,Missouri
Northern Long-eared Myotis,Myotis septentrionalis,E,Missouri
Slippershell Mussel,Pressodonta viridis,E,Missouri
Plains Spotted Skunk,Spilogale interrupta,E,Missouri
Harlequin Darter,Etheostoma histrio,E,Missouri
Cypress Minnow,Hybognathus hayi,E,Missouri
Fat Pocketbook,Potamilus capax,E,Missouri
Lake Sturgeon,Acipenser fulvescens,E,Missouri
Decurrent False Aster,Boltonia decurrens,E,Missouri
Crystal Darter,Crystallaria asprella,E,Missouri
Spectaclecase,Cumberlandia monodonta,E,Missouri
Elephantear,Elliptio crassidens,E,Missouri
Snuffbox,Epioblasma triquetra,E,Missouri
Pink Mucket,Lampsilis abrupta,E,Missouri
Gray Myotis,Myotis grisescens,E,Missouri
Northern Long-eared Myotis,Myotis septentrionalis,E,Missouri
Indiana Myotis,Myotis sodalis,E,Missouri
Flathead Chub,Platygobio gracilis,E,Missouri
Sheepnose,Plethobasus cyphyus,E,Missouri
Scaleshell,Potamilus leptodon,E,Missouri
Winged Mapleleaf,Quadrula fragosa,E,Missouri
Ebonyshell,Reginaia ebenus,E,Missouri
Pallid Sturgeon,Scaphirhynchus albus,E,Missouri
Plains Spotted Skunk,Spilogale interrupta,E,Missouri
Lake Sturgeon,Acipenser fulvescens,E,Missouri
Crystal Darter,Crystallaria asprella,E,Missouri
Spectaclecase,Cumberlandia monodonta,E,Missouri
Elephantear,Elliptio crassidens,E,Missouri
Snuffbox,Epioblasma triquetra,E,Missouri
Pink Mucket,Lampsilis abrupta,E,Missouri
Gray Myotis,Myotis grisescens,E,Missouri
Northern Long-eared Myotis,Myotis septentrionalis,E,Missouri
Indiana Myotis,Myotis sodalis,E,Missouri
Sheepnose,Plethobasus cyphyus,E,Missouri
Scaleshell,Potamilus leptodon,E,Missouri
Ebonyshell,Reginaia ebenus,E,Missouri
Pallid Sturgeon,Scaphirhynchus albus,E,Missouri
American Bittern,Botaurus lentiginosus,E,Missouri
Northern Harrier,Circus hudsonius,E,Missouri
Niangua Darter,Etheostoma nianguae,E,Missouri
Geocarpon,Geocarpon minimum,E,Missouri
Gray Myotis,Myotis grisescens,E,Missouri
Northern Long-eared Myotis,Myotis septentrionalis,E,Missouri
,Ozark Cavefish Recharge Area,E,Missouri
Missouri Bladderpod,Physaria filiformis,E,Missouri
Ozark Cavefish,Troglichthys rosae,E,Missouri
Topeka Shiner,Miniellus topeka,E,Missouri
Northern Long-eared Myotis,Myotis septentrionalis,E,Missouri
Eastern Prairie Fringed Orchid,Platanthera leucophaea,E,Missouri
Mead's Milkweed,Asclepias meadii,E,Missouri
Northern Harrier,Circus hudsonius,E,Missouri
Topeka Shiner,Miniellus topeka,E,Missouri
Northern Long-eared Myotis,Myotis septentrionalis,E,Missouri
Indiana Myotis,Myotis sodalis,E,Missouri
Western Prairie Fringed Orchid,Platanthera praeclara,E,Missouri
,Topeka Shiner Known Range,E,Missouri
Greater Prairie-chicken,Tympanuchus cupido,E,Missouri
Mead's Milkweed,Asclepias meadii,E,Missouri
Snuffbox,Epioblasma triquetra,E,Missouri
Geocarpon,Geocarpon minimum,E,Missouri
Gray Myotis,Myotis grisescens,E,Missouri
Northern Long-eared Myotis,Myotis septentrionalis,E,Missouri
Spectaclecase,Cumberlandia monodonta,E,Missouri
Niangua Darter,Etheostoma nianguae,E,Missouri
Gray Myotis,Myotis grisescens,E,Missouri
Northern Long-eared Myotis,Myotis septentrionalis,E,Missouri
,Niangua Darter Known Range,E,Missouri
Lake Sturgeon,Acipenser fulvescens,E,Missouri
American Bittern,Botaurus lentiginosus,E,Missouri
Blanding's Turtle,Emydoidea blandingii,E,Missouri
Western Prairie Fringed Orchid,Platanthera praeclara,E,Missouri
Flathead Chub,Platygobio gracilis,E,Missouri
King Rail,Rallus elegans,E,Missouri
Pallid Sturgeon,Scaphirhynchus albus,E,Missouri
Prairie Massasauga,Sistrurus tergeminus tergeminus,E,Missouri
Lake Sturgeon,Acipenser fulvescens,E,Missouri
Gray Myotis,Myotis grisescens,E,Missouri
Flathead Chub,Platygobio gracilis,E,Missouri
Pallid Sturgeon,Scaphirhynchus albus,E,Missouri
Decurrent False Aster,Boltonia decurrens,E,Missouri
Virginia Sneezeweed,Helenium virginicum,E,Missouri
Gray Myotis,Myotis grisescens,E,Missouri
Northern Long-eared Myotis,Myotis septentrionalis,E,Missouri
Plains Spotted Skunk,Spilogale interrupta,E,Missouri
Mead's Milkweed,Asclepias meadii,E,Missouri
Western Fanshell,Cyprogenia aberti,E,Missouri
Big Creek Crayfish,Faxonius peruncus,E,Missouri
St. Francis River Crayfish,Faxonius quadruncus,E,Missouri
,Hine's Emerald Federal Designated Critical Habitat,E,Missouri
Gray Myotis,Myotis grisescens,E,Missouri
Northern Long-eared Myotis,Myotis septentrionalis,E,Missouri
Indiana Myotis,Myotis sodalis,E,Missouri
Bachman's Sparrow,Peucaea aestivalis,E,Missouri
Hine's Emerald,Somatochlora hineana,E,Missouri
Lake Sturgeon,Acipenser fulvescens,E,Missouri
Pallid Sturgeon,Scaphirhynchus albus,E,Missouri
American Bittern,Botaurus lentiginosus,E,Missouri
Northern Harrier,Circus hudsonius,E,Missouri
Western Fanshell,Cyprogenia aberti,E,Missouri
Redfin Darter,Etheostoma whipplei,E,Missouri
Neosho Mucket,Lampsilis rafinesqueana,E,Missouri
Black-tailed Jackrabbit,Lepus californicus,E,Missouri
Gray Myotis,Myotis grisescens,E,Missouri
,Neosho Madtom Known Range,E,Missouri
,Neosho Mucket Federal Designated Critical Habitat,E,Missouri
Neosho Madtom,Noturus placidus,E,Missouri
,Ozark Cavefish Recharge Area,E,Missouri
,Rabbitsfoot Federal Designated Critical Habitat,E,Missouri
Rabbitsfoot,Theliderma cylindrica,E,Missouri
Ozark Cavefish,Troglichthys rosae,E,Missouri
Greater Prairie-chicken,Tympanuchus cupido,E,Missouri
Lake Sturgeon,Acipenser fulvescens,E,Missouri
Eastern Hellbender,Cryptobranchus alleganiensis alleganiensis,E,Missouri
Crystal Darter,Crystallaria asprella,E,Missouri
Spectaclecase,Cumberlandia monodonta,E,Missouri
Elephantear,Elliptio crassidens,E,Missouri
Pink Mucket,Lampsilis abrupta,E,Missouri
Gray Myotis,Myotis grisescens,E,Missouri
Northern Long-eared Myotis,Myotis septentrionalis,E,Missouri
Indiana Myotis,Myotis sodalis,E,Missouri
Sheepnose,Plethobasus cyphyus,E,Missouri
Scaleshell,Potamilus leptodon,E,Missouri
Slippershell Mussel,Pressodonta viridis,E,Missouri
Ebonyshell,Reginaia ebenus,E,Missouri
Pallid Sturgeon,Scaphirhynchus albus,E,Missouri
Indiana Myotis,Myotis sodalis,E,Missouri
Eastern Hellbender,Cryptobranchus alleganiensis alleganiensis,E,Missouri
Spectaclecase,Cumberlandia monodonta,E,Missouri
Gray Myotis,Myotis grisescens,E,Missouri
Northern Long-eared Myotis,Myotis septentrionalis,E,Missouri
Indiana Myotis,Myotis sodalis,E,Missouri
Sheepnose,Plethobasus cyphyus,E,Missouri
Scaleshell,Potamilus leptodon,E,Missouri
Plains Spotted Skunk,Spilogale interrupta,E,Missouri
Lake Sturgeon,Acipenser fulvescens,E,Missouri
Flathead Chub,Platygobio gracilis,E,Missouri
Pallid Sturgeon,Scaphirhynchus albus,E,Missouri
Redfin Darter,Etheostoma whipplei,E,Missouri
Geocarpon,Geocarpon minimum,E,Missouri
Neosho Mucket,Lampsilis rafinesqueana,E,Missouri
Gray Myotis,Myotis grisescens,E,Missouri
,Ozark Cavefish Recharge Area,E,Missouri
Missouri Bladderpod,Physaria filiformis,E,Missouri
Slippershell Mussel,Pressodonta viridis,E,Missouri
Ozark Cavefish,Troglichthys rosae,E,Missouri
Greater Prairie-chicken,Tympanuchus cupido,E,Missouri
Lake Sturgeon,Acipenser fulvescens,E,Missouri
Northern Long-eared Myotis,Myotis septentrionalis,E,Missouri
Indiana Myotis,Myotis sodalis,E,Missouri
Sheepnose,Plethobasus cyphyus,E,Missouri
Ebonyshell,Reginaia ebenus,E,Missouri
Lake Sturgeon,Acipenser fulvescens,E,Missouri
Decurrent False Aster,Boltonia decurrens,E,Missouri
American Bittern,Botaurus lentiginosus,E,Missouri
Gray Myotis,Myotis grisescens,E,Missouri
Northern Long-eared Myotis,Myotis septentrionalis,E,Missouri
Indiana Myotis,Myotis sodalis,E,Missouri
Fat Pocketbook,Potamilus capax,E,Missouri
King Rail,Rallus elegans,E,Missouri
Ebonyshell,Reginaia ebenus,E,Missouri
Pallid Sturgeon,Scaphirhynchus albus,E,Missouri
Running Buffalo Clover,Trifolium stoloniferum,E,Missouri
American Bittern,Botaurus lentiginosus,E,Missouri
Northern Harrier,Circus hudsonius,E,Missouri
Northern Long-eared Myotis,Myotis septentrionalis,E,Missouri
Indiana Myotis,Myotis sodalis,E,Missouri
Prairie Massasauga,Sistrurus tergeminus tergeminus,E,Missouri
Northern Harrier,Circus hudsonius,E,Missouri
Northern Long-eared Myotis,Myotis septentrionalis,E,Missouri
Indiana Myotis,Myotis sodalis,E,Missouri
Pallid Sturgeon,Scaphirhynchus albus,E,Missouri
American Bittern,Botaurus lentiginosus,E,Missouri
Northern Harrier,Circus hudsonius,E,Missouri
Northern Long-eared Myotis,Myotis septentrionalis,E,Missouri
Indiana Myotis,Myotis sodalis,E,Missouri
Western Fanshell,Cyprogenia aberti,E,Missouri
Snuffbox,Epioblasma triquetra,E,Missouri
Big Creek Crayfish,Faxonius peruncus,E,Missouri
St. Francis River Crayfish,Faxonius quadruncus,E,Missouri
Gray Myotis,Myotis grisescens,E,Missouri
Northern Long-eared Myotis,Myotis septentrionalis,E,Missouri
Indiana Myotis,Myotis sodalis,E,Missouri
Longnose Darter,Percina nasuta,E,Missouri
Bachman's Sparrow,Peucaea aestivalis,E,Missouri
,Rabbitsfoot Federal Designated Critical Habitat,E,Missouri
Plains Spotted Skunk,Spilogale interrupta,E,Missouri
Rabbitsfoot,Theliderma cylindrica,E,Missouri
Running Buffalo Clover,Trifolium stoloniferum,E,Missouri
,Western Fanshell Federal Designated Critical Habitat,E,Missouri
Crystal Darter,Crystallaria asprella,E,Missouri
Spectaclecase,Cumberlandia monodonta,E,Missouri
Elephantear,Elliptio crassidens,E,Missouri
Niangua Darter,Etheostoma nianguae,E,Missouri
Pink Mucket,Lampsilis abrupta,E,Missouri
Gray Myotis,Myotis grisescens,E,Missouri
Northern Long-eared Myotis,Myotis septentrionalis,E,Missouri
Scaleshell,Potamilus leptodon,E,Missouri
Ebonyshell,Reginaia ebenus,E,Missouri
Running Buffalo Clover,Trifolium stoloniferum,E,Missouri
Lake Sturgeon,Acipenser fulvescens,E,Missouri
Spectaclecase,Cumberlandia monodonta,E,Missouri
Cypress Minnow,Hybognathus hayi,E,Missouri
Higgins Eye,Lampsilis higginsii,E,Missouri
Gray Myotis,Myotis grisescens,E,Missouri
Northern Long-eared Myotis,Myotis septentrionalis,E,Missouri
Indiana Myotis,Myotis sodalis,E,Missouri
Sheepnose,Plethobasus cyphyus,E,Missouri
Fat Pocketbook,Potamilus capax,E,Missouri
Ebonyshell,Reginaia ebenus,E,Missouri
Neosho Mucket,Lampsilis rafinesqueana,E,Missouri
Gray Myotis,Myotis grisescens,E,Missouri
Northern Long-eared Myotis,Myotis septentrionalis,E,Missouri
,Neosho Mucket Federal Designated Critical Habitat,E,Missouri
Slippershell Mussel,Pressodonta viridis,E,Missouri
Indiana Myotis,Myotis sodalis,E,Missouri
Spectaclecase,Cumberlandia monodonta,E,Missouri
Elephantear,Elliptio crassidens,E,Missouri
Niangua Darter,Etheostoma nianguae,E,Missouri
Pink Mucket,Lampsilis abrupta,E,Missouri
Gray Myotis,Myotis grisescens,E,Missouri
Northern Long-eared Myotis,Myotis septentrionalis,E,Missouri
,Niangua Darter Federal Designated Critical Habitat,E,Missouri
,Niangua Darter Known Range,E,Missouri
Flathead Chub,Platygobio gracilis,E,Missouri
Lake Sturgeon,Acipenser fulvescens,E,Missouri
Decurrent False Aster,Boltonia decurrens,E,Missouri
Snowy Egret,Egretta thula,E,Missouri
Harlequin Darter,Etheostoma histrio,E,Missouri
Taillight Shiner,Notropis maculatus,E,Missouri
Flathead Chub,Platygobio gracilis,E,Missouri
Ebonyshell,Reginaia ebenus,E,Missouri
Pallid Sturgeon,Scaphirhynchus albus,E,Missouri
Interior Least Tern,Sterna antillarum athalassos,E,Missouri
Central Mudminnow,Umbra limi,E,Missouri
Lake Sturgeon,Acipenser fulvescens,E,Missouri
Topeka Shiner,Miniellus topeka,E,Missouri
Gray Myotis,Myotis grisescens,E,Missouri
Flathead Chub,Platygobio gracilis,E,Missouri
Pallid Sturgeon,Scaphirhynchus albus,E,Missouri
Indiana Myotis,Myotis sodalis,E,Missouri
Lake Sturgeon,Acipenser fulvescens,E,Missouri
Eastern Hellbender,Cryptobranchus alleganiensis alleganiensis,E,Missouri
Gray Myotis,Myotis grisescens,E,Missouri
Indiana Myotis,Myotis sodalis,E,Missouri
Flathead Chub,Platygobio gracilis,E,Missouri
Pallid Sturgeon,Scaphirhynchus albus,E,Missouri
Running Buffalo Clover,Trifolium stoloniferum,E,Missouri
Gray Myotis,Myotis grisescens,E,Missouri
Harlequin Darter,Etheostoma histrio,E,Missouri
Cypress Minnow,Hybognathus hayi,E,Missouri
Swainson's Warbler,Limnothlypis swainsonii,E,Missouri
Taillight Shiner,Notropis maculatus,E,Missouri
Interior Least Tern,Sterna antillarum athalassos,E,Missouri
Central Mudminnow,Umbra limi,E,Missouri
Northern Harrier,Circus hudsonius,E,Missouri
Neosho Mucket,Lampsilis rafinesqueana,E,Missouri
Gray Myotis,Myotis grisescens,E,Missouri
Northern Long-eared Myotis,Myotis septentrionalis,E,Missouri
,Neosho Mucket Federal Designated Critical Habitat,E,Missouri
,Ozark Cavefish Recharge Area,E,Missouri
Slippershell Mussel,Pressodonta viridis,E,Missouri
Rabbitsfoot,Theliderma cylindrica,E,Missouri
Ozark Cavefish,Troglichthys rosae,E,Missouri
Greater Prairie-chicken,Tympanuchus cupido,E,Missouri
Northern Long-eared Myotis,Myotis septentrionalis,E,Missouri
Indiana Myotis,Myotis sodalis,E,Missouri
Prairie Massasauga,Sistrurus tergeminus tergeminus,E,Missouri
Ozark Hellbender,Cryptobranchus alleganiensis bishopi,E,Missouri
Coldwater Crayfish,Faxonius eupunctus,E,Missouri
Virginia Sneezeweed,Helenium virginicum,E,Missouri
Swainson's Warbler,Limnothlypis swainsonii,E,Missouri
Gray Myotis,Myotis grisescens,E,Missouri
Northern Long-eared Myotis,Myotis septentrionalis,E,Missouri
Indiana Myotis,Myotis sodalis,E,Missouri
Bachman's Sparrow,Peucaea aestivalis,E,Missouri
Plains Spotted Skunk,Spilogale interrupta,E,Missouri
Lake Sturgeon,Acipenser fulvescens,E,Missouri
Crystal Darter,Crystallaria asprella,E,Missouri
Spectaclecase,Cumberlandia monodonta,E,Missouri
Elephantear,Elliptio crassidens,E,Missouri
Niangua Darter,Etheostoma nianguae,E,Missouri
Pink Mucket,Lampsilis abrupta,E,Missouri
Gray Myotis,Myotis grisescens,E,Missouri
,Niangua Darter Known Range,E,Missouri
Scaleshell,Potamilus leptodon,E,Missouri
Ebonyshell,Reginaia ebenus,E,Missouri
Pallid Sturgeon,Scaphirhynchus albus,E,Missouri
Ozark Hellbender,Cryptobranchus alleganiensis bishopi,E,Missouri
Gray Myotis,Myotis grisescens,E,Missouri
Northern Long-eared Myotis,Myotis septentrionalis,E,Missouri
Caney Mountain Cave Crayfish,Orconectes stygocaneyi,E,Missouri
Bachman's Sparrow,Peucaea aestivalis,E,Missouri
Slippershell Mussel,Pressodonta viridis,E,Missouri
Plains Spotted Skunk,Spilogale interrupta,E,Missouri
Snowy Egret,Egretta thula,E,Missouri
Cypress Minnow,Hybognathus hayi,E,Missouri
Pallid Sturgeon,Scaphirhynchus albus,E,Missouri
Interior Least Tern,Sterna antillarum athalassos,E,Missouri
Lake Sturgeon,Acipenser fulvescens,E,Missouri
Grotto Sculpin,Cottus specus,E,Missouri
Crystal Darter,Crystallaria asprella,E,Missouri
Gray Myotis,Myotis grisescens,E,Missouri
Northern Long-eared Myotis,Myotis septentrionalis,E,Missouri
Indiana Myotis,Myotis sodalis,E,Missouri
Pallid Sturgeon,Scaphirhynchus albus,E,Missouri
Interior Least Tern,Sterna antillarum athalassos,E,Missouri
Mead's Milkweed,Asclepias meadii,E,Missouri
Northern Harrier,Circus hudsonius,E,Missouri
Topeka Shiner,Miniellus topeka,E,Missouri
Eastern Hellbender,Cryptobranchus alleganiensis alleganiensis,E,Missouri
Crystal Darter,Crystallaria asprella,E,Missouri
Spectaclecase,Cumberlandia monodonta,E,Missouri
Snuffbox,Epioblasma triquetra,E,Missouri
,Hine's Emerald Federal Designated Critical Habitat,E,Missouri
Gray Myotis,Myotis grisescens,E,Missouri
Northern Long-eared Myotis,Myotis septentrionalis,E,Missouri
Indiana Myotis,Myotis sodalis,E,Missouri
Hine's Emerald,Somatochlora hineana,E,Missouri
Plains Spotted Skunk,Spilogale interrupta,E,Missouri
Running Buffalo Clover,Trifolium stoloniferum,E,Missouri
Lake Sturgeon,Acipenser fulvescens,E,Missouri
Decurrent False Aster,Boltonia decurrens,E,Missouri
American Bittern,Botaurus lentiginosus,E,Missouri
Higgins Eye,Lampsilis higginsii,E,Missouri
Gray Myotis,Myotis grisescens,E,Missouri
Northern Long-eared Myotis,Myotis septentrionalis,E,Missouri
Indiana Myotis,Myotis sodalis,E,Missouri
Sheepnose,Plethobasus cyphyus,E,Missouri
Fat Pocketbook,Potamilus capax,E,Missouri
King Rail,Rallus elegans,E,Missouri
Ebonyshell,Reginaia ebenus,E,Missouri
Lake Sturgeon,Acipenser fulvescens,E,Missouri
American Bittern,Botaurus lentiginosus,E,Missouri
Flathead Chub,Platygobio gracilis,E,Missouri
King Rail,Rallus elegans,E,Missouri
Pallid Sturgeon,Scaphirhynchus albus,E,Missouri
Mead's Milkweed,Asclepias meadii,E,Missouri
Niangua Darter,Etheostoma nianguae,E,Missouri
Geocarpon,Geocarpon minimum,E,Missouri
,Niangua Darter Known Range,E,Missouri
Crystal Darter,Crystallaria asprella,E,Missouri
Spectaclecase,Cumberlandia monodonta,E,Missouri
Elephantear,Elliptio crassidens,E,Missouri
Gray Myotis,Myotis grisescens,E,Missouri
Northern Long-eared Myotis,Myotis septentrionalis,E,Missouri
Indiana Myotis,Myotis sodalis,E,Missouri
Scaleshell,Potamilus leptodon,E,Missouri
Slippershell Mussel,Pressodonta viridis,E,Missouri
Plains Spotted Skunk,Spilogale interrupta,E,Missouri
Topeka Shiner,Miniellus topeka,E,Missouri
Northern Long-eared Myotis,Myotis septentrionalis,E,Missouri
Indiana Myotis,Myotis sodalis,E,Missouri
Lake Sturgeon,Acipenser fulvescens,E,Missouri
Spectaclecase,Cumberlandia monodonta,E,Missouri
Gray Myotis,Myotis grisescens,E,Missouri
Sheepnose,Plethobasus cyphyus,E,Missouri
Fat Pocketbook,Potamilus capax,E,Missouri
Ebonyshell,Reginaia ebenus,E,Missouri
Gray Myotis,Myotis grisescens,E,Missouri
Northern Long-eared Myotis,Myotis septentrionalis,E,Missouri
Indiana Myotis,Myotis sodalis,E,Missouri
Lake Sturgeon,Acipenser fulvescens,E,Missouri
American Bittern,Botaurus lentiginosus,E,Missouri
Yellow Mud Turtle,Kinosternon flavescens,E,Missouri
Pallid Sturgeon,Scaphirhynchus albus,E,Missouri
Mead's Milkweed,Asclepias meadii,E,Missouri
,Hine's Emerald Federal Designated Critical Habitat,E,Missouri
Gray Myotis,Myotis grisescens,E,Missouri
Northern Long-eared Myotis,Myotis septentrionalis,E,Missouri
Indiana Myotis,Myotis sodalis,E,Missouri
Hine's Emerald,Somatochlora hineana,E,Missouri
Plains Spotted Skunk,Spilogale interrupta,E,Missouri
Western Fanshell,Cyprogenia aberti,E,Missouri
Western Chicken Turtle,Deirochelys reticularia miaria,E,Missouri
Elephantear,Elliptio crassidens,E,Missouri
Curtis Pearlymussel,Epioblasma curtisii,E,Missouri
Harlequin Darter,Etheostoma histrio,E,Missouri
,Hine's Emerald Federal Designated Critical Habitat,E,Missouri
Pink Mucket,Lampsilis abrupta,E,Missouri
Pondberry,Lindera melissifolia,E,Missouri
Gray Myotis,Myotis grisescens,E,Missouri
Northern Long-eared Myotis,Myotis septentrionalis,E,Missouri
Slippershell Mussel,Pressodonta viridis,E,Missouri
Ebonyshell,Reginaia ebenus,E,Missouri
Hine's Emerald,Somatochlora hineana,E,Missouri
Plains Spotted Skunk,Spilogale interrupta,E,Missouri
Lake Sturgeon,Acipenser fulvescens,E,Missouri
American Bittern,Botaurus lentiginosus,E,Missouri
Flathead Chub,Platygobio gracilis,E,Missouri
King Rail,Rallus elegans,E,Missouri
Pallid Sturgeon,Scaphirhynchus albus,E,Missouri
Northern Long-eared Myotis,Myotis septentrionalis,E,Missouri
Indiana Myotis,Myotis sodalis,E,Missouri
Northern Long-eared Myotis,Myotis septentrionalis,E,Missouri
Indiana Myotis,Myotis sodalis,E,Missouri
Lake Sturgeon,Acipenser fulvescens,E,Missouri
American Bittern,Botaurus lentiginosus,E,Missouri
Snowy Egret,Egretta thula,E,Missouri
Harlequin Darter,Etheostoma histrio,E,Missouri
Pallid Sturgeon,Scaphirhynchus albus,E,Missouri
Interior Least Tern,Sterna antillarum athalassos,E,Missouri
Ozark Hellbender,Cryptobranchus alleganiensis bishopi,E,Missouri
Virginia Sneezeweed,Helenium virginicum,E,Missouri
Swainson's Warbler,Limnothlypis swainsonii,E,Missouri
Gray Myotis,Myotis grisescens,E,Missouri
Northern Long-eared Myotis,Myotis septentrionalis,E,Missouri
Indiana Myotis,Myotis sodalis,E,Missouri
Slippershell Mussel,Pressodonta viridis,E,Missouri
Plains Spotted Skunk,Spilogale interrupta,E,Missouri
Northern Long-eared Myotis,Myotis septentrionalis,E,Missouri
Indiana Myotis,Myotis sodalis,E,Missouri
Plains Spotted Skunk,Spilogale interrupta,E,Missouri
Lake Sturgeon,Acipenser fulvescens,E,Missouri
Decurrent False Aster,Boltonia decurrens,E,Missouri
American Bittern,Botaurus lentiginosus,E,Missouri
Blanding's Turtle,Emydoidea blandingii,E,Missouri
Northern Long-eared Myotis,Myotis septentrionalis,E,Missouri
Indiana Myotis,Myotis sodalis,E,Missouri
Flathead Chub,Platygobio gracilis,E,Missouri
King Rail,Rallus elegans,E,Missouri
Ebonyshell,Reginaia ebenus,E,Missouri
Pallid Sturgeon,Scaphirhynchus albus,E,Missouri
Interior Least Tern,Sterna antillarum athalassos,E,Missouri
Central Mudminnow,Umbra limi,E,Missouri
,American Burying Beetle Reintroduced Population Boundary,E,Missouri
Mead's Milkweed,Asclepias meadii,E,Missouri
Northern Harrier,Circus hudsonius,E,Missouri
Spectaclecase,Cumberlandia monodonta,E,Missouri
Niangua Darter,Etheostoma nianguae,E,Missouri
Geocarpon,Geocarpon minimum,E,Missouri
Pink Mucket,Lampsilis abrupta,E,Missouri
Gray Myotis,Myotis grisescens,E,Missouri
,Niangua Darter Federal Designated Critical Habitat,E,Missouri
,Niangua Darter Known Range,E,Missouri
American Burying Beetle,Nicrophorus americanus,E,Missouri
Greater Prairie-chicken,Tympanuchus cupido,E,Missouri
Big Creek Crayfish,Faxonius peruncus,E,Missouri
St. Francis River Crayfish,Faxonius quadruncus,E,Missouri
Gray Myotis,Myotis grisescens,E,Missouri
Slippershell Mussel,Pressodonta viridis,E,Missouri
Plains Spotted Skunk,Spilogale interrupta,E,Missouri
Lake Sturgeon,Acipenser fulvescens,E,Missouri
Decurrent False Aster,Boltonia decurrens,E,Missouri
American Bittern,Botaurus lentiginosus,E,Missouri
Eastern Hellbender,Cryptobranchus alleganiensis alleganiensis,E,Missouri
Crystal Darter,Crystallaria asprella,E,Missouri
Spectaclecase,Cumberlandia monodonta,E,Missouri
Elephantear,Elliptio crassidens,E,Missouri
Snuffbox,Epioblasma triquetra,E,Missouri
Pink Mucket,Lampsilis abrupta,E,Missouri
Gray Myotis,Myotis grisescens,E,Missouri
Northern Long-eared Myotis,Myotis septentrionalis,E,Missouri
Indiana Myotis,Myotis sodalis,E,Missouri
Flathead Chub,Platygobio gracilis,E,Missouri
Sheepnose,Plethobasus cyphyus,E,Missouri
Scaleshell,Potamilus leptodon,E,Missouri
Slippershell Mussel,Pressodonta viridis,E,Missouri
Ebonyshell,Reginaia ebenus,E,Missouri
Pallid Sturgeon,Scaphirhynchus albus,E,Missouri
Salamander Mussel,Simpsonaias ambigua,E,Missouri
Running Buffalo Clover,Trifolium stoloniferum,E,Missouri
Lake Sturgeon,Acipenser fulvescens,E,Missouri
Lake Sturgeon,Acipenser fulvescens,E,Missouri
Gray Myotis,Myotis grisescens,E,Missouri
Northern Long-eared Myotis,Myotis septentrionalis,E,Missouri
Indiana Myotis,Myotis sodalis,E,Missouri
Flathead Chub,Platygobio gracilis,E,Missouri
Pallid Sturgeon,Scaphirhynchus albus,E,Missouri
Plains Spotted Skunk,Spilogale interrupta,E,Missouri
American Bittern,Botaurus lentiginosus,E,Missouri
Western Fanshell,Cyprogenia aberti,E,Missouri
Harlequin Darter,Etheostoma histrio,E,Missouri
Goldstripe Darter,Etheostoma parvipinne,E,Missouri
Pink Mucket,Lampsilis abrupta,E,Missouri
Indiana Myotis,Myotis sodalis,E,Missouri
Taillight Shiner,Notropis maculatus,E,Missouri
Fat Pocketbook,Potamilus capax,E,Missouri
Rabbitsfoot,Theliderma cylindrica,E,Missouri
Gray Myotis,Myotis grisescens,E,Missouri
Northern Long-eared Myotis,Myotis septentrionalis,E,Missouri
,Ozark Cavefish Recharge Area,E,Missouri
Slippershell Mussel,Pressodonta viridis,E,Missouri
Plains Spotted Skunk,Spilogale interrupta,E,Missouri
Ozark Cavefish,Troglichthys rosae,E,Missouri
Mead's Milkweed,Asclepias meadii,E,Missouri
Northern Long-eared Myotis,Myotis septentrionalis,E,Missouri
Indiana Myotis,Myotis sodalis,E,Missouri
Plains Spotted Skunk,Spilogale interrupta,E,Missouri
Tumbling Creek Cavesnail,Antrobia culveri,E,Missouri
Swainson's Warbler,Limnothlypis swainsonii,E,Missouri
Gray Myotis,Myotis grisescens,E,Missouri
Northern Long-eared Myotis,Myotis septentrionalis,E,Missouri
Indiana Myotis,Myotis sodalis,E,Missouri
Bachman's Sparrow,Peucaea aestivalis,E,Missouri
Slippershell Mussel,Pressodonta viridis,E,Missouri
Plains Spotted Skunk,Spilogale interrupta,E,Missouri
,Tumbling Creek Cavesnail Federal Designated Critical Habitat,E,Missouri
Ozark Hellbender,Cryptobranchus alleganiensis bishopi,E,Missouri
Spectaclecase,Cumberlandia monodonta,E,Missouri
Virginia Sneezeweed,Helenium virginicum,E,Missouri
Gray Myotis,Myotis grisescens,E,Missouri
Northern Long-eared Myotis,Myotis septentrionalis,E,Missouri
Indiana Myotis,Myotis sodalis,E,Missouri
Bachman's Sparrow,Peucaea aestivalis,E,Missouri
Slippershell Mussel,Pressodonta viridis,E,Missouri
Plains Spotted Skunk,Spilogale interrupta,E,Missouri
Mead's Milkweed,Asclepias meadii,E,Missouri
Northern Harrier,Circus hudsonius,E,Missouri
Plains Spotted Skunk,Spilogale interrupta,E,Missouri
Greater Prairie-chicken,Tympanuchus cupido,E,Missouri
Lake Sturgeon,Acipenser fulvescens,E,Missouri
Gray Myotis,Myotis grisescens,E,Missouri
Northern Long-eared Myotis,Myotis septentrionalis,E,Missouri
Flathead Chub,Platygobio gracilis,E,Missouri
Pallid Sturgeon,Scaphirhynchus albus,E,Missouri
Running Buffalo Clover,Trifolium stoloniferum,E,Missouri
,Big Creek Crayfish Federal Designated Critical Habitat,E,Missouri
Spectaclecase,Cumberlandia monodonta,E,Missouri
,Hine's Emerald Federal Designated Critical Habitat,E,Missouri
Gray Myotis,Myotis grisescens,E,Missouri
Northern Long-eared Myotis,Myotis septentrionalis,E,Missouri
Indiana Myotis,Myotis sodalis,E,Missouri
Slippershell Mussel,Pressodonta viridis,E,Missouri
,St. Francis River Crayfish Federal Designated Critical Habitat,E,Missouri
American Bittern,Botaurus lentiginosus,E,Missouri
Crystal Darter,Crystallaria asprella,E,Missouri
Western Fanshell,Cyprogenia aberti,E,Missouri
Western Chicken Turtle,Deirochelys reticularia miaria,E,Missouri
Elephantear,Elliptio crassidens,E,Missouri
Curtis Pearlymussel,Epioblasma curtisii,E,Missouri
Snuffbox,Epioblasma triquetra,E,Missouri
Big Creek Crayfish,Faxonius peruncus,E,Missouri
St. Francis River Crayfish,Faxonius quadruncus,E,Missouri
,Hine's Emerald Federal Designated Critical Habitat,E,Missouri
Pink Mucket,Lampsilis abrupta,E,Missouri
Swainson's Warbler,Limnothlypis swainsonii,E,Missouri
Gray Myotis,Myotis grisescens,E,Missouri
Northern Long-eared Myotis,Myotis septentrionalis,E,Missouri
Indiana Myotis,Myotis sodalis,E,Missouri
Taillight Shiner,Notropis maculatus,E,Missouri
Mountain Madtom,Noturus eleutherus,E,Missouri
Longnose Darter,Percina nasuta,E,Missouri
Ebonyshell,Reginaia ebenus,E,Missouri
Rabbitsfoot,Theliderma cylindrica,E,Missouri
Running Buffalo Clover,Trifolium stoloniferum,E,Missouri
Niangua Darter,Etheostoma nianguae,E,Missouri
Virginia Sneezeweed,Helenium virginicum,E,Missouri
Gray Myotis,Myotis grisescens,E,Missouri
Northern Long-eared Myotis,Myotis septentrionalis,E,Missouri
,Niangua Darter Known Range,E,Missouri
Slippershell Mussel,Pressodonta viridis,E,Missouri
Northern Long-eared Myotis,Myotis septentrionalis,E,Missouri
Indiana Myotis,Myotis sodalis,E,Missouri
Virginia Sneezeweed,Helenium virginicum,E,Missouri
Gray Myotis,Myotis grisescens,E,Missouri
Northern Long-eared Myotis,Myotis septentrionalis,E,Missouri
Indiana Myotis,Myotis sodalis,E,Missouri
Scaleshell,Potamilus leptodon,E,Missouri
MUCKET,ACTINONAIAS LIGAMENTINA,Endangered,Mississippi
PURPLE WARTYBACK,CYCLONAIAS TUBERCULATA,Endangered,Mississippi
DELICATE SPIKE,ELLIPTIO ARCTATA,Endangered,Mississippi
CUMBERLANDIAN COMBSHELL,EPIOBLASMA BREVIDENS,Endangered,Mississippi
SOUTHERN COMBSHELL,EPIOBLASMA PENITA,Endangered,Mississippi
SNUFFBOX,EPIOBLASMA TRIQUETRA,Endangered,Mississippi
SPIKE,EURYNIA DILATATA,Endangered,Mississippi
ORANGE-NACRE MUCKET,HAMIOTA PEROVALIS,Endangered,Mississippi
ALABAMA MOCCASINSHELL,MEDIONIDUS ACUTISSIMUS,Endangered,Mississippi
SHEEPNOSE,PLETHOBASUS CYPHYUS,Endangered,Mississippi
BLACK CLUBSHELL,PLEUROBEMA CURTUM,Endangered,Mississippi
SOUTHERN CLUBSHELL,PLEUROBEMA DECISUM,Endangered,Mississippi
FLAT PIGTOE,PLEUROBEMA MARSHALLI,Endangered,Mississippi
TENNESSEE CLUBSHELL,PLEUROBEMA OVIFORME,Endangered,Mississippi
OVATE CLUBSHELL,PLEUROBEMA PEROVATUM,Endangered,Mississippi
PYRAMID PIGTOE,PLEUROBEMA RUBRUM,Endangered,Mississippi
HEAVY PIGTOE,PLEUROBEMA TAITIANUM,Endangered,Mississippi
SLABSIDE PEARLYMUSSEL,PLEURONAIA DOLABELLOIDES,Endangered,Mississippi
FAT POCKETBOOK,POTAMILUS CAPAX,Endangered,Mississippi
INFLATED HEELSPLITTER,POTAMILUS INFLATUS,Endangered,Mississippi
KIDNEYSHELL,PTYCHOBRANCHUS FASCIOLARIS,Endangered,Mississippi
RABBITSFOOT,THELIDERMA CYLINDRICA CYLINDRICA,Endangered,Mississippi
MONKEYFACE,THELIDERMA METANEVRA,Endangered,Mississippi
STIRRUPSHELL,THELIDERMA STAPES,Endangered,Mississippi
CAMP SHELBY BURROWING CRAWFISH,CREASERINUS GORDONI,Endangered,Mississippi
AMERICAN BURYING BEETLE,NICROPHORUS AMERICANUS,Endangered,Mississippi
MITCHELL’S SATYR,NEONYMPHA MITCHELLII MITCHELLII,Endangered,Mississippi
GULF STURGEON,ACIPENSER OXYRINCHUS DESOTOI,Endangered,Mississippi
PALLID STURGEON,SCAPHIRHYNCHUS ALBUS,Endangered,Mississippi
ALABAMA STURGEON,SCAPHIRHYNCHUS SUTTKUSI,Endangered,Mississippi
SOUTHERN REDBELLY DACE,CHROSOMUS ERYTHROGASTER,Endangered,Mississippi
BIGEYE SHINER,NOTROPIS BOOPS,Endangered,Mississippi
IRONCOLOR SHINER,NOTROPIS CHALYBAEUS,Endangered,Mississippi
SUCKERMOUTH MINNOW,PHENACOBIUS MIRABILIS,Endangered,Mississippi
CRYSTAL DARTER,CRYSTALLARIA ASPRELLA,Endangered,Mississippi
GREENSIDE DARTER,ETHEOSTOMA BLENNIOIDES,Endangered,Mississippi
BAYOU DARTER,ETHEOSTOMA RUBRUM,Endangered,Mississippi
PEARL DARTER,PERCINA AURORA,Endangered,Mississippi
SLENDERHEAD DARTER,PERCINA PHOXOCEPHALA,Endangered,Mississippi
SLENDER MADTOM,NOTURUS EXILIS,Endangered,Mississippi
PIEBALD MADTOM,NOTURUS GLADIATOR,Endangered,Mississippi
FRECKLEBELLY MADTOM,NOTURUS MUNITUS,Endangered,Mississippi
DUSKY GOPHER FROG,RANA SEVOSA,Endangered,Mississippi
ONE-TOED AMPHIUMA,AMPHIUMA PHOLETER,Endangered,Mississippi
HELLBENDER,CRYPTOBRANCHUS ALLEGANIENSIS,Endangered,Mississippi
GREEN SALAMANDER,ANEIDES AENEUS,Endangered,Mississippi
CAVE SALAMANDER,EURYCEA LUCIFUGA,Endangered,Mississippi
SPRING SALAMANDER,GYRINOPHILUS PORPHYRITICUS,Endangered,Mississippi
EASTERN INDIGO SNAKE,DRYMARCHON COUPERI,Endangered,Mississippi
RAINBOW SNAKE,FARANCIA ERYTROGRAMMA,Endangered,Mississippi
SOUTHERN HOGNOSE SNAKE,HETERODON SIMUS,Endangered,Mississippi
BLACK PINE SNAKE,PITUOPHIS MELANOLEUCUS LODINGI,Endangered,Mississippi
LOGGERHEAD SEA TURTLE,CARETTA CARETTA,Endangered,Mississippi
GREEN SEA TURTLE,CHELONIA MYDAS,Endangered,Mississippi
HAWKSBILL SEA TURTLE,ERETMOCHELYS IMBRICATA,Endangered,Mississippi
KEMP'S RIDLEY SEA TURTLE,LEPIDOCHELYS KEMPII,Endangered,Mississippi
LEATHERBACK SEA TURTLE,DERMOCHELYS CORIACEA,Endangered,Mississippi
YELLOW-BLOTCHED MAP TURTLE,GRAPTEMYS FLAVIMACULATA,Endangered,Mississippi
BLACK-KNOBBED MAP TURTLE,GRAPTEMYS NIGRINODA,Endangered,Mississippi
RINGED MAP TURTLE,GRAPTEMYS OCULIFERA,Endangered,Mississippi
ALABAMA RED-BELLIED TURTLE,PSEUDEMYS ALABAMENSIS,Endangered,Mississippi
GOPHER TORTOISE,GOPHERUS POLYPHEMUS,Endangered,Mississippi
PIPING PLOVER,CHARADRIUS MELODUS,Endangered,Mississippi
SNOWY PLOVER,CHARADRIUS NIVOSUS,Endangered,Mississippi
INTERIOR LEAST TERN,STERNULA ANTILLARUM ATHALASSOS,Endangered,Mississippi
WOOD STORK,MYCTERIA AMERICANA,Endangered,Mississippi
SWALLOW-TAILED KITE,ELANOIDES FORFICATUS,Endangered,Mississippi
PEREGRINE FALCON,FALCO PEREGRINUS,Endangered,Mississippi
MISSISSIPPI SANDHILL CRANE,GRUS CANADENSIS PULLA,Endangered,Mississippi
BACHMAN'S WARBLER,VERMIVORA BACHMANII,Endangered,Mississippi
BEWICK'S WREN,THRYOMANES BEWICKII,Endangered,Mississippi
BROWN PELICAN,PELECANUS OCCIDENTALIS,Endangered,Mississippi
IVORY-BILLED WOODPECKER,CAMPEPHILUS PRINCIPALIS,Endangered,Mississippi
RED-COCKADED WOODPECKER,PICOIDES BOREALIS,Endangered,Mississippi
FLORIDA PANTHER,PUMA CONCOLOR CORYI,Endangered,Mississippi
BLACK BEAR,URSUS AMERICANUS,Endangered,Mississippi
LOUISIANA BLACK BEAR,URSUS AMERICANUS LUTEOLUS,Endangered,Mississippi
GRAY MYOTIS,MYOTIS GRISESCENS,Endangered,Mississippi
INDIANA OR SOCIAL MYOTIS,MYOTIS SODALIS,Endangered,Mississippi
MANATEE,TRICHECHUS MANATUS,Endangered,Mississippi
Osprey,Pandion haliaetus,Threatened,Illinois
Bewick's Wren,Thryomanes bewickii,Endangered,Illinois
Loggerhead Shrike,Lanius ludovicianus,Endangered,Illinois
Cerulean Warbler,Setophaga cerulea,Threatened,Illinois
Lake Sturgeon,Acipenser fulvescens,Endangered,Illinois
Cypress Minnow,Hybognathus hayi,Endangered,Illinois
Gray Bat,Myotis grisescens,Endangered,Illinois
Indiana Bat,Myotis sodalis,Endangered,Illinois
Northern Long-eared Bat,Myotis septentrionalis,Endangered,Illinois
Spectaclecase,Margaritifera monodonta,Endangered,Illinois
Butterfly,Ellipsaria lineolata,Threatened,Illinois
Elephant-ear,Elliptio crassidens,Endangered,Illinois
Ebonyshell,Reginaia ebenus,Endangered,Illinois
Sheepnose,Plethobasus cyphyus,Endangered,Illinois
Arrowwood,Viburnum molle,Threatened,Illinois
Buffalo Clover,Trifolium reflexum,Threatened,Illinois
Stickleaf,Mentzelia oligosperma,Endangered,Illinois
Hill Prairie Larkspur,Delphinium carolinianum,Endangered,Illinois
Rock Elm,Ulmus thomasii,Endangered,Illinois
Limestone Riverbank Violet,Viola viarum,Endangered,Illinois
Drooping Sedge,Carex prasina,Threatened,Illinois
Leafy Bulrush,Scirpus polyphyllus,Endangered,Illinois
Virginia Bunchflower,Melanthium virginicum,Endangered,Illinois
Green Trillium,Trillium viride,Endangered,Illinois
Wolf's Bluegrass,Poa wolfii,Endangered,Illinois
Monkeyface,Quadrula metanevra,Threatened,Illinois
Bird-voiced Treefrog,Hyla avivoca,Threatened,Illinois
Illinois Chorus Frog,Pseudacris illinoensis,Threatened,Illinois
Eastern Narrowmouth Toad,Gastrophryne carolinensis,Threatened,Illinois
Little Blue Heron,Egretta caerulea,Endangered,Illinois
Osprey,Pandion haliaetus,Threatened,Illinois
Least Tern,Sternula antillarum,Endangered,Illinois
Loggerhead Shrike,Lanius ludovicianus,Endangered,Illinois
Cerulean Warbler,Setophaga cerulea,Threatened,Illinois
Swainson's Warbler,Limnothlypis swainsonii,Endangered,Illinois
Pallid Sturgeon,Scaphirhynchus albus,Endangered,Illinois
Cypress Minnow,Hybognathus hayi,Endangered,Illinois
Bigeye Shiner,Miniellus boops,Endangered,Illinois
Sturgeon Chub,Macrhybopsis gelida,Endangered,Illinois
River Redhorse,Moxostoma carinatum,Threatened,Illinois
Banded Pygmy Sunfish,Elassoma zonatum,Threatened,Illinois
Bantam Sunfish,Lepomis symmetricus,Threatened,Illinois
Redspotted Sunfish,Lepomis miniatus,Threatened,Illinois
Crystal Darter,Crystallaria asprella,Endangered,Illinois
Southeastern Myotis,Myotis austroriparius,Endangered,Illinois
Gray Bat,Myotis grisescens,Endangered,Illinois
Indiana Bat,Myotis sodalis,Endangered,Illinois
Northern Long-eared Bat,Myotis septentrionalis,Endangered,Illinois
Rafinesque's Big-eared Bat,Corynorhinus rafinesquii,Endangered,Illinois
Alligator Snapping Turtle,Macrochelys temminckii,Endangered,Illinois
River Cooter,Pseudemys concinna,Endangered,Illinois
Timber Rattlesnake,Crotalus horridus,Threatened,Illinois
Shrimp Crayfish,Faxonius lancifer,Endangered,Illinois
Water Willow,Justicia ovata,Endangered,Illinois
Eryngo,Eryngium prostratum,Endangered,Illinois
Decurrent False Aster,Boltonia decurrens,Threatened,Illinois
Squirting Cucumber,Melothria pendula,Threatened,Illinois
Smooth False Indigo,Amorpha nitens,Endangered,Illinois
Yellowwood,Cladrastis kentukea,Endangered,Illinois
Nuttall's Oak,Quercus texana,Endangered,Illinois
Willow Oak,Quercus phellos,Threatened,Illinois
Rock Chestnut Oak,Quercus montana,Threatened,Illinois
Water Hickory,Carya aquatica,Endangered,Illinois
Pale Hickory,Carya pallida,Endangered,Illinois
Butternut,Juglans cinerea,Endangered,Illinois
Creeping Loosestrife,Lysimachia radicans,Endangered,Illinois
Blue Jasmine,Clematis crispa,Endangered,Illinois
Tube Beard Tongue,Penstemon tubaeflorus,Endangered,Illinois
Storax,Styrax americanus,Threatened,Illinois
Bigleaf Snowbell Bush,Styrax grandifolius,Endangered,Illinois
Water Elm,Planera aquatica,Threatened,Illinois
Nettle,Urtica chamaedryoides,Threatened,Illinois
Swollen Sedge,Carex intumescens,Threatened,Illinois
Black-edged Sedge,Carex nigromarginata,Endangered,Illinois
Sharp-scaled Sedge,Carex oxylepis var. oxylepis,Threatened,Illinois
Willdenow's Sedge,Carex willdenowii,Threatened,Illinois
Hall's Bulrush,Schoenoplectiella hallii,Threatened,Illinois
Littlehead Nutrush,Scleria oligantha,Endangered,Illinois
Small Yellow Lady's Slipper,Cypripedium parviflorum,Endangered,Illinois
Arkansas Mannagrass,Glyceria arkansana,Endangered,Illinois
Mud Plantain,Heteranthera reniformis,Endangered,Illinois
Black Spleenwort,Asplenium resiliens,Endangered,Illinois
Southern Grape Fern,Sceptridium biternatum,Endangered,Illinois
Baby blue-eyes,Nemophila aphylla,Endangered,Illinois
Osprey,Pandion haliaetus,Threatened,Illinois
Least Tern,Sternula antillarum,Endangered,Illinois
Northern Madtom,Noturus stigmosus,Endangered,Illinois
Crystal Darter,Crystallaria asprella,Endangered,Illinois
Purple Wartyback,Cyclonaias tuberculata,Threatened,Illinois
Butterfly,Ellipsaria lineolata,Threatened,Illinois
Elephant-ear,Elliptio crassidens,Endangered,Illinois
Spike,Eurynia dilatata,Endangered,Illinois
Ebonyshell,Reginaia ebenus,Endangered,Illinois
Orangefoot Pimpleback,Plethobasus cooperianus,Endangered,Illinois
Ohio Pigtoe,Pleurobema cordatum,Endangered,Illinois
Rabbitsfoot,Theliderma cylindrica,Endangered,Illinois
Silverbell Tree,Halesia carolina,Endangered,Illinois
Galingale,Cyperus lancastriensis,Threatened,Illinois
Mudpuppy,Necturus maculosus,Threatened,Illinois
Monkeyface,Quadrula metanevra,Threatened,Illinois
Franklin's Ground Squirrel,Poliocitellus franklinii,Threatened,Illinois
Purple Lilliput,Toxolasma lividum,Endangered,Illinois
Black-crowned Night-Heron,Nycticorax nycticorax,Endangered,Illinois
Loggerhead Shrike,Lanius ludovicianus,Endangered,Illinois
Indiana Bat,Myotis sodalis,Endangered,Illinois
Northern Long-eared Bat,Myotis septentrionalis,Endangered,Illinois
Ornate Box Turtle,Terrapene ornata,Threatened,Illinois
Eastern Massasauga,Sistrurus catenatus,Endangered,Illinois
Prairie Rose Gentian,Sabatia campestris,Endangered,Illinois
Green Trillium,Trillium viride,Endangered,Illinois
Spring Ladies' Tresses,Spiranthes vernalis,Endangered,Illinois
Least Bittern,Ixobrychus exilis,Threatened,Illinois
Yellow-headed Blackbird,Xanthocephalus xanthocephalus,Endangered,Illinois
American Brook Lamprey,Lethenteron appendix,Threatened,Illinois
Mottled Sculpin,Cottus bairdii,Threatened,Illinois
Brassy Minnow,Hybognathus hankinsoni,Endangered,Illinois
Blacknose Shiner,Notropis heterolepis,Endangered,Illinois
Ozark Minnow,Miniellus nubilus,Threatened,Illinois
Gravel Chub,Erimystax x-punctatus,Threatened,Illinois
Blanding's Turtle,Emydoidea blandingii,Endangered,Illinois
Spike,Eurynia dilatata,Endangered,Illinois
Wooly Milkweed,Asclepias lanuginosa,Endangered,Illinois
Forked Aster,Eurybia furcata,Threatened,Illinois
Slender Sandwort,Minuartia patula,Threatened,Illinois
Red-berried Elder,Sambucus racemosa ssp. pubens,Endangered,Illinois
Butternut,Juglans cinerea,Endangered,Illinois
Kittentails,Synthyris bullii,Threatened,Illinois
Rusty Patched Bumble Bee,Bombus affinis,Endangered,Illinois
American Bittern,Botaurus lentiginosus,Endangered,Illinois
Least Bittern,Ixobrychus exilis,Threatened,Illinois
Black-crowned Night-Heron,Nycticorax nycticorax,Endangered,Illinois
Short-eared Owl,Asio flammeus,Endangered,Illinois
Chuck-will's-widow,Antrostomus carolinensis,Threatened,Illinois
Cerulean Warbler,Setophaga cerulea,Threatened,Illinois
Starhead Topminnow,Fundulus dispar,Threatened,Illinois
Indiana Bat,Myotis sodalis,Endangered,Illinois
Northern Long-eared Bat,Myotis septentrionalis,Endangered,Illinois
Decurrent False Aster,Boltonia decurrens,Threatened,Illinois
Buffalo Clover,Trifolium reflexum,Threatened,Illinois
Pale False Foxglove,Agalinis skinneriana,Threatened,Illinois
Drooping Sedge,Carex prasina,Threatened,Illinois
Leafy Bulrush,Scirpus polyphyllus,Endangered,Illinois
Virginia Bunchflower,Melanthium virginicum,Endangered,Illinois
Wolf's Bluegrass,Poa wolfii,Endangered,Illinois
Northern Harrier,Circus hudsonius,Endangered,Illinois
King Rail,Rallus elegans,Endangered,Illinois
Loggerhead Shrike,Lanius ludovicianus,Endangered,Illinois
Cerulean Warbler,Setophaga cerulea,Threatened,Illinois
Yellow-headed Blackbird,Xanthocephalus xanthocephalus,Endangered,Illinois
American Brook Lamprey,Lethenteron appendix,Threatened,Illinois
Blacknose Shiner,Notropis heterolepis,Endangered,Illinois
Weed Shiner,Alburnops texanus,Endangered,Illinois
Trout-perch,Percopsis omiscomaycus,Threatened,Illinois
Starhead Topminnow,Fundulus dispar,Threatened,Illinois
Indiana Bat,Myotis sodalis,Endangered,Illinois
Northern Long-eared Bat,Myotis septentrionalis,Endangered,Illinois
Blanding's Turtle,Emydoidea blandingii,Endangered,Illinois
Ornate Box Turtle,Terrapene ornata,Threatened,Illinois
Plains Hog-nosed Snake,Heterodon nasicus,Threatened,Illinois
Western Regal Fritillary,Argynnis idalia occidentalis,Threatened,Illinois
Decurrent False Aster,Boltonia decurrens,Threatened,Illinois
Tall Sunflower,Helianthus giganteus,Endangered,Illinois
Broomrape,Orobanche ludoviciana,Threatened,Illinois
Queen-of-the-prairie,Filipendula rubra,Threatened,Illinois
Jack Pine,Pinus banksiana,Endangered,Illinois
Rusty Patched Bumble Bee,Bombus affinis,Endangered,Illinois
Black-crowned Night-Heron,Nycticorax nycticorax,Endangered,Illinois
Least Tern,Sternula antillarum,Endangered,Illinois
Lake Sturgeon,Acipenser fulvescens,Endangered,Illinois
Bigeye Shiner,Miniellus boops,Endangered,Illinois
Longnose Sucker,Catostomus catostomus,Threatened,Illinois
Starhead Topminnow,Fundulus dispar,Threatened,Illinois
Western Sand Darter,Ammocrypta clara,Endangered,Illinois
Indiana Bat,Myotis sodalis,Endangered,Illinois
Northern Long-eared Bat,Myotis septentrionalis,Endangered,Illinois
Ornate Box Turtle,Terrapene ornata,Threatened,Illinois
Smooth Softshell,Apalone mutica,Threatened,Illinois
Timber Rattlesnake,Crotalus horridus,Threatened,Illinois
Spectaclecase,Margaritifera monodonta,Endangered,Illinois
Butterfly,Ellipsaria lineolata,Threatened,Illinois
Ebonyshell,Reginaia ebenus,Endangered,Illinois
Narrow-leaved Green Milkweed,Asclepias stenophylla,Endangered,Illinois
Wooly Milkweed,Asclepias lanuginosa,Endangered,Illinois
Decurrent False Aster,Boltonia decurrens,Threatened,Illinois
Ozark Phacelia,Phacelia gilioides,Endangered,Illinois
Wild Blue Sage,Salvia azurea var. grandiflora,Threatened,Illinois
Stickleaf,Mentzelia oligosperma,Endangered,Illinois
Hill Prairie Larkspur,Delphinium carolinianum,Endangered,Illinois
Pale False Foxglove,Agalinis skinneriana,Threatened,Illinois
Grove Bluegrass,Poa alsodes,Endangered,Illinois
Norton's Nomia,Nomia nortoni,Threatened,Illinois
Blue Hearts,Buchnera americana,Threatened,Illinois
Least Tern,Sternula antillarum,Endangered,Illinois
Pallid Sturgeon,Scaphirhynchus albus,Endangered,Illinois
Weed Shiner,Alburnops texanus,Endangered,Illinois
Sturgeon Chub,Macrhybopsis gelida,Endangered,Illinois
River Redhorse,Moxostoma carinatum,Threatened,Illinois
Trout-perch,Percopsis omiscomaycus,Threatened,Illinois
Four-toed Salamander,Hemidactylium scutatum,Threatened,Illinois
Least Bittern,Ixobrychus exilis,Threatened,Illinois
Common Gallinule,Gallinula galeata,Endangered,Illinois
Loggerhead Shrike,Lanius ludovicianus,Endangered,Illinois
Cerulean Warbler,Setophaga cerulea,Threatened,Illinois
Yellow-headed Blackbird,Xanthocephalus xanthocephalus,Endangered,Illinois
Pallid Shiner,Hybopsis amnis,Endangered,Illinois
Brassy Minnow,Hybognathus hankinsoni,Endangered,Illinois
Blacknose Shiner,Notropis heterolepis,Endangered,Illinois
Weed Shiner,Alburnops texanus,Endangered,Illinois
Western Sand Darter,Ammocrypta clara,Endangered,Illinois
Indiana Bat,Myotis sodalis,Endangered,Illinois
Northern Long-eared Bat,Myotis septentrionalis,Endangered,Illinois
Gray/Timber Wolf,Canis lupus,Endangered,Illinois
Blanding's Turtle,Emydoidea blandingii,Endangered,Illinois
Ornate Box Turtle,Terrapene ornata,Threatened,Illinois
Plains Hog-nosed Snake,Heterodon nasicus,Threatened,Illinois
Lined Snake,Tropidoclonion lineatum,Threatened,Illinois
Timber Rattlesnake,Crotalus horridus,Threatened,Illinois
Iowa Amphipod,Stygobromus iowae,Endangered,Illinois
Aphrodite Fritillary,Argynnis aphrodite,Threatened,Illinois
Western Regal Fritillary,Argynnis idalia occidentalis,Threatened,Illinois
Butterfly,Ellipsaria lineolata,Threatened,Illinois
Ebonyshell,Reginaia ebenus,Endangered,Illinois
Higgins Eye,Lampsilis higginsii,Endangered,Illinois
Forked Aster,Eurybia furcata,Threatened,Illinois
Cliff Goldenrod,Solidago sciaphila,Threatened,Illinois
Stickseed,Hackelia deflexa var. americana,Endangered,Illinois
False Heather,Hudsonia tomentosa,Endangered,Illinois
Pinweed,Lechea intermedia,Endangered,Illinois
James' Clammyweed,Polanisia jamesii,Endangered,Illinois
Red-berried Elder,Sambucus racemosa ssp. pubens,Endangered,Illinois
Butternut,Juglans cinerea,Endangered,Illinois
Broomrape,Orobanche ludoviciana,Threatened,Illinois
False Bugbane,Actaea racemosa,Endangered,Illinois
American Bugbane,Actaea podocarpa,Endangered,Illinois
Redroot,Ceanothus herbaceus,Endangered,Illinois
Sullivantia,Sullivantia sullivantii,Threatened,Illinois
Kittentails,Synthyris bullii,Threatened,Illinois
Large-flowered Beard Tongue,Penstemon grandiflorus,Endangered,Illinois
Canada Violet,Viola canadensis,Endangered,Illinois
Jack Pine,Pinus banksiana,Endangered,Illinois
Umbrella Sedge,Cyperus grayoides,Threatened,Illinois
Ill-scented Trillium,Trillium erectum,Endangered,Illinois
Small Yellow Lady's Slipper,Cypripedium parviflorum,Endangered,Illinois
Tubercled Orchid,Platanthera flava,Threatened,Illinois
Meadow Horsetail,Equisetum pratense,Threatened,Illinois
Dwarf Scouring Rush,Equisetum scirpoides,Endangered,Illinois
Ground Pine,Dendrolycopodium dendroideum,Endangered,Illinois
Rusty Patched Bumble Bee,Bombus affinis,Endangered,Illinois
Western Tall White Violet,Viola rugulosa,Endangered,Illinois
Mining Bee,Protandrena bancrofti,Threatened,Illinois
Sand Reed Leafhopper,Flexamia grammica,Endangered,Illinois
Monkeyface,Quadrula metanevra,Threatened,Illinois
Illinois Chorus Frog,Pseudacris illinoensis,Threatened,Illinois
American Bittern,Botaurus lentiginosus,Endangered,Illinois
Least Bittern,Ixobrychus exilis,Threatened,Illinois
Common Gallinule,Gallinula galeata,Endangered,Illinois
Chuck-will's-widow,Antrostomus carolinensis,Threatened,Illinois
Loggerhead Shrike,Lanius ludovicianus,Endangered,Illinois
Yellow-headed Blackbird,Xanthocephalus xanthocephalus,Endangered,Illinois
Lake Sturgeon,Acipenser fulvescens,Endangered,Illinois
River Redhorse,Moxostoma carinatum,Threatened,Illinois
Trout-perch,Percopsis omiscomaycus,Threatened,Illinois
Redspotted Sunfish,Lepomis miniatus,Threatened,Illinois
Indiana Bat,Myotis sodalis,Endangered,Illinois
Northern Long-eared Bat,Myotis septentrionalis,Endangered,Illinois
Blanding's Turtle,Emydoidea blandingii,Endangered,Illinois
Ornate Box Turtle,Terrapene ornata,Threatened,Illinois
Yellow Mud Turtle,Kinosternon flavescens,Endangered,Illinois
Smooth Softshell,Apalone mutica,Threatened,Illinois
Plains Hog-nosed Snake,Heterodon nasicus,Threatened,Illinois
Western Regal Fritillary,Argynnis idalia occidentalis,Threatened,Illinois
Decurrent False Aster,Boltonia decurrens,Threatened,Illinois
Royal Catchfly,Silene regia,Endangered,Illinois
Shore St. John's Wort,Hypericum adpressum,Endangered,Illinois
Patterson Bindweed,Stylisma pickeringii var. pattersonii,Endangered,Illinois
Bent Milk Vetch,Astragalus distortus,Endangered,Illinois
Pink Milkwort,Polygala incarnata,Endangered,Illinois
American Burnet,Sanguisorba canadensis,Endangered,Illinois
Pale False Foxglove,Agalinis skinneriana,Threatened,Illinois
Small Burhead,Echinodorus tenellus,Endangered,Illinois
Umbrella Sedge,Cyperus grayoides,Threatened,Illinois
Vahl's Fimbry,Fimbristylis vahlii,Endangered,Illinois
Hall's Bulrush,Schoenoplectiella hallii,Threatened,Illinois
Northern Harrier,Circus hudsonius,Endangered,Illinois
Mudpuppy,Necturus maculosus,Threatened,Illinois
Blue Hearts,Buchnera americana,Threatened,Illinois
Least Bittern,Ixobrychus exilis,Threatened,Illinois
Black-crowned Night-Heron,Nycticorax nycticorax,Endangered,Illinois
Yellow-crowned Night-Heron,Nyctanassa violacea,Endangered,Illinois
Upland Sandpiper,Bartramia longicauda,Endangered,Illinois
Loggerhead Shrike,Lanius ludovicianus,Endangered,Illinois
Pallid Shiner,Hybopsis amnis,Endangered,Illinois
Bigeye Chub,Hybopsis amblops,Threatened,Illinois
Eastern Sand Darter,Ammocrypta pellucida,Threatened,Illinois
Bluebreast Darter,Nothonotus camurus,Threatened,Illinois
Indiana Bat,Myotis sodalis,Endangered,Illinois
Northern Long-eared Bat,Myotis septentrionalis,Endangered,Illinois
Franklin's Ground Squirrel,Poliocitellus franklinii,Threatened,Illinois
Blanding's Turtle,Emydoidea blandingii,Endangered,Illinois
Bigclaw Crayfish,Faxonius placidus,Endangered,Illinois
Purple Wartyback,Cyclonaias tuberculata,Threatened,Illinois
Spike,Eurynia dilatata,Endangered,Illinois
Wavy-rayed Lampmussel,Lampsilis fasciola,Endangered,Illinois
Salamander Mussel,Simpsonaias ambigua,Endangered,Illinois
Sangamon Phlox,Phlox pilosa ssp. sangamonensis,Endangered,Illinois
Rusty Patched Bumble Bee,Bombus affinis,Endangered,Illinois
Northern Riffleshell,Epioblasma rangiana,Endangered,Illinois
Northern Harrier,Circus hudsonius,Endangered,Illinois
Mudpuppy,Necturus maculosus,Threatened,Illinois
Monkeyface,Quadrula metanevra,Threatened,Illinois
Rainbow,Cambarunio iris,Endangered,Illinois
Upland Sandpiper,Bartramia longicauda,Endangered,Illinois
Loggerhead Shrike,Lanius ludovicianus,Endangered,Illinois
Franklin's Ground Squirrel,Poliocitellus franklinii,Threatened,Illinois
Kirtland's Snake,Clonophis kirtlandii,Threatened,Illinois
American Orpine,Hylotelephium telephioides,Threatened,Illinois
Jefferson Salamander,Ambystoma jeffersonianum,Threatened,Illinois
Bigeye Chub,Hybopsis amblops,Threatened,Illinois
River Chub,Nocomis micropogon,Endangered,Illinois
Gravel Chub,Erimystax x-punctatus,Threatened,Illinois
Greater Redhorse,Moxostoma valenciennesi,Endangered,Illinois
Indiana Bat,Myotis sodalis,Endangered,Illinois
Timber Rattlesnake,Crotalus horridus,Threatened,Illinois
Elephant-ear,Elliptio crassidens,Endangered,Illinois
Royal Catchfly,Silene regia,Endangered,Illinois
Norton's Nomia,Nomia nortoni,Threatened,Illinois
Monkeyface,Quadrula metanevra,Threatened,Illinois
Greater Prairie-Chicken,Tympanuchus cupido,Endangered,Illinois
Loggerhead Shrike,Lanius ludovicianus,Endangered,Illinois
Pugnose Shiner,Notropis anogenus,Endangered,Illinois
Eastern Sand Darter,Ammocrypta pellucida,Threatened,Illinois
Ornate Box Turtle,Terrapene ornata,Threatened,Illinois
Little Wabash Crayfish,Faxonius stannardi,Endangered,Illinois
Spike,Eurynia dilatata,Endangered,Illinois
Kidneyshell,Ptychobranchus fasciolaris,Endangered,Illinois
Shawnee Rocksnail,Lithasia obovata,Endangered,Illinois
Royal Catchfly,Silene regia,Endangered,Illinois
Prairie Rose Gentian,Sabatia campestris,Endangered,Illinois
Tube Beard Tongue,Penstemon tubaeflorus,Endangered,Illinois
Grass-leaved Lily,Stenanthium gramineum,Threatened,Illinois
Cluster Fescue,Festuca paradoxa,Threatened,Illinois
Two-flowered Melic Grass,Melica mutica,Endangered,Illinois
Monkeyface,Quadrula metanevra,Threatened,Illinois
Blue Hearts,Buchnera americana,Threatened,Illinois
Lake Sturgeon,Acipenser fulvescens,Endangered,Illinois
Pallid Shiner,Hybopsis amnis,Endangered,Illinois
Pugnose Shiner,Notropis anogenus,Endangered,Illinois
Weed Shiner,Alburnops texanus,Endangered,Illinois
Western Sand Darter,Ammocrypta clara,Endangered,Illinois
Butterfly,Ellipsaria lineolata,Threatened,Illinois
Higgins Eye,Lampsilis higginsii,Endangered,Illinois
Kittentails,Synthyris bullii,Threatened,Illinois
Monkeyface,Quadrula metanevra,Threatened,Illinois
Osprey,Pandion haliaetus,Threatened,Illinois
Loggerhead Shrike,Lanius ludovicianus,Endangered,Illinois
Indiana Bat,Myotis sodalis,Endangered,Illinois
Ornate Box Turtle,Terrapene ornata,Threatened,Illinois
Kirtland's Snake,Clonophis kirtlandii,Threatened,Illinois
Eastern Massasauga,Sistrurus catenatus,Endangered,Illinois
Spike,Eurynia dilatata,Endangered,Illinois
Spring Ladies' Tresses,Spiranthes vernalis,Endangered,Illinois
Monkeyface,Quadrula metanevra,Threatened,Illinois
Least Bittern,Ixobrychus exilis,Threatened,Illinois
Common Gallinule,Gallinula galeata,Endangered,Illinois
Upland Sandpiper,Bartramia longicauda,Endangered,Illinois
Loggerhead Shrike,Lanius ludovicianus,Endangered,Illinois
Cerulean Warbler,Setophaga cerulea,Threatened,Illinois
American Brook Lamprey,Lethenteron appendix,Threatened,Illinois
Bigeye Shiner,Miniellus boops,Endangered,Illinois
Eastern Sand Darter,Ammocrypta pellucida,Threatened,Illinois
Harlequin Darter,Etheostoma histrio,Endangered,Illinois
Indiana Bat,Myotis sodalis,Endangered,Illinois
Smooth Softshell,Apalone mutica,Threatened,Illinois
Kirtland's Snake,Clonophis kirtlandii,Threatened,Illinois
Swamp Metalmark,Calephelis muticum,Endangered,Illinois
Spike,Eurynia dilatata,Endangered,Illinois
Snuffbox,Epioblasma triquetra,Endangered,Illinois
Kidneyshell,Ptychobranchus fasciolaris,Endangered,Illinois
White Bergamot,Monarda clinopodia,Threatened,Illinois
Broomrape,Orobanche ludoviciana,Threatened,Illinois
Cluster Fescue,Festuca paradoxa,Threatened,Illinois
Northern Grape Fern,Sceptridium multifidum,Endangered,Illinois
Monkeyface,Quadrula metanevra,Threatened,Illinois
American Bittern,Botaurus lentiginosus,Endangered,Illinois
Least Bittern,Ixobrychus exilis,Threatened,Illinois
Snowy Egret,Egretta thula,Endangered,Illinois
Little Blue Heron,Egretta caerulea,Endangered,Illinois
Black-crowned Night-Heron,Nycticorax nycticorax,Endangered,Illinois
Yellow-crowned Night-Heron,Nyctanassa violacea,Endangered,Illinois
Osprey,Pandion haliaetus,Threatened,Illinois
Common Gallinule,Gallinula galeata,Endangered,Illinois
Piping Plover,Charadrius melodus,Endangered,Illinois
Upland Sandpiper,Bartramia longicauda,Endangered,Illinois
Wilson's Phalarope,Phalaropus tricolor,Endangered,Illinois
Black Tern,Chlidonias niger,Endangered,Illinois
Black-billed Cuckoo,Coccyzus erythropthalmus,Threatened,Illinois
Short-eared Owl,Asio flammeus,Endangered,Illinois
Chuck-will's-widow,Antrostomus carolinensis,Threatened,Illinois
Yellow-headed Blackbird,Xanthocephalus xanthocephalus,Endangered,Illinois
Mottled Sculpin,Cottus bairdii,Threatened,Illinois
Lake Sturgeon,Acipenser fulvescens,Endangered,Illinois
Cisco,Coregonus artedi,Endangered,Illinois
Brassy Minnow,Hybognathus hankinsoni,Endangered,Illinois
Blackchin Shiner,Miniellus heterodon,Threatened,Illinois
Longnose Sucker,Catostomus catostomus,Threatened,Illinois
River Redhorse,Moxostoma carinatum,Threatened,Illinois
Trout-perch,Percopsis omiscomaycus,Threatened,Illinois
Starhead Topminnow,Fundulus dispar,Threatened,Illinois
Northern Long-eared Bat,Myotis septentrionalis,Endangered,Illinois
Franklin's Ground Squirrel,Poliocitellus franklinii,Threatened,Illinois
Spotted Turtle,Clemmys guttata,Endangered,Illinois
Blanding's Turtle,Emydoidea blandingii,Endangered,Illinois
Kirtland's Snake,Clonophis kirtlandii,Threatened,Illinois
Eastern Massasauga,Sistrurus catenatus,Endangered,Illinois
Purplish Copper,Tharsalea helloides,Threatened,Illinois
Swamp Metalmark,Calephelis muticum,Endangered,Illinois
Aphrodite Fritillary,Argynnis aphrodite,Threatened,Illinois
Western Regal Fritillary,Argynnis idalia occidentalis,Threatened,Illinois
Eryngium Stem Borer,Papaipema eryngii,Threatened,Illinois
Hine's Emerald Dragonfly,Somatochlora hineana,Endangered,Illinois
Elfin Skimmer,Nannothemis bella,Endangered,Illinois
Spike,Eurynia dilatata,Endangered,Illinois
Oval Milkweed,Asclepias ovalifolia,Endangered,Illinois
Wooly Milkweed,Asclepias lanuginosa,Endangered,Illinois
Forked Aster,Eurybia furcata,Threatened,Illinois
Pitcher's (Dune) Thistle,Cirsium pitcheri,Endangered,Illinois
Tall Sunflower,Helianthus giganteus,Endangered,Illinois
Lakeside Daisy,Tetraneuris herbacea,Endangered,Illinois
Sea Rocket,Cakile edentula var. lacustris,Threatened,Illinois
Slender Sandwort,Minuartia patula,Threatened,Illinois
Royal Catchfly,Silene regia,Endangered,Illinois
Great Chickweed,Stellaria pubera,Endangered,Illinois
Kalm's St. John's Wort,Hypericum kalmianum,Endangered,Illinois
Red Honeysuckle,Lonicera dioica var. glaucescens,Endangered,Illinois
Narrow-leaved Sundew,Drosera intermedia,Threatened,Illinois
Round-leaved Sundew,Drosera rotundifolia,Endangered,Illinois
Bearberry,Arctostaphylos uva-ursi,Endangered,Illinois
Leatherleaf,Chamaedaphne calyculata,Threatened,Illinois
Highbush Blueberry,Vaccinium corymbosum,Endangered,Illinois
Large Cranberry,Vaccinium macrocarpon,Endangered,Illinois
Small Cranberry,Vaccinium oxycoccos,Endangered,Illinois
Seaside Spurge,Euphorbia polygonifolia,Threatened,Illinois
Leafy Prairie Clover,Dalea foliosa,Endangered,Illinois
Pale Vetchling,Lathyrus ochroleucus,Threatened,Illinois
Prairie Bush Clover,Lespedeza leptostachya,Endangered,Illinois
Wood Vetch,Vicia caroliniana,Endangered,Illinois
Northern Cranesbill,Geranium bicknellii,Endangered,Illinois
Butternut,Juglans cinerea,Endangered,Illinois
Wild Blue Sage,Salvia azurea var. grandiflora,Threatened,Illinois
Flat-leaved Bladderwort,Utricularia intermedia,Threatened,Illinois
Small Bladderwort,Utricularia minor,Endangered,Illinois
Sweetfern,Comptonia peregrina,Endangered,Illinois
Downy Willow Herb,Epilobium strictum,Endangered,Illinois
Clustered Broomrape,Orobanche fasciculata,Endangered,Illinois
Carey's Heartsease,Persicaria careyi,Endangered,Illinois
Heart-leaved Plantain,Plantago cordata,Endangered,Illinois
Spotted Wintergreen,Chimaphila maculata,Endangered,Illinois
False Bugbane,Actaea racemosa,Endangered,Illinois
Shadbush,Amelanchier interior,Threatened,Illinois
Queen-of-the-prairie,Filipendula rubra,Threatened,Illinois
Dwarf Raspberry,Rubus pubescens,Threatened,Illinois
Bristly Blackberry,Rubus setosus,Threatened,Illinois
American Burnet,Sanguisorba canadensis,Endangered,Illinois
Balsam Poplar,Populus balsamifera,Endangered,Illinois
Dune Willow,Salix cordata,Endangered,Illinois
Pale False Foxglove,Agalinis skinneriana,Threatened,Illinois
Kittentails,Synthyris bullii,Threatened,Illinois
Downy Yellow Painted Cup,Castilleja sessiliflora,Endangered,Illinois
Large-flowered Beard Tongue,Penstemon grandiflorus,Endangered,Illinois
Marsh Speedwell,Veronica scutellata,Threatened,Illinois
Canada Violet,Viola canadensis,Endangered,Illinois
Hairy White Violet,Viola blanda,Endangered,Illinois
Trailing Juniper,Juniperus horizontalis,Endangered,Illinois
Tamarack,Larix laricina,Endangered,Illinois
Jack Pine,Pinus banksiana,Endangered,Illinois
Golden Sedge,Carex aurea,Threatened,Illinois
Sedge,Carex bromoides,Threatened,Illinois
Sedge,Carex garberi,Endangered,Illinois
Swollen Sedge,Carex intumescens,Threatened,Illinois
Pale Sedge,Carex pallescens,Endangered,Illinois
Tuckerman's Sedge,Carex tuckermanii,Endangered,Illinois
Little Green Sedge,Carex viridula,Threatened,Illinois
Capitate Spikerush,Eleocharis olivacea,Endangered,Illinois
Few-flowered Spikerush,Eleocharis quinqueflora,Endangered,Illinois
Beaked Spike Rush,Eleocharis rostellata,Threatened,Illinois
Beaked Rush,Rhynchospora alba,Endangered,Illinois
Bulrush,Scirpus hattorianus,Endangered,Illinois
Mountain Blue-eyed Grass,Sisyrinchium montanum,Endangered,Illinois
Common Bog Arrow Grass,Triglochin maritima,Threatened,Illinois
Slender Bog Arrow Grass,Triglochin palustris,Threatened,Illinois
Indian Cucumber Root,Medeola virginiana,Endangered,Illinois
Downy Solomon's Seal,Polygonatum pubescens,Endangered,Illinois
False Asphodel,Triantha glutinosa,Threatened,Illinois
Nodding Trillium,Trillium cernuum,Endangered,Illinois
Grass Pink Orchid,Calopogon tuberosus,Endangered,Illinois
Spotted Coral-root Orchid,Corallorhiza maculata,Endangered,Illinois
Orange Fringed Orchid,Platanthera ciliaris,Endangered,Illinois
Wood Orchid,Platanthera clavellata,Endangered,Illinois
Tubercled Orchid,Platanthera flava,Threatened,Illinois
Eastern Prairie Fringed Orchid,Platanthera leucophaea,Endangered,Illinois
Purple Fringed Orchid,Platanthera psycodes,Endangered,Illinois
Snake-mouth,Pogonia ophioglossoides,Endangered,Illinois
Yellow-lipped Ladies' Tresses,Spiranthes lucida,Endangered,Illinois
Marram Grass,Ammophila breviligulata,Threatened,Illinois
American Slough Grass,Beckmannia syzigachne,Endangered,Illinois
Northern Panic Grass,Dichanthelium boreale,Endangered,Illinois
Bearded Wheat Grass,Elymus trachycaulus,Endangered,Illinois
Weak Bluegrass,Poa saltuensis ssp. languida,Endangered,Illinois
Grass-leaved Pondweed,Potamogeton gramineus,Threatened,Illinois
White-stemmed Pondweed,Potamogeton praelongus,Endangered,Illinois
Fern Pondweed,Potamogeton robbinsii,Endangered,Illinois
Stiff Pondweed,Potamogeton strictifolius,Endangered,Illinois
Northern Grape Fern,Sceptridium multifidum,Endangered,Illinois
Dwarf Grape Fern,Botrychium simplex,Endangered,Illinois
Sedge,Carex formosa,Endangered,Illinois
Hairgrass,Avenella flexuosa,Endangered,Illinois
Sedge,Carex atlantica,Threatened,Illinois
Rusty Patched Bumble Bee,Bombus affinis,Endangered,Illinois
Richardson's Rush,Juncus alpinoarticulatus,Threatened,Illinois
Western Banded Killifish,Fundulus diaphanus menona,Threatened,Illinois
Northern Harrier,Circus hudsonius,Endangered,Illinois
Mudpuppy,Necturus maculosus,Threatened,Illinois
Hickey's groundpine,Dendrolycopodium hickeyi,Endangered,Illinois
Star-flower,Trientalis borealis,Endangered,Illinois
Leafhopper,Commellus colon,Endangered,Illinois
Naked Oil-collecting Bee,Macropis nuda,Endangered,Illinois
Shadbush,Amelanchier sanguinea,Endangered,Illinois
King Rail,Rallus elegans,Endangered,Illinois
Swink's St. John's Wort,Hypericum swinkianum,Endangered,Illinois
Blue Hearts,Buchnera americana,Threatened,Illinois
Ground Juniper,Juniperus communis,Endangered,Illinois
Sedge,Carex cryptolepis,Threatened,Illinois
Silvery Salamander,Ambystoma platineum,Endangered,Illinois
Black-billed Cuckoo,Coccyzus erythropthalmus,Threatened,Illinois
Loggerhead Shrike,Lanius ludovicianus,Endangered,Illinois
Cerulean Warbler,Setophaga cerulea,Threatened,Illinois
Northern Brook Lamprey,Ichthyomyzon fossor,Endangered,Illinois
Bigeye Chub,Hybopsis amblops,Threatened,Illinois
River Redhorse,Moxostoma carinatum,Threatened,Illinois
Eastern Sand Darter,Ammocrypta pellucida,Threatened,Illinois
Smooth Softshell,Apalone mutica,Threatened,Illinois
Eastern Ribbon Snake,Thamnophis saurita,Threatened,Illinois
Ebonyshell,Reginaia ebenus,Endangered,Illinois
Bloodleaf,Iresine rhizomatosa,Endangered,Illinois
Leatherflower,Clematis viorna,Endangered,Illinois
Storax,Styrax americanus,Threatened,Illinois
Mudpuppy,Necturus maculosus,Threatened,Illinois
Monkeyface,Quadrula metanevra,Threatened,Illinois
Hellbender,Cryptobranchus alleganiensis,Endangered,Illinois
River Redhorse,Moxostoma carinatum,Threatened,Illinois
Fat Pocketbook,Potamilus capax,Endangered,Illinois
Lea's Bog Lichen,Phaeophyscia leana,Threatened,Illinois
American Orpine,Hylotelephium telephioides,Threatened,Illinois
Loggerhead Shrike,Lanius ludovicianus,Endangered,Illinois
American Brook Lamprey,Lethenteron appendix,Threatened,Illinois
Bigeye Chub,Hybopsis amblops,Threatened,Illinois
Pugnose Shiner,Notropis anogenus,Endangered,Illinois
Eastern Sand Darter,Ammocrypta pellucida,Threatened,Illinois
Harlequin Darter,Etheostoma histrio,Endangered,Illinois
Blanding's Turtle,Emydoidea blandingii,Endangered,Illinois
Smooth Softshell,Apalone mutica,Threatened,Illinois
Tube Beard Tongue,Penstemon tubaeflorus,Endangered,Illinois
American Brook Lamprey,Lethenteron appendix,Threatened,Illinois
Kirtland's Snake,Clonophis kirtlandii,Threatened,Illinois
Spike,Eurynia dilatata,Endangered,Illinois
Rusty Patched Bumble Bee,Bombus affinis,Endangered,Illinois
Northern Harrier,Circus hudsonius,Endangered,Illinois
Monkeyface,Quadrula metanevra,Threatened,Illinois
Loggerhead Shrike,Lanius ludovicianus,Endangered,Illinois
American Brook Lamprey,Lethenteron appendix,Threatened,Illinois
Brassy Minnow,Hybognathus hankinsoni,Endangered,Illinois
Ozark Minnow,Miniellus nubilus,Threatened,Illinois
Gravel Chub,Erimystax x-punctatus,Threatened,Illinois
Blanding's Turtle,Emydoidea blandingii,Endangered,Illinois
Kirtland's Snake,Clonophis kirtlandii,Threatened,Illinois
Wooly Milkweed,Asclepias lanuginosa,Endangered,Illinois
Red-berried Elder,Sambucus racemosa ssp. pubens,Endangered,Illinois
Queen-of-the-prairie,Filipendula rubra,Threatened,Illinois
Sedge,Carex echinata,Endangered,Illinois
Rusty Patched Bumble Bee,Bombus affinis,Endangered,Illinois
Weed Shiner,Alburnops texanus,Endangered,Illinois
Spectaclecase,Margaritifera monodonta,Endangered,Illinois
Butterfly,Ellipsaria lineolata,Threatened,Illinois
Higgins Eye,Lampsilis higginsii,Endangered,Illinois
Monkeyface,Quadrula metanevra,Threatened,Illinois
Common Gallinule,Gallinula galeata,Endangered,Illinois
Northern Long-eared Bat,Myotis septentrionalis,Endangered,Illinois
Kirtland's Snake,Clonophis kirtlandii,Threatened,Illinois
Spike,Eurynia dilatata,Endangered,Illinois
Snuffbox,Epioblasma triquetra,Endangered,Illinois
Wavy-rayed Lampmussel,Lampsilis fasciola,Endangered,Illinois
Kidneyshell,Ptychobranchus fasciolaris,Endangered,Illinois
Purple Lilliput,Toxolasma lividum,Endangered,Illinois
Butternut,Juglans cinerea,Endangered,Illinois
Arkansas Sedge,Carex arkansana,Endangered,Illinois
Mudpuppy,Necturus maculosus,Threatened,Illinois
Monkeyface,Quadrula metanevra,Threatened,Illinois
American Bittern,Botaurus lentiginosus,Endangered,Illinois
Least Bittern,Ixobrychus exilis,Threatened,Illinois
Little Blue Heron,Egretta caerulea,Endangered,Illinois
Black-crowned Night-Heron,Nycticorax nycticorax,Endangered,Illinois
Yellow-crowned Night-Heron,Nyctanassa violacea,Endangered,Illinois
Osprey,Pandion haliaetus,Threatened,Illinois
Black Rail,Laterallus jamaicensis,Endangered,Illinois
Common Gallinule,Gallinula galeata,Endangered,Illinois
Upland Sandpiper,Bartramia longicauda,Endangered,Illinois
Black Tern,Chlidonias niger,Endangered,Illinois
Black-billed Cuckoo,Coccyzus erythropthalmus,Threatened,Illinois
Short-eared Owl,Asio flammeus,Endangered,Illinois
Loggerhead Shrike,Lanius ludovicianus,Endangered,Illinois
Yellow-headed Blackbird,Xanthocephalus xanthocephalus,Endangered,Illinois
Pugnose Shiner,Notropis anogenus,Endangered,Illinois
Blackchin Shiner,Miniellus heterodon,Threatened,Illinois
Blacknose Shiner,Notropis heterolepis,Endangered,Illinois
Northern Long-eared Bat,Myotis septentrionalis,Endangered,Illinois
Franklin's Ground Squirrel,Poliocitellus franklinii,Threatened,Illinois
Blanding's Turtle,Emydoidea blandingii,Endangered,Illinois
Kirtland's Snake,Clonophis kirtlandii,Threatened,Illinois
Eastern Massasauga,Sistrurus catenatus,Endangered,Illinois
Purplish Copper,Tharsalea helloides,Threatened,Illinois
Hine's Emerald Dragonfly,Somatochlora hineana,Endangered,Illinois
Spike,Eurynia dilatata,Endangered,Illinois
Mead's Milkweed,Asclepias meadii,Endangered,Illinois
Lakeside Daisy,Tetraneuris herbacea,Endangered,Illinois
Slender Sandwort,Minuartia patula,Threatened,Illinois
Buffaloberry,Shepherdia canadensis,Endangered,Illinois
Tennessee Milk Vetch,Astragalus tennesseensis,Endangered,Illinois
Leafy Prairie Clover,Dalea foliosa,Endangered,Illinois
Pale Vetchling,Lathyrus ochroleucus,Threatened,Illinois
Prairie Bush Clover,Lespedeza leptostachya,Endangered,Illinois
Butternut,Juglans cinerea,Endangered,Illinois
Flat-leaved Bladderwort,Utricularia intermedia,Threatened,Illinois
Kankakee Mallow,Iliamna remota,Endangered,Illinois
Heart-leaved Plantain,Plantago cordata,Endangered,Illinois
Shadbush,Amelanchier interior,Threatened,Illinois
Queen-of-the-prairie,Filipendula rubra,Threatened,Illinois
Dwarf Raspberry,Rubus pubescens,Threatened,Illinois
Tube Beard Tongue,Penstemon tubaeflorus,Endangered,Illinois
Marsh Speedwell,Veronica scutellata,Threatened,Illinois
Rock Elm,Ulmus thomasii,Endangered,Illinois
Sedge,Carex bromoides,Threatened,Illinois
Tuckerman's Sedge,Carex tuckermanii,Endangered,Illinois
Little Green Sedge,Carex viridula,Threatened,Illinois
Bulrush,Scirpus hattorianus,Endangered,Illinois
Mountain Blue-eyed Grass,Sisyrinchium montanum,Endangered,Illinois
Virginia Bunchflower,Melanthium virginicum,Endangered,Illinois
Spotted Coral-root Orchid,Corallorhiza maculata,Endangered,Illinois
Small Yellow Lady's Slipper,Cypripedium parviflorum,Endangered,Illinois
Eastern Prairie Fringed Orchid,Platanthera leucophaea,Endangered,Illinois
Bearded Wheat Grass,Elymus trachycaulus,Endangered,Illinois
Wolf's Bluegrass,Poa wolfii,Endangered,Illinois
Green-fruited Bur-reed,Sparganium emersum,Endangered,Illinois
Quillwort,Isoetes butleri,Endangered,Illinois
Running Pine,Lycopodium clavatum,Endangered,Illinois
Rusty Patched Bumble Bee,Bombus affinis,Endangered,Illinois
Richardson's Rush,Juncus alpinoarticulatus,Threatened,Illinois
Western Banded Killifish,Fundulus diaphanus menona,Threatened,Illinois
Northern Harrier,Circus hudsonius,Endangered,Illinois
Cat's claw,Mimosa nuttallii,Endangered,Illinois
Alumroot Cellophane Bee,Colletes aestivalis,Endangered,Illinois
King Rail,Rallus elegans,Endangered,Illinois
Sedge,Carex cryptolepis,Threatened,Illinois
Pallid Shiner,Hybopsis amnis,Endangered,Illinois
Western Sand Darter,Ammocrypta clara,Endangered,Illinois
Butterfly,Ellipsaria lineolata,Threatened,Illinois
Higgins Eye,Lampsilis higginsii,Endangered,Illinois
Jefferson Salamander,Ambystoma jeffersonianum,Threatened,Illinois
Short-eared Owl,Asio flammeus,Endangered,Illinois
Cerulean Warbler,Setophaga cerulea,Threatened,Illinois
American Brook Lamprey,Lethenteron appendix,Threatened,Illinois
Bigeye Chub,Hybopsis amblops,Threatened,Illinois
Bigeye Shiner,Miniellus boops,Endangered,Illinois
Northern Long-eared Bat,Myotis septentrionalis,Endangered,Illinois
Mudpuppy,Necturus maculosus,Threatened,Illinois
Yellow-crowned Night-Heron,Nyctanassa violacea,Endangered,Illinois
Common Gallinule,Gallinula galeata,Endangered,Illinois
Loggerhead Shrike,Lanius ludovicianus,Endangered,Illinois
Eastern Ribbon Snake,Thamnophis saurita,Threatened,Illinois
Little Wabash Crayfish,Faxonius stannardi,Endangered,Illinois
Royal Catchfly,Silene regia,Endangered,Illinois
Virginia Bunchflower,Melanthium virginicum,Endangered,Illinois
Grass-leaved Lily,Stenanthium gramineum,Threatened,Illinois
Spring Ladies' Tresses,Spiranthes vernalis,Endangered,Illinois
Northern Harrier,Circus hudsonius,Endangered,Illinois
Blue Hearts,Buchnera americana,Threatened,Illinois
Least Bittern,Ixobrychus exilis,Threatened,Illinois
Greater Prairie-Chicken,Tympanuchus cupido,Endangered,Illinois
Loggerhead Shrike,Lanius ludovicianus,Endangered,Illinois
Bigeye Chub,Hybopsis amblops,Threatened,Illinois
Bigeye Shiner,Miniellus boops,Endangered,Illinois
Crystal Darter,Crystallaria asprella,Endangered,Illinois
Eastern Sand Darter,Ammocrypta pellucida,Threatened,Illinois
Franklin's Ground Squirrel,Poliocitellus franklinii,Threatened,Illinois
Ornate Box Turtle,Terrapene ornata,Threatened,Illinois
Kirtland's Snake,Clonophis kirtlandii,Threatened,Illinois
Timber Rattlesnake,Crotalus horridus,Threatened,Illinois
Little Wabash Crayfish,Faxonius stannardi,Endangered,Illinois
Eryngium Stem Borer,Papaipema eryngii,Threatened,Illinois
Royal Catchfly,Silene regia,Endangered,Illinois
Prairie Rose Gentian,Sabatia campestris,Endangered,Illinois
White Bergamot,Monarda clinopodia,Threatened,Illinois
Harvey's Buttercup,Ranunculus harveyi,Threatened,Illinois
Tube Beard Tongue,Penstemon tubaeflorus,Endangered,Illinois
Small Yellow Lady's Slipper,Cypripedium parviflorum,Endangered,Illinois
Least Bittern,Ixobrychus exilis,Threatened,Illinois
Osprey,Pandion haliaetus,Threatened,Illinois
Greater Prairie-Chicken,Tympanuchus cupido,Endangered,Illinois
Black-billed Cuckoo,Coccyzus erythropthalmus,Threatened,Illinois
Loggerhead Shrike,Lanius ludovicianus,Endangered,Illinois
Cerulean Warbler,Setophaga cerulea,Threatened,Illinois
Western Sand Darter,Ammocrypta clara,Endangered,Illinois
Indiana Bat,Myotis sodalis,Endangered,Illinois
Smooth Softshell,Apalone mutica,Threatened,Illinois
Kirtland's Snake,Clonophis kirtlandii,Threatened,Illinois
Eastern Massasauga,Sistrurus catenatus,Endangered,Illinois
Eryngium Stem Borer,Papaipema eryngii,Threatened,Illinois
Sheepnose,Plethobasus cyphyus,Endangered,Illinois
Prairie Rose Gentian,Sabatia campestris,Endangered,Illinois
White Bergamot,Monarda clinopodia,Threatened,Illinois
Heart-leaved Plantain,Plantago cordata,Endangered,Illinois
Harvey's Buttercup,Ranunculus harveyi,Threatened,Illinois
American Burnet,Sanguisorba canadensis,Endangered,Illinois
Tube Beard Tongue,Penstemon tubaeflorus,Endangered,Illinois
Sedge,Carex bromoides,Threatened,Illinois
Drooping Sedge,Carex prasina,Threatened,Illinois
Virginia Bunchflower,Melanthium virginicum,Endangered,Illinois
Grass-leaved Lily,Stenanthium gramineum,Threatened,Illinois
Two-flowered Melic Grass,Melica mutica,Endangered,Illinois
Mudpuppy,Necturus maculosus,Threatened,Illinois
Cat's claw,Mimosa nuttallii,Endangered,Illinois
Walsh's Anthophora,Anthophora walshii,Threatened,Illinois
Upland Sandpiper,Bartramia longicauda,Endangered,Illinois
Short-eared Owl,Asio flammeus,Endangered,Illinois
Bigeye Shiner,Miniellus boops,Endangered,Illinois
Eastern Sand Darter,Ammocrypta pellucida,Threatened,Illinois
Indiana Bat,Myotis sodalis,Endangered,Illinois
Northern Long-eared Bat,Myotis septentrionalis,Endangered,Illinois
Franklin's Ground Squirrel,Poliocitellus franklinii,Threatened,Illinois
Kirtland's Snake,Clonophis kirtlandii,Threatened,Illinois
Eryngium Stem Borer,Papaipema eryngii,Threatened,Illinois
Wavy-rayed Lampmussel,Lampsilis fasciola,Endangered,Illinois
Mead's Milkweed,Asclepias meadii,Endangered,Illinois
Queen-of-the-prairie,Filipendula rubra,Threatened,Illinois
Northern Harrier,Circus hudsonius,Endangered,Illinois
Virginia Mining Bee,Andrena virginiana,Endangered,Illinois
Little Blue Heron,Egretta caerulea,Endangered,Illinois
River Redhorse,Moxostoma carinatum,Threatened,Illinois
Indiana Bat,Myotis sodalis,Endangered,Illinois
Northern Long-eared Bat,Myotis septentrionalis,Endangered,Illinois
River Cooter,Pseudemys concinna,Endangered,Illinois
Ornate Box Turtle,Terrapene ornata,Threatened,Illinois
Climbing Milkweed,Matelea decipiens,Endangered,Illinois
Dull Meadow Beauty,Rhexia mariana,Endangered,Illinois
False Bugbane,Actaea racemosa,Endangered,Illinois
Green Trillium,Trillium viride,Endangered,Illinois
Spring Ladies' Tresses,Spiranthes vernalis,Endangered,Illinois
Spotted Pondweed,Potamogeton pulcher,Endangered,Illinois
Illinois Chorus Frog,Pseudacris illinoensis,Threatened,Illinois
American Bittern,Botaurus lentiginosus,Endangered,Illinois
Least Bittern,Ixobrychus exilis,Threatened,Illinois
Black-crowned Night-Heron,Nycticorax nycticorax,Endangered,Illinois
Osprey,Pandion haliaetus,Threatened,Illinois
Common Gallinule,Gallinula galeata,Endangered,Illinois
Upland Sandpiper,Bartramia longicauda,Endangered,Illinois
Short-eared Owl,Asio flammeus,Endangered,Illinois
Lake Sturgeon,Acipenser fulvescens,Endangered,Illinois
Ironcolor Shiner,Alburnops chalybaeus,Threatened,Illinois
River Redhorse,Moxostoma carinatum,Threatened,Illinois
Trout-perch,Percopsis omiscomaycus,Threatened,Illinois
Starhead Topminnow,Fundulus dispar,Threatened,Illinois
Redspotted Sunfish,Lepomis miniatus,Threatened,Illinois
Indiana Bat,Myotis sodalis,Endangered,Illinois
Northern Long-eared Bat,Myotis septentrionalis,Endangered,Illinois
Smooth Softshell,Apalone mutica,Threatened,Illinois
Ebonyshell,Reginaia ebenus,Endangered,Illinois
Decurrent False Aster,Boltonia decurrens,Threatened,Illinois
Royal Catchfly,Silene regia,Endangered,Illinois
Buffalo Clover,Trifolium reflexum,Threatened,Illinois
Butternut,Juglans cinerea,Endangered,Illinois
Prairie Spiderwort,Tradescantia bracteata,Endangered,Illinois
Blue Grama,Bouteloua gracilis,Endangered,Illinois
Wolf's Bluegrass,Poa wolfii,Endangered,Illinois
Northern Harrier,Circus hudsonius,Endangered,Illinois
Mudpuppy,Necturus maculosus,Threatened,Illinois
King Rail,Rallus elegans,Endangered,Illinois
Monkeyface,Quadrula metanevra,Threatened,Illinois
Least Tern,Sternula antillarum,Endangered,Illinois
Chuck-will's-widow,Antrostomus carolinensis,Threatened,Illinois
Cerulean Warbler,Setophaga cerulea,Threatened,Illinois
Gravel Chub,Erimystax x-punctatus,Threatened,Illinois
Redspotted Sunfish,Lepomis miniatus,Threatened,Illinois
Harlequin Darter,Etheostoma histrio,Endangered,Illinois
Gray Bat,Myotis grisescens,Endangered,Illinois
Indiana Bat,Myotis sodalis,Endangered,Illinois
Eastern Small-footed Myotis,Myotis leibii,Threatened,Illinois
Northern Long-eared Bat,Myotis septentrionalis,Endangered,Illinois
River Cooter,Pseudemys concinna,Endangered,Illinois
Smooth Softshell,Apalone mutica,Threatened,Illinois
Timber Rattlesnake,Crotalus horridus,Threatened,Illinois
Indiana Crayfish,Faxonius indianensis,Endangered,Illinois
Little Wabash Crayfish,Faxonius stannardi,Endangered,Illinois
Ebonyshell,Reginaia ebenus,Endangered,Illinois
Fat Pocketbook,Potamilus capax,Endangered,Illinois
Kidneyshell,Ptychobranchus fasciolaris,Endangered,Illinois
Shawnee Rocksnail,Lithasia obovata,Endangered,Illinois
Lea's Bog Lichen,Phaeophyscia leana,Threatened,Illinois
Bloodleaf,Iresine rhizomatosa,Endangered,Illinois
American Orpine,Hylotelephium telephioides,Threatened,Illinois
Rock Chestnut Oak,Quercus montana,Threatened,Illinois
Butternut,Juglans cinerea,Endangered,Illinois
Spotted Wintergreen,Chimaphila maculata,Endangered,Illinois
Black Cohosh,Actaea rubifolia,Endangered,Illinois
Sharp-scaled Sedge,Carex oxylepis var. oxylepis,Threatened,Illinois
Grass-leaved Lily,Stenanthium gramineum,Threatened,Illinois
Small Yellow Lady's Slipper,Cypripedium parviflorum,Endangered,Illinois
Panic Grass,Dichanthelium yadkinense,Endangered,Illinois
Bradley's Spleenwort,Asplenium bradleyi,Endangered,Illinois
Cliff Clubmoss,Huperzia porophila,Threatened,Illinois
Southern Grape Fern,Sceptridium biternatum,Endangered,Illinois
Monkeyface,Quadrula metanevra,Threatened,Illinois
Least Tern,Sternula antillarum,Endangered,Illinois
Gravel Chub,Erimystax x-punctatus,Threatened,Illinois
Northern Madtom,Noturus stigmosus,Endangered,Illinois
Eastern Sand Darter,Ammocrypta pellucida,Threatened,Illinois
Harlequin Darter,Etheostoma histrio,Endangered,Illinois
Elephant-ear,Elliptio crassidens,Endangered,Illinois
Ebonyshell,Reginaia ebenus,Endangered,Illinois
Fat Pocketbook,Potamilus capax,Endangered,Illinois
Onyx Rocksnail,Leptoxis praerosa,Endangered,Illinois
Monkeyface,Quadrula metanevra,Threatened,Illinois
Loggerhead Shrike,Lanius ludovicianus,Endangered,Illinois
Lake Sturgeon,Acipenser fulvescens,Endangered,Illinois
River Redhorse,Moxostoma carinatum,Threatened,Illinois
Indiana Bat,Myotis sodalis,Endangered,Illinois
Northern Long-eared Bat,Myotis septentrionalis,Endangered,Illinois
Smooth Softshell,Apalone mutica,Threatened,Illinois
Timber Rattlesnake,Crotalus horridus,Threatened,Illinois
Cobweb Skipper,Hesperia metea,Endangered,Illinois
Decurrent False Aster,Boltonia decurrens,Threatened,Illinois
Butternut,Juglans cinerea,Endangered,Illinois
Pink Milkwort,Polygala incarnata,Endangered,Illinois
Pale False Foxglove,Agalinis skinneriana,Threatened,Illinois
Prairie Spiderwort,Tradescantia bracteata,Endangered,Illinois
Mudpuppy,Necturus maculosus,Threatened,Illinois
Blue Hearts,Buchnera americana,Threatened,Illinois
American Bittern,Botaurus lentiginosus,Endangered,Illinois
Least Bittern,Ixobrychus exilis,Threatened,Illinois
Black-crowned Night-Heron,Nycticorax nycticorax,Endangered,Illinois
Common Gallinule,Gallinula galeata,Endangered,Illinois
Upland Sandpiper,Bartramia longicauda,Endangered,Illinois
Short-eared Owl,Asio flammeus,Endangered,Illinois
Chuck-will's-widow,Antrostomus carolinensis,Threatened,Illinois
Loggerhead Shrike,Lanius ludovicianus,Endangered,Illinois
Cerulean Warbler,Setophaga cerulea,Threatened,Illinois
Pallid Shiner,Hybopsis amnis,Endangered,Illinois
Bigeye Shiner,Miniellus boops,Endangered,Illinois
Ironcolor Shiner,Alburnops chalybaeus,Threatened,Illinois
Blacknose Shiner,Notropis heterolepis,Endangered,Illinois
Ozark Minnow,Miniellus nubilus,Threatened,Illinois
River Redhorse,Moxostoma carinatum,Threatened,Illinois
Greater Redhorse,Moxostoma valenciennesi,Endangered,Illinois
Trout-perch,Percopsis omiscomaycus,Threatened,Illinois
Northern Long-eared Bat,Myotis septentrionalis,Endangered,Illinois
Gray/Timber Wolf,Canis lupus,Endangered,Illinois
Blanding's Turtle,Emydoidea blandingii,Endangered,Illinois
Ornate Box Turtle,Terrapene ornata,Threatened,Illinois
Red-tailed Prairie Leafhopper,Aflexia rubranura,Threatened,Illinois
Purplish Copper,Tharsalea helloides,Threatened,Illinois
Aphrodite Fritillary,Argynnis aphrodite,Threatened,Illinois
Western Regal Fritillary,Argynnis idalia occidentalis,Threatened,Illinois
Eryngium Stem Borer,Papaipema eryngii,Threatened,Illinois
Purple Wartyback,Cyclonaias tuberculata,Threatened,Illinois
Spike,Eurynia dilatata,Endangered,Illinois
Scaleshell,Leptodea leptodon,Endangered,Illinois
Forked Aster,Eurybia furcata,Threatened,Illinois
Slender Sandwort,Minuartia patula,Threatened,Illinois
Narrow-leaved Sundew,Drosera intermedia,Threatened,Illinois
Golden Corydalis,Corydalis aurea,Endangered,Illinois
White Bergamot,Monarda clinopodia,Threatened,Illinois
False Mallow,Malvastrum hispidum,Endangered,Illinois
Queen-of-the-prairie,Filipendula rubra,Threatened,Illinois
Jack Pine,Pinus banksiana,Endangered,Illinois
Grass Pink Orchid,Calopogon tuberosus,Endangered,Illinois
Eastern Prairie Fringed Orchid,Platanthera leucophaea,Endangered,Illinois
Oklahoma grass pink orchid,Calopogon oklahomensis,Endangered,Illinois
Northern Harrier,Circus hudsonius,Endangered,Illinois
Hickey's groundpine,Dendrolycopodium hickeyi,Endangered,Illinois
King Rail,Rallus elegans,Endangered,Illinois
Rainbow,Cambarunio iris,Endangered,Illinois
Indiana Bat,Myotis sodalis,Endangered,Illinois
Butternut,Juglans cinerea,Endangered,Illinois
Storax,Styrax americanus,Threatened,Illinois
Swollen Sedge,Carex intumescens,Threatened,Illinois
Northern Harrier,Circus hudsonius,Endangered,Illinois
Upland Sandpiper,Bartramia longicauda,Endangered,Illinois
Loggerhead Shrike,Lanius ludovicianus,Endangered,Illinois
Lake Sturgeon,Acipenser fulvescens,Endangered,Illinois
Crystal Darter,Crystallaria asprella,Endangered,Illinois
Indiana Bat,Myotis sodalis,Endangered,Illinois
Northern Long-eared Bat,Myotis septentrionalis,Endangered,Illinois
Smooth Softshell,Apalone mutica,Threatened,Illinois
Timber Rattlesnake,Crotalus horridus,Threatened,Illinois
Spectaclecase,Margaritifera monodonta,Endangered,Illinois
Butterfly,Ellipsaria lineolata,Threatened,Illinois
Ebonyshell,Reginaia ebenus,Endangered,Illinois
Sheepnose,Plethobasus cyphyus,Endangered,Illinois
Ohio Pigtoe,Pleurobema cordatum,Endangered,Illinois
Mead's Milkweed,Asclepias meadii,Endangered,Illinois
Pale False Foxglove,Agalinis skinneriana,Threatened,Illinois
Prairie Spiderwort,Tradescantia bracteata,Endangered,Illinois
Drooping Sedge,Carex prasina,Threatened,Illinois
Virginia Bunchflower,Melanthium virginicum,Endangered,Illinois
Eastern Prairie Fringed Orchid,Platanthera leucophaea,Endangered,Illinois
Western Banded Killifish,Fundulus diaphanus menona,Threatened,Illinois
Mudpuppy,Necturus maculosus,Threatened,Illinois
Mining Bee,Protandrena bancrofti,Threatened,Illinois
Norton's Nomia,Nomia nortoni,Threatened,Illinois
Monkeyface,Quadrula metanevra,Threatened,Illinois
Baker�s Nomia,Dieunomia nevadensis bakeri,Threatened,Illinois
Hellbender,Cryptobranchus alleganiensis,Endangered,Illinois
Eastern Narrowmouth Toad,Gastrophryne carolinensis,Threatened,Illinois
Chuck-will's-widow,Antrostomus carolinensis,Threatened,Illinois
Loggerhead Shrike,Lanius ludovicianus,Endangered,Illinois
Cerulean Warbler,Setophaga cerulea,Threatened,Illinois
Least Brook Lamprey,Lampetra aepyptera,Threatened,Illinois
Weed Shiner,Alburnops texanus,Endangered,Illinois
River Redhorse,Moxostoma carinatum,Threatened,Illinois
Redspotted Sunfish,Lepomis miniatus,Threatened,Illinois
Southeastern Myotis,Myotis austroriparius,Endangered,Illinois
Gray Bat,Myotis grisescens,Endangered,Illinois
Indiana Bat,Myotis sodalis,Endangered,Illinois
Eastern Small-footed Myotis,Myotis leibii,Threatened,Illinois
Northern Long-eared Bat,Myotis septentrionalis,Endangered,Illinois
River Cooter,Pseudemys concinna,Endangered,Illinois
Timber Rattlesnake,Crotalus horridus,Threatened,Illinois
Packard's Cave Amphipod,Crangonyx packardi,Endangered,Illinois
Kentucky Crayfish,Faxonius kentuckiensis,Endangered,Illinois
Indiana Crayfish,Faxonius indianensis,Endangered,Illinois
Bigclaw Crayfish,Faxonius placidus,Endangered,Illinois
Ebonyshell,Reginaia ebenus,Endangered,Illinois
Fat Pocketbook,Potamilus capax,Endangered,Illinois
Lea's Bog Lichen,Phaeophyscia leana,Threatened,Illinois
Bloodleaf,Iresine rhizomatosa,Endangered,Illinois
Eryngo,Eryngium prostratum,Endangered,Illinois
Climbing Milkweed,Matelea decipiens,Endangered,Illinois
Ovate Catchfly,Silene ovata,Endangered,Illinois
Great Chickweed,Stellaria pubera,Endangered,Illinois
American Strawberry Bush,Euonymus americanus,Threatened,Illinois
American Orpine,Hylotelephium telephioides,Threatened,Illinois
Squirting Cucumber,Melothria pendula,Threatened,Illinois
Deerberry,Vaccinium stamineum,Endangered,Illinois
Rock Chestnut Oak,Quercus montana,Threatened,Illinois
Pale Hickory,Carya pallida,Endangered,Illinois
Illinois Wood Sorrel,Oxalis illinoensis,Threatened,Illinois
French's Shootingstar,Dodecatheon frenchii,Threatened,Illinois
Spotted Wintergreen,Chimaphila maculata,Endangered,Illinois
Black Cohosh,Actaea rubifolia,Endangered,Illinois
White Basswood,Tilia americana var. heterophylla,Endangered,Illinois
White-edge Sedge,Carex debilis,Endangered,Illinois
Black-edged Sedge,Carex nigromarginata,Endangered,Illinois
Sharp-scaled Sedge,Carex oxylepis var. oxylepis,Threatened,Illinois
Willdenow's Sedge,Carex willdenowii,Threatened,Illinois
Leafy Bulrush,Scirpus polyphyllus,Endangered,Illinois
Littlehead Nutrush,Scleria oligantha,Endangered,Illinois
Carolina Whipgrass,Scleria pauciflora,Endangered,Illinois
Fairy Wand,Chamaelirium luteum,Endangered,Illinois
Crested Coralroot Orchid,Hexalectris spicata,Endangered,Illinois
Panic Grass,Dichanthelium ravenelii,Endangered,Illinois
Bradley's Spleenwort,Asplenium bradleyi,Endangered,Illinois
Filmy Fern,Vandenboschia boschiana,Endangered,Illinois
Southern Black Snakeroot,Sanicula smallii,Endangered,Illinois
Mudpuppy,Necturus maculosus,Threatened,Illinois
Early Saxifrage,Micranthes virginiensis,Endangered,Illinois
Shawnee Hills Cavefish,Forbesichthys papilliferus,Threatened,Illinois
Chuck-will's-widow,Antrostomus carolinensis,Threatened,Illinois
Lake Sturgeon,Acipenser fulvescens,Endangered,Illinois
Brassy Minnow,Hybognathus hankinsoni,Endangered,Illinois
Weed Shiner,Alburnops texanus,Endangered,Illinois
River Redhorse,Moxostoma carinatum,Threatened,Illinois
Trout-perch,Percopsis omiscomaycus,Threatened,Illinois
Western Sand Darter,Ammocrypta clara,Endangered,Illinois
Indiana Bat,Myotis sodalis,Endangered,Illinois
Northern Long-eared Bat,Myotis septentrionalis,Endangered,Illinois
Blanding's Turtle,Emydoidea blandingii,Endangered,Illinois
Ornate Box Turtle,Terrapene ornata,Threatened,Illinois
Yellow Mud Turtle,Kinosternon flavescens,Endangered,Illinois
Plains Hog-nosed Snake,Heterodon nasicus,Threatened,Illinois
Spectaclecase,Margaritifera monodonta,Endangered,Illinois
Butterfly,Ellipsaria lineolata,Threatened,Illinois
Spike,Eurynia dilatata,Endangered,Illinois
Ebonyshell,Reginaia ebenus,Endangered,Illinois
Higgins Eye,Lampsilis higginsii,Endangered,Illinois
Patterson Bindweed,Stylisma pickeringii var. pattersonii,Endangered,Illinois
Wild Blue Sage,Salvia azurea var. grandiflora,Threatened,Illinois
Hill Prairie Larkspur,Delphinium carolinianum,Endangered,Illinois
Kittentails,Synthyris bullii,Threatened,Illinois
Large-flowered Beard Tongue,Penstemon grandiflorus,Endangered,Illinois
Jack Pine,Pinus banksiana,Endangered,Illinois
Plains Sedge,Carex inops ssp. heliophila,Endangered,Illinois
Walsh's Anthophora,Anthophora walshii,Threatened,Illinois
Monkeyface,Quadrula metanevra,Threatened,Illinois
Ross' Polyamia,Polyamia rossi,Threatened,Illinois
Upland Sandpiper,Bartramia longicauda,Endangered,Illinois
Loggerhead Shrike,Lanius ludovicianus,Endangered,Illinois
Pallid Shiner,Hybopsis amnis,Endangered,Illinois
Bigeye Shiner,Miniellus boops,Endangered,Illinois
Blacknose Shiner,Notropis heterolepis,Endangered,Illinois
Weed Shiner,Alburnops texanus,Endangered,Illinois
Gravel Chub,Erimystax x-punctatus,Threatened,Illinois
Starhead Topminnow,Fundulus dispar,Threatened,Illinois
Crystal Darter,Crystallaria asprella,Endangered,Illinois
Northern Long-eared Bat,Myotis septentrionalis,Endangered,Illinois
Franklin's Ground Squirrel,Poliocitellus franklinii,Threatened,Illinois
Blanding's Turtle,Emydoidea blandingii,Endangered,Illinois
Ornate Box Turtle,Terrapene ornata,Threatened,Illinois
Yellow Mud Turtle,Kinosternon flavescens,Endangered,Illinois
Plains Hog-nosed Snake,Heterodon nasicus,Threatened,Illinois
Purple Wartyback,Cyclonaias tuberculata,Threatened,Illinois
Mead's Milkweed,Asclepias meadii,Endangered,Illinois
Prairie Dandelion,Nothocalais cuspidata,Endangered,Illinois
Broomrape,Orobanche ludoviciana,Threatened,Illinois
Eastern Prairie Fringed Orchid,Platanthera leucophaea,Endangered,Illinois
Monkeyface,Quadrula metanevra,Threatened,Illinois
Short-eared Owl,Asio flammeus,Endangered,Illinois
Ironcolor Shiner,Alburnops chalybaeus,Threatened,Illinois
Blacknose Shiner,Notropis heterolepis,Endangered,Illinois
Weed Shiner,Alburnops texanus,Endangered,Illinois
River Redhorse,Moxostoma carinatum,Threatened,Illinois
Starhead Topminnow,Fundulus dispar,Threatened,Illinois
Blanding's Turtle,Emydoidea blandingii,Endangered,Illinois
Ornate Box Turtle,Terrapene ornata,Threatened,Illinois
Plains Hog-nosed Snake,Heterodon nasicus,Threatened,Illinois
Swamp Metalmark,Calephelis muticum,Endangered,Illinois
Aphrodite Fritillary,Argynnis aphrodite,Threatened,Illinois
Western Regal Fritillary,Argynnis idalia occidentalis,Threatened,Illinois
Eryngium Stem Borer,Papaipema eryngii,Threatened,Illinois
Purple Wartyback,Cyclonaias tuberculata,Threatened,Illinois
Spike,Eurynia dilatata,Endangered,Illinois
Purple Lilliput,Toxolasma lividum,Endangered,Illinois
Tall Sunflower,Helianthus giganteus,Endangered,Illinois
Old Plainsman,Hymenopappus scabiosaeus,Endangered,Illinois
Shore St. John's Wort,Hypericum adpressum,Endangered,Illinois
Narrow-leaved Sundew,Drosera intermedia,Threatened,Illinois
Highbush Blueberry,Vaccinium corymbosum,Endangered,Illinois
Yellow Wild Indigo,Baptisia tinctoria,Endangered,Illinois
Pink Milkwort,Polygala incarnata,Endangered,Illinois
Carey's Heartsease,Persicaria careyi,Endangered,Illinois
Prairie Buttercup,Ranunculus rhomboideus,Endangered,Illinois
Bristly Blackberry,Rubus setosus,Threatened,Illinois
Marsh Speedwell,Veronica scutellata,Threatened,Illinois
Corn Salad,Valerianella umbilicata,Endangered,Illinois
Primrose Violet,Viola primulifolia,Endangered,Illinois
Sedge,Carex cumulata,Endangered,Illinois
Carolina Whipgrass,Scleria pauciflora,Endangered,Illinois
Eastern Blue-eyed Grass,Sisyrinchium atlanticum,Endangered,Illinois
Grass Pink Orchid,Calopogon tuberosus,Endangered,Illinois
Orange Fringed Orchid,Platanthera ciliaris,Endangered,Illinois
Wood Orchid,Platanthera clavellata,Endangered,Illinois
Tubercled Orchid,Platanthera flava,Threatened,Illinois
Eastern Prairie Fringed Orchid,Platanthera leucophaea,Endangered,Illinois
American Bur-reed,Sparganium americanum,Endangered,Illinois
Ground Pine,Dendrolycopodium dendroideum,Endangered,Illinois
Northern Harrier,Circus hudsonius,Endangered,Illinois
Mudpuppy,Necturus maculosus,Threatened,Illinois
Hickey's groundpine,Dendrolycopodium hickeyi,Endangered,Illinois
Eastern Straw Sedge,Carex straminea,Endangered,Illinois
Norton's Nomia,Nomia nortoni,Threatened,Illinois
Pickerelweed Long-nosed Bee,Melissodes apicatus,Endangered,Illinois
Interrupted Epeolus,Epeolus interruptus,Endangered,Illinois
Monkeyface,Quadrula metanevra,Threatened,Illinois
Lake Sturgeon,Acipenser fulvescens,Endangered,Illinois
Pallid Shiner,Hybopsis amnis,Endangered,Illinois
River Chub,Nocomis micropogon,Endangered,Illinois
Weed Shiner,Alburnops texanus,Endangered,Illinois
Crystal Darter,Crystallaria asprella,Endangered,Illinois
Western Sand Darter,Ammocrypta clara,Endangered,Illinois
Butterfly,Ellipsaria lineolata,Threatened,Illinois
Ebonyshell,Reginaia ebenus,Endangered,Illinois
Higgins Eye,Lampsilis higginsii,Endangered,Illinois
Monkeyface,Quadrula metanevra,Threatened,Illinois
Bird-voiced Treefrog,Hyla avivoca,Threatened,Illinois
Eastern Narrowmouth Toad,Gastrophryne carolinensis,Threatened,Illinois
Least Bittern,Ixobrychus exilis,Threatened,Illinois
Snowy Egret,Egretta thula,Endangered,Illinois
Little Blue Heron,Egretta caerulea,Endangered,Illinois
Osprey,Pandion haliaetus,Threatened,Illinois
Common Gallinule,Gallinula galeata,Endangered,Illinois
Chuck-will's-widow,Antrostomus carolinensis,Threatened,Illinois
Loggerhead Shrike,Lanius ludovicianus,Endangered,Illinois
Cerulean Warbler,Setophaga cerulea,Threatened,Illinois
Swainson's Warbler,Limnothlypis swainsonii,Endangered,Illinois
Bigeye Shiner,Miniellus boops,Endangered,Illinois
Blackchin Shiner,Miniellus heterodon,Threatened,Illinois
Blacknose Shiner,Notropis heterolepis,Endangered,Illinois
Sturgeon Chub,Macrhybopsis gelida,Endangered,Illinois
River Redhorse,Moxostoma carinatum,Threatened,Illinois
Starhead Topminnow,Fundulus dispar,Threatened,Illinois
Crystal Darter,Crystallaria asprella,Endangered,Illinois
Western Sand Darter,Ammocrypta clara,Endangered,Illinois
Gray Bat,Myotis grisescens,Endangered,Illinois
Indiana Bat,Myotis sodalis,Endangered,Illinois
Northern Long-eared Bat,Myotis septentrionalis,Endangered,Illinois
Rafinesque's Big-eared Bat,Corynorhinus rafinesquii,Endangered,Illinois
Alligator Snapping Turtle,Macrochelys temminckii,Endangered,Illinois
Smooth Softshell,Apalone mutica,Threatened,Illinois
Timber Rattlesnake,Crotalus horridus,Threatened,Illinois
Bigclaw Crayfish,Faxonius placidus,Endangered,Illinois
Cynosciadium,Cynosciadium digitatum,Endangered,Illinois
Mock Bishop's Weed,Ptilimnium nuttallii,Endangered,Illinois
Climbing Milkweed,Matelea decipiens,Endangered,Illinois
Great Chickweed,Stellaria pubera,Endangered,Illinois
Shore St. John's Wort,Hypericum adpressum,Endangered,Illinois
Red Honeysuckle,Lonicera dioica var. glaucescens,Endangered,Illinois
Yellow Honeysuckle,Lonicera flava,Endangered,Illinois
Squirting Cucumber,Melothria pendula,Threatened,Illinois
Buffalo Clover,Trifolium reflexum,Threatened,Illinois
Rock Chestnut Oak,Quercus montana,Threatened,Illinois
One-flowered Hydrolea,Hydrolea uniflora,Endangered,Illinois
Butternut,Juglans cinerea,Endangered,Illinois
Hairy Synandra,Synandra hispidula,Threatened,Illinois
Dull Meadow Beauty,Rhexia mariana,Endangered,Illinois
Illinois Wood Sorrel,Oxalis illinoensis,Threatened,Illinois
Heart-leaved Plantain,Plantago cordata,Endangered,Illinois
French's Shootingstar,Dodecatheon frenchii,Threatened,Illinois
Creeping Loosestrife,Lysimachia radicans,Endangered,Illinois
Black Cohosh,Actaea rubifolia,Endangered,Illinois
Harvey's Buttercup,Ranunculus harveyi,Threatened,Illinois
Pale False Foxglove,Agalinis skinneriana,Threatened,Illinois
Nettle,Urtica chamaedryoides,Threatened,Illinois
Shortleaf Pine,Pinus echinata,Endangered,Illinois
Prairie Spiderwort,Tradescantia bracteata,Endangered,Illinois
Winged Sedge,Carex alata,Endangered,Illinois
Arkansas Sedge,Carex arkansana,Endangered,Illinois
Cypress-knee Sedge,Carex decomposita,Endangered,Illinois
Swollen Sedge,Carex intumescens,Threatened,Illinois
Black-edged Sedge,Carex nigromarginata,Endangered,Illinois
Bellows Beak Sedge,Carex albicans var. australis,Endangered,Illinois
Plantain-leaved Sedge,Carex plantaginea,Endangered,Illinois
Willdenow's Sedge,Carex willdenowii,Threatened,Illinois
Carolina Whipgrass,Scleria pauciflora,Endangered,Illinois
Virginia Bunchflower,Melanthium virginicum,Endangered,Illinois
Grass-leaved Lily,Stenanthium gramineum,Threatened,Illinois
Green Trillium,Trillium viride,Endangered,Illinois
Small Yellow Lady's Slipper,Cypripedium parviflorum,Endangered,Illinois
Crested Coralroot Orchid,Hexalectris spicata,Endangered,Illinois
Spring Ladies' Tresses,Spiranthes vernalis,Endangered,Illinois
Panic Grass,Dichanthelium ravenelii,Endangered,Illinois
Cluster Fescue,Festuca paradoxa,Threatened,Illinois
Arkansas Mannagrass,Glyceria arkansana,Endangered,Illinois
Grove Bluegrass,Poa alsodes,Endangered,Illinois
Grass,Torreyochloa pallida,Endangered,Illinois
Spotted Pondweed,Potamogeton pulcher,Endangered,Illinois
Bradley's Spleenwort,Asplenium bradleyi,Endangered,Illinois
Black Spleenwort,Asplenium resiliens,Endangered,Illinois
Cliff Clubmoss,Huperzia porophila,Threatened,Illinois
Southern Grape Fern,Sceptridium biternatum,Endangered,Illinois
Leafhopper,Flexamia albida,Threatened,Illinois
Shawnee Hills Cavefish,Forbesichthys papilliferus,Threatened,Illinois
American Bittern,Botaurus lentiginosus,Endangered,Illinois
Least Bittern,Ixobrychus exilis,Threatened,Illinois
Yellow-crowned Night-Heron,Nyctanassa violacea,Endangered,Illinois
Greater Prairie-Chicken,Tympanuchus cupido,Endangered,Illinois
Black Rail,Laterallus jamaicensis,Endangered,Illinois
Upland Sandpiper,Bartramia longicauda,Endangered,Illinois
Least Tern,Sternula antillarum,Endangered,Illinois
Black-billed Cuckoo,Coccyzus erythropthalmus,Threatened,Illinois
Short-eared Owl,Asio flammeus,Endangered,Illinois
Loggerhead Shrike,Lanius ludovicianus,Endangered,Illinois
Eastern Sand Darter,Ammocrypta pellucida,Threatened,Illinois
Harlequin Darter,Etheostoma histrio,Endangered,Illinois
Blanding's Turtle,Emydoidea blandingii,Endangered,Illinois
Ornate Box Turtle,Terrapene ornata,Threatened,Illinois
Smooth Softshell,Apalone mutica,Threatened,Illinois
Eryngium Stem Borer,Papaipema eryngii,Threatened,Illinois
Royal Catchfly,Silene regia,Endangered,Illinois
Prairie Rose Gentian,Sabatia campestris,Endangered,Illinois
Halberd-leaved Tearthumb,Tracaulon arifolium,Endangered,Illinois
Tube Beard Tongue,Penstemon tubaeflorus,Endangered,Illinois
Pursh's Bulrush,Schoenoplectiella purshiana,Endangered,Illinois
Wild Hyacinth,Camassia angusta,Endangered,Illinois
Spring Ladies' Tresses,Spiranthes vernalis,Endangered,Illinois
Cluster Fescue,Festuca paradoxa,Threatened,Illinois
Northern Harrier,Circus hudsonius,Endangered,Illinois
Walsh's Anthophora,Anthophora walshii,Threatened,Illinois
King Rail,Rallus elegans,Endangered,Illinois
Blue Hearts,Buchnera americana,Threatened,Illinois
Osprey,Pandion haliaetus,Threatened,Illinois
Loggerhead Shrike,Lanius ludovicianus,Endangered,Illinois
Cypress Minnow,Hybognathus hayi,Endangered,Illinois
Pugnose Shiner,Notropis anogenus,Endangered,Illinois
River Cooter,Pseudemys concinna,Endangered,Illinois
Ornate Box Turtle,Terrapene ornata,Threatened,Illinois
Spring Ladies' Tresses,Spiranthes vernalis,Endangered,Illinois
Bigeye Shiner,Miniellus boops,Endangered,Illinois
Four-toed Salamander,Hemidactylium scutatum,Threatened,Illinois
Least Tern,Sternula antillarum,Endangered,Illinois
Bewick's Wren,Thryomanes bewickii,Endangered,Illinois
Lake Sturgeon,Acipenser fulvescens,Endangered,Illinois
Bigeye Shiner,Miniellus boops,Endangered,Illinois
Longnose Sucker,Catostomus catostomus,Threatened,Illinois
Starhead Topminnow,Fundulus dispar,Threatened,Illinois
Gray Bat,Myotis grisescens,Endangered,Illinois
Indiana Bat,Myotis sodalis,Endangered,Illinois
Northern Long-eared Bat,Myotis septentrionalis,Endangered,Illinois
Alligator Snapping Turtle,Macrochelys temminckii,Endangered,Illinois
Great Plains Ratsnake,Pantherophis emoryi,Endangered,Illinois
Timber Rattlesnake,Crotalus horridus,Threatened,Illinois
Butterfly,Ellipsaria lineolata,Threatened,Illinois
Ebonyshell,Reginaia ebenus,Endangered,Illinois
Decurrent False Aster,Boltonia decurrens,Threatened,Illinois
Whitlow Grass,Draba cuneifolia,Endangered,Illinois
Large Ground Plum,Astragalus crassicarpus var. trichocalyx,Endangered,Illinois
Butternut,Juglans cinerea,Endangered,Illinois
Pale False Foxglove,Agalinis skinneriana,Threatened,Illinois
Mudpuppy,Necturus maculosus,Threatened,Illinois
Blue Hearts,Buchnera americana,Threatened,Illinois
Four-toed Salamander,Hemidactylium scutatum,Threatened,Illinois
Upland Sandpiper,Bartramia longicauda,Endangered,Illinois
Black-billed Cuckoo,Coccyzus erythropthalmus,Threatened,Illinois
Chuck-will's-widow,Antrostomus carolinensis,Threatened,Illinois
Loggerhead Shrike,Lanius ludovicianus,Endangered,Illinois
Cerulean Warbler,Setophaga cerulea,Threatened,Illinois
Yellow-headed Blackbird,Xanthocephalus xanthocephalus,Endangered,Illinois
Lake Sturgeon,Acipenser fulvescens,Endangered,Illinois
Pallid Shiner,Hybopsis amnis,Endangered,Illinois
Brassy Minnow,Hybognathus hankinsoni,Endangered,Illinois
River Chub,Nocomis micropogon,Endangered,Illinois
Ozark Minnow,Miniellus nubilus,Threatened,Illinois
Weed Shiner,Alburnops texanus,Endangered,Illinois
Crystal Darter,Crystallaria asprella,Endangered,Illinois
Western Sand Darter,Ammocrypta clara,Endangered,Illinois
Indiana Bat,Myotis sodalis,Endangered,Illinois
Northern Long-eared Bat,Myotis septentrionalis,Endangered,Illinois
Gray/Timber Wolf,Canis lupus,Endangered,Illinois
Blanding's Turtle,Emydoidea blandingii,Endangered,Illinois
Ornate Box Turtle,Terrapene ornata,Threatened,Illinois
Plains Hog-nosed Snake,Heterodon nasicus,Threatened,Illinois
Lined Snake,Tropidoclonion lineatum,Threatened,Illinois
Timber Rattlesnake,Crotalus horridus,Threatened,Illinois
Iowa Amphipod,Stygobromus iowae,Endangered,Illinois
Western Regal Fritillary,Argynnis idalia occidentalis,Threatened,Illinois
Butterfly,Ellipsaria lineolata,Threatened,Illinois
Ebonyshell,Reginaia ebenus,Endangered,Illinois
Higgins Eye,Lampsilis higginsii,Endangered,Illinois
Iowa Pleistocene Snail,Discus macclintocki,Endangered,Illinois
Moschatel,Adoxa moschatellina,Endangered,Illinois
Hemlock Parsley,Conioselinum chinense,Endangered,Illinois
Wooly Milkweed,Asclepias lanuginosa,Endangered,Illinois
Prairie Dandelion,Nothocalais cuspidata,Endangered,Illinois
Cliff Goldenrod,Solidago sciaphila,Threatened,Illinois
Beaked Hazelnut,Corylus cornuta,Endangered,Illinois
Stickseed,Hackelia deflexa var. americana,Endangered,Illinois
Fragile Prickly Pear,Opuntia fragilis,Endangered,Illinois
False Heather,Hudsonia tomentosa,Endangered,Illinois
James' Clammyweed,Polanisia jamesii,Endangered,Illinois
Snowberry,Symphoricarpos albus var. albus,Endangered,Illinois
Pale Vetchling,Lathyrus ochroleucus,Threatened,Illinois
Butternut,Juglans cinerea,Endangered,Illinois
Wild Blue Sage,Salvia azurea var. grandiflora,Threatened,Illinois
Hairy Umbrella-wort,Mirabilis hirsuta,Endangered,Illinois
Small Enchanter's Nightshade,Circaea alpina,Endangered,Illinois
Bird's-eye Primrose,Primula mistassinica,Endangered,Illinois
Redroot,Ceanothus herbaceus,Endangered,Illinois
Shadbush,Amelanchier interior,Threatened,Illinois
Bristly Rose,Rosa acicularis,Endangered,Illinois
Sullivantia,Sullivantia sullivantii,Threatened,Illinois
Kittentails,Synthyris bullii,Threatened,Illinois
Large-flowered Beard Tongue,Penstemon grandiflorus,Endangered,Illinois
American Brooklime,Veronica americana,Endangered,Illinois
Rock Elm,Ulmus thomasii,Endangered,Illinois
Canada Violet,Viola canadensis,Endangered,Illinois
Hairy White Violet,Viola blanda,Endangered,Illinois
Jack Pine,Pinus banksiana,Endangered,Illinois
Sedge,Carex diandra,Endangered,Illinois
Plains Sedge,Carex inops ssp. heliophila,Endangered,Illinois
Drooping Sedge,Carex prasina,Threatened,Illinois
Umbrella Sedge,Cyperus grayoides,Threatened,Illinois
Hairy Woodrush,Luzula acuminata,Endangered,Illinois
White Camass,Zigadenus elegans,Endangered,Illinois
Small Yellow Lady's Slipper,Cypripedium parviflorum,Endangered,Illinois
Blue Grama,Bouteloua gracilis,Endangered,Illinois
Bearded Wheat Grass,Elymus trachycaulus,Endangered,Illinois
False Melic Grass,Schizachne purpurascens,Endangered,Illinois
Oak Fern,Gymnocarpium dryopteris,Endangered,Illinois
Meadow Horsetail,Equisetum pratense,Threatened,Illinois
Dwarf Scouring Rush,Equisetum scirpoides,Endangered,Illinois
Northern Grape Fern,Sceptridium multifidum,Endangered,Illinois
Rusty Patched Bumble Bee,Bombus affinis,Endangered,Illinois
Western Tall White Violet,Viola rugulosa,Endangered,Illinois
Monkeyface,Quadrula metanevra,Threatened,Illinois
Ground Juniper,Juniperus communis,Endangered,Illinois
Bird-voiced Treefrog,Hyla avivoca,Threatened,Illinois
Yellow-crowned Night-Heron,Nyctanassa violacea,Endangered,Illinois
Short-eared Owl,Asio flammeus,Endangered,Illinois
Chuck-will's-widow,Antrostomus carolinensis,Threatened,Illinois
Bewick's Wren,Thryomanes bewickii,Endangered,Illinois
Loggerhead Shrike,Lanius ludovicianus,Endangered,Illinois
Cerulean Warbler,Setophaga cerulea,Threatened,Illinois
Swainson's Warbler,Limnothlypis swainsonii,Endangered,Illinois
Least Brook Lamprey,Lampetra aepyptera,Threatened,Illinois
Cypress Minnow,Hybognathus hayi,Endangered,Illinois
Banded Pygmy Sunfish,Elassoma zonatum,Threatened,Illinois
Bantam Sunfish,Lepomis symmetricus,Threatened,Illinois
Southeastern Myotis,Myotis austroriparius,Endangered,Illinois
Gray Bat,Myotis grisescens,Endangered,Illinois
Indiana Bat,Myotis sodalis,Endangered,Illinois
Eastern Small-footed Myotis,Myotis leibii,Threatened,Illinois
Northern Long-eared Bat,Myotis septentrionalis,Endangered,Illinois
Rafinesque's Big-eared Bat,Corynorhinus rafinesquii,Endangered,Illinois
River Cooter,Pseudemys concinna,Endangered,Illinois
Eastern Ribbon Snake,Thamnophis saurita,Threatened,Illinois
Timber Rattlesnake,Crotalus horridus,Threatened,Illinois
Packard's Cave Amphipod,Crangonyx packardi,Endangered,Illinois
Indiana Crayfish,Faxonius indianensis,Endangered,Illinois
Mead's Milkweed,Asclepias meadii,Endangered,Illinois
Climbing Milkweed,Matelea decipiens,Endangered,Illinois
Great Chickweed,Stellaria pubera,Endangered,Illinois
American Strawberry Bush,Euonymus americanus,Threatened,Illinois
Squirting Cucumber,Melothria pendula,Threatened,Illinois
Spurge,Euphorbia spathulata,Endangered,Illinois
Willow Oak,Quercus phellos,Threatened,Illinois
Screwstem,Bartonia paniculata,Endangered,Illinois
One-flowered Hydrolea,Hydrolea uniflora,Endangered,Illinois
Water Hickory,Carya aquatica,Endangered,Illinois
Butternut,Juglans cinerea,Endangered,Illinois
White Bergamot,Monarda clinopodia,Threatened,Illinois
Wild Blue Sage,Salvia azurea var. grandiflora,Threatened,Illinois
Heart-leaved Plantain,Plantago cordata,Endangered,Illinois
French's Shootingstar,Dodecatheon frenchii,Threatened,Illinois
Creeping Loosestrife,Lysimachia radicans,Endangered,Illinois
Black Cohosh,Actaea rubifolia,Endangered,Illinois
Blue Jasmine,Clematis crispa,Endangered,Illinois
Leatherflower,Clematis viorna,Endangered,Illinois
Supple-jack,Berchemia scandens,Endangered,Illinois
Storax,Styrax americanus,Threatened,Illinois
Water Elm,Planera aquatica,Threatened,Illinois
Sedge,Carex bromoides,Threatened,Illinois
Cypress-knee Sedge,Carex decomposita,Endangered,Illinois
Large Sedge,Carex gigantea,Endangered,Illinois
Swollen Sedge,Carex intumescens,Threatened,Illinois
Black-edged Sedge,Carex nigromarginata,Endangered,Illinois
Sharp-scaled Sedge,Carex oxylepis var. oxylepis,Threatened,Illinois
Willdenow's Sedge,Carex willdenowii,Threatened,Illinois
Clustered Beaked Rush,Rhynchospora glomerata,Endangered,Illinois
Carolina Whipgrass,Scleria pauciflora,Endangered,Illinois
Grass-leaved Lily,Stenanthium gramineum,Threatened,Illinois
Small Yellow Lady's Slipper,Cypripedium parviflorum,Endangered,Illinois
Tubercled Orchid,Platanthera flava,Threatened,Illinois
Spring Ladies' Tresses,Spiranthes vernalis,Endangered,Illinois
Panic Grass,Dichanthelium joorii,Endangered,Illinois
Mud Plantain,Heteranthera reniformis,Endangered,Illinois
Hay-scented Fern,Dennstaedtia punctilobula,Endangered,Illinois
Log Fern,Dryopteris celsa,Endangered,Illinois
Filmy Fern,Vandenboschia boschiana,Endangered,Illinois
Cliff Clubmoss,Huperzia porophila,Threatened,Illinois
Southern Grape Fern,Sceptridium biternatum,Endangered,Illinois
Spotted Dusky Salamander,Desmognathus conanti,Endangered,Illinois
Northern Harrier,Circus hudsonius,Endangered,Illinois
Florida Bellwort,Uvularia floridana,Threatened,Illinois
King Rail,Rallus elegans,Endangered,Illinois
Shawnee Hills Cavefish,Forbesichthys papilliferus,Threatened,Illinois
Small Flower-of-an-hour,Phemeranthus parviflorus,Threatened,Illinois
American Bittern,Botaurus lentiginosus,Endangered,Illinois
Least Bittern,Ixobrychus exilis,Threatened,Illinois
Black-crowned Night-Heron,Nycticorax nycticorax,Endangered,Illinois
Osprey,Pandion haliaetus,Threatened,Illinois
Swainson's Hawk,Buteo swainsoni,Endangered,Illinois
Common Gallinule,Gallinula galeata,Endangered,Illinois
Wilson's Phalarope,Phalaropus tricolor,Endangered,Illinois
Black Tern,Chlidonias niger,Endangered,Illinois
Black-billed Cuckoo,Coccyzus erythropthalmus,Threatened,Illinois
Short-eared Owl,Asio flammeus,Endangered,Illinois
Loggerhead Shrike,Lanius ludovicianus,Endangered,Illinois
Yellow-headed Blackbird,Xanthocephalus xanthocephalus,Endangered,Illinois
Mottled Sculpin,Cottus bairdii,Threatened,Illinois
Brassy Minnow,Hybognathus hankinsoni,Endangered,Illinois
Bigeye Shiner,Miniellus boops,Endangered,Illinois
River Redhorse,Moxostoma carinatum,Threatened,Illinois
Greater Redhorse,Moxostoma valenciennesi,Endangered,Illinois
Starhead Topminnow,Fundulus dispar,Threatened,Illinois
Northern Long-eared Bat,Myotis septentrionalis,Endangered,Illinois
Gray/Timber Wolf,Canis lupus,Endangered,Illinois
Blanding's Turtle,Emydoidea blandingii,Endangered,Illinois
Purplish Copper,Tharsalea helloides,Threatened,Illinois
Swamp Metalmark,Calephelis muticum,Endangered,Illinois
Elfin Skimmer,Nannothemis bella,Endangered,Illinois
Purple Wartyback,Cyclonaias tuberculata,Threatened,Illinois
Spike,Eurynia dilatata,Endangered,Illinois
Wooly Milkweed,Asclepias lanuginosa,Endangered,Illinois
Forked Aster,Eurybia furcata,Threatened,Illinois
Speckled Alder,Alnus incana ssp. rugosa,Endangered,Illinois
Royal Catchfly,Silene regia,Endangered,Illinois
Pinweed,Lechea intermedia,Endangered,Illinois
Snowberry,Symphoricarpos albus var. albus,Endangered,Illinois
Narrow-leaved Sundew,Drosera intermedia,Threatened,Illinois
Leatherleaf,Chamaedaphne calyculata,Threatened,Illinois
Leafy Prairie Clover,Dalea foliosa,Endangered,Illinois
Butternut,Juglans cinerea,Endangered,Illinois
Wild Blue Sage,Salvia azurea var. grandiflora,Threatened,Illinois
Flat-leaved Bladderwort,Utricularia intermedia,Threatened,Illinois
Buckbean,Menyanthes trifoliata,Threatened,Illinois
False Bugbane,Actaea racemosa,Endangered,Illinois
Prairie Buttercup,Ranunculus rhomboideus,Endangered,Illinois
Shadbush,Amelanchier interior,Threatened,Illinois
Queen-of-the-prairie,Filipendula rubra,Threatened,Illinois
Dwarf Raspberry,Rubus pubescens,Threatened,Illinois
Kittentails,Synthyris bullii,Threatened,Illinois
Downy Yellow Painted Cup,Castilleja sessiliflora,Endangered,Illinois
American Brooklime,Veronica americana,Endangered,Illinois
Marsh Speedwell,Veronica scutellata,Threatened,Illinois
Rock Elm,Ulmus thomasii,Endangered,Illinois
Hairy White Violet,Viola blanda,Endangered,Illinois
Jack Pine,Pinus banksiana,Endangered,Illinois
Golden Sedge,Carex aurea,Threatened,Illinois
Brownish Sedge,Carex brunnescens,Endangered,Illinois
Few-seeded Sedge,Carex oligosperma,Endangered,Illinois
Little Green Sedge,Carex viridula,Threatened,Illinois
Common Bog Arrow Grass,Triglochin maritima,Threatened,Illinois
Slender Bog Arrow Grass,Triglochin palustris,Threatened,Illinois
Virginia Bunchflower,Melanthium virginicum,Endangered,Illinois
Downy Solomon's Seal,Polygonatum pubescens,Endangered,Illinois
False Asphodel,Triantha glutinosa,Threatened,Illinois
Nodding Trillium,Trillium cernuum,Endangered,Illinois
Ill-scented Trillium,Trillium erectum,Endangered,Illinois
White Camass,Zigadenus elegans,Endangered,Illinois
Grass Pink Orchid,Calopogon tuberosus,Endangered,Illinois
Spotted Coral-root Orchid,Corallorhiza maculata,Endangered,Illinois
Eastern Prairie Fringed Orchid,Platanthera leucophaea,Endangered,Illinois
Yellow-lipped Ladies' Tresses,Spiranthes lucida,Endangered,Illinois
Bearded Wheat Grass,Elymus trachycaulus,Endangered,Illinois
Spotted Pondweed,Potamogeton pulcher,Endangered,Illinois
American Bur-reed,Sparganium americanum,Endangered,Illinois
Green-fruited Bur-reed,Sparganium emersum,Endangered,Illinois
Prairie moonwort,Botrychium campestre,Endangered,Illinois
Rusty Patched Bumble Bee,Bombus affinis,Endangered,Illinois
Northern Harrier,Circus hudsonius,Endangered,Illinois
Shadbush,Amelanchier sanguinea,Endangered,Illinois
Sedge,Carex cryptolepis,Threatened,Illinois
Black-billed Cuckoo,Coccyzus erythropthalmus,Threatened,Illinois
Cerulean Warbler,Setophaga cerulea,Threatened,Illinois
Northern Brook Lamprey,Ichthyomyzon fossor,Endangered,Illinois
American Brook Lamprey,Lethenteron appendix,Threatened,Illinois
Mottled Sculpin,Cottus bairdii,Threatened,Illinois
Pallid Shiner,Hybopsis amnis,Endangered,Illinois
Bigeye Chub,Hybopsis amblops,Threatened,Illinois
Brassy Minnow,Hybognathus hankinsoni,Endangered,Illinois
Pugnose Shiner,Notropis anogenus,Endangered,Illinois
Bigeye Shiner,Miniellus boops,Endangered,Illinois
Ironcolor Shiner,Alburnops chalybaeus,Threatened,Illinois
Blacknose Shiner,Notropis heterolepis,Endangered,Illinois
Weed Shiner,Alburnops texanus,Endangered,Illinois
River Redhorse,Moxostoma carinatum,Threatened,Illinois
Starhead Topminnow,Fundulus dispar,Threatened,Illinois
Western Sand Darter,Ammocrypta clara,Endangered,Illinois
Northern Long-eared Bat,Myotis septentrionalis,Endangered,Illinois
Blanding's Turtle,Emydoidea blandingii,Endangered,Illinois
Ornate Box Turtle,Terrapene ornata,Threatened,Illinois
Plains Hog-nosed Snake,Heterodon nasicus,Threatened,Illinois
Swamp Metalmark,Calephelis muticum,Endangered,Illinois
Western Regal Fritillary,Argynnis idalia occidentalis,Threatened,Illinois
Purple Wartyback,Cyclonaias tuberculata,Threatened,Illinois
Spike,Eurynia dilatata,Endangered,Illinois
Sheepnose,Plethobasus cyphyus,Endangered,Illinois
Salamander Mussel,Simpsonaias ambigua,Endangered,Illinois
Forked Aster,Eurybia furcata,Threatened,Illinois
Old Plainsman,Hymenopappus scabiosaeus,Endangered,Illinois
Shore St. John's Wort,Hypericum adpressum,Endangered,Illinois
Narrow-leaved Sundew,Drosera intermedia,Threatened,Illinois
Highbush Blueberry,Vaccinium corymbosum,Endangered,Illinois
Yellow Wild Indigo,Baptisia tinctoria,Endangered,Illinois
Buffalo Clover,Trifolium reflexum,Threatened,Illinois
Pink Corydalis,Capnoides sempervirens,Endangered,Illinois
Northern Cranesbill,Geranium bicknellii,Endangered,Illinois
Butternut,Juglans cinerea,Endangered,Illinois
Kankakee Mallow,Iliamna remota,Endangered,Illinois
Sweetfern,Comptonia peregrina,Endangered,Illinois
Pink Milkwort,Polygala incarnata,Endangered,Illinois
Carey's Heartsease,Persicaria careyi,Endangered,Illinois
Bristly Blackberry,Rubus setosus,Threatened,Illinois
Large-flowered Beard Tongue,Penstemon grandiflorus,Endangered,Illinois
Marsh Speedwell,Veronica scutellata,Threatened,Illinois
Storax,Styrax americanus,Threatened,Illinois
Corn Salad,Valerianella umbilicata,Endangered,Illinois
Primrose Violet,Viola primulifolia,Endangered,Illinois
Sedge,Carex cumulata,Endangered,Illinois
Little Green Sedge,Carex viridula,Threatened,Illinois
Hall's Bulrush,Schoenoplectiella hallii,Threatened,Illinois
Bulrush,Scirpus hattorianus,Endangered,Illinois
Pursh's Bulrush,Schoenoplectiella purshiana,Endangered,Illinois
Carolina Whipgrass,Scleria pauciflora,Endangered,Illinois
Muhlenberg's Nut Rush,Scleria muhlenbergii,Endangered,Illinois
Eastern Blue-eyed Grass,Sisyrinchium atlanticum,Endangered,Illinois
Orange Fringed Orchid,Platanthera ciliaris,Endangered,Illinois
Two-flowered Melic Grass,Melica mutica,Endangered,Illinois
American Bur-reed,Sparganium americanum,Endangered,Illinois
Green-fruited Bur-reed,Sparganium emersum,Endangered,Illinois
Oklahoma grass pink orchid,Calopogon oklahomensis,Endangered,Illinois
Northern Harrier,Circus hudsonius,Endangered,Illinois
Mudpuppy,Necturus maculosus,Threatened,Illinois
Eastern Straw Sedge,Carex straminea,Endangered,Illinois
Norton's Nomia,Nomia nortoni,Threatened,Illinois
Ainslie�s Epeolus,Epeolus ainsliei,Endangered,Illinois
Interrupted Epeolus,Epeolus interruptus,Endangered,Illinois
Monkeyface,Quadrula metanevra,Threatened,Illinois
Osprey,Pandion haliaetus,Threatened,Illinois
Loggerhead Shrike,Lanius ludovicianus,Endangered,Illinois
Mottled Sculpin,Cottus bairdii,Threatened,Illinois
River Redhorse,Moxostoma carinatum,Threatened,Illinois
Greater Redhorse,Moxostoma valenciennesi,Endangered,Illinois
Blanding's Turtle,Emydoidea blandingii,Endangered,Illinois
Purple Wartyback,Cyclonaias tuberculata,Threatened,Illinois
Spike,Eurynia dilatata,Endangered,Illinois
Forked Aster,Eurybia furcata,Threatened,Illinois
Butternut,Juglans cinerea,Endangered,Illinois
White Bergamot,Monarda clinopodia,Threatened,Illinois
Heart-leaved Plantain,Plantago cordata,Endangered,Illinois
False Bugbane,Actaea racemosa,Endangered,Illinois
Alder Buckthorn,Rhamnus alnifolia,Endangered,Illinois
Yellow Monkey Flower,Erythranthe geyeri,Endangered,Illinois
American Brooklime,Veronica americana,Endangered,Illinois
Rock Elm,Ulmus thomasii,Endangered,Illinois
Sedge,Carex bromoides,Threatened,Illinois
Beaked Spike Rush,Eleocharis rostellata,Threatened,Illinois
Bulrush,Scirpus hattorianus,Endangered,Illinois
Slender Bog Arrow Grass,Triglochin palustris,Threatened,Illinois
Showy Lady's Slipper,Cypripedium reginae,Endangered,Illinois
Rusty Patched Bumble Bee,Bombus affinis,Endangered,Illinois
Monkeyface,Quadrula metanevra,Threatened,Illinois
Rainbow,Cambarunio iris,Endangered,Illinois
Black-crowned Night-Heron,Nycticorax nycticorax,Endangered,Illinois
Forster's Tern,Sterna forsteri,Endangered,Illinois
Black Tern,Chlidonias niger,Endangered,Illinois
Mottled Sculpin,Cottus bairdii,Threatened,Illinois
Pugnose Shiner,Notropis anogenus,Endangered,Illinois
Blackchin Shiner,Miniellus heterodon,Threatened,Illinois
Blacknose Shiner,Notropis heterolepis,Endangered,Illinois
Blanding's Turtle,Emydoidea blandingii,Endangered,Illinois
Sea Rocket,Cakile edentula var. lacustris,Threatened,Illinois
Marsh Speedwell,Veronica scutellata,Threatened,Illinois
Grass Pink Orchid,Calopogon tuberosus,Endangered,Illinois
Tubercled Orchid,Platanthera flava,Threatened,Illinois
Marram Grass,Ammophila breviligulata,Threatened,Illinois
White-stemmed Pondweed,Potamogeton praelongus,Endangered,Illinois
Western Banded Killifish,Fundulus diaphanus menona,Threatened,Illinois
Four-toed Salamander,Hemidactylium scutatum,Threatened,Illinois
Upland Sandpiper,Bartramia longicauda,Endangered,Illinois
Cerulean Warbler,Setophaga cerulea,Threatened,Illinois
Brassy Minnow,Hybognathus hankinsoni,Endangered,Illinois
Starhead Topminnow,Fundulus dispar,Threatened,Illinois
Redspotted Sunfish,Lepomis miniatus,Threatened,Illinois
Indiana Bat,Myotis sodalis,Endangered,Illinois
Smooth Softshell,Apalone mutica,Threatened,Illinois
Eastern Massasauga,Sistrurus catenatus,Endangered,Illinois
White Bergamot,Monarda clinopodia,Threatened,Illinois
False Bugbane,Actaea racemosa,Endangered,Illinois
Virginia Bunchflower,Melanthium virginicum,Endangered,Illinois
Ill-scented Trillium,Trillium erectum,Endangered,Illinois
Monkeyface,Quadrula metanevra,Threatened,Illinois
Northern Brook Lamprey,Ichthyomyzon fossor,Endangered,Illinois
Gravel Chub,Erimystax x-punctatus,Threatened,Illinois
Crystal Darter,Crystallaria asprella,Endangered,Illinois
Harlequin Darter,Etheostoma histrio,Endangered,Illinois
Indiana Bat,Myotis sodalis,Endangered,Illinois
Elephant-ear,Elliptio crassidens,Endangered,Illinois
Ebonyshell,Reginaia ebenus,Endangered,Illinois
Sheepnose,Plethobasus cyphyus,Endangered,Illinois
Fat Pocketbook,Potamilus capax,Endangered,Illinois
Bloodleaf,Iresine rhizomatosa,Endangered,Illinois
Monkeyface,Quadrula metanevra,Threatened,Illinois
Four-toed Salamander,Hemidactylium scutatum,Threatened,Illinois
Black-crowned Night-Heron,Nycticorax nycticorax,Endangered,Illinois
Upland Sandpiper,Bartramia longicauda,Endangered,Illinois
Loggerhead Shrike,Lanius ludovicianus,Endangered,Illinois
Cerulean Warbler,Setophaga cerulea,Threatened,Illinois
Mottled Sculpin,Cottus bairdii,Threatened,Illinois
Lake Sturgeon,Acipenser fulvescens,Endangered,Illinois
Pallid Shiner,Hybopsis amnis,Endangered,Illinois
Blacknose Shiner,Notropis heterolepis,Endangered,Illinois
Weed Shiner,Alburnops texanus,Endangered,Illinois
River Redhorse,Moxostoma carinatum,Threatened,Illinois
Greater Redhorse,Moxostoma valenciennesi,Endangered,Illinois
Trout-perch,Percopsis omiscomaycus,Threatened,Illinois
Gray Bat,Myotis grisescens,Endangered,Illinois
Indiana Bat,Myotis sodalis,Endangered,Illinois
Northern Long-eared Bat,Myotis septentrionalis,Endangered,Illinois
Gray/Timber Wolf,Canis lupus,Endangered,Illinois
Blanding's Turtle,Emydoidea blandingii,Endangered,Illinois
Timber Rattlesnake,Crotalus horridus,Threatened,Illinois
Western Regal Fritillary,Argynnis idalia occidentalis,Threatened,Illinois
Spike,Eurynia dilatata,Endangered,Illinois
Forked Aster,Eurybia furcata,Threatened,Illinois
Decurrent False Aster,Boltonia decurrens,Threatened,Illinois
Cliff Goldenrod,Solidago sciaphila,Threatened,Illinois
Bunchberry,Cornus canadensis,Endangered,Illinois
Red-berried Elder,Sambucus racemosa ssp. pubens,Endangered,Illinois
Snowberry,Symphoricarpos albus var. albus,Endangered,Illinois
Golden Corydalis,Corydalis aurea,Endangered,Illinois
Pink Corydalis,Capnoides sempervirens,Endangered,Illinois
Butternut,Juglans cinerea,Endangered,Illinois
Heart-leaved Plantain,Plantago cordata,Endangered,Illinois
Queen-of-the-prairie,Filipendula rubra,Threatened,Illinois
Pale False Foxglove,Agalinis skinneriana,Threatened,Illinois
American Brooklime,Veronica americana,Endangered,Illinois
Corn Salad,Valerianella umbilicata,Endangered,Illinois
Red Pine,Pinus resinosa,Endangered,Illinois
Plantain-leaved Sedge,Carex plantaginea,Endangered,Illinois
Hairy Woodrush,Luzula acuminata,Endangered,Illinois
Small Yellow Lady's Slipper,Cypripedium parviflorum,Endangered,Illinois
Eastern Prairie Fringed Orchid,Platanthera leucophaea,Endangered,Illinois
Hemlock Panic Grass,Dichanthelium portoricense,Endangered,Illinois
Weak Bluegrass,Poa saltuensis ssp. languida,Endangered,Illinois
Rusty Patched Bumble Bee,Bombus affinis,Endangered,Illinois
Mudpuppy,Necturus maculosus,Threatened,Illinois
Shadbush,Amelanchier sanguinea,Endangered,Illinois
Long Beech Fern,Phegopteris connectilis,Endangered,Illinois
American Bittern,Botaurus lentiginosus,Endangered,Illinois
Least Bittern,Ixobrychus exilis,Threatened,Illinois
Black-crowned Night-Heron,Nycticorax nycticorax,Endangered,Illinois
Osprey,Pandion haliaetus,Threatened,Illinois
Common Gallinule,Gallinula galeata,Endangered,Illinois
Piping Plover,Charadrius melodus,Endangered,Illinois
Upland Sandpiper,Bartramia longicauda,Endangered,Illinois
Wilson's Phalarope,Phalaropus tricolor,Endangered,Illinois
Common Tern,Sterna hirundo,Endangered,Illinois
Forster's Tern,Sterna forsteri,Endangered,Illinois
Black Tern,Chlidonias niger,Endangered,Illinois
Black-billed Cuckoo,Coccyzus erythropthalmus,Threatened,Illinois
Short-eared Owl,Asio flammeus,Endangered,Illinois
Cerulean Warbler,Setophaga cerulea,Threatened,Illinois
Yellow-headed Blackbird,Xanthocephalus xanthocephalus,Endangered,Illinois
Mottled Sculpin,Cottus bairdii,Threatened,Illinois
Lake Sturgeon,Acipenser fulvescens,Endangered,Illinois
Cisco,Coregonus artedi,Endangered,Illinois
Pugnose Shiner,Notropis anogenus,Endangered,Illinois
Blackchin Shiner,Miniellus heterodon,Threatened,Illinois
Blacknose Shiner,Notropis heterolepis,Endangered,Illinois
Longnose Sucker,Catostomus catostomus,Threatened,Illinois
Trout-perch,Percopsis omiscomaycus,Threatened,Illinois
Starhead Topminnow,Fundulus dispar,Threatened,Illinois
Northern Long-eared Bat,Myotis septentrionalis,Endangered,Illinois
Gray/Timber Wolf,Canis lupus,Endangered,Illinois
Blanding's Turtle,Emydoidea blandingii,Endangered,Illinois
Yellow Mud Turtle,Kinosternon flavescens,Endangered,Illinois
Eastern Massasauga,Sistrurus catenatus,Endangered,Illinois
Red-tailed Prairie Leafhopper,Aflexia rubranura,Threatened,Illinois
Purplish Copper,Tharsalea helloides,Threatened,Illinois
Hoary Elfin,Incisalia polios,Endangered,Illinois
Aphrodite Fritillary,Argynnis aphrodite,Threatened,Illinois
Forked Aster,Eurybia furcata,Threatened,Illinois
Decurrent False Aster,Boltonia decurrens,Threatened,Illinois
Pitcher's (Dune) Thistle,Cirsium pitcheri,Endangered,Illinois
Tall Sunflower,Helianthus giganteus,Endangered,Illinois
Water Marigold,Bidens beckii,Endangered,Illinois
Speckled Alder,Alnus incana ssp. rugosa,Endangered,Illinois
Yellow Birch,Betula alleghaniensis,Endangered,Illinois
Sea Rocket,Cakile edentula var. lacustris,Threatened,Illinois
Pinweed,Lechea intermedia,Endangered,Illinois
Kalm's St. John's Wort,Hypericum kalmianum,Endangered,Illinois
Bunchberry,Cornus canadensis,Endangered,Illinois
Red Honeysuckle,Lonicera dioica var. glaucescens,Endangered,Illinois
Red-berried Elder,Sambucus racemosa ssp. pubens,Endangered,Illinois
Snowberry,Symphoricarpos albus var. albus,Endangered,Illinois
American Orpine,Hylotelephium telephioides,Threatened,Illinois
Round-leaved Sundew,Drosera rotundifolia,Endangered,Illinois
Buffaloberry,Shepherdia canadensis,Endangered,Illinois
Bog Rosemary,Andromeda glaucophylla,Endangered,Illinois
Bearberry,Arctostaphylos uva-ursi,Endangered,Illinois
Leatherleaf,Chamaedaphne calyculata,Threatened,Illinois
Highbush Blueberry,Vaccinium corymbosum,Endangered,Illinois
Large Cranberry,Vaccinium macrocarpon,Endangered,Illinois
Small Cranberry,Vaccinium oxycoccos,Endangered,Illinois
Seaside Spurge,Euphorbia polygonifolia,Threatened,Illinois
Pale Vetchling,Lathyrus ochroleucus,Threatened,Illinois
Wood Vetch,Vicia caroliniana,Endangered,Illinois
Northern Cranesbill,Geranium bicknellii,Endangered,Illinois
Northern Gooseberry,Ribes hirtellum,Endangered,Illinois
Butternut,Juglans cinerea,Endangered,Illinois
Horned Bladderwort,Utricularia cornuta,Endangered,Illinois
Flat-leaved Bladderwort,Utricularia intermedia,Threatened,Illinois
Small Bladderwort,Utricularia minor,Endangered,Illinois
Buckbean,Menyanthes trifoliata,Threatened,Illinois
Downy Willow Herb,Epilobium strictum,Endangered,Illinois
Clustered Broomrape,Orobanche fasciculata,Endangered,Illinois
False Bugbane,Actaea racemosa,Endangered,Illinois
Redroot,Ceanothus herbaceus,Endangered,Illinois
Alder Buckthorn,Rhamnus alnifolia,Endangered,Illinois
Shadbush,Amelanchier interior,Threatened,Illinois
Queen-of-the-prairie,Filipendula rubra,Threatened,Illinois
Dwarf Raspberry,Rubus pubescens,Threatened,Illinois
Balsam Poplar,Populus balsamifera,Endangered,Illinois
Autumn Willow,Salix serissima,Endangered,Illinois
Dune Willow,Salix cordata,Endangered,Illinois
Pale False Foxglove,Agalinis skinneriana,Threatened,Illinois
Downy Yellow Painted Cup,Castilleja sessiliflora,Endangered,Illinois
Large-flowered Beard Tongue,Penstemon grandiflorus,Endangered,Illinois
Marsh Speedwell,Veronica scutellata,Threatened,Illinois
Canada Violet,Viola canadensis,Endangered,Illinois
Hairy White Violet,Viola blanda,Endangered,Illinois
Trailing Juniper,Juniperus horizontalis,Endangered,Illinois
Tamarack,Larix laricina,Endangered,Illinois
Jack Pine,Pinus banksiana,Endangered,Illinois
Water Arum,Calla palustris,Endangered,Illinois
Golden Sedge,Carex aurea,Threatened,Illinois
Sedge,Carex bromoides,Threatened,Illinois
Brownish Sedge,Carex brunnescens,Endangered,Illinois
Hoary Sedge,Carex canescens,Endangered,Illinois
Cordroot Sedge,Carex chordorrhiza,Endangered,Illinois
Sedge,Carex crawfordii,Endangered,Illinois
Sedge,Carex diandra,Endangered,Illinois
Shortleaf Sedge,Carex disperma,Endangered,Illinois
Sedge,Carex echinata,Endangered,Illinois
Sedge,Carex garberi,Endangered,Illinois
Swollen Sedge,Carex intumescens,Threatened,Illinois
Mud Sedge,Carex limosa,Endangered,Illinois
Few-seeded Sedge,Carex oligosperma,Endangered,Illinois
Pale Sedge,Carex pallescens,Endangered,Illinois
Plantain-leaved Sedge,Carex plantaginea,Endangered,Illinois
Tuckerman's Sedge,Carex tuckermanii,Endangered,Illinois
Little Green Sedge,Carex viridula,Threatened,Illinois
Capitate Spikerush,Eleocharis olivacea,Endangered,Illinois
Few-flowered Spikerush,Eleocharis quinqueflora,Endangered,Illinois
Beaked Spike Rush,Eleocharis rostellata,Threatened,Illinois
Slender Cotton Sedge,Eriophorum gracile,Endangered,Illinois
Rusty Cotton Grass,Eriophorum virginicum,Endangered,Illinois
Beaked Rush,Rhynchospora alba,Endangered,Illinois
Tufted Bulrush,Trichophorum cespitosum,Endangered,Illinois
Bulrush,Scirpus hattorianus,Endangered,Illinois
Small-fruited Bulrush,Scirpus microcarpus,Endangered,Illinois
Smith's Bulrush,Schoenoplectiella smithii,Endangered,Illinois
Mountain Blue-eyed Grass,Sisyrinchium montanum,Endangered,Illinois
Common Bog Arrow Grass,Triglochin maritima,Threatened,Illinois
Slender Bog Arrow Grass,Triglochin palustris,Threatened,Illinois
Downy Solomon's Seal,Polygonatum pubescens,Endangered,Illinois
False Asphodel,Triantha glutinosa,Threatened,Illinois
Nodding Trillium,Trillium cernuum,Endangered,Illinois
Ill-scented Trillium,Trillium erectum,Endangered,Illinois
Grass Pink Orchid,Calopogon tuberosus,Endangered,Illinois
Spotted Coral-root Orchid,Corallorhiza maculata,Endangered,Illinois
Small Yellow Lady's Slipper,Cypripedium parviflorum,Endangered,Illinois
Showy Lady's Slipper,Cypripedium reginae,Endangered,Illinois
Wood Orchid,Platanthera clavellata,Endangered,Illinois
Tubercled Orchid,Platanthera flava,Threatened,Illinois
Eastern Prairie Fringed Orchid,Platanthera leucophaea,Endangered,Illinois
Purple Fringed Orchid,Platanthera psycodes,Endangered,Illinois
Snake-mouth,Pogonia ophioglossoides,Endangered,Illinois
Yellow-lipped Ladies' Tresses,Spiranthes lucida,Endangered,Illinois
Marram Grass,Ammophila breviligulata,Threatened,Illinois
American Slough Grass,Beckmannia syzigachne,Endangered,Illinois
Bearded Wheat Grass,Elymus trachycaulus,Endangered,Illinois
Grove Bluegrass,Poa alsodes,Endangered,Illinois
Weak Bluegrass,Poa saltuensis ssp. languida,Endangered,Illinois
Grass-leaved Pondweed,Potamogeton gramineus,Threatened,Illinois
White-stemmed Pondweed,Potamogeton praelongus,Endangered,Illinois
Fern Pondweed,Potamogeton robbinsii,Endangered,Illinois
Stiff Pondweed,Potamogeton strictifolius,Endangered,Illinois
Sedge,Carex formosa,Endangered,Illinois
Rusty Patched Bumble Bee,Bombus affinis,Endangered,Illinois
Richardson's Rush,Juncus alpinoarticulatus,Threatened,Illinois
Hair Bladderwort,Utricularia subulata,Endangered,Illinois
Western Banded Killifish,Fundulus diaphanus menona,Threatened,Illinois
Northern Harrier,Circus hudsonius,Endangered,Illinois
Star-flower,Trientalis borealis,Endangered,Illinois
Three-seeded Sedge,Carex trisperma,Endangered,Illinois
Cuckoo Flower,Cardamine pratensis var. palustris,Endangered,Illinois
Andrews� Cellophane Bee,Colletes andrewsi,Endangered,Illinois
Ainslie�s Epeolus,Epeolus ainsliei,Endangered,Illinois
Interrupted Epeolus,Epeolus interruptus,Endangered,Illinois
Pitcher Plant,Sarracenia purpurea,Endangered,Illinois
Shadbush,Amelanchier sanguinea,Endangered,Illinois
King Rail,Rallus elegans,Endangered,Illinois
Rainbow,Cambarunio iris,Endangered,Illinois
Ground Juniper,Juniperus communis,Endangered,Illinois
Sedge,Carex cryptolepis,Threatened,Illinois
Least Bittern,Ixobrychus exilis,Threatened,Illinois
Black-crowned Night-Heron,Nycticorax nycticorax,Endangered,Illinois
Common Gallinule,Gallinula galeata,Endangered,Illinois
Black-billed Cuckoo,Coccyzus erythropthalmus,Threatened,Illinois
Yellow-headed Blackbird,Xanthocephalus xanthocephalus,Endangered,Illinois
Northern Brook Lamprey,Ichthyomyzon fossor,Endangered,Illinois
Ironcolor Shiner,Alburnops chalybaeus,Threatened,Illinois
Weed Shiner,Alburnops texanus,Endangered,Illinois
River Redhorse,Moxostoma carinatum,Threatened,Illinois
Starhead Topminnow,Fundulus dispar,Threatened,Illinois
Blanding's Turtle,Emydoidea blandingii,Endangered,Illinois
Little Green Sedge,Carex viridula,Threatened,Illinois
Capitate Spikerush,Eleocharis olivacea,Endangered,Illinois
Grass-leaved Pondweed,Potamogeton gramineus,Threatened,Illinois
Western Banded Killifish,Fundulus diaphanus menona,Threatened,Illinois
Four-toed Salamander,Hemidactylium scutatum,Threatened,Illinois
Least Bittern,Ixobrychus exilis,Threatened,Illinois
Black-crowned Night-Heron,Nycticorax nycticorax,Endangered,Illinois
Yellow-crowned Night-Heron,Nyctanassa violacea,Endangered,Illinois
Common Gallinule,Gallinula galeata,Endangered,Illinois
Upland Sandpiper,Bartramia longicauda,Endangered,Illinois
Wilson's Phalarope,Phalaropus tricolor,Endangered,Illinois
Black-billed Cuckoo,Coccyzus erythropthalmus,Threatened,Illinois
Loggerhead Shrike,Lanius ludovicianus,Endangered,Illinois
Cerulean Warbler,Setophaga cerulea,Threatened,Illinois
River Chub,Nocomis micropogon,Endangered,Illinois
Gravel Chub,Erimystax x-punctatus,Threatened,Illinois
Redspotted Sunfish,Lepomis miniatus,Threatened,Illinois
Crystal Darter,Crystallaria asprella,Endangered,Illinois
Eastern Sand Darter,Ammocrypta pellucida,Threatened,Illinois
Indiana Bat,Myotis sodalis,Endangered,Illinois
Northern Long-eared Bat,Myotis septentrionalis,Endangered,Illinois
Ornate Box Turtle,Terrapene ornata,Threatened,Illinois
Smooth Softshell,Apalone mutica,Threatened,Illinois
Eastern Ribbon Snake,Thamnophis saurita,Threatened,Illinois
Elephant-ear,Elliptio crassidens,Endangered,Illinois
Ebonyshell,Reginaia ebenus,Endangered,Illinois
Sheepnose,Plethobasus cyphyus,Endangered,Illinois
Shawnee Rocksnail,Lithasia obovata,Endangered,Illinois
Bloodleaf,Iresine rhizomatosa,Endangered,Illinois
Royal Catchfly,Silene regia,Endangered,Illinois
Shore St. John's Wort,Hypericum adpressum,Endangered,Illinois
Prairie Rose Gentian,Sabatia campestris,Endangered,Illinois
Wild Blue Sage,Salvia azurea var. grandiflora,Threatened,Illinois
Halberd-leaved Tearthumb,Tracaulon arifolium,Endangered,Illinois
Leatherflower,Clematis viorna,Endangered,Illinois
Tube Beard Tongue,Penstemon tubaeflorus,Endangered,Illinois
Storax,Styrax americanus,Threatened,Illinois
Winged Sedge,Carex alata,Endangered,Illinois
Arkansas Sedge,Carex arkansana,Endangered,Illinois
Sedge,Carex bromoides,Threatened,Illinois
Large Sedge,Carex gigantea,Endangered,Illinois
Drooping Sedge,Carex prasina,Threatened,Illinois
Grass-leaved Lily,Stenanthium gramineum,Threatened,Illinois
Running Pine,Lycopodium clavatum,Endangered,Illinois
King Rail,Rallus elegans,Endangered,Illinois
Monkeyface,Quadrula metanevra,Threatened,Illinois
Lake Sturgeon,Acipenser fulvescens,Endangered,Illinois
Smooth Softshell,Apalone mutica,Threatened,Illinois
Spectaclecase,Margaritifera monodonta,Endangered,Illinois
Butterfly,Ellipsaria lineolata,Threatened,Illinois
Sheepnose,Plethobasus cyphyus,Endangered,Illinois
Monkeyface,Quadrula metanevra,Threatened,Illinois
Least Bittern,Ixobrychus exilis,Threatened,Illinois
Black-crowned Night-Heron,Nycticorax nycticorax,Endangered,Illinois
Black Rail,Laterallus jamaicensis,Endangered,Illinois
Common Gallinule,Gallinula galeata,Endangered,Illinois
Upland Sandpiper,Bartramia longicauda,Endangered,Illinois
Black-billed Cuckoo,Coccyzus erythropthalmus,Threatened,Illinois
Short-eared Owl,Asio flammeus,Endangered,Illinois
Loggerhead Shrike,Lanius ludovicianus,Endangered,Illinois
Yellow-headed Blackbird,Xanthocephalus xanthocephalus,Endangered,Illinois
Northern Brook Lamprey,Ichthyomyzon fossor,Endangered,Illinois
American Brook Lamprey,Lethenteron appendix,Threatened,Illinois
Brassy Minnow,Hybognathus hankinsoni,Endangered,Illinois
Ozark Minnow,Miniellus nubilus,Threatened,Illinois
Weed Shiner,Alburnops texanus,Endangered,Illinois
Gravel Chub,Erimystax x-punctatus,Threatened,Illinois
Starhead Topminnow,Fundulus dispar,Threatened,Illinois
Northern Long-eared Bat,Myotis septentrionalis,Endangered,Illinois
Blanding's Turtle,Emydoidea blandingii,Endangered,Illinois
Ornate Box Turtle,Terrapene ornata,Threatened,Illinois
Yellow Mud Turtle,Kinosternon flavescens,Endangered,Illinois
Smooth Softshell,Apalone mutica,Threatened,Illinois
Plains Hog-nosed Snake,Heterodon nasicus,Threatened,Illinois
Purplish Copper,Tharsalea helloides,Threatened,Illinois
Aphrodite Fritillary,Argynnis aphrodite,Threatened,Illinois
Western Regal Fritillary,Argynnis idalia occidentalis,Threatened,Illinois
Purple Wartyback,Cyclonaias tuberculata,Threatened,Illinois
Wooly Milkweed,Asclepias lanuginosa,Endangered,Illinois
Forked Aster,Eurybia furcata,Threatened,Illinois
Yellow Birch,Betula alleghaniensis,Endangered,Illinois
Royal Catchfly,Silene regia,Endangered,Illinois
False Heather,Hudsonia tomentosa,Endangered,Illinois
Pinweed,Lechea intermedia,Endangered,Illinois
Kalm's St. John's Wort,Hypericum kalmianum,Endangered,Illinois
Narrow-leaved Sundew,Drosera intermedia,Threatened,Illinois
Prairie Bush Clover,Lespedeza leptostachya,Endangered,Illinois
Northern Gooseberry,Ribes hirtellum,Endangered,Illinois
Butternut,Juglans cinerea,Endangered,Illinois
Sweetfern,Comptonia peregrina,Endangered,Illinois
Broomrape,Orobanche ludoviciana,Threatened,Illinois
Pink Milkwort,Polygala incarnata,Endangered,Illinois
Queen-of-the-prairie,Filipendula rubra,Threatened,Illinois
Bristly Blackberry,Rubus setosus,Threatened,Illinois
Kittentails,Synthyris bullii,Threatened,Illinois
Downy Yellow Painted Cup,Castilleja sessiliflora,Endangered,Illinois
Yellow Monkey Flower,Erythranthe geyeri,Endangered,Illinois
Large-flowered Beard Tongue,Penstemon grandiflorus,Endangered,Illinois
Sedge,Carex crawfordii,Endangered,Illinois
White-edge Sedge,Carex debilis,Endangered,Illinois
Carolina Whipgrass,Scleria pauciflora,Endangered,Illinois
Muhlenberg's Nut Rush,Scleria muhlenbergii,Endangered,Illinois
Grass Pink Orchid,Calopogon tuberosus,Endangered,Illinois
Wood Orchid,Platanthera clavellata,Endangered,Illinois
Tubercled Orchid,Platanthera flava,Threatened,Illinois
Eastern Prairie Fringed Orchid,Platanthera leucophaea,Endangered,Illinois
American Bur-reed,Sparganium americanum,Endangered,Illinois
Green-fruited Bur-reed,Sparganium emersum,Endangered,Illinois
Rusty Woodsia,Woodsia ilvensis,Endangered,Illinois
Bog Clubmoss,Lycopodiella inundata,Endangered,Illinois
Dwarf Grape Fern,Botrychium simplex,Endangered,Illinois
Rusty Patched Bumble Bee,Bombus affinis,Endangered,Illinois
Northern Harrier,Circus hudsonius,Endangered,Illinois
Eastern Scaly Miner Bee,Andrena quintilis,Endangered,Illinois
Mining Bee,Protandrena bancrofti,Threatened,Illinois
Walsh's Anthophora,Anthophora walshii,Threatened,Illinois
Alumroot Cellophane Bee,Colletes aestivalis,Endangered,Illinois
Norton's Nomia,Nomia nortoni,Threatened,Illinois
Naked Oil-collecting Bee,Macropis nuda,Endangered,Illinois
Andrews� Cellophane Bee,Colletes andrewsi,Endangered,Illinois
Ainslie�s Epeolus,Epeolus ainsliei,Endangered,Illinois
Interrupted Epeolus,Epeolus interruptus,Endangered,Illinois
Daisyleaf Grape Fern,Botrychium matricariifolium,Endangered,Illinois
Baker�s Nomia,Dieunomia nevadensis bakeri,Threatened,Illinois
Butterfly,Ellipsaria lineolata,Threatened,Illinois
Sheepnose,Plethobasus cyphyus,Endangered,Illinois
Monkeyface,Quadrula metanevra,Threatened,Illinois
Lake Sturgeon,Acipenser fulvescens,Endangered,Illinois
Western Sand Darter,Ammocrypta clara,Endangered,Illinois
Spectaclecase,Margaritifera monodonta,Endangered,Illinois
Butterfly,Ellipsaria lineolata,Threatened,Illinois
Upland Sandpiper,Bartramia longicauda,Endangered,Illinois
Short-eared Owl,Asio flammeus,Endangered,Illinois
River Redhorse,Moxostoma carinatum,Threatened,Illinois
Greater Redhorse,Moxostoma valenciennesi,Endangered,Illinois
Northern Long-eared Bat,Myotis septentrionalis,Endangered,Illinois
Franklin's Ground Squirrel,Poliocitellus franklinii,Threatened,Illinois
Eryngium Stem Borer,Papaipema eryngii,Threatened,Illinois
Spike,Eurynia dilatata,Endangered,Illinois
Smooth Softshell,Apalone mutica,Threatened,Illinois
Bigclaw Crayfish,Faxonius placidus,Endangered,Illinois
Butterfly,Ellipsaria lineolata,Threatened,Illinois
Ebonyshell,Reginaia ebenus,Endangered,Illinois
Lea's Bog Lichen,Phaeophyscia leana,Threatened,Illinois
Monkeyface,Quadrula metanevra,Threatened,Illinois
Illinois Chorus Frog,Pseudacris illinoensis,Threatened,Illinois
Upland Sandpiper,Bartramia longicauda,Endangered,Illinois
American Brook Lamprey,Lethenteron appendix,Threatened,Illinois
Indiana Bat,Myotis sodalis,Endangered,Illinois
Northern Long-eared Bat,Myotis septentrionalis,Endangered,Illinois
Smooth Softshell,Apalone mutica,Threatened,Illinois
Wild Blue Sage,Salvia azurea var. grandiflora,Threatened,Illinois
Monkeyface,Quadrula metanevra,Threatened,Illinois
Bigeye Shiner,Miniellus boops,Endangered,Illinois
Spectaclecase,Margaritifera monodonta,Endangered,Illinois
Butterfly,Ellipsaria lineolata,Threatened,Illinois
Ebonyshell,Reginaia ebenus,Endangered,Illinois
Higgins Eye,Lampsilis higginsii,Endangered,Illinois
Sheepnose,Plethobasus cyphyus,Endangered,Illinois
Monkeyface,Quadrula metanevra,Threatened,Illinois
Upland Sandpiper,Bartramia longicauda,Endangered,Illinois
Bewick's Wren,Thryomanes bewickii,Endangered,Illinois
Kirtland's Snake,Clonophis kirtlandii,Threatened,Illinois
Hill Prairie Larkspur,Delphinium carolinianum,Endangered,Illinois
Wild Hyacinth,Camassia angusta,Endangered,Illinois
Rusty Patched Bumble Bee,Bombus affinis,Endangered,Illinois
Indiana Bat,Myotis sodalis,Endangered,Illinois
Franklin's Ground Squirrel,Poliocitellus franklinii,Threatened,Illinois
Ornate Box Turtle,Terrapene ornata,Threatened,Illinois
Kirtland's Snake,Clonophis kirtlandii,Threatened,Illinois
Royal Catchfly,Silene regia,Endangered,Illinois
Large Ground Plum,Astragalus crassicarpus var. trichocalyx,Endangered,Illinois
Harvey's Buttercup,Ranunculus harveyi,Threatened,Illinois
Eastern Blue-eyed Grass,Sisyrinchium atlanticum,Endangered,Illinois
Virginia Bunchflower,Melanthium virginicum,Endangered,Illinois
Green Trillium,Trillium viride,Endangered,Illinois
Illinois Chorus Frog,Pseudacris illinoensis,Threatened,Illinois
Least Bittern,Ixobrychus exilis,Threatened,Illinois
Little Blue Heron,Egretta caerulea,Endangered,Illinois
Black-crowned Night-Heron,Nycticorax nycticorax,Endangered,Illinois
Yellow-crowned Night-Heron,Nyctanassa violacea,Endangered,Illinois
Osprey,Pandion haliaetus,Threatened,Illinois
Common Gallinule,Gallinula galeata,Endangered,Illinois
Least Tern,Sternula antillarum,Endangered,Illinois
Yellow-headed Blackbird,Xanthocephalus xanthocephalus,Endangered,Illinois
Lake Sturgeon,Acipenser fulvescens,Endangered,Illinois
Pallid Sturgeon,Scaphirhynchus albus,Endangered,Illinois
Bigeye Shiner,Miniellus boops,Endangered,Illinois
Western Sand Darter,Ammocrypta clara,Endangered,Illinois
Indiana Bat,Myotis sodalis,Endangered,Illinois
Northern Long-eared Bat,Myotis septentrionalis,Endangered,Illinois
Ornate Box Turtle,Terrapene ornata,Threatened,Illinois
Lined Snake,Tropidoclonion lineatum,Threatened,Illinois
Timber Rattlesnake,Crotalus horridus,Threatened,Illinois
Eastern Massasauga,Sistrurus catenatus,Endangered,Illinois
Spectaclecase,Margaritifera monodonta,Endangered,Illinois
Butterfly,Ellipsaria lineolata,Threatened,Illinois
Ebonyshell,Reginaia ebenus,Endangered,Illinois
Decurrent False Aster,Boltonia decurrens,Threatened,Illinois
Royal Catchfly,Silene regia,Endangered,Illinois
Prairie Spiderwort,Tradescantia bracteata,Endangered,Illinois
Green Trillium,Trillium viride,Endangered,Illinois
Spring Ladies' Tresses,Spiranthes vernalis,Endangered,Illinois
Monkeyface,Quadrula metanevra,Threatened,Illinois
Blue Hearts,Buchnera americana,Threatened,Illinois
Least Bittern,Ixobrychus exilis,Threatened,Illinois
Black-crowned Night-Heron,Nycticorax nycticorax,Endangered,Illinois
Yellow-crowned Night-Heron,Nyctanassa violacea,Endangered,Illinois
Greater Prairie-Chicken,Tympanuchus cupido,Endangered,Illinois
Black Rail,Laterallus jamaicensis,Endangered,Illinois
Upland Sandpiper,Bartramia longicauda,Endangered,Illinois
Short-eared Owl,Asio flammeus,Endangered,Illinois
Chuck-will's-widow,Antrostomus carolinensis,Threatened,Illinois
Loggerhead Shrike,Lanius ludovicianus,Endangered,Illinois
Indiana Bat,Myotis sodalis,Endangered,Illinois
Ornate Box Turtle,Terrapene ornata,Threatened,Illinois
Eryngium Stem Borer,Papaipema eryngii,Threatened,Illinois
Royal Catchfly,Silene regia,Endangered,Illinois
Prairie Rose Gentian,Sabatia campestris,Endangered,Illinois
Small Yellow Lady's Slipper,Cypripedium parviflorum,Endangered,Illinois
Spring Ladies' Tresses,Spiranthes vernalis,Endangered,Illinois
Northern Harrier,Circus hudsonius,Endangered,Illinois
King Rail,Rallus elegans,Endangered,Illinois
Cypress Minnow,Hybognathus hayi,Endangered,Illinois
Indiana Bat,Myotis sodalis,Endangered,Illinois
Spectaclecase,Margaritifera monodonta,Endangered,Illinois
Butterfly,Ellipsaria lineolata,Threatened,Illinois
Elephant-ear,Elliptio crassidens,Endangered,Illinois
Ebonyshell,Reginaia ebenus,Endangered,Illinois
Monkeyface,Quadrula metanevra,Threatened,Illinois
Osprey,Pandion haliaetus,Threatened,Illinois
River Redhorse,Moxostoma carinatum,Threatened,Illinois
Trout-perch,Percopsis omiscomaycus,Threatened,Illinois
Indiana Bat,Myotis sodalis,Endangered,Illinois
Northern Long-eared Bat,Myotis septentrionalis,Endangered,Illinois
Gray/Timber Wolf,Canis lupus,Endangered,Illinois
Decurrent False Aster,Boltonia decurrens,Threatened,Illinois
Prairie Dandelion,Nothocalais cuspidata,Endangered,Illinois
Arrowwood,Viburnum molle,Threatened,Illinois
Tube Beard Tongue,Penstemon tubaeflorus,Endangered,Illinois
Illinois Chorus Frog,Pseudacris illinoensis,Threatened,Illinois
Black-crowned Night-Heron,Nycticorax nycticorax,Endangered,Illinois
Osprey,Pandion haliaetus,Threatened,Illinois
Common Gallinule,Gallinula galeata,Endangered,Illinois
Chuck-will's-widow,Antrostomus carolinensis,Threatened,Illinois
Loggerhead Shrike,Lanius ludovicianus,Endangered,Illinois
Yellow-headed Blackbird,Xanthocephalus xanthocephalus,Endangered,Illinois
Lake Sturgeon,Acipenser fulvescens,Endangered,Illinois
Ironcolor Shiner,Alburnops chalybaeus,Threatened,Illinois
Gravel Chub,Erimystax x-punctatus,Threatened,Illinois
River Redhorse,Moxostoma carinatum,Threatened,Illinois
Trout-perch,Percopsis omiscomaycus,Threatened,Illinois
Starhead Topminnow,Fundulus dispar,Threatened,Illinois
Redspotted Sunfish,Lepomis miniatus,Threatened,Illinois
Indiana Bat,Myotis sodalis,Endangered,Illinois
Northern Long-eared Bat,Myotis septentrionalis,Endangered,Illinois
Alligator Snapping Turtle,Macrochelys temminckii,Endangered,Illinois
Blanding's Turtle,Emydoidea blandingii,Endangered,Illinois
Ornate Box Turtle,Terrapene ornata,Threatened,Illinois
Yellow Mud Turtle,Kinosternon flavescens,Endangered,Illinois
Smooth Softshell,Apalone mutica,Threatened,Illinois
Plains Hog-nosed Snake,Heterodon nasicus,Threatened,Illinois
Cobweb Skipper,Hesperia metea,Endangered,Illinois
Western Regal Fritillary,Argynnis idalia occidentalis,Threatened,Illinois
Ebonyshell,Reginaia ebenus,Endangered,Illinois
Decurrent False Aster,Boltonia decurrens,Threatened,Illinois
Old Plainsman,Hymenopappus scabiosaeus,Endangered,Illinois
Prairie Dandelion,Nothocalais cuspidata,Endangered,Illinois
Silvery Bladderpod,Physaria ludoviciana,Endangered,Illinois
Patterson Bindweed,Stylisma pickeringii var. pattersonii,Endangered,Illinois
Bent Milk Vetch,Astragalus distortus,Endangered,Illinois
Wild Blue Sage,Salvia azurea var. grandiflora,Threatened,Illinois
Clustered Broomrape,Orobanche fasciculata,Endangered,Illinois
Broomrape,Orobanche ludoviciana,Threatened,Illinois
Halberd-leaved Tearthumb,Tracaulon arifolium,Endangered,Illinois
Pale False Foxglove,Agalinis skinneriana,Threatened,Illinois
Yellow Monkey Flower,Erythranthe geyeri,Endangered,Illinois
Jack Pine,Pinus banksiana,Endangered,Illinois
Small Burhead,Echinodorus tenellus,Endangered,Illinois
Umbrella Sedge,Cyperus grayoides,Threatened,Illinois
Hall's Bulrush,Schoenoplectiella hallii,Threatened,Illinois
Pursh's Bulrush,Schoenoplectiella purshiana,Endangered,Illinois
Small Yellow Lady's Slipper,Cypripedium parviflorum,Endangered,Illinois
Tubercled Orchid,Platanthera flava,Threatened,Illinois
Leafhopper,Athysanella incongrua,Endangered,Illinois
Northern Harrier,Circus hudsonius,Endangered,Illinois
Walsh's Anthophora,Anthophora walshii,Threatened,Illinois
Leafhopper,Commellus colon,Endangered,Illinois
Sand Reed Leafhopper,Flexamia grammica,Endangered,Illinois
Leafhopper,Flexamia albida,Threatened,Illinois
King Rail,Rallus elegans,Endangered,Illinois
Monkeyface,Quadrula metanevra,Threatened,Illinois
Ross' Polyamia,Polyamia rossi,Threatened,Illinois
Baker�s Nomia,Dieunomia nevadensis bakeri,Threatened,Illinois
Hellbender,Cryptobranchus alleganiensis,Endangered,Illinois
Bird-voiced Treefrog,Hyla avivoca,Threatened,Illinois
Eastern Narrowmouth Toad,Gastrophryne carolinensis,Threatened,Illinois
Least Bittern,Ixobrychus exilis,Threatened,Illinois
Yellow-crowned Night-Heron,Nyctanassa violacea,Endangered,Illinois
Osprey,Pandion haliaetus,Threatened,Illinois
Common Gallinule,Gallinula galeata,Endangered,Illinois
Least Tern,Sternula antillarum,Endangered,Illinois
Short-eared Owl,Asio flammeus,Endangered,Illinois
Chuck-will's-widow,Antrostomus carolinensis,Threatened,Illinois
Loggerhead Shrike,Lanius ludovicianus,Endangered,Illinois
Cerulean Warbler,Setophaga cerulea,Threatened,Illinois
Bigeye Chub,Hybopsis amblops,Threatened,Illinois
Taillight Shiner,Notropis maculatus,Endangered,Illinois
Northern Madtom,Noturus stigmosus,Endangered,Illinois
Banded Pygmy Sunfish,Elassoma zonatum,Threatened,Illinois
Redspotted Sunfish,Lepomis miniatus,Threatened,Illinois
Southeastern Myotis,Myotis austroriparius,Endangered,Illinois
Northern Long-eared Bat,Myotis septentrionalis,Endangered,Illinois
Alligator Snapping Turtle,Macrochelys temminckii,Endangered,Illinois
River Cooter,Pseudemys concinna,Endangered,Illinois
Eastern Ribbon Snake,Thamnophis saurita,Threatened,Illinois
Bigclaw Crayfish,Faxonius placidus,Endangered,Illinois
Spectaclecase,Margaritifera monodonta,Endangered,Illinois
Purple Wartyback,Cyclonaias tuberculata,Threatened,Illinois
Butterfly,Ellipsaria lineolata,Threatened,Illinois
Elephant-ear,Elliptio crassidens,Endangered,Illinois
Spike,Eurynia dilatata,Endangered,Illinois
Ebonyshell,Reginaia ebenus,Endangered,Illinois
Pink Mucket,Lampsilis abrupta,Endangered,Illinois
Orangefoot Pimpleback,Plethobasus cooperianus,Endangered,Illinois
Sheepnose,Plethobasus cyphyus,Endangered,Illinois
Ohio Pigtoe,Pleurobema cordatum,Endangered,Illinois
Fat Pocketbook,Potamilus capax,Endangered,Illinois
Rabbitsfoot,Theliderma cylindrica,Endangered,Illinois
Lea's Bog Lichen,Phaeophyscia leana,Threatened,Illinois
Bloodleaf,Iresine rhizomatosa,Endangered,Illinois
Eryngo,Eryngium prostratum,Endangered,Illinois
Climbing Milkweed,Matelea decipiens,Endangered,Illinois
Narrow-leaved Sunflower,Helianthus angustifolius,Endangered,Illinois
White Melanthera,Melanthera nivea,Endangered,Illinois
American Strawberry Bush,Euonymus americanus,Threatened,Illinois
Squirting Cucumber,Melothria pendula,Threatened,Illinois
Smooth False Indigo,Amorpha nitens,Endangered,Illinois
Boykin's Dioclea,Lackeya multiflora,Endangered,Illinois
Willow Oak,Quercus phellos,Threatened,Illinois
Water Hickory,Carya aquatica,Endangered,Illinois
Dull Meadow Beauty,Rhexia mariana,Endangered,Illinois
Black Cohosh,Actaea rubifolia,Endangered,Illinois
Narrow-leaved Crabapple,Malus angustifolia,Endangered,Illinois
Silverbell Tree,Halesia carolina,Endangered,Illinois
Storax,Styrax americanus,Threatened,Illinois
White Basswood,Tilia americana var. heterophylla,Endangered,Illinois
Water Elm,Planera aquatica,Threatened,Illinois
Greenish-white Oval Sedge,Carex albolutescens,Endangered,Illinois
Large Sedge,Carex gigantea,Endangered,Illinois
Swollen Sedge,Carex intumescens,Threatened,Illinois
Sedge,Carex reniformis,Endangered,Illinois
Galingale,Cyperus lancastriensis,Threatened,Illinois
Leafy Bulrush,Scirpus polyphyllus,Endangered,Illinois
Carolina Whipgrass,Scleria pauciflora,Endangered,Illinois
Fairy Wand,Chamaelirium luteum,Endangered,Illinois
Tubercled Orchid,Platanthera flava,Threatened,Illinois
Spring Ladies' Tresses,Spiranthes vernalis,Endangered,Illinois
Two-flowered Melic Grass,Melica mutica,Endangered,Illinois
Baby blue-eyes,Nemophila aphylla,Endangered,Illinois
King Rail,Rallus elegans,Endangered,Illinois
Monkeyface,Quadrula metanevra,Threatened,Illinois
Small Flower-of-an-hour,Phemeranthus parviflorus,Threatened,Illinois
Hellbender,Cryptobranchus alleganiensis,Endangered,Illinois
Osprey,Pandion haliaetus,Threatened,Illinois
Bigeye Chub,Hybopsis amblops,Threatened,Illinois
Northern Madtom,Noturus stigmosus,Endangered,Illinois
Alligator Snapping Turtle,Macrochelys temminckii,Endangered,Illinois
River Cooter,Pseudemys concinna,Endangered,Illinois
Bigclaw Crayfish,Faxonius placidus,Endangered,Illinois
Spectaclecase,Margaritifera monodonta,Endangered,Illinois
Purple Wartyback,Cyclonaias tuberculata,Threatened,Illinois
Butterfly,Ellipsaria lineolata,Threatened,Illinois
Elephant-ear,Elliptio crassidens,Endangered,Illinois
Spike,Eurynia dilatata,Endangered,Illinois
Ebonyshell,Reginaia ebenus,Endangered,Illinois
Pink Mucket,Lampsilis abrupta,Endangered,Illinois
Orangefoot Pimpleback,Plethobasus cooperianus,Endangered,Illinois
Sheepnose,Plethobasus cyphyus,Endangered,Illinois
Ohio Pigtoe,Pleurobema cordatum,Endangered,Illinois
Fat Pocketbook,Potamilus capax,Endangered,Illinois
Rabbitsfoot,Theliderma cylindrica,Endangered,Illinois
Lea's Bog Lichen,Phaeophyscia leana,Threatened,Illinois
Monkeyface,Quadrula metanevra,Threatened,Illinois
Upland Sandpiper,Bartramia longicauda,Endangered,Illinois
Loggerhead Shrike,Lanius ludovicianus,Endangered,Illinois
Indiana Bat,Myotis sodalis,Endangered,Illinois
Northern Long-eared Bat,Myotis septentrionalis,Endangered,Illinois
Lined Snake,Tropidoclonion lineatum,Threatened,Illinois
Isopod,Caecidotea lesliei,Endangered,Illinois
Western Regal Fritillary,Argynnis idalia occidentalis,Threatened,Illinois
Queen-of-the-prairie,Filipendula rubra,Threatened,Illinois
Jack Pine,Pinus banksiana,Endangered,Illinois
Prairie Spiderwort,Tradescantia bracteata,Endangered,Illinois
Virginia Bunchflower,Melanthium virginicum,Endangered,Illinois
American Bittern,Botaurus lentiginosus,Endangered,Illinois
Least Bittern,Ixobrychus exilis,Threatened,Illinois
Black-crowned Night-Heron,Nycticorax nycticorax,Endangered,Illinois
Osprey,Pandion haliaetus,Threatened,Illinois
Swainson's Hawk,Buteo swainsoni,Endangered,Illinois
Common Gallinule,Gallinula galeata,Endangered,Illinois
Upland Sandpiper,Bartramia longicauda,Endangered,Illinois
Forster's Tern,Sterna forsteri,Endangered,Illinois
Black Tern,Chlidonias niger,Endangered,Illinois
Black-billed Cuckoo,Coccyzus erythropthalmus,Threatened,Illinois
Short-eared Owl,Asio flammeus,Endangered,Illinois
Yellow-headed Blackbird,Xanthocephalus xanthocephalus,Endangered,Illinois
American Brook Lamprey,Lethenteron appendix,Threatened,Illinois
Mottled Sculpin,Cottus bairdii,Threatened,Illinois
Brassy Minnow,Hybognathus hankinsoni,Endangered,Illinois
Pugnose Shiner,Notropis anogenus,Endangered,Illinois
Blackchin Shiner,Miniellus heterodon,Threatened,Illinois
Blacknose Shiner,Notropis heterolepis,Endangered,Illinois
River Redhorse,Moxostoma carinatum,Threatened,Illinois
Starhead Topminnow,Fundulus dispar,Threatened,Illinois
Northern Long-eared Bat,Myotis septentrionalis,Endangered,Illinois
Blanding's Turtle,Emydoidea blandingii,Endangered,Illinois
Red-tailed Prairie Leafhopper,Aflexia rubranura,Threatened,Illinois
Purplish Copper,Tharsalea helloides,Threatened,Illinois
Aphrodite Fritillary,Argynnis aphrodite,Threatened,Illinois
Elfin Skimmer,Nannothemis bella,Endangered,Illinois
Spike,Eurynia dilatata,Endangered,Illinois
Wooly Milkweed,Asclepias lanuginosa,Endangered,Illinois
Forked Aster,Eurybia furcata,Threatened,Illinois
Tall Sunflower,Helianthus giganteus,Endangered,Illinois
Speckled Alder,Alnus incana ssp. rugosa,Endangered,Illinois
Pinweed,Lechea intermedia,Endangered,Illinois
Kalm's St. John's Wort,Hypericum kalmianum,Endangered,Illinois
Bunchberry,Cornus canadensis,Endangered,Illinois
Round-leaved Sundew,Drosera rotundifolia,Endangered,Illinois
Leatherleaf,Chamaedaphne calyculata,Threatened,Illinois
Highbush Blueberry,Vaccinium corymbosum,Endangered,Illinois
Large Cranberry,Vaccinium macrocarpon,Endangered,Illinois
Pale Vetchling,Lathyrus ochroleucus,Threatened,Illinois
Prairie Bush Clover,Lespedeza leptostachya,Endangered,Illinois
Wood Vetch,Vicia caroliniana,Endangered,Illinois
Butternut,Juglans cinerea,Endangered,Illinois
Horned Bladderwort,Utricularia cornuta,Endangered,Illinois
Flat-leaved Bladderwort,Utricularia intermedia,Threatened,Illinois
Small Bladderwort,Utricularia minor,Endangered,Illinois
Buckbean,Menyanthes trifoliata,Threatened,Illinois
Downy Willow Herb,Epilobium strictum,Endangered,Illinois
False Bugbane,Actaea racemosa,Endangered,Illinois
Black Cohosh,Actaea rubifolia,Endangered,Illinois
Prairie Buttercup,Ranunculus rhomboideus,Endangered,Illinois
Queen-of-the-prairie,Filipendula rubra,Threatened,Illinois
Balsam Poplar,Populus balsamifera,Endangered,Illinois
Autumn Willow,Salix serissima,Endangered,Illinois
Downy Yellow Painted Cup,Castilleja sessiliflora,Endangered,Illinois
Large-flowered Beard Tongue,Penstemon grandiflorus,Endangered,Illinois
Marsh Valerian,Valeriana uliginosa,Endangered,Illinois
Tamarack,Larix laricina,Endangered,Illinois
Golden Sedge,Carex aurea,Threatened,Illinois
Hoary Sedge,Carex canescens,Endangered,Illinois
Shortleaf Sedge,Carex disperma,Endangered,Illinois
Few-seeded Sedge,Carex oligosperma,Endangered,Illinois
Little Green Sedge,Carex viridula,Threatened,Illinois
Few-flowered Spikerush,Eleocharis quinqueflora,Endangered,Illinois
Beaked Spike Rush,Eleocharis rostellata,Threatened,Illinois
Slender Cotton Sedge,Eriophorum gracile,Endangered,Illinois
Rusty Cotton Grass,Eriophorum virginicum,Endangered,Illinois
Beaked Rush,Rhynchospora alba,Endangered,Illinois
Tufted Bulrush,Trichophorum cespitosum,Endangered,Illinois
Common Bog Arrow Grass,Triglochin maritima,Threatened,Illinois
Slender Bog Arrow Grass,Triglochin palustris,Threatened,Illinois
False Asphodel,Triantha glutinosa,Threatened,Illinois
Nodding Trillium,Trillium cernuum,Endangered,Illinois
Ill-scented Trillium,Trillium erectum,Endangered,Illinois
Grass Pink Orchid,Calopogon tuberosus,Endangered,Illinois
Spotted Coral-root Orchid,Corallorhiza maculata,Endangered,Illinois
Moccasin Flower,Cypripedium acaule,Endangered,Illinois
Small Yellow Lady's Slipper,Cypripedium parviflorum,Endangered,Illinois
Showy Lady's Slipper,Cypripedium reginae,Endangered,Illinois
Eastern Prairie Fringed Orchid,Platanthera leucophaea,Endangered,Illinois
Snake-mouth,Pogonia ophioglossoides,Endangered,Illinois
Grass-leaved Pondweed,Potamogeton gramineus,Threatened,Illinois
White-stemmed Pondweed,Potamogeton praelongus,Endangered,Illinois
Fern Pondweed,Potamogeton robbinsii,Endangered,Illinois
Green-fruited Bur-reed,Sparganium emersum,Endangered,Illinois
Meadow Horsetail,Equisetum pratense,Threatened,Illinois
Rusty Patched Bumble Bee,Bombus affinis,Endangered,Illinois
Richardson's Rush,Juncus alpinoarticulatus,Threatened,Illinois
Western Banded Killifish,Fundulus diaphanus menona,Threatened,Illinois
Northern Harrier,Circus hudsonius,Endangered,Illinois
Star-flower,Trientalis borealis,Endangered,Illinois
Three-seeded Sedge,Carex trisperma,Endangered,Illinois
Mining Bee,Protandrena bancrofti,Threatened,Illinois
Alumroot Cellophane Bee,Colletes aestivalis,Endangered,Illinois
Cuckoo Flower,Cardamine pratensis var. palustris,Endangered,Illinois
Pitcher Plant,Sarracenia purpurea,Endangered,Illinois
Shadbush,Amelanchier sanguinea,Endangered,Illinois
King Rail,Rallus elegans,Endangered,Illinois
Rainbow,Cambarunio iris,Endangered,Illinois
Sedge,Carex cryptolepis,Threatened,Illinois
Least Bittern,Ixobrychus exilis,Threatened,Illinois
Osprey,Pandion haliaetus,Threatened,Illinois
Upland Sandpiper,Bartramia longicauda,Endangered,Illinois
Black-billed Cuckoo,Coccyzus erythropthalmus,Threatened,Illinois
Short-eared Owl,Asio flammeus,Endangered,Illinois
Loggerhead Shrike,Lanius ludovicianus,Endangered,Illinois
Lake Sturgeon,Acipenser fulvescens,Endangered,Illinois
Northern Long-eared Bat,Myotis septentrionalis,Endangered,Illinois
Franklin's Ground Squirrel,Poliocitellus franklinii,Threatened,Illinois
Kirtland's Snake,Clonophis kirtlandii,Threatened,Illinois
Royal Catchfly,Silene regia,Endangered,Illinois
Butternut,Juglans cinerea,Endangered,Illinois
Wild Blue Sage,Salvia azurea var. grandiflora,Threatened,Illinois
Northern Harrier,Circus hudsonius,Endangered,Illinois
Mudpuppy,Necturus maculosus,Threatened,Illinois
Monkeyface,Quadrula metanevra,Threatened,Illinois
Illinois Chorus Frog,Pseudacris illinoensis,Threatened,Illinois
Loggerhead Shrike,Lanius ludovicianus,Endangered,Illinois
Lake Sturgeon,Acipenser fulvescens,Endangered,Illinois
Ornate Box Turtle,Terrapene ornata,Threatened,Illinois
Smooth Softshell,Apalone mutica,Threatened,Illinois
Western Regal Fritillary,Argynnis idalia occidentalis,Threatened,Illinois
Decurrent False Aster,Boltonia decurrens,Threatened,Illinois
Broomrape,Orobanche ludoviciana,Threatened,Illinois
Pale False Foxglove,Agalinis skinneriana,Threatened,Illinois
Prairie Spiderwort,Tradescantia bracteata,Endangered,Illinois
Umbrella Sedge,Cyperus grayoides,Threatened,Illinois
Chuck-will's-widow,Antrostomus carolinensis,Threatened,Illinois
Loggerhead Shrike,Lanius ludovicianus,Endangered,Illinois
Lake Sturgeon,Acipenser fulvescens,Endangered,Illinois
Pallid Shiner,Hybopsis amnis,Endangered,Illinois
Brassy Minnow,Hybognathus hankinsoni,Endangered,Illinois
Bigeye Shiner,Miniellus boops,Endangered,Illinois
Western Sand Darter,Ammocrypta clara,Endangered,Illinois
Indiana Bat,Myotis sodalis,Endangered,Illinois
Northern Long-eared Bat,Myotis septentrionalis,Endangered,Illinois
Ornate Box Turtle,Terrapene ornata,Threatened,Illinois
Spectaclecase,Margaritifera monodonta,Endangered,Illinois
Butterfly,Ellipsaria lineolata,Threatened,Illinois
Ebonyshell,Reginaia ebenus,Endangered,Illinois
Higgins Eye,Lampsilis higginsii,Endangered,Illinois
Sheepnose,Plethobasus cyphyus,Endangered,Illinois
Hill Prairie Larkspur,Delphinium carolinianum,Endangered,Illinois
Monkeyface,Quadrula metanevra,Threatened,Illinois
Crystal Darter,Crystallaria asprella,Endangered,Illinois
Illinois Chorus Frog,Pseudacris illinoensis,Threatened,Illinois
Eastern Narrowmouth Toad,Gastrophryne carolinensis,Threatened,Illinois
American Bittern,Botaurus lentiginosus,Endangered,Illinois
Least Bittern,Ixobrychus exilis,Threatened,Illinois
Black-crowned Night-Heron,Nycticorax nycticorax,Endangered,Illinois
Yellow-crowned Night-Heron,Nyctanassa violacea,Endangered,Illinois
Common Gallinule,Gallinula galeata,Endangered,Illinois
Black-billed Cuckoo,Coccyzus erythropthalmus,Threatened,Illinois
Loggerhead Shrike,Lanius ludovicianus,Endangered,Illinois
Cerulean Warbler,Setophaga cerulea,Threatened,Illinois
Bigeye Shiner,Miniellus boops,Endangered,Illinois
Gravel Chub,Erimystax x-punctatus,Threatened,Illinois
Crystal Darter,Crystallaria asprella,Endangered,Illinois
Gray Bat,Myotis grisescens,Endangered,Illinois
Indiana Bat,Myotis sodalis,Endangered,Illinois
Northern Long-eared Bat,Myotis septentrionalis,Endangered,Illinois
Great Plains Ratsnake,Pantherophis emoryi,Endangered,Illinois
Flat-headed Snake,Tantilla gracilis,Threatened,Illinois
Timber Rattlesnake,Crotalus horridus,Threatened,Illinois
Illinois Cave Amphipod,Gammarus acherondytes,Endangered,Illinois
Hydrobiid cave snail,Fontigens antroecetes,Endangered,Illinois
Climbing Milkweed,Matelea decipiens,Endangered,Illinois
Missouri Orange Coneflower,Rudbeckia missouriensis,Threatened,Illinois
Slender Heliotrope,Heliotropium tenellum,Endangered,Illinois
Whitlow Grass,Draba cuneifolia,Endangered,Illinois
Squirting Cucumber,Melothria pendula,Threatened,Illinois
Spurge,Euphorbia spathulata,Endangered,Illinois
Wild Blue Sage,Salvia azurea var. grandiflora,Threatened,Illinois
Stickleaf,Mentzelia oligosperma,Endangered,Illinois
Fameflower,Phemeranthus calycinus,Endangered,Illinois
Dwarf Bedstraw,Galium virgatum,Endangered,Illinois
Tube Beard Tongue,Penstemon tubaeflorus,Endangered,Illinois
Wooly Buckthorn,Sideroxylon lanuginosum,Endangered,Illinois
Shortleaf Pine,Pinus echinata,Endangered,Illinois
Black-edged Sedge,Carex nigromarginata,Endangered,Illinois
Umbrella Sedge,Cyperus grayoides,Threatened,Illinois
Small Yellow Lady's Slipper,Cypripedium parviflorum,Endangered,Illinois
Crested Coralroot Orchid,Hexalectris spicata,Endangered,Illinois
Spring Ladies' Tresses,Spiranthes vernalis,Endangered,Illinois
Madonna Cave Springtail,Pygmarrhopalites madonnensis,Endangered,Illinois
Common Striped Scorpion,Centruroides vittatus,Endangered,Illinois
Fitch�s Elephanthopper,Fitchiella robertsonii,Threatened,Illinois
Norton's Nomia,Nomia nortoni,Threatened,Illinois
Blue Hearts,Buchnera americana,Threatened,Illinois
Planthopper,Poblicia fuliginosa,Threatened,Illinois
Ornate Box Turtle,Terrapene ornata,Threatened,Illinois
Kirtland's Snake,Clonophis kirtlandii,Threatened,Illinois
Swamp Metalmark,Calephelis muticum,Endangered,Illinois
Royal Catchfly,Silene regia,Endangered,Illinois
Buffalo Clover,Trifolium reflexum,Threatened,Illinois
Prairie Rose Gentian,Sabatia campestris,Endangered,Illinois
Butternut,Juglans cinerea,Endangered,Illinois
White Bergamot,Monarda clinopodia,Threatened,Illinois
Violet Collinsia,Collinsia violacea,Endangered,Illinois
Eastern Blue-eyed Grass,Sisyrinchium atlanticum,Endangered,Illinois
Virginia Bunchflower,Melanthium virginicum,Endangered,Illinois
Northern Harrier,Circus hudsonius,Endangered,Illinois
Illinois Chorus Frog,Pseudacris illinoensis,Threatened,Illinois
Upland Sandpiper,Bartramia longicauda,Endangered,Illinois
Short-eared Owl,Asio flammeus,Endangered,Illinois
Loggerhead Shrike,Lanius ludovicianus,Endangered,Illinois
Starhead Topminnow,Fundulus dispar,Threatened,Illinois
Indiana Bat,Myotis sodalis,Endangered,Illinois
Ornate Box Turtle,Terrapene ornata,Threatened,Illinois
Plains Hog-nosed Snake,Heterodon nasicus,Threatened,Illinois
Lined Snake,Tropidoclonion lineatum,Threatened,Illinois
Western Regal Fritillary,Argynnis idalia occidentalis,Threatened,Illinois
Ebonyshell,Reginaia ebenus,Endangered,Illinois
Decurrent False Aster,Boltonia decurrens,Threatened,Illinois
Bent Milk Vetch,Astragalus distortus,Endangered,Illinois
Pink Milkwort,Polygala incarnata,Endangered,Illinois
Pale False Foxglove,Agalinis skinneriana,Threatened,Illinois
Hall's Bulrush,Schoenoplectiella hallii,Threatened,Illinois
Virginia Bunchflower,Melanthium virginicum,Endangered,Illinois
Northern Harrier,Circus hudsonius,Endangered,Illinois
Leafhopper,Flexamia albida,Threatened,Illinois
Blue Hearts,Buchnera americana,Threatened,Illinois
Osprey,Pandion haliaetus,Threatened,Illinois
Loggerhead Shrike,Lanius ludovicianus,Endangered,Illinois
Bigeye Shiner,Miniellus boops,Endangered,Illinois
Spike,Eurynia dilatata,Endangered,Illinois
Hill Prairie Larkspur,Delphinium carolinianum,Endangered,Illinois
Lake Sturgeon,Acipenser fulvescens,Endangered,Illinois
Spectaclecase,Margaritifera monodonta,Endangered,Illinois
Butterfly,Ellipsaria lineolata,Threatened,Illinois
Higgins Eye,Lampsilis higginsii,Endangered,Illinois
Monkeyface,Quadrula metanevra,Threatened,Illinois
Northern Brook Lamprey,Ichthyomyzon fossor,Endangered,Illinois
Ironcolor Shiner,Alburnops chalybaeus,Threatened,Illinois
Weed Shiner,Alburnops texanus,Endangered,Illinois
River Redhorse,Moxostoma carinatum,Threatened,Illinois
Starhead Topminnow,Fundulus dispar,Threatened,Illinois
Blanding's Turtle,Emydoidea blandingii,Endangered,Illinois
Ornate Box Turtle,Terrapene ornata,Threatened,Illinois
Swamp Metalmark,Calephelis muticum,Endangered,Illinois
Northern Harrier,Circus hudsonius,Endangered,Illinois
Norton's Nomia,Nomia nortoni,Threatened,Illinois
Interrupted Epeolus,Epeolus interruptus,Endangered,Illinois
Four-toed Salamander,Hemidactylium scutatum,Threatened,Illinois
Common Gallinule,Gallinula galeata,Endangered,Illinois
Upland Sandpiper,Bartramia longicauda,Endangered,Illinois
Short-eared Owl,Asio flammeus,Endangered,Illinois
Loggerhead Shrike,Lanius ludovicianus,Endangered,Illinois
Cerulean Warbler,Setophaga cerulea,Threatened,Illinois
American Brook Lamprey,Lethenteron appendix,Threatened,Illinois
Brassy Minnow,Hybognathus hankinsoni,Endangered,Illinois
River Chub,Nocomis micropogon,Endangered,Illinois
Blacknose Shiner,Notropis heterolepis,Endangered,Illinois
Ozark Minnow,Miniellus nubilus,Threatened,Illinois
Gravel Chub,Erimystax x-punctatus,Threatened,Illinois
Indiana Bat,Myotis sodalis,Endangered,Illinois
Northern Long-eared Bat,Myotis septentrionalis,Endangered,Illinois
Blanding's Turtle,Emydoidea blandingii,Endangered,Illinois
Ornate Box Turtle,Terrapene ornata,Threatened,Illinois
Plains Hog-nosed Snake,Heterodon nasicus,Threatened,Illinois
Western Regal Fritillary,Argynnis idalia occidentalis,Threatened,Illinois
Purple Wartyback,Cyclonaias tuberculata,Threatened,Illinois
Spike,Eurynia dilatata,Endangered,Illinois
Wooly Milkweed,Asclepias lanuginosa,Endangered,Illinois
Forked Aster,Eurybia furcata,Threatened,Illinois
Tall Sunflower,Helianthus giganteus,Endangered,Illinois
Prairie Dandelion,Nothocalais cuspidata,Endangered,Illinois
Yellow Birch,Betula alleghaniensis,Endangered,Illinois
Royal Catchfly,Silene regia,Endangered,Illinois
Bunchberry,Cornus canadensis,Endangered,Illinois
Bearberry,Arctostaphylos uva-ursi,Endangered,Illinois
Pale Vetchling,Lathyrus ochroleucus,Threatened,Illinois
Prairie Bush Clover,Lespedeza leptostachya,Endangered,Illinois
Pink Corydalis,Capnoides sempervirens,Endangered,Illinois
Butternut,Juglans cinerea,Endangered,Illinois
False Bugbane,Actaea racemosa,Endangered,Illinois
Redroot,Ceanothus herbaceus,Endangered,Illinois
Queen-of-the-prairie,Filipendula rubra,Threatened,Illinois
American Mountain Ash,Sorbus americana,Endangered,Illinois
Sullivantia,Sullivantia sullivantii,Threatened,Illinois
Kittentails,Synthyris bullii,Threatened,Illinois
Downy Yellow Painted Cup,Castilleja sessiliflora,Endangered,Illinois
Large-flowered Beard Tongue,Penstemon grandiflorus,Endangered,Illinois
American Brooklime,Veronica americana,Endangered,Illinois
Sedge,Carex echinata,Endangered,Illinois
Hairy Woodrush,Luzula acuminata,Endangered,Illinois
Moccasin Flower,Cypripedium acaule,Endangered,Illinois
Northern Panic Grass,Dichanthelium boreale,Endangered,Illinois
Oak Fern,Gymnocarpium dryopteris,Endangered,Illinois
Rusty Woodsia,Woodsia ilvensis,Endangered,Illinois
Meadow Horsetail,Equisetum pratense,Threatened,Illinois
Woodland Horsetail,Equisetum sylvaticum,Endangered,Illinois
Running Pine,Lycopodium clavatum,Endangered,Illinois
Ground Pine,Dendrolycopodium dendroideum,Endangered,Illinois
Bog Clubmoss,Lycopodiella inundata,Endangered,Illinois
Rusty Patched Bumble Bee,Bombus affinis,Endangered,Illinois
Northern Harrier,Circus hudsonius,Endangered,Illinois
Star-flower,Trientalis borealis,Endangered,Illinois
Mining Bee,Protandrena bancrofti,Threatened,Illinois
Walsh's Anthophora,Anthophora walshii,Threatened,Illinois
Alumroot Cellophane Bee,Colletes aestivalis,Endangered,Illinois
Naked Oil-collecting Bee,Macropis nuda,Endangered,Illinois
Andrews� Cellophane Bee,Colletes andrewsi,Endangered,Illinois
Ainslie�s Epeolus,Epeolus ainsliei,Endangered,Illinois
Pickerelweed Long-nosed Bee,Melissodes apicatus,Endangered,Illinois
Interrupted Epeolus,Epeolus interruptus,Endangered,Illinois
Shadbush,Amelanchier sanguinea,Endangered,Illinois
Long Beech Fern,Phegopteris connectilis,Endangered,Illinois
Sedge,Carex cryptolepis,Threatened,Illinois
Least Bittern,Ixobrychus exilis,Threatened,Illinois
Osprey,Pandion haliaetus,Threatened,Illinois
Loggerhead Shrike,Lanius ludovicianus,Endangered,Illinois
Lake Sturgeon,Acipenser fulvescens,Endangered,Illinois
Trout-perch,Percopsis omiscomaycus,Threatened,Illinois
Starhead Topminnow,Fundulus dispar,Threatened,Illinois
Redspotted Sunfish,Lepomis miniatus,Threatened,Illinois
Indiana Bat,Myotis sodalis,Endangered,Illinois
Northern Long-eared Bat,Myotis septentrionalis,Endangered,Illinois
Franklin's Ground Squirrel,Poliocitellus franklinii,Threatened,Illinois
Smooth Softshell,Apalone mutica,Threatened,Illinois
Kirtland's Snake,Clonophis kirtlandii,Threatened,Illinois
Western Regal Fritillary,Argynnis idalia occidentalis,Threatened,Illinois
Elephant-ear,Elliptio crassidens,Endangered,Illinois
Ebonyshell,Reginaia ebenus,Endangered,Illinois
Dragon Wormwood,Artemisia dracunculus,Endangered,Illinois
Decurrent False Aster,Boltonia decurrens,Threatened,Illinois
Royal Catchfly,Silene regia,Endangered,Illinois
Arrowwood,Viburnum molle,Threatened,Illinois
White Bergamot,Monarda clinopodia,Threatened,Illinois
Wild Blue Sage,Salvia azurea var. grandiflora,Threatened,Illinois
Queen-of-the-prairie,Filipendula rubra,Threatened,Illinois
Pale False Foxglove,Agalinis skinneriana,Threatened,Illinois
Spotted Coral-root Orchid,Corallorhiza maculata,Endangered,Illinois
Small Yellow Lady's Slipper,Cypripedium parviflorum,Endangered,Illinois
Rusty Patched Bumble Bee,Bombus affinis,Endangered,Illinois
King Rail,Rallus elegans,Endangered,Illinois
Monkeyface,Quadrula metanevra,Threatened,Illinois
American Bittern,Botaurus lentiginosus,Endangered,Illinois
Least Bittern,Ixobrychus exilis,Threatened,Illinois
Common Gallinule,Gallinula galeata,Endangered,Illinois
Short-eared Owl,Asio flammeus,Endangered,Illinois
Loggerhead Shrike,Lanius ludovicianus,Endangered,Illinois
Indiana Bat,Myotis sodalis,Endangered,Illinois
Northern Long-eared Bat,Myotis septentrionalis,Endangered,Illinois
Ornate Box Turtle,Terrapene ornata,Threatened,Illinois
Timber Rattlesnake,Crotalus horridus,Threatened,Illinois
Harvey's Buttercup,Ranunculus harveyi,Threatened,Illinois
Tubercled Orchid,Platanthera flava,Threatened,Illinois
Spring Ladies' Tresses,Spiranthes vernalis,Endangered,Illinois
Mud Plantain,Heteranthera reniformis,Endangered,Illinois
Northern Harrier,Circus hudsonius,Endangered,Illinois
Opaque Oval Sedge,Carex opaca,Endangered,Illinois
King Rail,Rallus elegans,Endangered,Illinois
Eastern Narrowmouth Toad,Gastrophryne carolinensis,Threatened,Illinois
Bigeye Shiner,Miniellus boops,Endangered,Illinois
Sturgeon Chub,Macrhybopsis gelida,Endangered,Illinois
River Redhorse,Moxostoma carinatum,Threatened,Illinois
Crystal Darter,Crystallaria asprella,Endangered,Illinois
Western Sand Darter,Ammocrypta clara,Endangered,Illinois
Alligator Snapping Turtle,Macrochelys temminckii,Endangered,Illinois
Bigclaw Crayfish,Faxonius placidus,Endangered,Illinois
Black-billed Cuckoo,Coccyzus erythropthalmus,Threatened,Illinois
Short-eared Owl,Asio flammeus,Endangered,Illinois
Loggerhead Shrike,Lanius ludovicianus,Endangered,Illinois
Ironcolor Shiner,Alburnops chalybaeus,Threatened,Illinois
Starhead Topminnow,Fundulus dispar,Threatened,Illinois
Redspotted Sunfish,Lepomis miniatus,Threatened,Illinois
Northern Long-eared Bat,Myotis septentrionalis,Endangered,Illinois
Kirtland's Snake,Clonophis kirtlandii,Threatened,Illinois
Eastern Massasauga,Sistrurus catenatus,Endangered,Illinois
Sangamon Phlox,Phlox pilosa ssp. sangamonensis,Endangered,Illinois
Wild Hyacinth,Camassia angusta,Endangered,Illinois
Mudpuppy,Necturus maculosus,Threatened,Illinois
Monkeyface,Quadrula metanevra,Threatened,Illinois
Loggerhead Shrike,Lanius ludovicianus,Endangered,Illinois
Lake Sturgeon,Acipenser fulvescens,Endangered,Illinois
Bigeye Shiner,Miniellus boops,Endangered,Illinois
River Redhorse,Moxostoma carinatum,Threatened,Illinois
Starhead Topminnow,Fundulus dispar,Threatened,Illinois
Western Sand Darter,Ammocrypta clara,Endangered,Illinois
Gray Bat,Myotis grisescens,Endangered,Illinois
Indiana Bat,Myotis sodalis,Endangered,Illinois
Northern Long-eared Bat,Myotis septentrionalis,Endangered,Illinois
Gray/Timber Wolf,Canis lupus,Endangered,Illinois
Ornate Box Turtle,Terrapene ornata,Threatened,Illinois
Smooth Softshell,Apalone mutica,Threatened,Illinois
Timber Rattlesnake,Crotalus horridus,Threatened,Illinois
Western Regal Fritillary,Argynnis idalia occidentalis,Threatened,Illinois
Spectaclecase,Margaritifera monodonta,Endangered,Illinois
Butterfly,Ellipsaria lineolata,Threatened,Illinois
Elephant-ear,Elliptio crassidens,Endangered,Illinois
Ebonyshell,Reginaia ebenus,Endangered,Illinois
Fat Pocketbook,Potamilus capax,Endangered,Illinois
Narrow-leaved Green Milkweed,Asclepias stenophylla,Endangered,Illinois
Decurrent False Aster,Boltonia decurrens,Threatened,Illinois
Arrowwood,Viburnum molle,Threatened,Illinois
Buffalo Clover,Trifolium reflexum,Threatened,Illinois
Stickleaf,Mentzelia oligosperma,Endangered,Illinois
Heart-leaved Plantain,Plantago cordata,Endangered,Illinois
Leatherflower,Clematis viorna,Endangered,Illinois
Hill Prairie Larkspur,Delphinium carolinianum,Endangered,Illinois
Pale False Foxglove,Agalinis skinneriana,Threatened,Illinois
Prairie Spiderwort,Tradescantia bracteata,Endangered,Illinois
Spotted Coral-root Orchid,Corallorhiza maculata,Endangered,Illinois
Wolf's Bluegrass,Poa wolfii,Endangered,Illinois
Northern Harrier,Circus hudsonius,Endangered,Illinois
Monkeyface,Quadrula metanevra,Threatened,Illinois
Blue Hearts,Buchnera americana,Threatened,Illinois
Planthopper,Poblicia fuliginosa,Threatened,Illinois
Lake Sturgeon,Acipenser fulvescens,Endangered,Illinois
Bigeye Shiner,Miniellus boops,Endangered,Illinois
Western Sand Darter,Ammocrypta clara,Endangered,Illinois
Gray Bat,Myotis grisescens,Endangered,Illinois
Indiana Bat,Myotis sodalis,Endangered,Illinois
Smooth Softshell,Apalone mutica,Threatened,Illinois
Butterfly,Ellipsaria lineolata,Threatened,Illinois
Fat Pocketbook,Potamilus capax,Endangered,Illinois
Monkeyface,Quadrula metanevra,Threatened,Illinois
Bird-voiced Treefrog,Hyla avivoca,Threatened,Illinois
Eastern Narrowmouth Toad,Gastrophryne carolinensis,Threatened,Illinois
Osprey,Pandion haliaetus,Threatened,Illinois
Chuck-will's-widow,Antrostomus carolinensis,Threatened,Illinois
Bewick's Wren,Thryomanes bewickii,Endangered,Illinois
Loggerhead Shrike,Lanius ludovicianus,Endangered,Illinois
Cerulean Warbler,Setophaga cerulea,Threatened,Illinois
Least Brook Lamprey,Lampetra aepyptera,Threatened,Illinois
Pugnose Shiner,Notropis anogenus,Endangered,Illinois
Weed Shiner,Alburnops texanus,Endangered,Illinois
Starhead Topminnow,Fundulus dispar,Threatened,Illinois
Banded Pygmy Sunfish,Elassoma zonatum,Threatened,Illinois
Redspotted Sunfish,Lepomis miniatus,Threatened,Illinois
Harlequin Darter,Etheostoma histrio,Endangered,Illinois
Southeastern Myotis,Myotis austroriparius,Endangered,Illinois
Gray Bat,Myotis grisescens,Endangered,Illinois
Indiana Bat,Myotis sodalis,Endangered,Illinois
Eastern Small-footed Myotis,Myotis leibii,Threatened,Illinois
Northern Long-eared Bat,Myotis septentrionalis,Endangered,Illinois
Rafinesque's Big-eared Bat,Corynorhinus rafinesquii,Endangered,Illinois
River Cooter,Pseudemys concinna,Endangered,Illinois
Smooth Softshell,Apalone mutica,Threatened,Illinois
Eastern Ribbon Snake,Thamnophis saurita,Threatened,Illinois
Timber Rattlesnake,Crotalus horridus,Threatened,Illinois
Anomalous Spring Amphipod,Crangonyx anomalus,Endangered,Illinois
Packard's Cave Amphipod,Crangonyx packardi,Endangered,Illinois
Indiana Crayfish,Faxonius indianensis,Endangered,Illinois
Bigclaw Crayfish,Faxonius placidus,Endangered,Illinois
Cobweb Skipper,Hesperia metea,Endangered,Illinois
Ebonyshell,Reginaia ebenus,Endangered,Illinois
Fat Pocketbook,Potamilus capax,Endangered,Illinois
Purple Lilliput,Toxolasma lividum,Endangered,Illinois
Lea's Bog Lichen,Phaeophyscia leana,Threatened,Illinois
Eryngo,Eryngium prostratum,Endangered,Illinois
Climbing Milkweed,Matelea decipiens,Endangered,Illinois
Hyssopleaf Thoroughwort,Eupatorium hyssopifolium var. laciniatum,Endangered,Illinois
Narrow-leaved Sunflower,Helianthus angustifolius,Endangered,Illinois
Great Chickweed,Stellaria pubera,Endangered,Illinois
American Strawberry Bush,Euonymus americanus,Threatened,Illinois
Yellow Honeysuckle,Lonicera flava,Endangered,Illinois
American Orpine,Hylotelephium telephioides,Threatened,Illinois
Squirting Cucumber,Melothria pendula,Threatened,Illinois
Deerberry,Vaccinium stamineum,Endangered,Illinois
Smooth False Indigo,Amorpha nitens,Endangered,Illinois
Willow Oak,Quercus phellos,Threatened,Illinois
Hale's Corydalis,Corydalis halei,Endangered,Illinois
Screwstem,Bartonia paniculata,Endangered,Illinois
One-flowered Hydrolea,Hydrolea uniflora,Endangered,Illinois
Butternut,Juglans cinerea,Endangered,Illinois
Wild Blue Sage,Salvia azurea var. grandiflora,Threatened,Illinois
Dull Meadow Beauty,Rhexia mariana,Endangered,Illinois
Illinois Wood Sorrel,Oxalis illinoensis,Threatened,Illinois
Pink Milkwort,Polygala incarnata,Endangered,Illinois
Heart-leaved Plantain,Plantago cordata,Endangered,Illinois
French's Shootingstar,Dodecatheon frenchii,Threatened,Illinois
Spotted Wintergreen,Chimaphila maculata,Endangered,Illinois
Black Cohosh,Actaea rubifolia,Endangered,Illinois
Supple-jack,Berchemia scandens,Endangered,Illinois
Narrow-leaved Crabapple,Malus angustifolia,Endangered,Illinois
Storax,Styrax americanus,Threatened,Illinois
Bigleaf Snowbell Bush,Styrax grandifolius,Endangered,Illinois
Water Elm,Planera aquatica,Threatened,Illinois
Shortleaf Pine,Pinus echinata,Endangered,Illinois
Arrowhead,Sagittaria australis,Endangered,Illinois
Winged Sedge,Carex alata,Endangered,Illinois
Greenish-white Oval Sedge,Carex albolutescens,Endangered,Illinois
Sedge,Carex bromoides,Threatened,Illinois
Cypress-knee Sedge,Carex decomposita,Endangered,Illinois
Swollen Sedge,Carex intumescens,Threatened,Illinois
Black-edged Sedge,Carex nigromarginata,Endangered,Illinois
Sharp-scaled Sedge,Carex oxylepis var. oxylepis,Threatened,Illinois
Bellows Beak Sedge,Carex albicans var. australis,Endangered,Illinois
Drooping Sedge,Carex prasina,Threatened,Illinois
Willdenow's Sedge,Carex willdenowii,Threatened,Illinois
Galingale,Cyperus lancastriensis,Threatened,Illinois
Clustered Beaked Rush,Rhynchospora glomerata,Endangered,Illinois
Leafy Bulrush,Scirpus polyphyllus,Endangered,Illinois
Carolina Whipgrass,Scleria pauciflora,Endangered,Illinois
Fairy Wand,Chamaelirium luteum,Endangered,Illinois
Grass-leaved Lily,Stenanthium gramineum,Threatened,Illinois
Small Yellow Lady's Slipper,Cypripedium parviflorum,Endangered,Illinois
Crested Coralroot Orchid,Hexalectris spicata,Endangered,Illinois
Whorled Pogonia,Isotria verticillata,Endangered,Illinois
Wood Orchid,Platanthera clavellata,Endangered,Illinois
Tubercled Orchid,Platanthera flava,Threatened,Illinois
Spring Ladies' Tresses,Spiranthes vernalis,Endangered,Illinois
Hollow Reed Grass,Calamagrostis porteri ssp. insperata,Endangered,Illinois
Panic Grass,Dichanthelium yadkinense,Endangered,Illinois
Arkansas Mannagrass,Glyceria arkansana,Endangered,Illinois
Grove Bluegrass,Poa alsodes,Endangered,Illinois
Mud Plantain,Heteranthera reniformis,Endangered,Illinois
Bradley's Spleenwort,Asplenium bradleyi,Endangered,Illinois
Hay-scented Fern,Dennstaedtia punctilobula,Endangered,Illinois
Filmy Fern,Vandenboschia boschiana,Endangered,Illinois
Cliff Clubmoss,Huperzia porophila,Threatened,Illinois
Southern Grape Fern,Sceptridium biternatum,Endangered,Illinois
New York Fern,Thelypteris noveboracensis,Endangered,Illinois
Sedge,Carex atlantica,Threatened,Illinois
Northern Harrier,Circus hudsonius,Endangered,Illinois
Round-fruited Loosestrife,Ludwigia sphaerocarpa,Endangered,Illinois
Shawnee Hills Cavefish,Forbesichthys papilliferus,Threatened,Illinois
Blue Hearts,Buchnera americana,Threatened,Illinois
Small Flower-of-an-hour,Phemeranthus parviflorus,Threatened,Illinois
Hellbender,Cryptobranchus alleganiensis,Endangered,Illinois
River Redhorse,Moxostoma carinatum,Threatened,Illinois
Redspotted Sunfish,Lepomis miniatus,Threatened,Illinois
Crystal Darter,Crystallaria asprella,Endangered,Illinois
Harlequin Darter,Etheostoma histrio,Endangered,Illinois
River Cooter,Pseudemys concinna,Endangered,Illinois
Purple Wartyback,Cyclonaias tuberculata,Threatened,Illinois
Fanshell,Cyprogenia stegaria,Endangered,Illinois
Elephant-ear,Elliptio crassidens,Endangered,Illinois
Ebonyshell,Reginaia ebenus,Endangered,Illinois
Fat Pocketbook,Potamilus capax,Endangered,Illinois
Onyx Rocksnail,Leptoxis praerosa,Endangered,Illinois
Lea's Bog Lichen,Phaeophyscia leana,Threatened,Illinois
Monkeyface,Quadrula metanevra,Threatened,Illinois
Bird-voiced Treefrog,Hyla avivoca,Threatened,Illinois
Illinois Chorus Frog,Pseudacris illinoensis,Threatened,Illinois
Least Bittern,Ixobrychus exilis,Threatened,Illinois
Yellow-crowned Night-Heron,Nyctanassa violacea,Endangered,Illinois
Least Tern,Sternula antillarum,Endangered,Illinois
Short-eared Owl,Asio flammeus,Endangered,Illinois
Loggerhead Shrike,Lanius ludovicianus,Endangered,Illinois
Cerulean Warbler,Setophaga cerulea,Threatened,Illinois
Swainson's Warbler,Limnothlypis swainsonii,Endangered,Illinois
Pallid Shiner,Hybopsis amnis,Endangered,Illinois
Cypress Minnow,Hybognathus hayi,Endangered,Illinois
Pugnose Shiner,Notropis anogenus,Endangered,Illinois
Taillight Shiner,Notropis maculatus,Endangered,Illinois
Northern Madtom,Noturus stigmosus,Endangered,Illinois
Banded Pygmy Sunfish,Elassoma zonatum,Threatened,Illinois
Bantam Sunfish,Lepomis symmetricus,Threatened,Illinois
Redspotted Sunfish,Lepomis miniatus,Threatened,Illinois
Harlequin Darter,Etheostoma histrio,Endangered,Illinois
Southeastern Myotis,Myotis austroriparius,Endangered,Illinois
Gray Bat,Myotis grisescens,Endangered,Illinois
Indiana Bat,Myotis sodalis,Endangered,Illinois
Northern Long-eared Bat,Myotis septentrionalis,Endangered,Illinois
Rafinesque's Big-eared Bat,Corynorhinus rafinesquii,Endangered,Illinois
River Cooter,Pseudemys concinna,Endangered,Illinois
Eastern Ribbon Snake,Thamnophis saurita,Threatened,Illinois
Bigclaw Crayfish,Faxonius placidus,Endangered,Illinois
Purple Wartyback,Cyclonaias tuberculata,Threatened,Illinois
Butterfly,Ellipsaria lineolata,Threatened,Illinois
Elephant-ear,Elliptio crassidens,Endangered,Illinois
Spike,Eurynia dilatata,Endangered,Illinois
Ebonyshell,Reginaia ebenus,Endangered,Illinois
Orangefoot Pimpleback,Plethobasus cooperianus,Endangered,Illinois
Sheepnose,Plethobasus cyphyus,Endangered,Illinois
Ohio Pigtoe,Pleurobema cordatum,Endangered,Illinois
Fat Pocketbook,Potamilus capax,Endangered,Illinois
Rabbitsfoot,Theliderma cylindrica,Endangered,Illinois
Water Willow,Justicia ovata,Endangered,Illinois
Narrow-leaved Sunflower,Helianthus angustifolius,Endangered,Illinois
White Melanthera,Melanthera nivea,Endangered,Illinois
American Strawberry Bush,Euonymus americanus,Threatened,Illinois
Squirting Cucumber,Melothria pendula,Threatened,Illinois
Nuttall's Oak,Quercus texana,Endangered,Illinois
Willow Oak,Quercus phellos,Threatened,Illinois
One-flowered Hydrolea,Hydrolea uniflora,Endangered,Illinois
Water Hickory,Carya aquatica,Endangered,Illinois
Creeping Loosestrife,Lysimachia radicans,Endangered,Illinois
Blue Jasmine,Clematis crispa,Endangered,Illinois
Silverbell Tree,Halesia carolina,Endangered,Illinois
Storax,Styrax americanus,Threatened,Illinois
White Basswood,Tilia americana var. heterophylla,Endangered,Illinois
Water Elm,Planera aquatica,Threatened,Illinois
Greenish-white Oval Sedge,Carex albolutescens,Endangered,Illinois
Cypress-knee Sedge,Carex decomposita,Endangered,Illinois
Large Sedge,Carex gigantea,Endangered,Illinois
Swollen Sedge,Carex intumescens,Threatened,Illinois
Sharp-scaled Sedge,Carex oxylepis var. oxylepis,Threatened,Illinois
Sedge,Carex reniformis,Endangered,Illinois
Galingale,Cyperus lancastriensis,Threatened,Illinois
Grass-leaved Lily,Stenanthium gramineum,Threatened,Illinois
Small Yellow Lady's Slipper,Cypripedium parviflorum,Endangered,Illinois
Tubercled Orchid,Platanthera flava,Threatened,Illinois
Spring Ladies' Tresses,Spiranthes vernalis,Endangered,Illinois
Mud Plantain,Heteranthera reniformis,Endangered,Illinois
Southern Grape Fern,Sceptridium biternatum,Endangered,Illinois
Spotted Dusky Salamander,Desmognathus conanti,Endangered,Illinois
Mudpuppy,Necturus maculosus,Threatened,Illinois
King Rail,Rallus elegans,Endangered,Illinois
Monkeyface,Quadrula metanevra,Threatened,Illinois
Shawnee Hills Cavefish,Forbesichthys papilliferus,Threatened,Illinois
Least Bittern,Ixobrychus exilis,Threatened,Illinois
Common Gallinule,Gallinula galeata,Endangered,Illinois
Wilson's Phalarope,Phalaropus tricolor,Endangered,Illinois
Black Tern,Chlidonias niger,Endangered,Illinois
Short-eared Owl,Asio flammeus,Endangered,Illinois
Loggerhead Shrike,Lanius ludovicianus,Endangered,Illinois
Yellow-headed Blackbird,Xanthocephalus xanthocephalus,Endangered,Illinois
Northern Brook Lamprey,Ichthyomyzon fossor,Endangered,Illinois
Cisco,Coregonus artedi,Endangered,Illinois
Ironcolor Shiner,Alburnops chalybaeus,Threatened,Illinois
Trout-perch,Percopsis omiscomaycus,Threatened,Illinois
Starhead Topminnow,Fundulus dispar,Threatened,Illinois
Redspotted Sunfish,Lepomis miniatus,Threatened,Illinois
Indiana Bat,Myotis sodalis,Endangered,Illinois
Northern Long-eared Bat,Myotis septentrionalis,Endangered,Illinois
Plains Hog-nosed Snake,Heterodon nasicus,Threatened,Illinois
Decurrent False Aster,Boltonia decurrens,Threatened,Illinois
Fragile Prickly Pear,Opuntia fragilis,Endangered,Illinois
Royal Catchfly,Silene regia,Endangered,Illinois
Buffalo Clover,Trifolium reflexum,Threatened,Illinois
Queen-of-the-prairie,Filipendula rubra,Threatened,Illinois
American Burnet,Sanguisorba canadensis,Endangered,Illinois
Yellow Monkey Flower,Erythranthe geyeri,Endangered,Illinois
Large-flowered Beard Tongue,Penstemon grandiflorus,Endangered,Illinois
Prairie Spiderwort,Tradescantia bracteata,Endangered,Illinois
Small-fruited Bulrush,Scirpus microcarpus,Endangered,Illinois
Blue Grama,Bouteloua gracilis,Endangered,Illinois
American Bur-reed,Sparganium americanum,Endangered,Illinois
Rusty Patched Bumble Bee,Bombus affinis,Endangered,Illinois
Northern Harrier,Circus hudsonius,Endangered,Illinois
King Rail,Rallus elegans,Endangered,Illinois
Lake Sturgeon,Acipenser fulvescens,Endangered,Illinois
Spectaclecase,Margaritifera monodonta,Endangered,Illinois
Butterfly,Ellipsaria lineolata,Threatened,Illinois
Elephant-ear,Elliptio crassidens,Endangered,Illinois
Ebonyshell,Reginaia ebenus,Endangered,Illinois
Monkeyface,Quadrula metanevra,Threatened,Illinois
Eastern Narrowmouth Toad,Gastrophryne carolinensis,Threatened,Illinois
Common Gallinule,Gallinula galeata,Endangered,Illinois
Least Tern,Sternula antillarum,Endangered,Illinois
Short-eared Owl,Asio flammeus,Endangered,Illinois
Loggerhead Shrike,Lanius ludovicianus,Endangered,Illinois
Lake Sturgeon,Acipenser fulvescens,Endangered,Illinois
Pallid Sturgeon,Scaphirhynchus albus,Endangered,Illinois
Bigeye Shiner,Miniellus boops,Endangered,Illinois
Sturgeon Chub,Macrhybopsis gelida,Endangered,Illinois
Crystal Darter,Crystallaria asprella,Endangered,Illinois
Western Sand Darter,Ammocrypta clara,Endangered,Illinois
Indiana Bat,Myotis sodalis,Endangered,Illinois
Northern Long-eared Bat,Myotis septentrionalis,Endangered,Illinois
Alligator Snapping Turtle,Macrochelys temminckii,Endangered,Illinois
Ornate Box Turtle,Terrapene ornata,Threatened,Illinois
Great Plains Ratsnake,Pantherophis emoryi,Endangered,Illinois
Flat-headed Snake,Tantilla gracilis,Threatened,Illinois
Timber Rattlesnake,Crotalus horridus,Threatened,Illinois
Bigclaw Crayfish,Faxonius placidus,Endangered,Illinois
Mock Bishop's Weed,Ptilimnium nuttallii,Endangered,Illinois
Missouri Orange Coneflower,Rudbeckia missouriensis,Threatened,Illinois
Whitlow Grass,Draba cuneifolia,Endangered,Illinois
Yellow Honeysuckle,Lonicera flava,Endangered,Illinois
Stickleaf,Mentzelia oligosperma,Endangered,Illinois
Fameflower,Phemeranthus calycinus,Endangered,Illinois
Harvey's Buttercup,Ranunculus harveyi,Threatened,Illinois
Nettle,Urtica chamaedryoides,Threatened,Illinois
Shortleaf Pine,Pinus echinata,Endangered,Illinois
Bellows Beak Sedge,Carex albicans var. australis,Endangered,Illinois
Carolina Whipgrass,Scleria pauciflora,Endangered,Illinois
Crested Coralroot Orchid,Hexalectris spicata,Endangered,Illinois
Small Whorled Pogonia,Isotria medeoloides,Endangered,Illinois
Bradley's Spleenwort,Asplenium bradleyi,Endangered,Illinois
Cliff Clubmoss,Huperzia porophila,Threatened,Illinois
Common Striped Scorpion,Centruroides vittatus,Endangered,Illinois
Northern Harrier,Circus hudsonius,Endangered,Illinois
Yellow-crowned Night-Heron,Nyctanassa violacea,Endangered,Illinois
Common Gallinule,Gallinula galeata,Endangered,Illinois
Short-eared Owl,Asio flammeus,Endangered,Illinois
Loggerhead Shrike,Lanius ludovicianus,Endangered,Illinois
Eastern Sand Darter,Ammocrypta pellucida,Threatened,Illinois
Spike,Eurynia dilatata,Endangered,Illinois
Storax,Styrax americanus,Threatened,Illinois
Grass-leaved Lily,Stenanthium gramineum,Threatened,Illinois
Northern Harrier,Circus hudsonius,Endangered,Illinois
King Rail,Rallus elegans,Endangered,Illinois
Gravel Chub,Erimystax x-punctatus,Threatened,Illinois
Ornate Box Turtle,Terrapene ornata,Threatened,Illinois
Speckled Alder,Alnus incana ssp. rugosa,Endangered,Illinois
Pinweed,Lechea intermedia,Endangered,Illinois
Rusty Patched Bumble Bee,Bombus affinis,Endangered,Illinois
Ainslie�s Epeolus,Epeolus ainsliei,Endangered,Illinois
Four-toed Salamander,Hemidactylium scutatum,Threatened,Illinois
Black-crowned Night-Heron,Nycticorax nycticorax,Endangered,Illinois
Yellow-crowned Night-Heron,Nyctanassa violacea,Endangered,Illinois
Cerulean Warbler,Setophaga cerulea,Threatened,Illinois
Yellow-headed Blackbird,Xanthocephalus xanthocephalus,Endangered,Illinois
Lake Sturgeon,Acipenser fulvescens,Endangered,Illinois
Pallid Shiner,Hybopsis amnis,Endangered,Illinois
Pugnose Shiner,Notropis anogenus,Endangered,Illinois
Weed Shiner,Alburnops texanus,Endangered,Illinois
Gravel Chub,Erimystax x-punctatus,Threatened,Illinois
River Redhorse,Moxostoma carinatum,Threatened,Illinois
Crystal Darter,Crystallaria asprella,Endangered,Illinois
Western Sand Darter,Ammocrypta clara,Endangered,Illinois
Indiana Bat,Myotis sodalis,Endangered,Illinois
Northern Long-eared Bat,Myotis septentrionalis,Endangered,Illinois
Blanding's Turtle,Emydoidea blandingii,Endangered,Illinois
Smooth Softshell,Apalone mutica,Threatened,Illinois
Plains Hog-nosed Snake,Heterodon nasicus,Threatened,Illinois
Spectaclecase,Margaritifera monodonta,Endangered,Illinois
Purple Wartyback,Cyclonaias tuberculata,Threatened,Illinois
Butterfly,Ellipsaria lineolata,Threatened,Illinois
Spike,Eurynia dilatata,Endangered,Illinois
Ebonyshell,Reginaia ebenus,Endangered,Illinois
Higgins Eye,Lampsilis higginsii,Endangered,Illinois
Sheepnose,Plethobasus cyphyus,Endangered,Illinois
Purple Lilliput,Toxolasma lividum,Endangered,Illinois
Forked Aster,Eurybia furcata,Threatened,Illinois
Butternut,Juglans cinerea,Endangered,Illinois
Downy Yellow Painted Cup,Castilleja sessiliflora,Endangered,Illinois
Corn Salad,Valerianella umbilicata,Endangered,Illinois
Plains Sedge,Carex inops ssp. heliophila,Endangered,Illinois
Spotted Coral-root Orchid,Corallorhiza maculata,Endangered,Illinois
Running Pine,Lycopodium clavatum,Endangered,Illinois
Rusty Patched Bumble Bee,Bombus affinis,Endangered,Illinois
Western Banded Killifish,Fundulus diaphanus menona,Threatened,Illinois
Mudpuppy,Necturus maculosus,Threatened,Illinois
Mining Bee,Protandrena bancrofti,Threatened,Illinois
Monkeyface,Quadrula metanevra,Threatened,Illinois
Least Bittern,Ixobrychus exilis,Threatened,Illinois
Short-eared Owl,Asio flammeus,Endangered,Illinois
Chuck-will's-widow,Antrostomus carolinensis,Threatened,Illinois
Loggerhead Shrike,Lanius ludovicianus,Endangered,Illinois
Southeastern Myotis,Myotis austroriparius,Endangered,Illinois
Indiana Bat,Myotis sodalis,Endangered,Illinois
Eastern Small-footed Myotis,Myotis leibii,Threatened,Illinois
Northern Long-eared Bat,Myotis septentrionalis,Endangered,Illinois
Eastern Ribbon Snake,Thamnophis saurita,Threatened,Illinois
Timber Rattlesnake,Crotalus horridus,Threatened,Illinois
Packard's Cave Amphipod,Crangonyx packardi,Endangered,Illinois
Indiana Crayfish,Faxonius indianensis,Endangered,Illinois
Eryngo,Eryngium prostratum,Endangered,Illinois
Mead's Milkweed,Asclepias meadii,Endangered,Illinois
American Orpine,Hylotelephium telephioides,Threatened,Illinois
Smooth False Indigo,Amorpha nitens,Endangered,Illinois
Rock Chestnut Oak,Quercus montana,Threatened,Illinois
Water Hickory,Carya aquatica,Endangered,Illinois
Dull Meadow Beauty,Rhexia mariana,Endangered,Illinois
Heart-leaved Plantain,Plantago cordata,Endangered,Illinois
French's Shootingstar,Dodecatheon frenchii,Threatened,Illinois
Black Cohosh,Actaea rubifolia,Endangered,Illinois
Arkansas Sedge,Carex arkansana,Endangered,Illinois
Swollen Sedge,Carex intumescens,Threatened,Illinois
Sharp-scaled Sedge,Carex oxylepis var. oxylepis,Threatened,Illinois
Willdenow's Sedge,Carex willdenowii,Threatened,Illinois
Carolina Whipgrass,Scleria pauciflora,Endangered,Illinois
Spring Ladies' Tresses,Spiranthes vernalis,Endangered,Illinois
Panic Grass,Dichanthelium ravenelii,Endangered,Illinois
Cluster Fescue,Festuca paradoxa,Threatened,Illinois
Wolf's Bluegrass,Poa wolfii,Endangered,Illinois
Bradley's Spleenwort,Asplenium bradleyi,Endangered,Illinois
Southern Grape Fern,Sceptridium biternatum,Endangered,Illinois
Northern Harrier,Circus hudsonius,Endangered,Illinois
Opaque Oval Sedge,Carex opaca,Endangered,Illinois
Least Bittern,Ixobrychus exilis,Threatened,Illinois
Black-crowned Night-Heron,Nycticorax nycticorax,Endangered,Illinois
Black-billed Cuckoo,Coccyzus erythropthalmus,Threatened,Illinois
Short-eared Owl,Asio flammeus,Endangered,Illinois
Loggerhead Shrike,Lanius ludovicianus,Endangered,Illinois
Franklin's Ground Squirrel,Poliocitellus franklinii,Threatened,Illinois
Ornate Box Turtle,Terrapene ornata,Threatened,Illinois
Smooth Softshell,Apalone mutica,Threatened,Illinois
Kirtland's Snake,Clonophis kirtlandii,Threatened,Illinois
Lined Snake,Tropidoclonion lineatum,Threatened,Illinois
Royal Catchfly,Silene regia,Endangered,Illinois
Great Chickweed,Stellaria pubera,Endangered,Illinois
Rock Chestnut Oak,Quercus montana,Threatened,Illinois
White Bergamot,Monarda clinopodia,Threatened,Illinois
Heart-leaved Plantain,Plantago cordata,Endangered,Illinois
Prairie Spiderwort,Tradescantia bracteata,Endangered,Illinois
Virginia Bunchflower,Melanthium virginicum,Endangered,Illinois
Northern Harrier,Circus hudsonius,Endangered,Illinois
Mudpuppy,Necturus maculosus,Threatened,Illinois
River Redhorse,Moxostoma carinatum,Threatened,Illinois
Trout-perch,Percopsis omiscomaycus,Threatened,Illinois
Indiana Bat,Myotis sodalis,Endangered,Illinois
Northern Long-eared Bat,Myotis septentrionalis,Endangered,Illinois
Kirtland's Snake,Clonophis kirtlandii,Threatened,Illinois
Decurrent False Aster,Boltonia decurrens,Threatened,Illinois
Arrowwood,Viburnum molle,Threatened,Illinois
Butternut,Juglans cinerea,Endangered,Illinois
Drooping Sedge,Carex prasina,Threatened,Illinois
Wolf's Bluegrass,Poa wolfii,Endangered,Illinois
Southern Grape Fern,Sceptridium biternatum,Endangered,Illinois
Lake Sturgeon,Acipenser fulvescens,Endangered,Illinois
Pallid Shiner,Hybopsis amnis,Endangered,Illinois
Pugnose Shiner,Notropis anogenus,Endangered,Illinois
Weed Shiner,Alburnops texanus,Endangered,Illinois
Western Sand Darter,Ammocrypta clara,Endangered,Illinois
Spectaclecase,Margaritifera monodonta,Endangered,Illinois
Butterfly,Ellipsaria lineolata,Threatened,Illinois
Higgins Eye,Lampsilis higginsii,Endangered,Illinois
Sheepnose,Plethobasus cyphyus,Endangered,Illinois
Monkeyface,Quadrula metanevra,Threatened,Illinois
Illinois Chorus Frog,Pseudacris illinoensis,Threatened,Illinois
Indiana Bat,Myotis sodalis,Endangered,Illinois
Ornate Box Turtle,Terrapene ornata,Threatened,Illinois
Timber Rattlesnake,Crotalus horridus,Threatened,Illinois
Cobweb Skipper,Hesperia metea,Endangered,Illinois
Western Regal Fritillary,Argynnis idalia occidentalis,Threatened,Illinois
Ebonyshell,Reginaia ebenus,Endangered,Illinois
Decurrent False Aster,Boltonia decurrens,Threatened,Illinois
Bent Milk Vetch,Astragalus distortus,Endangered,Illinois
Prairie Spiderwort,Tradescantia bracteata,Endangered,Illinois
Ross' Polyamia,Polyamia rossi,Threatened,Illinois
Osprey,Pandion haliaetus,Threatened,Illinois
River Redhorse,Moxostoma carinatum,Threatened,Illinois
Redspotted Sunfish,Lepomis miniatus,Threatened,Illinois
Crystal Darter,Crystallaria asprella,Endangered,Illinois
American Bittern,Botaurus lentiginosus,Endangered,Illinois
Least Bittern,Ixobrychus exilis,Threatened,Illinois
Black-crowned Night-Heron,Nycticorax nycticorax,Endangered,Illinois
Osprey,Pandion haliaetus,Threatened,Illinois
Upland Sandpiper,Bartramia longicauda,Endangered,Illinois
Wilson's Phalarope,Phalaropus tricolor,Endangered,Illinois
Short-eared Owl,Asio flammeus,Endangered,Illinois
Loggerhead Shrike,Lanius ludovicianus,Endangered,Illinois
Bigeye Chub,Hybopsis amblops,Threatened,Illinois
Bigeye Shiner,Miniellus boops,Endangered,Illinois
Western Sand Darter,Ammocrypta clara,Endangered,Illinois
Ornate Box Turtle,Terrapene ornata,Threatened,Illinois
Smooth Softshell,Apalone mutica,Threatened,Illinois
Kirtland's Snake,Clonophis kirtlandii,Threatened,Illinois
Sheepnose,Plethobasus cyphyus,Endangered,Illinois
Buffalo Clover,Trifolium reflexum,Threatened,Illinois
White Bergamot,Monarda clinopodia,Threatened,Illinois
Violet Collinsia,Collinsia violacea,Endangered,Illinois
Tube Beard Tongue,Penstemon tubaeflorus,Endangered,Illinois
Northern Harrier,Circus hudsonius,Endangered,Illinois
King Rail,Rallus elegans,Endangered,Illinois
Lake Sturgeon,Acipenser fulvescens,Endangered,Illinois
Pallid Sturgeon,Scaphirhynchus albus,Endangered,Illinois
Bigeye Shiner,Miniellus boops,Endangered,Illinois
Western Sand Darter,Ammocrypta clara,Endangered,Illinois
Ebonyshell,Reginaia ebenus,Endangered,Illinois
Least Bittern,Ixobrychus exilis,Threatened,Illinois
Snowy Egret,Egretta thula,Endangered,Illinois
Little Blue Heron,Egretta caerulea,Endangered,Illinois
Black-crowned Night-Heron,Nycticorax nycticorax,Endangered,Illinois
Yellow-crowned Night-Heron,Nyctanassa violacea,Endangered,Illinois
Common Gallinule,Gallinula galeata,Endangered,Illinois
Short-eared Owl,Asio flammeus,Endangered,Illinois
Loggerhead Shrike,Lanius ludovicianus,Endangered,Illinois
Indiana Bat,Myotis sodalis,Endangered,Illinois
Northern Long-eared Bat,Myotis septentrionalis,Endangered,Illinois
Smooth Softshell,Apalone mutica,Threatened,Illinois
Illinois Cave Amphipod,Gammarus acherondytes,Endangered,Illinois
Hydrobiid cave snail,Fontigens antroecetes,Endangered,Illinois
Decurrent False Aster,Boltonia decurrens,Threatened,Illinois
Squirting Cucumber,Melothria pendula,Threatened,Illinois
Buffalo Clover,Trifolium reflexum,Threatened,Illinois
Prairie Rose Gentian,Sabatia campestris,Endangered,Illinois
Wild Blue Sage,Salvia azurea var. grandiflora,Threatened,Illinois
False Mallow,Malvastrum hispidum,Endangered,Illinois
Tube Beard Tongue,Penstemon tubaeflorus,Endangered,Illinois
Green Trillium,Trillium viride,Endangered,Illinois
Northern Harrier,Circus hudsonius,Endangered,Illinois
Pallid Sturgeon,Scaphirhynchus albus,Endangered,Illinois
Gravel Chub,Erimystax x-punctatus,Threatened,Illinois
Western Sand Darter,Ammocrypta clara,Endangered,Illinois
Upland Sandpiper,Bartramia longicauda,Endangered,Illinois
Loggerhead Shrike,Lanius ludovicianus,Endangered,Illinois
Blacknose Shiner,Notropis heterolepis,Endangered,Illinois
Cluster Fescue,Festuca paradoxa,Threatened,Illinois
Monkeyface,Quadrula metanevra,Threatened,Illinois
Lake Sturgeon,Acipenser fulvescens,Endangered,Illinois
Pallid Sturgeon,Scaphirhynchus albus,Endangered,Illinois
Bigeye Shiner,Miniellus boops,Endangered,Illinois
Western Sand Darter,Ammocrypta clara,Endangered,Illinois
Upland Sandpiper,Bartramia longicauda,Endangered,Illinois
Brassy Minnow,Hybognathus hankinsoni,Endangered,Illinois
Blacknose Shiner,Notropis heterolepis,Endangered,Illinois
Ozark Minnow,Miniellus nubilus,Threatened,Illinois
Weed Shiner,Alburnops texanus,Endangered,Illinois
Gravel Chub,Erimystax x-punctatus,Threatened,Illinois
Northern Long-eared Bat,Myotis septentrionalis,Endangered,Illinois
Gray/Timber Wolf,Canis lupus,Endangered,Illinois
Blanding's Turtle,Emydoidea blandingii,Endangered,Illinois
Spike,Eurynia dilatata,Endangered,Illinois
Tall Sunflower,Helianthus giganteus,Endangered,Illinois
Yellow Birch,Betula alleghaniensis,Endangered,Illinois
Butternut,Juglans cinerea,Endangered,Illinois
Prairie Buttercup,Ranunculus rhomboideus,Endangered,Illinois
Sullivantia,Sullivantia sullivantii,Threatened,Illinois
Downy Yellow Painted Cup,Castilleja sessiliflora,Endangered,Illinois
Northern Grape Fern,Sceptridium multifidum,Endangered,Illinois
Rusty Patched Bumble Bee,Bombus affinis,Endangered,Illinois
Northern Brook Lamprey,Ichthyomyzon fossor,Endangered,Illinois
Bigeye Chub,Hybopsis amblops,Threatened,Illinois
River Redhorse,Moxostoma carinatum,Threatened,Illinois
Elephant-ear,Elliptio crassidens,Endangered,Illinois
Ebonyshell,Reginaia ebenus,Endangered,Illinois
Monkeyface,Quadrula metanevra,Threatened,Illinois
Illinois Chorus Frog,Pseudacris illinoensis,Threatened,Illinois
Black-crowned Night-Heron,Nycticorax nycticorax,Endangered,Illinois
Osprey,Pandion haliaetus,Threatened,Illinois
Short-eared Owl,Asio flammeus,Endangered,Illinois
Chuck-will's-widow,Antrostomus carolinensis,Threatened,Illinois
Loggerhead Shrike,Lanius ludovicianus,Endangered,Illinois
Cerulean Warbler,Setophaga cerulea,Threatened,Illinois
American Brook Lamprey,Lethenteron appendix,Threatened,Illinois
Lake Sturgeon,Acipenser fulvescens,Endangered,Illinois
Ironcolor Shiner,Alburnops chalybaeus,Threatened,Illinois
River Redhorse,Moxostoma carinatum,Threatened,Illinois
Trout-perch,Percopsis omiscomaycus,Threatened,Illinois
Starhead Topminnow,Fundulus dispar,Threatened,Illinois
Redspotted Sunfish,Lepomis miniatus,Threatened,Illinois
Ornate Box Turtle,Terrapene ornata,Threatened,Illinois
Yellow Mud Turtle,Kinosternon flavescens,Endangered,Illinois
Plains Hog-nosed Snake,Heterodon nasicus,Threatened,Illinois
Elephant-ear,Elliptio crassidens,Endangered,Illinois
Ebonyshell,Reginaia ebenus,Endangered,Illinois
Forked Aster,Eurybia furcata,Threatened,Illinois
Decurrent False Aster,Boltonia decurrens,Threatened,Illinois
Lakeside Daisy,Tetraneuris herbacea,Endangered,Illinois
James' Clammyweed,Polanisia jamesii,Endangered,Illinois
Tennessee Milk Vetch,Astragalus tennesseensis,Endangered,Illinois
Golden Corydalis,Corydalis aurea,Endangered,Illinois
Broomrape,Orobanche ludoviciana,Threatened,Illinois
Heart-leaved Plantain,Plantago cordata,Endangered,Illinois
Kittentails,Synthyris bullii,Threatened,Illinois
Small Yellow Lady's Slipper,Cypripedium parviflorum,Endangered,Illinois
Wolf's Bluegrass,Poa wolfii,Endangered,Illinois
Rusty Patched Bumble Bee,Bombus affinis,Endangered,Illinois
Northern Harrier,Circus hudsonius,Endangered,Illinois
Mudpuppy,Necturus maculosus,Threatened,Illinois
Walsh's Anthophora,Anthophora walshii,Threatened,Illinois
Bird-voiced Treefrog,Hyla avivoca,Threatened,Illinois
Eastern Narrowmouth Toad,Gastrophryne carolinensis,Threatened,Illinois
Least Bittern,Ixobrychus exilis,Threatened,Illinois
Little Blue Heron,Egretta caerulea,Endangered,Illinois
Common Gallinule,Gallinula galeata,Endangered,Illinois
Chuck-will's-widow,Antrostomus carolinensis,Threatened,Illinois
Loggerhead Shrike,Lanius ludovicianus,Endangered,Illinois
Cerulean Warbler,Setophaga cerulea,Threatened,Illinois
Pallid Sturgeon,Scaphirhynchus albus,Endangered,Illinois
Cypress Minnow,Hybognathus hayi,Endangered,Illinois
Bigeye Shiner,Miniellus boops,Endangered,Illinois
Weed Shiner,Alburnops texanus,Endangered,Illinois
Sturgeon Chub,Macrhybopsis gelida,Endangered,Illinois
River Redhorse,Moxostoma carinatum,Threatened,Illinois
Trout-perch,Percopsis omiscomaycus,Threatened,Illinois
Starhead Topminnow,Fundulus dispar,Threatened,Illinois
Banded Pygmy Sunfish,Elassoma zonatum,Threatened,Illinois
Bantam Sunfish,Lepomis symmetricus,Threatened,Illinois
Redspotted Sunfish,Lepomis miniatus,Threatened,Illinois
Western Sand Darter,Ammocrypta clara,Endangered,Illinois
Southeastern Myotis,Myotis austroriparius,Endangered,Illinois
Indiana Bat,Myotis sodalis,Endangered,Illinois
Northern Long-eared Bat,Myotis septentrionalis,Endangered,Illinois
Rafinesque's Big-eared Bat,Corynorhinus rafinesquii,Endangered,Illinois
Alligator Snapping Turtle,Macrochelys temminckii,Endangered,Illinois
Mississippi Green Watersnake,Nerodia cyclopion,Threatened,Illinois
Flat-headed Snake,Tantilla gracilis,Threatened,Illinois
Eastern Ribbon Snake,Thamnophis saurita,Threatened,Illinois
Timber Rattlesnake,Crotalus horridus,Threatened,Illinois
Packard's Cave Amphipod,Crangonyx packardi,Endangered,Illinois
Bloodleaf,Iresine rhizomatosa,Endangered,Illinois
Mock Bishop's Weed,Ptilimnium nuttallii,Endangered,Illinois
American Strawberry Bush,Euonymus americanus,Threatened,Illinois
Squirting Cucumber,Melothria pendula,Threatened,Illinois
Willow Oak,Quercus phellos,Threatened,Illinois
Rock Chestnut Oak,Quercus montana,Threatened,Illinois
One-flowered Hydrolea,Hydrolea uniflora,Endangered,Illinois
Water Hickory,Carya aquatica,Endangered,Illinois
Pale Hickory,Carya pallida,Endangered,Illinois
Butternut,Juglans cinerea,Endangered,Illinois
White Bergamot,Monarda clinopodia,Threatened,Illinois
Hairy Synandra,Synandra hispidula,Threatened,Illinois
French's Shootingstar,Dodecatheon frenchii,Threatened,Illinois
Creeping Loosestrife,Lysimachia radicans,Endangered,Illinois
Pale False Foxglove,Agalinis skinneriana,Threatened,Illinois
Storax,Styrax americanus,Threatened,Illinois
Nettle,Urtica chamaedryoides,Threatened,Illinois
Shortleaf Pine,Pinus echinata,Endangered,Illinois
Cypress-knee Sedge,Carex decomposita,Endangered,Illinois
Large Sedge,Carex gigantea,Endangered,Illinois
Swollen Sedge,Carex intumescens,Threatened,Illinois
Black-edged Sedge,Carex nigromarginata,Endangered,Illinois
Sharp-scaled Sedge,Carex oxylepis var. oxylepis,Threatened,Illinois
Bellows Beak Sedge,Carex albicans var. australis,Endangered,Illinois
Willdenow's Sedge,Carex willdenowii,Threatened,Illinois
Carolina Whipgrass,Scleria pauciflora,Endangered,Illinois
Green Trillium,Trillium viride,Endangered,Illinois
Tubercled Orchid,Platanthera flava,Threatened,Illinois
Spring Ladies' Tresses,Spiranthes vernalis,Endangered,Illinois
Panic Grass,Dichanthelium yadkinense,Endangered,Illinois
Panic Grass,Dichanthelium joorii,Endangered,Illinois
Arkansas Mannagrass,Glyceria arkansana,Endangered,Illinois
Grass,Torreyochloa pallida,Endangered,Illinois
Bradley's Spleenwort,Asplenium bradleyi,Endangered,Illinois
Black Spleenwort,Asplenium resiliens,Endangered,Illinois
Filmy Fern,Vandenboschia boschiana,Endangered,Illinois
Southern Grape Fern,Sceptridium biternatum,Endangered,Illinois
Northern Harrier,Circus hudsonius,Endangered,Illinois
Mudpuppy,Necturus maculosus,Threatened,Illinois
Central Forestfly,Prostoia ozarkensis,Endangered,Illinois
Shawnee Hills Cavefish,Forbesichthys papilliferus,Threatened,Illinois
Small Flower-of-an-hour,Phemeranthus parviflorus,Threatened,Illinois
Harlequin Darter,Etheostoma histrio,Endangered,Illinois
Smooth Softshell,Apalone mutica,Threatened,Illinois
Ebonyshell,Reginaia ebenus,Endangered,Illinois
Fat Pocketbook,Potamilus capax,Endangered,Illinois
Shawnee Rocksnail,Lithasia obovata,Endangered,Illinois
American Strawberry Bush,Euonymus americanus,Threatened,Illinois
Sharp-scaled Sedge,Carex oxylepis var. oxylepis,Threatened,Illinois
Silvery Salamander,Ambystoma platineum,Endangered,Illinois
Four-toed Salamander,Hemidactylium scutatum,Threatened,Illinois
Least Bittern,Ixobrychus exilis,Threatened,Illinois
Osprey,Pandion haliaetus,Threatened,Illinois
Upland Sandpiper,Bartramia longicauda,Endangered,Illinois
Short-eared Owl,Asio flammeus,Endangered,Illinois
American Brook Lamprey,Lethenteron appendix,Threatened,Illinois
Mottled Sculpin,Cottus bairdii,Threatened,Illinois
Bigeye Chub,Hybopsis amblops,Threatened,Illinois
River Chub,Nocomis micropogon,Endangered,Illinois
Bigeye Shiner,Miniellus boops,Endangered,Illinois
Gravel Chub,Erimystax x-punctatus,Threatened,Illinois
River Redhorse,Moxostoma carinatum,Threatened,Illinois
Northern Madtom,Noturus stigmosus,Endangered,Illinois
Eastern Sand Darter,Ammocrypta pellucida,Threatened,Illinois
Bluebreast Darter,Nothonotus camurus,Threatened,Illinois
Southeastern Myotis,Myotis austroriparius,Endangered,Illinois
Indiana Bat,Myotis sodalis,Endangered,Illinois
Northern Long-eared Bat,Myotis septentrionalis,Endangered,Illinois
Franklin's Ground Squirrel,Poliocitellus franklinii,Threatened,Illinois
Blanding's Turtle,Emydoidea blandingii,Endangered,Illinois
Smooth Softshell,Apalone mutica,Threatened,Illinois
Swamp Metalmark,Calephelis muticum,Endangered,Illinois
Purple Wartyback,Cyclonaias tuberculata,Threatened,Illinois
Ebonyshell,Reginaia ebenus,Endangered,Illinois
Wavy-rayed Lampmussel,Lampsilis fasciola,Endangered,Illinois
Clubshell,Pleurobema clava,Endangered,Illinois
Kidneyshell,Ptychobranchus fasciolaris,Endangered,Illinois
Rabbitsfoot,Theliderma cylindrica,Endangered,Illinois
Salamander Mussel,Simpsonaias ambigua,Endangered,Illinois
Purple Lilliput,Toxolasma lividum,Endangered,Illinois
Mead's Milkweed,Asclepias meadii,Endangered,Illinois
Royal Catchfly,Silene regia,Endangered,Illinois
Butternut,Juglans cinerea,Endangered,Illinois
White Bergamot,Monarda clinopodia,Threatened,Illinois
Queen-of-the-prairie,Filipendula rubra,Threatened,Illinois
Limestone Riverbank Violet,Viola viarum,Endangered,Illinois
Sedge,Carex bromoides,Threatened,Illinois
Drooping Sedge,Carex prasina,Threatened,Illinois
Willdenow's Sedge,Carex willdenowii,Threatened,Illinois
Bulrush,Scirpus hattorianus,Endangered,Illinois
Small Yellow Lady's Slipper,Cypripedium parviflorum,Endangered,Illinois
Weak Bluegrass,Poa saltuensis ssp. languida,Endangered,Illinois
Wolf's Bluegrass,Poa wolfii,Endangered,Illinois
Robust Springfly,Diploperla robusta,Endangered,Illinois
Northern Riffleshell,Epioblasma rangiana,Endangered,Illinois
Northern Harrier,Circus hudsonius,Endangered,Illinois
Tippecanoe Darter,Nothonotus tippecanoe,Threatened,Illinois
Mudpuppy,Necturus maculosus,Threatened,Illinois
Streamline Chub,Erimystax dissimilis,Threatened,Illinois
Monkeyface,Quadrula metanevra,Threatened,Illinois
Rainbow,Cambarunio iris,Endangered,Illinois
Gravel Chub,Erimystax x-punctatus,Threatened,Illinois
Northern Long-eared Bat,Myotis septentrionalis,Endangered,Illinois
Jefferson Salamander,Ambystoma jeffersonianum,Threatened,Illinois
River Chub,Nocomis micropogon,Endangered,Illinois
Gravel Chub,Erimystax x-punctatus,Threatened,Illinois
Greater Redhorse,Moxostoma valenciennesi,Endangered,Illinois
Elephant-ear,Elliptio crassidens,Endangered,Illinois
Monkeyface,Quadrula metanevra,Threatened,Illinois
Wilson's Phalarope,Phalaropus tricolor,Endangered,Illinois
Least Tern,Sternula antillarum,Endangered,Illinois
Black Tern,Chlidonias niger,Endangered,Illinois
Loggerhead Shrike,Lanius ludovicianus,Endangered,Illinois
Cerulean Warbler,Setophaga cerulea,Threatened,Illinois
Swainson's Warbler,Limnothlypis swainsonii,Endangered,Illinois
Gravel Chub,Erimystax x-punctatus,Threatened,Illinois
Northern Madtom,Noturus stigmosus,Endangered,Illinois
Eastern Sand Darter,Ammocrypta pellucida,Threatened,Illinois
Harlequin Darter,Etheostoma histrio,Endangered,Illinois
Alligator Snapping Turtle,Macrochelys temminckii,Endangered,Illinois
Timber Rattlesnake,Crotalus horridus,Threatened,Illinois
Elephant-ear,Elliptio crassidens,Endangered,Illinois
Spike,Eurynia dilatata,Endangered,Illinois
Ebonyshell,Reginaia ebenus,Endangered,Illinois
Fat Pocketbook,Potamilus capax,Endangered,Illinois
Onyx Rocksnail,Leptoxis praerosa,Endangered,Illinois
Shawnee Rocksnail,Lithasia obovata,Endangered,Illinois
Bloodleaf,Iresine rhizomatosa,Endangered,Illinois
Blue Jasmine,Clematis crispa,Endangered,Illinois
Monkeyface,Quadrula metanevra,Threatened,Illinois
Common Gallinule,Gallinula galeata,Endangered,Illinois
Blanding's Turtle,Emydoidea blandingii,Endangered,Illinois
Queen-of-the-prairie,Filipendula rubra,Threatened,Illinois
Rusty Patched Bumble Bee,Bombus affinis,Endangered,Illinois
Rainbow,Cambarunio iris,Endangered,Illinois
Indiana Bat,Myotis sodalis,Endangered,Illinois
Northern Long-eared Bat,Myotis septentrionalis,Endangered,Illinois
Eastern Massasauga,Sistrurus catenatus,Endangered,Illinois
Virginia Bunchflower,Melanthium virginicum,Endangered,Illinois
Purple Lilliput,Toxolasma lividum,Endangered,Illinois
Loggerhead Shrike,Lanius ludovicianus,Endangered,Illinois
Cypress Minnow,Hybognathus hayi,Endangered,Illinois
Indiana Bat,Myotis sodalis,Endangered,Illinois
Ornate Box Turtle,Terrapene ornata,Threatened,Illinois
Eastern Massasauga,Sistrurus catenatus,Endangered,Illinois
Buffalo Clover,Trifolium reflexum,Threatened,Illinois
Wild Blue Sage,Salvia azurea var. grandiflora,Threatened,Illinois
Tubercled Orchid,Platanthera flava,Threatened,Illinois
Cluster Fescue,Festuca paradoxa,Threatened,Illinois
Opaque Oval Sedge,Carex opaca,Endangered,Illinois
Monkeyface,Quadrula metanevra,Threatened,Illinois
Least Bittern,Ixobrychus exilis,Threatened,Illinois
Black-crowned Night-Heron,Nycticorax nycticorax,Endangered,Illinois
Yellow-crowned Night-Heron,Nyctanassa violacea,Endangered,Illinois
Common Gallinule,Gallinula galeata,Endangered,Illinois
Loggerhead Shrike,Lanius ludovicianus,Endangered,Illinois
Eastern Ribbon Snake,Thamnophis saurita,Threatened,Illinois
Little Wabash Crayfish,Faxonius stannardi,Endangered,Illinois
Spike,Eurynia dilatata,Endangered,Illinois
Ebonyshell,Reginaia ebenus,Endangered,Illinois
Storax,Styrax americanus,Threatened,Illinois
Arkansas Sedge,Carex arkansana,Endangered,Illinois
Swollen Sedge,Carex intumescens,Threatened,Illinois
Grass-leaved Lily,Stenanthium gramineum,Threatened,Illinois
Northern Harrier,Circus hudsonius,Endangered,Illinois
King Rail,Rallus elegans,Endangered,Illinois
Hellbender,Cryptobranchus alleganiensis,Endangered,Illinois
Greater Prairie-Chicken,Tympanuchus cupido,Endangered,Illinois
Least Tern,Sternula antillarum,Endangered,Illinois
Gravel Chub,Erimystax x-punctatus,Threatened,Illinois
River Redhorse,Moxostoma carinatum,Threatened,Illinois
Banded Pygmy Sunfish,Elassoma zonatum,Threatened,Illinois
Redspotted Sunfish,Lepomis miniatus,Threatened,Illinois
Crystal Darter,Crystallaria asprella,Endangered,Illinois
Harlequin Darter,Etheostoma histrio,Endangered,Illinois
River Cooter,Pseudemys concinna,Endangered,Illinois
Smooth Softshell,Apalone mutica,Threatened,Illinois
Indiana Crayfish,Faxonius indianensis,Endangered,Illinois
Little Wabash Crayfish,Faxonius stannardi,Endangered,Illinois
Purple Wartyback,Cyclonaias tuberculata,Threatened,Illinois
Fanshell,Cyprogenia stegaria,Endangered,Illinois
Elephant-ear,Elliptio crassidens,Endangered,Illinois
Spike,Eurynia dilatata,Endangered,Illinois
Ebonyshell,Reginaia ebenus,Endangered,Illinois
Fat Pocketbook,Potamilus capax,Endangered,Illinois
Kidneyshell,Ptychobranchus fasciolaris,Endangered,Illinois
Purple Lilliput,Toxolasma lividum,Endangered,Illinois
Onyx Rocksnail,Leptoxis praerosa,Endangered,Illinois
Shawnee Rocksnail,Lithasia obovata,Endangered,Illinois
Lea's Bog Lichen,Phaeophyscia leana,Threatened,Illinois
Northern Harrier,Circus hudsonius,Endangered,Illinois
Monkeyface,Quadrula metanevra,Threatened,Illinois
Least Bittern,Ixobrychus exilis,Threatened,Illinois
Common Gallinule,Gallinula galeata,Endangered,Illinois
Loggerhead Shrike,Lanius ludovicianus,Endangered,Illinois
Yellow-headed Blackbird,Xanthocephalus xanthocephalus,Endangered,Illinois
Lake Sturgeon,Acipenser fulvescens,Endangered,Illinois
Pugnose Shiner,Notropis anogenus,Endangered,Illinois
Blacknose Shiner,Notropis heterolepis,Endangered,Illinois
Weed Shiner,Alburnops texanus,Endangered,Illinois
Gravel Chub,Erimystax x-punctatus,Threatened,Illinois
Starhead Topminnow,Fundulus dispar,Threatened,Illinois
Crystal Darter,Crystallaria asprella,Endangered,Illinois
Western Sand Darter,Ammocrypta clara,Endangered,Illinois
Northern Long-eared Bat,Myotis septentrionalis,Endangered,Illinois
Franklin's Ground Squirrel,Poliocitellus franklinii,Threatened,Illinois
Gray/Timber Wolf,Canis lupus,Endangered,Illinois
Blanding's Turtle,Emydoidea blandingii,Endangered,Illinois
Ornate Box Turtle,Terrapene ornata,Threatened,Illinois
Yellow Mud Turtle,Kinosternon flavescens,Endangered,Illinois
Smooth Softshell,Apalone mutica,Threatened,Illinois
Plains Hog-nosed Snake,Heterodon nasicus,Threatened,Illinois
Western Regal Fritillary,Argynnis idalia occidentalis,Threatened,Illinois
Purple Wartyback,Cyclonaias tuberculata,Threatened,Illinois
Butterfly,Ellipsaria lineolata,Threatened,Illinois
Higgins Eye,Lampsilis higginsii,Endangered,Illinois
Sheepnose,Plethobasus cyphyus,Endangered,Illinois
Prairie Dandelion,Nothocalais cuspidata,Endangered,Illinois
Fragile Prickly Pear,Opuntia fragilis,Endangered,Illinois
False Heather,Hudsonia tomentosa,Endangered,Illinois
Bent Milk Vetch,Astragalus distortus,Endangered,Illinois
Wild Blue Sage,Salvia azurea var. grandiflora,Threatened,Illinois
Broomrape,Orobanche ludoviciana,Threatened,Illinois
Kittentails,Synthyris bullii,Threatened,Illinois
Yellow Monkey Flower,Erythranthe geyeri,Endangered,Illinois
Large-flowered Beard Tongue,Penstemon grandiflorus,Endangered,Illinois
Canada Violet,Viola canadensis,Endangered,Illinois
Jack Pine,Pinus banksiana,Endangered,Illinois
Sedge,Carex crawfordii,Endangered,Illinois
Plains Sedge,Carex inops ssp. heliophila,Endangered,Illinois
Umbrella Sedge,Cyperus grayoides,Threatened,Illinois
Rusty Patched Bumble Bee,Bombus affinis,Endangered,Illinois
Western Banded Killifish,Fundulus diaphanus menona,Threatened,Illinois
Leafhopper,Commellus colon,Endangered,Illinois
Sand Reed Leafhopper,Flexamia grammica,Endangered,Illinois
Monkeyface,Quadrula metanevra,Threatened,Illinois
Ross' Polyamia,Polyamia rossi,Threatened,Illinois
Four-toed Salamander,Hemidactylium scutatum,Threatened,Illinois
Least Bittern,Ixobrychus exilis,Threatened,Illinois
Black-crowned Night-Heron,Nycticorax nycticorax,Endangered,Illinois
Osprey,Pandion haliaetus,Threatened,Illinois
Common Gallinule,Gallinula galeata,Endangered,Illinois
Upland Sandpiper,Bartramia longicauda,Endangered,Illinois
Short-eared Owl,Asio flammeus,Endangered,Illinois
Loggerhead Shrike,Lanius ludovicianus,Endangered,Illinois
Cerulean Warbler,Setophaga cerulea,Threatened,Illinois
Yellow-headed Blackbird,Xanthocephalus xanthocephalus,Endangered,Illinois
Mottled Sculpin,Cottus bairdii,Threatened,Illinois
Pallid Shiner,Hybopsis amnis,Endangered,Illinois
Bigeye Shiner,Miniellus boops,Endangered,Illinois
Ironcolor Shiner,Alburnops chalybaeus,Threatened,Illinois
Blackchin Shiner,Miniellus heterodon,Threatened,Illinois
Blacknose Shiner,Notropis heterolepis,Endangered,Illinois
Weed Shiner,Alburnops texanus,Endangered,Illinois
River Redhorse,Moxostoma carinatum,Threatened,Illinois
Starhead Topminnow,Fundulus dispar,Threatened,Illinois
Western Sand Darter,Ammocrypta clara,Endangered,Illinois
Northern Long-eared Bat,Myotis septentrionalis,Endangered,Illinois
Franklin's Ground Squirrel,Poliocitellus franklinii,Threatened,Illinois
Spotted Turtle,Clemmys guttata,Endangered,Illinois
Blanding's Turtle,Emydoidea blandingii,Endangered,Illinois
River Cooter,Pseudemys concinna,Endangered,Illinois
Ornate Box Turtle,Terrapene ornata,Threatened,Illinois
Kirtland's Snake,Clonophis kirtlandii,Threatened,Illinois
Eastern Massasauga,Sistrurus catenatus,Endangered,Illinois
Red-tailed Prairie Leafhopper,Aflexia rubranura,Threatened,Illinois
Purplish Copper,Tharsalea helloides,Threatened,Illinois
Aphrodite Fritillary,Argynnis aphrodite,Threatened,Illinois
Eryngium Stem Borer,Papaipema eryngii,Threatened,Illinois
Hine's Emerald Dragonfly,Somatochlora hineana,Endangered,Illinois
Purple Wartyback,Cyclonaias tuberculata,Threatened,Illinois
Spike,Eurynia dilatata,Endangered,Illinois
Snuffbox,Epioblasma triquetra,Endangered,Illinois
Sheepnose,Plethobasus cyphyus,Endangered,Illinois
Salamander Mussel,Simpsonaias ambigua,Endangered,Illinois
Mead's Milkweed,Asclepias meadii,Endangered,Illinois
Forked Aster,Eurybia furcata,Threatened,Illinois
Decurrent False Aster,Boltonia decurrens,Threatened,Illinois
Lakeside Daisy,Tetraneuris herbacea,Endangered,Illinois
Slender Sandwort,Minuartia patula,Threatened,Illinois
Royal Catchfly,Silene regia,Endangered,Illinois
Shore St. John's Wort,Hypericum adpressum,Endangered,Illinois
Narrow-leaved Sundew,Drosera intermedia,Threatened,Illinois
Large Cranberry,Vaccinium macrocarpon,Endangered,Illinois
Leafy Prairie Clover,Dalea foliosa,Endangered,Illinois
Buffalo Clover,Trifolium reflexum,Threatened,Illinois
Golden Corydalis,Corydalis aurea,Endangered,Illinois
Northern Cranesbill,Geranium bicknellii,Endangered,Illinois
Butternut,Juglans cinerea,Endangered,Illinois
Wild Blue Sage,Salvia azurea var. grandiflora,Threatened,Illinois
Flat-leaved Bladderwort,Utricularia intermedia,Threatened,Illinois
Kankakee Mallow,Iliamna remota,Endangered,Illinois
False Mallow,Malvastrum hispidum,Endangered,Illinois
Hairy Umbrella-wort,Mirabilis hirsuta,Endangered,Illinois
Heart-leaved Plantain,Plantago cordata,Endangered,Illinois
Queen-of-the-prairie,Filipendula rubra,Threatened,Illinois
Bristly Blackberry,Rubus setosus,Threatened,Illinois
American Burnet,Sanguisorba canadensis,Endangered,Illinois
Large-flowered Beard Tongue,Penstemon grandiflorus,Endangered,Illinois
American Brooklime,Veronica americana,Endangered,Illinois
Marsh Speedwell,Veronica scutellata,Threatened,Illinois
Corn Salad,Valerianella umbilicata,Endangered,Illinois
Canada Violet,Viola canadensis,Endangered,Illinois
Primrose Violet,Viola primulifolia,Endangered,Illinois
Limestone Riverbank Violet,Viola viarum,Endangered,Illinois
Jack Pine,Pinus banksiana,Endangered,Illinois
Little Green Sedge,Carex viridula,Threatened,Illinois
Beaked Spike Rush,Eleocharis rostellata,Threatened,Illinois
Bulrush,Scirpus hattorianus,Endangered,Illinois
Carolina Whipgrass,Scleria pauciflora,Endangered,Illinois
Common Bog Arrow Grass,Triglochin maritima,Threatened,Illinois
Slender Bog Arrow Grass,Triglochin palustris,Threatened,Illinois
Hairy Woodrush,Luzula acuminata,Endangered,Illinois
Grass Pink Orchid,Calopogon tuberosus,Endangered,Illinois
Spotted Coral-root Orchid,Corallorhiza maculata,Endangered,Illinois
Showy Lady's Slipper,Cypripedium reginae,Endangered,Illinois
Wood Orchid,Platanthera clavellata,Endangered,Illinois
Tubercled Orchid,Platanthera flava,Threatened,Illinois
Eastern Prairie Fringed Orchid,Platanthera leucophaea,Endangered,Illinois
Yellow-lipped Ladies' Tresses,Spiranthes lucida,Endangered,Illinois
American Slough Grass,Beckmannia syzigachne,Endangered,Illinois
Northern Panic Grass,Dichanthelium boreale,Endangered,Illinois
Cluster Fescue,Festuca paradoxa,Threatened,Illinois
Grass-leaved Pondweed,Potamogeton gramineus,Threatened,Illinois
Quillwort,Isoetes butleri,Endangered,Illinois
Running Pine,Lycopodium clavatum,Endangered,Illinois
Oklahoma grass pink orchid,Calopogon oklahomensis,Endangered,Illinois
Hedge Hyssop,Gratiola quartermaniae,Endangered,Illinois
Rusty Patched Bumble Bee,Bombus affinis,Endangered,Illinois
Richardson's Rush,Juncus alpinoarticulatus,Threatened,Illinois
Northern Harrier,Circus hudsonius,Endangered,Illinois
Mudpuppy,Necturus maculosus,Threatened,Illinois
Eastern Straw Sedge,Carex straminea,Endangered,Illinois
King Rail,Rallus elegans,Endangered,Illinois
Monkeyface,Quadrula metanevra,Threatened,Illinois
Ball�s Athysanella,Athysanella balli,Endangered,Illinois
Swink's St. John's Wort,Hypericum swinkianum,Endangered,Illinois
Least Bittern,Ixobrychus exilis,Threatened,Illinois
Yellow-crowned Night-Heron,Nyctanassa violacea,Endangered,Illinois
Osprey,Pandion haliaetus,Threatened,Illinois
Upland Sandpiper,Bartramia longicauda,Endangered,Illinois
Chuck-will's-widow,Antrostomus carolinensis,Threatened,Illinois
Bewick's Wren,Thryomanes bewickii,Endangered,Illinois
Loggerhead Shrike,Lanius ludovicianus,Endangered,Illinois
Least Brook Lamprey,Lampetra aepyptera,Threatened,Illinois
Indiana Bat,Myotis sodalis,Endangered,Illinois
Northern Long-eared Bat,Myotis septentrionalis,Endangered,Illinois
Timber Rattlesnake,Crotalus horridus,Threatened,Illinois
Indiana Crayfish,Faxonius indianensis,Endangered,Illinois
Eryngo,Eryngium prostratum,Endangered,Illinois
Climbing Milkweed,Matelea decipiens,Endangered,Illinois
Willow Oak,Quercus phellos,Threatened,Illinois
Butternut,Juglans cinerea,Endangered,Illinois
Dull Meadow Beauty,Rhexia mariana,Endangered,Illinois
French's Shootingstar,Dodecatheon frenchii,Threatened,Illinois
Shortleaf Pine,Pinus echinata,Endangered,Illinois
Greenish-white Oval Sedge,Carex albolutescens,Endangered,Illinois
Sedge,Carex crawfordii,Endangered,Illinois
Black-edged Sedge,Carex nigromarginata,Endangered,Illinois
Bellows Beak Sedge,Carex albicans var. australis,Endangered,Illinois
Carolina Whipgrass,Scleria pauciflora,Endangered,Illinois
Grass-leaved Lily,Stenanthium gramineum,Threatened,Illinois
Green Trillium,Trillium viride,Endangered,Illinois
Small Yellow Lady's Slipper,Cypripedium parviflorum,Endangered,Illinois
Spring Ladies' Tresses,Spiranthes vernalis,Endangered,Illinois
Bradley's Spleenwort,Asplenium bradleyi,Endangered,Illinois
Northern Harrier,Circus hudsonius,Endangered,Illinois
Yellow-crowned Night-Heron,Nyctanassa violacea,Endangered,Illinois
Osprey,Pandion haliaetus,Threatened,Illinois
Common Gallinule,Gallinula galeata,Endangered,Illinois
Upland Sandpiper,Bartramia longicauda,Endangered,Illinois
Black-billed Cuckoo,Coccyzus erythropthalmus,Threatened,Illinois
Loggerhead Shrike,Lanius ludovicianus,Endangered,Illinois
Cerulean Warbler,Setophaga cerulea,Threatened,Illinois
American Brook Lamprey,Lethenteron appendix,Threatened,Illinois
Mottled Sculpin,Cottus bairdii,Threatened,Illinois
Lake Sturgeon,Acipenser fulvescens,Endangered,Illinois
Brassy Minnow,Hybognathus hankinsoni,Endangered,Illinois
Ozark Minnow,Miniellus nubilus,Threatened,Illinois
Weed Shiner,Alburnops texanus,Endangered,Illinois
Gravel Chub,Erimystax x-punctatus,Threatened,Illinois
River Redhorse,Moxostoma carinatum,Threatened,Illinois
Starhead Topminnow,Fundulus dispar,Threatened,Illinois
Western Sand Darter,Ammocrypta clara,Endangered,Illinois
Franklin's Ground Squirrel,Poliocitellus franklinii,Threatened,Illinois
Blanding's Turtle,Emydoidea blandingii,Endangered,Illinois
Ornate Box Turtle,Terrapene ornata,Threatened,Illinois
Aphrodite Fritillary,Argynnis aphrodite,Threatened,Illinois
Western Regal Fritillary,Argynnis idalia occidentalis,Threatened,Illinois
Hine's Emerald Dragonfly,Somatochlora hineana,Endangered,Illinois
Purple Wartyback,Cyclonaias tuberculata,Threatened,Illinois
Spike,Eurynia dilatata,Endangered,Illinois
Wooly Milkweed,Asclepias lanuginosa,Endangered,Illinois
Dragon Wormwood,Artemisia dracunculus,Endangered,Illinois
Forked Aster,Eurybia furcata,Threatened,Illinois
Tall Sunflower,Helianthus giganteus,Endangered,Illinois
Prairie Dandelion,Nothocalais cuspidata,Endangered,Illinois
Speckled Alder,Alnus incana ssp. rugosa,Endangered,Illinois
Royal Catchfly,Silene regia,Endangered,Illinois
Pinweed,Lechea intermedia,Endangered,Illinois
Red-berried Elder,Sambucus racemosa ssp. pubens,Endangered,Illinois
Bearberry,Arctostaphylos uva-ursi,Endangered,Illinois
Highbush Blueberry,Vaccinium corymbosum,Endangered,Illinois
Prairie Bush Clover,Lespedeza leptostachya,Endangered,Illinois
Butternut,Juglans cinerea,Endangered,Illinois
Sweetfern,Comptonia peregrina,Endangered,Illinois
Pipsissewa,Chimaphila umbellata,Endangered,Illinois
Prairie Buttercup,Ranunculus rhomboideus,Endangered,Illinois
Redroot,Ceanothus herbaceus,Endangered,Illinois
Shadbush,Amelanchier interior,Threatened,Illinois
Queen-of-the-prairie,Filipendula rubra,Threatened,Illinois
Kittentails,Synthyris bullii,Threatened,Illinois
Downy Yellow Painted Cup,Castilleja sessiliflora,Endangered,Illinois
Large-flowered Beard Tongue,Penstemon grandiflorus,Endangered,Illinois
Rock Elm,Ulmus thomasii,Endangered,Illinois
Trailing Juniper,Juniperus horizontalis,Endangered,Illinois
Sedge,Carex echinata,Endangered,Illinois
Plains Sedge,Carex inops ssp. heliophila,Endangered,Illinois
Vasey's Rush,Juncus vaseyi,Endangered,Illinois
Grass Pink Orchid,Calopogon tuberosus,Endangered,Illinois
Spotted Coral-root Orchid,Corallorhiza maculata,Endangered,Illinois
Small Yellow Lady's Slipper,Cypripedium parviflorum,Endangered,Illinois
Bearded Wheat Grass,Elymus trachycaulus,Endangered,Illinois
American Bur-reed,Sparganium americanum,Endangered,Illinois
Northern Grape Fern,Sceptridium multifidum,Endangered,Illinois
Dwarf Grape Fern,Botrychium simplex,Endangered,Illinois
Rusty Patched Bumble Bee,Bombus affinis,Endangered,Illinois
Northern Harrier,Circus hudsonius,Endangered,Illinois
Mudpuppy,Necturus maculosus,Threatened,Illinois
Cat's claw,Mimosa nuttallii,Endangered,Illinois
Mining Bee,Protandrena bancrofti,Threatened,Illinois
Andrews� Cellophane Bee,Colletes andrewsi,Endangered,Illinois
Ainslie�s Epeolus,Epeolus ainsliei,Endangered,Illinois
Leafhopper,Flexamia albida,Threatened,Illinois
King Rail,Rallus elegans,Endangered,Illinois
Daisyleaf Grape Fern,Botrychium matricariifolium,Endangered,Illinois
Ground Juniper,Juniperus communis,Endangered,Illinois
Osprey,Pandion haliaetus,Threatened,Illinois
Upland Sandpiper,Bartramia longicauda,Endangered,Illinois
Black-billed Cuckoo,Coccyzus erythropthalmus,Threatened,Illinois
Loggerhead Shrike,Lanius ludovicianus,Endangered,Illinois
Lake Sturgeon,Acipenser fulvescens,Endangered,Illinois
Trout-perch,Percopsis omiscomaycus,Threatened,Illinois
Starhead Topminnow,Fundulus dispar,Threatened,Illinois
Indiana Bat,Myotis sodalis,Endangered,Illinois
Northern Long-eared Bat,Myotis septentrionalis,Endangered,Illinois
Spike,Eurynia dilatata,Endangered,Illinois
Decurrent False Aster,Boltonia decurrens,Threatened,Illinois
Arrowwood,Viburnum molle,Threatened,Illinois
Queen-of-the-prairie,Filipendula rubra,Threatened,Illinois
Yellow Monkey Flower,Erythranthe geyeri,Endangered,Illinois
Showy Lady's Slipper,Cypripedium reginae,Endangered,Illinois
Yellow-lipped Ladies' Tresses,Spiranthes lucida,Endangered,Illinois
Rusty Patched Bumble Bee,Bombus affinis,Endangered,Illinois
Mudpuppy,Necturus maculosus,Threatened,Illinois
Southeastern Wandering Spider,Anahita punctulata,SE,Indiana
a sheetweb spider,Anthrobia whiteleyae,ST,Indiana
trapdoor spider,Antrodiaetus robustus robust,SE,Indiana
Indiana Cave Pseudoscorpion,Apochthonius indianensis,SE,Indiana
orbweaver,Araneus juniperi white-striped,SE,Indiana
a folding trapdoor spider,Atypoides hadros,SE,Indiana
antmimic spider,Castianeira alata an,SE,Indiana
Red-spotted antmimic spider,Castianeira crocata,SE,Indiana
a dwarf weaver,Ceraticelus limnologicus,ST,Indiana
A Pseudoscorpion,Chthonius virginicus,SE,Indiana
a sac spider,Clubiona rileyi,ST,Indiana
spurred woodland funnelweaver,Coras aerialis big-eyed,SE,Indiana
a water spider,Cybaeus giganteus,ST,Indiana
a money spider,Disembolus bairdi,SE,Indiana
a stealthy ground spider,Drassyllus gynosaphes,SE,Indiana
a meshweaver spider,Emblyna evicta,SE,Indiana
a meshweaver spider,Emblyna zaba,SE,Indiana
a cobweb spider,Emertonella emertoni,SE,Indiana
Golden Cave harvestman,Erebomaster flavescens,ST,Indiana
A Dwarf Weaver,Erigone aletris,SE,Indiana
Bellamy's sword wolf spider,Gladicosa bellamyi,SE,Indiana
patterned money spider,Grammonota pallipes pale-footed,SE,Indiana
a jumping spider,Habronattus conjunctus,ST,Indiana
Holsinger's Cave Pseudoscorpion,Hesperochernes holsingeri,SE,Indiana
Cave Sheet-web Spider,Islandiana lewisi,SE,Indiana
Ohio meshweaver,Iviella ohioensis,SE,Indiana
Packard's Cave Pseudoscorpion,Kleptochthonius packardi,SE,Indiana
a bolas spider,Mastophora bisaccata,ST,Indiana
a bolas spider,Mastophora cornigera,ST,Indiana
Northeastern flower crab spider,Mecaphesa carletonica,SE,Indiana
Nelson's pirate spider,Mimetus nelsoni,SE,Indiana
a cyrtaucheiid spider,Myrmekiaphila flavipes,SE,Indiana
A Dwarf Weaver,Mythoplastoides exiguus,SE,Indiana
spotted orbweaver,Neoscona oaxacensis western,ST,Indiana
Carter's Cave Spider,Nesticus carteri,SE,Indiana
a stealthy ground spider,Nodocion floridanus,SE,Indiana
A Dwarf Weaver,Oedothorax montifer,SE,Indiana
Beatty's sheet-web cave spider,Oreonetides beattyi,SE,Indiana
a sheetweb spider,Paracornicularia bicapillata,SE,Indiana
a dwarf weaver,Pelecopsis bishopi,SE,Indiana
a meshweaver,Phantyna pixi,SE,Indiana
blahblah money spider,Phlattothrata flagellata whipped,SE,Indiana
antmimic spider,Phrurolithus goodnighti an,SE,Indiana
araenomorph spider,Phruronellus formica an,SE,Indiana
antmimic corine spider,Phrurotimpus certus lesser,SE,Indiana
antmimic corrine spider,Phrurotimpus dulcineus slender,SE,Indiana
a pirate wolf spider,Pirata spiniger,ST,Indiana
a pirate wolf spider,Pirata triens,ST,Indiana
Appalachian Cave Spider,Porhomma cavernicola,SE,Indiana
wide-eyed sheetweaver,Porrhomma terrestre terrestrial,ST,Indiana
Tarsal sheet-web weaver,Scironis tarsalis,SE,Indiana
money spider,Scotinotylus vernalis vernal,SE,Indiana
antmimic spider,Sergiolus minutus an,ST,Indiana
Atlantic purse-web spider,Sphodros atlanticus,ST,Indiana
Coyle's purse-web spider,Sphodros coylei,SE,Indiana
purse-web spider,Sphodros niger black,ST,Indiana
a ground spider,Synaphosus paludis,SE,Indiana
a ground spider,Talanites exlineae,SE,Indiana
a cobweb spider,Theridion cheimatos,SE,Indiana
long-legged cobweaver,Theridion hemerobium holartic,ST,Indiana
a crab spider,Tmarus rubromaculatus,ST,Indiana
a cork lid trapdoor spider,Ummidia tuobita,SE,Indiana
ground crab spider,Xysticus fervidus rare,SE,Indiana
a ground crab spider,Xysticus punctatus,SE,Indiana
a ground crab spider,Xysticus texanus,ST,Indiana
preening ground spider,Zelotes exiguoides small-spined,ST,Indiana
A Dipluran,Campodea plusiochaeta,SE,Indiana
Black Medusa Cave Springtail,Arrhopalites ater,ST,Indiana
Springtail,Arrhopalites bimus,SE,Indiana
Lewis' Cave Springtail,Arrhopalites lewisi,ST,Indiana
Whiteside's Springtail,Arrhopalites whitesidei,SE,Indiana
Small Springtail,Folsomides americanus,SE,Indiana
Wyandotte Cave Springtail,Hypogastrura lucifuga,SE,Indiana
Truncated Springtail,Isotoma truncata,SE,Indiana
A Cave Obligate Springtail,Pseudosinella aera,SE,Indiana
A Springtail,Pseudosinella argentea,SE,Indiana
Fountain Cave Springtail,Pseudosinella fonsa,ST,Indiana
Ancestral Springtail,Sinella avita,SE,Indiana
Barr's Cave Springtail,Sinella barri,SE,Indiana
Krekeler's cave ant beetle,Batrisodes hairstoni,SE,Indiana
Cobblestone Tiger Beetle,Cicindela marginipennis,SE,Indiana
Six-banded Longhorn Beetle,Dryobius sexnotatus,ST,Indiana
A Rove Beetle,Lissobiops serpentinus,SE,Indiana
A Carrion Beetle,Necrophilus pettiti,ST,Indiana
Cave Beetle,Pseudanophthalmus barri,SE,Indiana
Cave Beetle,Pseudanophthalmus emersoni,SE,Indiana
Cave Beetle,Pseudanophthalmus eremita,SE,Indiana
Leona's cave ground beetle,Pseudanophthalmus leonae,SE,Indiana
Cave Beetle,Pseudanophthalmus shilohensis,SE,Indiana
Monroe cave ground beetle,Pseudanophthalmus shilohensis,SE,Indiana
The Golden Mydas Fly,Mydas brunneus,SE,Indiana
Golden Legged Mydas Fly,Mydas tibialis,ST,Indiana
Tapered Spiny Crawler Mayfly,Attenella attenuata,SE,Indiana
Waltz's Small Minnow Mayfly,Camelobaetidius waltzi,ST,Indiana
Etowah Small Square-gilled Mayfly,Cercobrachys etowah,SE,Indiana
Fox Small Square-gilled Mayfly,Cercobrachys fox,ST,Indiana
Walker's Spiny Crawler Mayfly,Drunella walkeri,SE,Indiana
Leonard Springs Flat-headed Mayfly,Epeorus namatus,ST,Indiana
Quill Gordon Flat-headed Mayfly,Epeorus pleuralis,SE,Indiana
Varied Burrowing Mayfly,Ephemera varia,SE,Indiana
Hendrickson's Spiny Crawler Mayfly,Ephemerella subvaria,SE,Indiana
Bicolor Spiny Crawler Mayfly,Eurylophella bicolor,SE,Indiana
Dirty Spiny Crawler Mayfly,Eurylophella lutulenta,SE,Indiana
Dusky Flat-headed Mayfly,Heptagenia pulla,SE,Indiana
Curious Small Minnow Mayfly,Heterocloeon curiosum,ST,Indiana
Sand-loving Brush-legged Mayfly,Homoeoneuria ammophila,ST,Indiana
Arid Howdy Mayfly,Isonychia arida,ST,Indiana
Fresh Flat-headed Mayfly,Maccaffertium meririvulanum,ST,Indiana
Flowers's Flat-headed Mayfly,Nixe flowersi,ST,Indiana
Clear-winged Flat-headed Mayfly,Nixe lucidipennis,SE,Indiana
Angler's Prong-gilled Mayfly,Paraleptophlebia adoptiva,ST,Indiana
Dappled Prong-gilled Mayfly,Paraleptophlebia guttata,ST,Indiana
Soft Prong-gilled Mayfly,Paraleptophlebia mollis,ST,Indiana
Burks' prong-gilled mayfly,Paraleptophlebia sticta,ST,Indiana
Streaky Prong-gilled Mayfly,Paraleptophlebia strigula,ST,Indiana
White Crabwalker Mayfly,Pseudiron centralis,SE,Indiana
Frison's Serratellan Mayfly,Serratella frisoni,SE,Indiana
Little Sooty Olive,Serratella serrata,SE,Indiana
Spot-bellied Spiny Crawler Mayfly,Serratella serratoides,ST,Indiana
Northern Primitive Minnow Mayfly,Siphlonurus alternatus,SE,Indiana
Minno's Primitive Minnow Mayfly,Siphlonurus minnoi,SE,Indiana
Flapless Cleft-footed Minnow Mayfly,Siphloplecton interlineatum,ST,Indiana
Lacustrine Small Square-gilled Mayfly,Sparbarus lacustris,SE,Indiana
Maculated Small Square-gilled Mayfly,Sparbarus maculatus,SE,Indiana
Large-nosed Small Square-gill Mayfly,Sparbarus nasutus,SE,Indiana
Wallace's Deepwater Mayfly,Spinadis simplex,SE,Indiana
Carolina Flat-headed Mayfly,Stenacron carolina,SE,Indiana
Manitoba white burrowing mayfly,Tortopsis primus,ST,Indiana
Lewis's Prong-gilled Mayfly,Traverella lewisi,SE,Indiana
Toothed Chlorotettix Leafhopper,Chlorotettix dentatus,SE,Indiana
prairie cicada,Cicadetta calliope small,SE,Indiana
Fringed Sedge Leafhopper,Cicadula ciliata,SE,Indiana
a leafhopper,Cicadula cyperacea,ST,Indiana
Straw-colored Sedge Leafhopper,Cicadula straminea,ST,Indiana
Charming Universal Leafhopper,Cosmotettix delector,SE,Indiana
Smoky Right-hand Leafhopper,Destria fumida,SE,Indiana
Colorful Oak Leafhopper,Eutettix luridus,ST,Indiana
Decorated Oak Leafhopper,Eutettix pictus,SE,Indiana
Sorrowful Oak Leafhopper,Eutettix tristis,SE,Indiana
Robertson's Flightless Planthopper,Fitchiella robertsonii,SE,Indiana
The Long-nose Three-awn Leafhopper,Flexamia pyrops,ST,Indiana
Mohr's Switchgrass Leafhopper,Graminella mohri,SE,Indiana
Yellow Bunchgrass Leafhopper,Graminella oquaka,SE,Indiana
Kansas Bluestem Leafhopper,Kansendria kansiensis,SE,Indiana
Angular Spittlebug,Lepyronia angulifera,ST,Indiana
Hill-prairie Spittlebug,Lepyronia gibbosa,SE,Indiana
limotettix leafhopper,Limotettix divaricatus forked,ST,Indiana
Elegant Limotettix Leafhopper,Limotettix elegans,SE,Indiana
Smoky Limotettix Leafhopper,Limotettix nigrax,SE,Indiana
Osborn's Limotettix Leafhopper,Limotettix osborni,SE,Indiana
Striped Limotettix Leafhopper,Limotettix parallelus,SE,Indiana
Panzer's Shovelhead Leafhopper,Memnonia panzeri,ST,Indiana
Helianthus Leafhopper,Mesamia straminea,SE,Indiana
spittlebug,Paraphilaenus parallelus parallel-striped,ST,Indiana
Carolina Paraphlepsius Leafhopper,Paraphlepsius carolinus,ST,Indiana
Hamilton's Dune Paraphlepsius,Paraphlepsius lupalus,SE,Indiana
Peppered Paraphlepsius Leafhopper,Paraphlepsius maculosus,ST,Indiana
Cloudy Paraphlepsius Leafhopper,Paraphlepsius nebulosus,ST,Indiana
Paraphlepsius leafhopper,Paraphlepsius particolor multi-colored,SE,Indiana
Indolent Paraphlepsius Leafhopper,Paraphlepsius supinus,SE,Indiana
Sunshade Paraphlepsius Leafhopper,Paraphlepsius umbellatus,SE,Indiana
Shadow Paraphlepsius Leafhopper,Paraphlepsius umbrosus,SE,Indiana
Great Cordgrass Pendarus Leafhopper,Pendarus magnus,SE,Indiana
Short-winged Polyamia,Polyamia brevipennis,SE,Indiana
Bluff-prairie Panicgrass Leafhopper,Polyamia dilata,SE,Indiana
The Prairie Panic Grass Leafhopper,Polyamia herbida,ST,Indiana
Fearful Prairiana Leafhopper,Prairiana angustens,SE,Indiana
The Kansas Prairie Leafhopper,Prairiana kansana,SE,Indiana
Tortured Junegrass leafhopper,Rosenus cruciatus,SE,Indiana
The Ivory Texan Leafhopper,Texananus areolatus,SE,Indiana
Reddish Texan Leafhopper,Texananus rufusculus,ST,Indiana
Texas sweat bee,Agapostemon texanus,ST,Indiana
a mining bee,Andrena duplicata,ST,Indiana
andrenid bee,Andrena heraclei an,ST,Indiana
andrenid bee,Andrena macra an,ST,Indiana
a mining bee,Andrena uvulariae,SE,Indiana
carder bee,Anthidiellum notatum eastern,ST,Indiana
a wool-carder bee,Anthidium psoraleae,ST,Indiana
digger bee,Anthophora bomboides bumblebee-like,ST,Indiana
Walsh's digger bee,Anthophora walshii,ST,Indiana
a bee,Anthophorula asteris,SE,Indiana
mason bee,Ashmeadiella bucconis big-cheeked,ST,Indiana
Rusty-patched Bumble Bee,Bombus affinis,SE,Indiana
Gypsy Cuckoo Bumble Bee,Bombus bohemicus,SE,Indiana
plains bumble bee,Bombus fraternus southern,SE,Indiana
Half-black Bumble Bee,Bombus vagans,ST,Indiana
xeromelecta bee,Brachymelecta interrupta interrupted,SE,Indiana
Nebraska Calliopsis mining bee,Calliopsis nebraskensis,ST,Indiana
a cemolobus bee,Cemolobus ipomoeae,ST,Indiana
Banks' cuckoo leafcutter bee,Coelioxys banksi,ST,Indiana
cuckoo leafcutter bee,Coelioxys funeraria funeral,ST,Indiana
a leafcutter bee,Coelioxys hunteri,ST,Indiana
a leafcutter bee,Coelioxys immaculata,ST,Indiana
a leafcutter bee,Coelioxys obtusiventris,SE,Indiana
cuckoo leafcutter bee,Coelioxys rufitarsis red-legged,ST,Indiana
cellophane bee,Colletes aberrans aberrant,ST,Indiana
a cellophane bee,Colletes aestivalis,ST,Indiana
plasterer bee,Colletes brevicornis short-horned,ST,Indiana
Robertson's plasterer bee,Colletes robertsonii,ST,Indiana
plasterer bee,Colletes solidaginis goldenrod,ST,Indiana
carder bee,Dianthidium simile similar,ST,Indiana
Nevada nomia bee,Dieunomia nevadensis,SE,Indiana
nomia bee,Dieunomia triangulifera prairie,ST,Indiana
sweat bee,Dufourea monardae beebalm,ST,Indiana
New England sweat bee,Dufourea novaeangliae,SE,Indiana
American cuckoo nomad bee,Epeolus americanus,SE,Indiana
cuckoo nomad bee,Epeolus bifasciatus two-spotted,ST,Indiana
Canadian cuckoo nomad bee,Epeolus canadensis,ST,Indiana
cuckoo nomad bee,Epeolus scutellaris red-chested,ST,Indiana
a melittid bee,Hesperapis carinata,ST,Indiana
a leafcutter bee,Hoplitis nemophilae,SE,Indiana
mason bee,Hoplitis spoliata robber,ST,Indiana
yellow-faced bee,Hylaeus annulatus ringed,ST,Indiana
yellow-faced bee,Hylaeus saniculae sanicle,ST,Indiana
yellow-faced bee,Hylaeus verticalis barred,ST,Indiana
sweat bee,Lasioglossum albipenne white-winged,ST,Indiana
a sweat bee,Lasioglossum apocyni,ST,Indiana
a sweat bee,Lasioglossum cephalotes,ST,Indiana
Smooth-backed Sweat Bee,Lasioglossum lionotum,ST,Indiana
Michigan sweat bee,Lasioglossum michiganense,ST,Indiana
sweat bee,Lasioglossum nelumbonis water-lily,ST,Indiana
Shiny Black-bellied Sweat Bee,Lasioglossum nigroviride,ST,Indiana
sweat bee,Lasioglossum paradmirandum stunning,ST,Indiana
cherry sweat bee,Lasioglossum pectinatum ground,SE,Indiana
sweat bee,Lasioglossum pruinosum hoary,ST,Indiana
a sweat bee,Lasioglossum rozeni,ST,Indiana
Taylor's sweat bee,Lasioglossum taylorae,ST,Indiana
green sweat bee,Lasioglossum viridatum eastern,ST,Indiana
leaf-cutter bee,Megachile albitarsis white-footed,ST,Indiana
a leafcutter bee,Megachile dakotensis,ST,Indiana
sunflower leafcutter bee,Megachile fortis robust,ST,Indiana
a leafcutter bee,Megachile integra,ST,Indiana
a leafcutter bee,Megachile mucida,ST,Indiana
leafcutter bee,Megachile relativa relative,ST,Indiana
a leafcutter bee,Megachile rugifrons,ST,Indiana
Tepanec long-horned bee,Melissodes tepaneca,ST,Indiana
a callirhoe bee,Melissodes tincta,SE,Indiana
a callirhoe bee,Melissodes vernoniae,ST,Indiana
a callirhoe bee,Melissodes wheeleri,ST,Indiana
a cuckoo bee,Nomada rubicunda,ST,Indiana
a cuckoo bee,Nomada superba,ST,Indiana
a cuckoo bee,Nomada texana,ST,Indiana
a cuckoo bee,Nomada tiftonensis,ST,Indiana
a cuckoo bee,Nomada vegana,ST,Indiana
cuckoo nomad bee,Nomada vicina neighboring,ST,Indiana
cuckoo nomad bee,Nomada vincta bounded,ST,Indiana
a mason bee,Osmia illinoensis,SE,Indiana
a mason bee,Osmia subfasciata,ST,Indiana
mason bee,Osmia virga twig,ST,Indiana
a leafcutter bee,Paranthidium jugatorium,ST,Indiana
miner bee,Perdita halictoides sweatbee-like,ST,Indiana
a mining bee,Protandrena bancrofti,ST,Indiana
miner bee,Protandrena rudbeckiae rudbeckia,ST,Indiana
a sweat bee,Sphecodes antennariae,ST,Indiana
Davis's cuckoo sweat bee,Sphecodes davisii,ST,Indiana
a sweat bee,Sphecodes fattigi,ST,Indiana
Illinois cuckoo sweat bee,Sphecodes illinoensis,ST,Indiana
cuckoo sweat bee,Sphecodes minor minor,ST,Indiana
a sweat bee,Sphecodes pycnanthemi,ST,Indiana
cuckoo sweat bee,Sphecodes ranunculi buttercup,ST,Indiana
cuckoo carder bee,Stelis coarctatus constrained,ST,Indiana
a long-horned bee,Svastra atripes,ST,Indiana
a long-horned bee,Svastra compta,SE,Indiana
a leafcutter bee,Trachusa zebrata,SE,Indiana
dieunomia-cuckoo bee,Triepeolus distinctus distinct,SE,Indiana
longhorn-cuckoo bee,Triepeolus donatus thistle,ST,Indiana
cuckoo nomad bee,Triepeolus helianthi sunflower,ST,Indiana
Michigan cuckoo nomad bee,Triepeolus michiganensis,ST,Indiana
a cuckoo bee,Triepeolus nevadensis,ST,Indiana
a cuckoo bee,Triepeolus rufithorax,ST,Indiana
Kansas squash bee,Xenoglossa kansensis,ST,Indiana
Lace-winged Roadside-skipper,Amblyscirtes aesculapius,SE,Indiana
Bell's Roadside-skipper,Amblyscirtes belli,SE,Indiana
Gold-banded Skipper,Autochton cellus,SE,Indiana
Nebraska fritillary,Boloria myrina nebraskensis,SE,Indiana
Northern Metalmark,Calephelis borealis,SE,Indiana
metalmark,Calephelis muticum swamp,ST,Indiana
Frosted Elfin,Callophrys irus,SE,Indiana
Hoary Elfin,Callophrys polios,SE,Indiana
Appalachian Blue,Celastrina neglectamajor,SE,Indiana
Dusky Azure,Celastrina nigra,SE,Indiana
Harris's Checkerspot,Chlosyne harrisii,SE,Indiana
Columbine Duskywing,Erynnis lucilius,SE,Indiana
Persius Duskywing,Erynnis persius persius,SE,Indiana
Two-spotted Skipper,Euphyes bimacula,ST,Indiana
silvery blue,Glaucopsyche lygdamus couperi,SE,Indiana
Ottoe Skipper,Hesperia ottoe,SE,Indiana
Appalachian Eyed Brown,Lethe appalachia appalachia,ST,Indiana
Appalachian Eyed Brown,Lethe appalachia leeuwi,ST,Indiana
Creole Pearly-eye,Lethe creola,SE,Indiana
Smoky-eyed Brown,Lethe eurydice fumosus,SE,Indiana
Dorcas Copper,Lycaena dorcas dorcas,SE,Indiana
Mitchell's Satyr,Neonympha mitchellii mitchellii,SE,Indiana
Eastern Veined White,Pieris oleracea,SE,Indiana
Big Broad-winged Skipper,Poanes viator viator,ST,Indiana
Bunchgrass Skipper,Problema byssus,ST,Indiana
Regal Fritillary,Speyeria idalia,SE,Indiana
Eastern Cloudywing,Thorybes confusis,ST,Indiana
Funerary Dagger Moth,Acronicta funeralis,ST,Indiana
Patricia's Cochylid moth,Aethes patricia,ST,Indiana
Rings' cochylid moth,Aethes ringsi,SE,Indiana
Spotted Dart Moth,Agrotis stigmosa,ST,Indiana
arches,Anaplectoides prasina green,ST,Indiana
worm moth,Apamea apamiformis rice,ST,Indiana
Burgess' Apamea,Apamea burgessi,ST,Indiana
apamea,Apamea indocilis spastic,ST,Indiana
apamea,Apamea lutosa opalescent,SE,Indiana
apamea,Apamea nigrior black-dashed,ST,Indiana
dune apamea,Apamea relicina relic,SE,Indiana
apamea,Apamea verbascoides boreal,ST,Indiana
apamea moth,Apamea vulgaris common,ST,Indiana
borer moth,Bellura densa pickerelweed,ST,Indiana
halter moth,Capis curvata curved,ST,Indiana
sedge borer moth,Capsula laeta red,ST,Indiana
sand Quaker,Caradrina meralis rare,ST,Indiana
rustic,Caradrina multifera dune,ST,Indiana
leadplant underwing,Catocala abbreviatella abbreviated,SE,Indiana
underwing,Catocala amestris leadplant,SE,Indiana
fern underwing,Catocala antinympha sweet,SE,Indiana
underwing,Catocala insolabilis inconsolable,ST,Indiana
Marbled Underwing Moth,Catocala marmorata,SE,Indiana
looper,Chrysanympha formosa huckleberry,ST,Indiana
blueberry dart,Coenophila opacifrons plain-faced,SE,Indiana
Catocaline dart,Cryptocala acadiensis,ST,Indiana
tiger moth,Cycnia collaris unexpected,ST,Indiana
streak moth,Dargida rubripennis pink,ST,Indiana
tussock moth,Dasychira cinnamomea cinnamon,SE,Indiana
tussock moth,Dasychira dorsipennata sharp-lined,ST,Indiana
Quaker,Dichagyris acclivis buff-edge,ST,Indiana
Grote's black-tipped Quaker,Dichagyris grotei,ST,Indiana
looper,Eosphoropteryx thyatyroides pink-patched,ST,Indiana
puccoon web moth,Ethmia monticola fuscipedella,ST,Indiana
dart,Eucoptocnemis fimbriaris fringed,ST,Indiana
eucosma,Eucosma bipunctella two-spotted,ST,Indiana
eucosma,Eucosma giganteana giant,ST,Indiana
dart,Euxoa albipennis white-striped,SE,Indiana
cutworm,Euxoa aurulenta dune,SE,Indiana
window moth,Exyra fax pitcher,SE,Indiana
fern moth,Fagitana littera marsh,ST,Indiana
gabara,Gabara subnivosella snowy,ST,Indiana
campion moth,Hadena ectypa starry,ST,Indiana
clearwing sphinx,Hemaris gracilis blueberry,ST,Indiana
dart,Hemipachnobia monochromatea sundew,SE,Indiana
sallow,Homoglaea hircina goat,ST,Indiana
sedge moth,Hypocoena inquinata tufted,ST,Indiana
hystrichophora,Hystrichophora loricana armored,SE,Indiana
arches,Lacinipolia olivacea olive,SE,Indiana
wainscot,Leucania inermis unarmed,ST,Indiana
wainscot,Leucania multilinea many-lined,SE,Indiana
lytrosis,Lytrosis permagnaria charcoal,SE,Indiana
cord grass moth,Macrochilo bivittata two-striped,SE,Indiana
arches,Melanchra assimilis black,SE,Indiana
Newman's brocade,Meropleon ambifusca,ST,Indiana
brocade,Meropleon diversicolor multicolored,ST,Indiana
metarranthis,Metarranthis apiciaria barrens,SE,Indiana
zig-zag monoleuca,Monoleuca semifascia the,SE,Indiana
sedge moth,Neodactria murellus prairie,SE,Indiana
prominent,Notodonta scitipennis finned-willow,ST,Indiana
Bridgham's brocade,Oligia bridghami,SE,Indiana
sedge borer,Oligia obtusa obtuse,SE,Indiana
paectes,Paectes abrostolella barrens,ST,Indiana
plant borer moth,Papaipema appassionata pitcher,SE,Indiana
borer moth,Papaipema astuta stoneroot,ST,Indiana
Beer's blazing star borer moth,Papaipema beeriana,ST,Indiana
borer moth,Papaipema cerina golden,ST,Indiana
Heracleum stem borer moth,Papaipema harrisii,ST,Indiana
borer moth,Papaipema leucostigma columbine,ST,Indiana
St. John's wort borer moth,Papaipema lysimachiae,ST,Indiana
sunflower borer moth,Papaipema maritima giant,ST,Indiana
plant borer moth,Papaipema polymniae cup,ST,Indiana
Culver's root borer moth,Papaipema sciata,SE,Indiana
Silphium Borer Moth,Papaipema silphii,ST,Indiana
fern borer moth,Papaipema speciosissima royal,ST,Indiana
cordgrass borer,Peoria gemmatella gemmed,ST,Indiana
Hanham's rare sedge moth,Phalaenostola hanhami,SE,Indiana
photedes,Photedes enervata many-lined,SE,Indiana
photedes,Photedes includens included,ST,Indiana
photedes,Photedes inops helpless,ST,Indiana
Ernestine's phytometra,Phytometra ernestinana,SE,Indiana
tarachidia,Ponometia binocula prairie,SE,Indiana
Sprague's pygartic,Pygarctia spraguei,ST,Indiana
Wilterding's sand pyla,Pyla arenaeola,SE,Indiana
sun moth,Pyrrhia aurantiago false-foxglove,ST,Indiana
cordgrass borer,Resapamea stipata four-lined,SE,Indiana
crimson flower moth,Schinia gaurae clouded,ST,Indiana
flower moth,Schinia indiana phlox,SE,Indiana
flower moth,Schinia jaguarina jaguar,SE,Indiana
flower moth,Schinia lucens leadplant,SE,Indiana
flower moth,Schinia sanguinea blazingstar,SE,Indiana
flower moth,Schinia septentrionalis northern,ST,Indiana
webworm,Sciota dammersi leadplant,SE,Indiana
wild indigo borer,Sitochroa dasconalis pearly,ST,Indiana
willow sphinx,Sphinx luscitiosa luscious,ST,Indiana
oncocnemis,Sympistis riparia dune,SE,Indiana
panic grass moth,Tampa dimediatella red-striped,ST,Indiana
sunflower moth,Tricholita notata noted,ST,Indiana
blueberry dart,Xestia dilucida reddish,SE,Indiana
Earwig Scorpionfly,Merope tuber,SE,Indiana
A Beaded Lacewing,Lomamyia banksi,ST,Indiana
A Beaded Lacewing,Lomamyia flavicornis,ST,Indiana
A Pleasing Lacewing,Nallachius americanus,ST,Indiana
River Jewelwing,Calopteryx aequabilis,SE,Indiana
Appalachian Jewelwing,Calopteryx angustipennis,SE,Indiana
Northern Bluet,Enallagma annexum,ST,Indiana
Boreal Bluet,Enallagma boreale,ST,Indiana
Lilypad Forktail,Ischnura kellicotti,ST,Indiana
Furtive Forktail,Ischnura prognata,SE,Indiana
Sphagnum Sprite,Nehalennia gracilis,SE,Indiana
Canada Darner,Aeshna canadensis,SE,Indiana
Mottled Darner,Aeshna clepsydra,SE,Indiana
Black-tipped Darner,Aeshna tuberculifera,ST,Indiana
Comet Darner,Anax longipes,ST,Indiana
Horned Clubtail,Arigomphus cornutus,SE,Indiana
Lilypad Clubtail,Arigomphus furcifer,SE,Indiana
Stillwater Clubtail,Arigomphus lentulus,SE,Indiana
Double-ringed Pennant,Celithemis verna,SE,Indiana
Racket-tailed Emerald,Dorocordulia libera,SE,Indiana
Beaverpond Baskettail,Epitheca canis,SE,Indiana
Spiny Baskettail,Epitheca spinigera,SE,Indiana
Eastern Ringtail,Erpetogomphus designatus,ST,Indiana
Handsome Clubtail,Gomphus crassus,ST,Indiana
Cocoa Clubtail,Gomphus hybridus,SE,Indiana
Splendid Clubtail,Gomphus lineatifrons,ST,Indiana
Rapids Clubtail,Gomphus quadricolor,ST,Indiana
Dusky Clubtail,Gomphus spicatus,ST,Indiana
Skillet Clubtail,Gomphus ventricosus,ST,Indiana
Green-faced Clubtail,Gomphus viridifrons,ST,Indiana
White Corporal,Ladona exusta,ST,Indiana
Frosted Whiteface,Leucorrhinia frigida,ST,Indiana
Gilded River Cruiser,Macromia pacifica,ST,Indiana
Elfin Skimmer,Nannothemis bella,SE,Indiana
Smoky Shadowdragon,Neurocordulia molesta,SE,Indiana
Umber Shadowdragon,Neurocordulia obsoleta,ST,Indiana
Stygian Shadowfly,Neurocordulia yamaskanensis,ST,Indiana
Spatterdock Darner,Rhionaeschna mutata,ST,Indiana
Plains Emerald,Somatochlora ensigera,SE,Indiana
Least Clubtail,Stylogomphus sigmastylus,SE,Indiana
Riverine Clubtail,Stylurus amnicola,ST,Indiana
Laura's Clubtail,Stylurus laurae,SE,Indiana
Elusive Clubtail,Stylurus notatus,SE,Indiana
Zebra Clubtail,Stylurus scudderi,SE,Indiana
Black Meadowhawk,Sympetrum danae,ST,Indiana
spiketail,Zoraena diastatops delta-spotted,SE,Indiana
spiketail,Zoraena erronea tiger,SE,Indiana
The Velvet-stripe Grasshopper,Eritettix simplex,ST,Indiana
snakeweed grasshopper,Hesperotettix viridis pratensis,ST,Indiana
Cattail Toothpick Grasshopper,Leptysma marginicollis,SE,Indiana
Northern Spur-throat grasshopper,Melanoplus borealis,SE,Indiana
Immodest Spur-throat Grasshopper,Melanoplus impudicus,SE,Indiana
Forest Locust,Melanoplus islandicus,SE,Indiana
Spotted-wing Grasshopper,Orphulella pelidna,SE,Indiana
Atlantic Spastic Grasshopper,Paroxya atlantica,ST,Indiana
Hoosier Locust,Paroxya hoosieri,ST,Indiana
Large-headed Grasshopper,Phoetaliotes nebrascensis,ST,Indiana
Bunch Grass Locust,Pseudopomala brachyptera,ST,Indiana
Northern Sedge Locust,Stethophyma gracile,SE,Indiana
Striped Sedge Grasshopper,Stethophyma lineatum,ST,Indiana
Seaside Grasshopper,Trimerotropis maritima,ST,Indiana
stone,Acroneuria abnormis common,ST,Indiana
Covell's stonefly,Acroneuria covelli,SE,Indiana
stone,Acroneuria evoluta constricted,ST,Indiana
Kentucky Stone,Acroneuria hitchcocki,SE,Indiana
Boreal Stonefly,Acroneuria lycorias,SE,Indiana
Ozark stone,Acroneuria ozarkensis,SE,Indiana
Southern Stone,Agnetina annulipes,SE,Indiana
stone,Agnetina capitata northern,ST,Indiana
stone,Agnetina flavescens midwestern,ST,Indiana
Illinois Snowfly,Allocapnia illinoensis,SE,Indiana
snowfly,Allocapnia smithi three-lobed,ST,Indiana
sallfly,Alloperla hamata barbed,ST,Indiana
springfly,Hydroperla crosbyi early,ST,Indiana
Austin springfly,Hydroperla fugitans,ST,Indiana
Rock Island Springfly,Isogenoides varians,SE,Indiana
stripetail,Isoperla burksi banded,ST,Indiana
stripetail,Isoperla dicala sable,ST,Indiana
Wisconsin Stripetail,Isoperla frisoni,SE,Indiana
Montaine stripetail,Isoperla montana,ST,Indiana
Alta Needlefly,Leuctra alta,SE,Indiana
needlefly,Leuctra sibleyi brook,ST,Indiana
Narrow-lobed Needlefly,Leuctra tenuis,SE,Indiana
stone,Neoperla catharae slippery,ST,Indiana
Coosa Stone,Neoperla coosa,SE,Indiana
Ohio stone,Neoperla gaufini,ST,Indiana
Osage Stone,Neoperla osage,SE,Indiana
stone,Neoperla stewarti multispine,ST,Indiana
forestfly,Ostrocerca truncata truncate,ST,Indiana
Angulate Snowfly,Paracapnia angulata,SE,Indiana
stone,Paragnetina media embossed,ST,Indiana
Appalachian needlefly,Paraleuctra sara,ST,Indiana
Two-lined Stone,Perlesta golconda,SE,Indiana
Wabash stone,Perlesta ouabache,ST,Indiana
Shawnee Stone,Perlesta shawnee,SE,Indiana
Teays Stone,Perlesta teaysia,ST,Indiana
Pawnee Stone,Perlesta xube,SE,Indiana
forestfly,Prostoia completa central,ST,Indiana
American Salmonfly,Pteronarcys dorsata,SE,Indiana
sallfly,Sweltsa hoffmani plateau,ST,Indiana
willowfly,Taeniopteryx lita small,ST,Indiana
willowfly,Taeniopteryx maura spinyleg,ST,Indiana
willowfly,Taeniopteryx metequi shortwing,ST,Indiana
An Agapetus Caddisfly,Agapetus gelbae,ST,Indiana
An Agapetus Caddisfly,Agapetus illini,ST,Indiana
A Diplectronan Caddisfly,Diplectrona metaqui,ST,Indiana
A Northern Casemaker Caddisfly,Goera stylata,SE,Indiana
A Homoplectran Caddisfly,Homoplectra doringa,SE,Indiana
A Northern Casemaker Caddisfly,Pycnopsyche rossi,SE,Indiana
A Caddisfly,Setodes oligius,SE,Indiana
monkshood,Aconitum uncinatum blue,SE,Indiana
Appalachian bugbane,Actaea rubifolia,SE,Indiana
ssp. rubra red baneberry,Actaea rubra,SE,Indiana
foxglove,Agalinis auriculata earleaf,ST,Indiana
foxglove,Agalinis gattingeri roundstem,ST,Indiana
false foxglove,Agalinis skinneriana pale,ST,Indiana
serviceberry,Amelanchier humilis running,SE,Indiana
American beachgrass,Ammophila breviligulata,ST,Indiana
rosemary,Andromeda glaucophylla bog,ST,Indiana
rockjasmine,Androsace occidentalis western,ST,Indiana
var. glaucus white camas,Anticlea elegans,ST,Indiana
Spreading Rockcress,Arabis patens,SE,Indiana
sarsaparilla,Aralia hispida bristly,SE,Indiana
bearberry,Arctostaphylos uva-ursi,ST,Indiana
needlegrass,Aristida tuberculosa seabeach,ST,Indiana
milkweed,Asclepias viridis green,SE,Indiana
Bradley's spleenwort,Asplenium bradleyi,SE,Indiana
spleenwort,Asplenium montanum mountain,SE,Indiana
spleenwort,Asplenium resiliens black-stem,ST,Indiana
spleenwort,Asplenium ruta-muraria wallrue,ST,Indiana
Carolina mosquito-fern,Azolla caroliniana,ST,Indiana
water-hyssop,Bacopa rotundifolia roundleaf,ST,Indiana
var. australis blue wild indigo,Baptisia australis,SE,Indiana
American barberry,Berberis canadensis,SE,Indiana
tails,Besseya bullii kitten,SE,Indiana
birch,Betula papyrifera paper,ST,Indiana
Beck's water-marigold,Bidens beckii,SE,Indiana
Graham's rockcress,Boechera grahamii,SE,Indiana
Drummond's rockcress,Boechera stricta,SE,Indiana
rockcress,Borodinia missouriensis green,SE,Indiana
grape-fern,Botrychium matricariifolium chamomile,ST,Indiana
grape-fern,Botrychium simplex least,SE,Indiana
shorthusk,Brachyelytrum aristosum northern,SE,Indiana
moss,Bryoxiphium norvegicum sword,ST,Indiana
bluehearts,Buchnera americana,SE,Indiana
var. lacustris American searocket,Cakile edentula,ST,Indiana
ssp. insperata reed bent grass,Calamagrostis porteri,SE,Indiana
ssp. porteri Porter's reedgrass,Calamagrostis porteri,SE,Indiana
calla,Calla palustris wild,SE,Indiana
poppy-mallow,Callirhoe triangulata clustered,SE,Indiana
cup-seed,Calycocarpum lyonii,ST,Indiana
sundrops,Calylophus serrulatus yellow,SE,Indiana
hyacinth,Camassia angusta wild,SE,Indiana
swan-neck moss,Campylopus flexuosus rusty,SE,Indiana
corydalis,Capnoides sempervirens pale,SE,Indiana
flower,Cardamine dentata cuckoo,ST,Indiana
Divided Toothwort,Cardamine dissecta,SE,Indiana
sedge,Carex alopecoidea foxtail,SE,Indiana
sedge,Carex arctata black,SE,Indiana
sedge,Carex atherodes awned,ST,Indiana
ssp. atlantica Atlantic sedge,Carex atlantica,ST,Indiana
ssp. capillacea Howe's sedge,Carex atlantica,SE,Indiana
of gold sedge,Carex aureolensis land,SE,Indiana
sedge,Carex brunnescens brownish,ST,Indiana
Bush's sedge,Carex bushii,ST,Indiana
colored sedge,Carex castanea chestnut,SE,Indiana
sedge,Carex chordorrhiza creeping,SE,Indiana
gray sedge,Carex conoidea prairie,ST,Indiana
Crawe's sedge,Carex crawei,ST,Indiana
sedge,Carex cumulata clustered,SE,Indiana
sedge,Carex decomposita cypress-knee,ST,Indiana
sedge,Carex disperma softleaf,SE,Indiana
sedge,Carex eburnea ebony,ST,Indiana
ssp. echinata little prickly sedge,Carex echinata,SE,Indiana
sedge,Carex flava yellow,ST,Indiana
sedge,Carex folliculata long,ST,Indiana
sedge,Carex garberi elk,SE,Indiana
sedge,Carex gigantea large,SE,Indiana
sedge,Carex gravida heavy,SE,Indiana
ssp. heliophila sun sedge,Carex inops,SE,Indiana
sedge,Carex leptonervia finely-nerved,SE,Indiana
sedge,Carex limosa mud,SE,Indiana
sedge,Carex livida livid,SE,Indiana
hop sedge,Carex lupuliformis false,ST,Indiana
Oklahoma sedge,Carex oklahomensis,SE,Indiana
sedge,Carex projecta necklace,SE,Indiana
sedge,Carex pseudocyperus cyperus-like,SE,Indiana
sedge,Carex retrorsa retrorse,SE,Indiana
Richardson's sedge,Carex richardsonii,SE,Indiana
sedge,Carex scabrata rough,SE,Indiana
stellate sedge,Carex seorsa weak,ST,Indiana
sedge,Carex socialis social,ST,Indiana
sedge,Carex straminea straw,ST,Indiana
sedge,Carex timida timid,SE,Indiana
sedge,Carex trisperma three-seeded,ST,Indiana
star sedge,Carex viridistellata green,SE,Indiana
hickory,Carya pallida sand,SE,Indiana
American chestnut,Castanea dentata,SE,Indiana
blue cohosh,Caulophyllum giganteum giant,SE,Indiana
redroot,Ceanothus herbaceus prairie,SE,Indiana
chervil,Chaerophyllum shortii wild,ST,Indiana
devil's-bit,Chamaelirium luteum,SE,Indiana
ssp. fireweed,Chamaenerion angustifolium,SE,Indiana
ssp. cisatlantica pipsissewa,Chimaphila umbellata,SE,Indiana
American golden-saxifrage,Chrysosplenium americanum,ST,Indiana
Carolina thistle,Cirsium carolinianum,ST,Indiana
Hill's thistle,Cirsium hillii,SE,Indiana
thistle,Cirsium pitcheri dune,SE,Indiana
yellowwood,Cladrastis kentukea,SE,Indiana
Pitcher's leather-flower,Clematis pitcheri,ST,Indiana
calamint,Clinopodium arkansanum,ST,Indiana
Clinton's lily,Clintonia borealis,SE,Indiana
ssp. longifolia long-leaved panic-grass,Coleataenia longifolia,SE,Indiana
parsley,Conioselinum chinense hemlock,SE,Indiana
var. groenlandica goldthread,Coptis trifolia,ST,Indiana
ssp. amomum silky dogwood,Cornus amomum,SE,Indiana
bunchberry,Cornus canadensis,SE,Indiana
dogwood,Cornus rugosa roundleaf,ST,Indiana
hawthorn,Crataegus chrysocarpa fireberry,SE,Indiana
var. coccinea scarlet hawthorn,Crataegus coccinea,ST,Indiana
Copenhagen hawthorn,Crataegus intricata,ST,Indiana
Illinois hawthorn,Crataegus iracunda,SE,Indiana
var. succulenta fleshy hawthorn,Crataegus succulenta,ST,Indiana
var. viridis green hawthorn,Crataegus viridis,ST,Indiana
var. elliptica elliptical rushfoil,Croton michauxii,SE,Indiana
dodder,Cuscuta cuspidata cusp,SE,Indiana
dodder,Cuscuta indecora pretty,SE,Indiana
sedge,Cyperus dentatus toothed,SE,Indiana
Houghton's nutsedge,Cyperus houghtonii,SE,Indiana
flatsedge,Cyperus pseudovegetus green,ST,Indiana
lady's-slipper,Cypripedium acaule pink,SE,Indiana
white lady's-slipper,Cypripedium candidum small,ST,Indiana
var. makasin small yellow lady's-slipper,Cypripedium parviflorum,ST,Indiana
lady's-slipper,Cypripedium reginae showy,ST,Indiana
green orchid,Dactylorhiza viridis long-bract,SE,Indiana
oatgrass,Danthonia compressa flattened,SE,Indiana
clubmoss,Dendrolycopodium dendroideum treelike,SE,Indiana
Hickey's clubmoss,Dendrolycopodium hickeyi,ST,Indiana
hairgrass,Deschampsia cespitosa tufted,ST,Indiana
panic-grass,Dichanthelium bicknellii,SE,Indiana
witchgrass,Dichanthelium boreale northern,ST,Indiana
Commons' panic-grass,Dichanthelium commonsianum,SE,Indiana
Deam's panic-grass,Dichanthelium deamii,SE,Indiana
Leiberg's witchgrass,Dichanthelium leibergii,ST,Indiana
panic-grass,Dichanthelium lucidum shining,SE,Indiana
panic-grass,Dichanthelium scoparium broom,SE,Indiana
panic-grass,Dichanthelium subvillosum,SE,Indiana
witchgrass,Dichanthelium wilcoxianum blood,ST,Indiana
Yadkin panic-grass,Dichanthelium yadkinense,SE,Indiana
mudwort,Dicliptera brachiata wild,SE,Indiana
water-purslane,Didiplis diandra,SE,Indiana
crabgrass,Digitaria filiformis slender,ST,Indiana
Amazon sprangle top,Dinebra panicoides,SE,Indiana
clubmoss,Diphasiastrum tristachyum deep-root,ST,Indiana
French's shootingstar,Dodecatheon frenchii,ST,Indiana
sundew,Drosera intermedia spoon-leaved,ST,Indiana
fern,Dryopteris celsa log,SE,Indiana
Clinton's woodfern,Dryopteris clintoniana,SE,Indiana
purple coneflower,Echinacea simulata wavyleaf,SE,Indiana
bur-head,Echinodorus berteroi tall,SE,Indiana
bur-head,Echinodorus cordifolius creeping,SE,Indiana
spikerush,Eleocharis atropurpurea purple,SE,Indiana
spikerush,Eleocharis bifida glades,SE,Indiana
spikerush,Eleocharis equisetoides horsetail,SE,Indiana
spike-rush,Eleocharis geniculata capitate,ST,Indiana
spike-rush,Eleocharis melanocarpa black-fruited,ST,Indiana
spike-rush,Eleocharis microcarpa small-fruited,SE,Indiana
Robbins' spike-rush,Eleocharis robbinsii,ST,Indiana
Wolf's spike-rush,Eleocharis wolfii,ST,Indiana
arbutus,Epigaea repens trailing,ST,Indiana
horsetail,Equisetum sylvaticum woodland,SE,Indiana
var. variegatum variegated horsetail,Equisetum variegatum,SE,Indiana
pipewort,Eriocaulon aquaticum,SE,Indiana
ssp. narrow-leaved cotton-grass,Eriophorum angustifolium,ST,Indiana
var. gracile slender cotton-grass,Eriophorum gracile,ST,Indiana
cotton-grass,Eriophorum tenellum rough,SE,Indiana
cotton-grass,Eriophorum viridicarinatum green-keeled,ST,Indiana
wallflower,Erysimum capitatum prairie-rocket,SE,Indiana
thoroughwort,Eupatorium album white,ST,Indiana
spurge,Euphorbia polygonifolia seaside,ST,Indiana
heliotrope,Euploca tenella slender,ST,Indiana
aster,Eurybia furcata forked,ST,Indiana
Schreber's aster,Eurybia schreberi,SE,Indiana
fescue,Festuca paradoxa cluster,ST,Indiana
fimbry,Fimbristylis annua annual,SE,Indiana
Carolina fimbry,Fimbristylis puberula,SE,Indiana
thoroughwort,Fleischmannia incarnata pink,ST,Indiana
var. americana woodland strawberry,Fragaria vesca,SE,Indiana
umbrella-sedge,Fuirena pumila dwarf,ST,Indiana
bedstraw,Galium labradoricum bog,ST,Indiana
gaura,Gaura filipes slender-stalked,SE,Indiana
gentian,Gentiana flavida yellow,ST,Indiana
gentian,Gentiana puberulenta downy,SE,Indiana
gentian,Gentiana villosa striped,SE,Indiana
Bicknell's northern cranesbill,Geranium bicknellii,SE,Indiana
herb-Robert,Geranium robertianum,ST,Indiana
avens,Geum aleppicum yellow,ST,Indiana
strawberry,Geum fragarioides barren,ST,Indiana
avens,Geum rivale purple,SE,Indiana
water-locust,Gleditsia aquatica,SE,Indiana
manna-grass,Glyceria acutiflora sharp-scaled,SE,Indiana
floating manna-grass,Glyceria borealis small,SE,Indiana
American manna-grass,Glyceria grandis,SE,Indiana
milkvine,Gonolobus suberosus angular-fruited,ST,Indiana
Virginia sneezeweed,Helenium virginicum,SE,Indiana
sunflower,Helianthus angustifolius swamp,SE,Indiana
var. camporum hairy golden-aster,Heterotheca camporum,ST,Indiana
coralroot,Hexalectris spicata crested,ST,Indiana
ssp. lasiocarpos hairy-fruited hibiscus,Hibiscus moscheutos,SE,Indiana
featherfoil,Hottonia inflata,ST,Indiana
var. tomentosa sand-heather,Hudsonia tomentosa,ST,Indiana
American water-pennywort,Hydrocotyle americana,SE,Indiana
Allegheny stonecrop,Hylotelephium telephioides,ST,Indiana
var. Carolina woollywhite,Hymenopappus scabiosaeus,SE,Indiana
St. John's-wort,Hypericum adpressum creeping,ST,Indiana
St. John's-wort,Hypericum dolabriforme straggling,ST,Indiana
St. John's-wort,Hypericum gymnanthum clasping-leaved,SE,Indiana
St. John's-wort,Hypericum pyramidatum great,ST,Indiana
Swink's St. John's-wort,Hypericum swinkianum,SE,Indiana
St. John's-wort,Hypericum virgatum coppery,ST,Indiana
holly,Ilex mucronata mountain,ST,Indiana
bloodleaf,Iresine rhizomatosa eastern,ST,Indiana
Engelmann's quillwort,Isoetes engelmannii,SE,Indiana
quillwort,Isoetes melanopoda blackfoot,ST,Indiana
Virginia willow,Itea virginica,SE,Indiana
butternut,Juglans cinerea,ST,Indiana
rush,Juncus articulatus jointed,ST,Indiana
rush,Juncus militaris bayonet,SE,Indiana
rush,Juncus nodatus stout,ST,Indiana
rush,Juncus pelocarpus brown-fruited,SE,Indiana
rush,Juncus scirpoides scirpus-like,ST,Indiana
rush,Juncus secundus secund,SE,Indiana
var. depressa ground juniper,Juniperus communis,ST,Indiana
laurel,Kalmia latifolia mountain,ST,Indiana
lettuce,Lactuca hirsuta hairy,ST,Indiana
tamarack,Larix laricina,ST,Indiana
peavine,Lathyrus japonicus beach,SE,Indiana
vetchling peavine,Lathyrus ochroleucus pale,SE,Indiana
veiny pea,Lathyrus venosus smooth,SE,Indiana
Michaux's leavenworthia,Leavenworthia uniflora,SE,Indiana
Illinois pinweed,Lechea racemulosa,SE,Indiana
duckweed,Lemna gibba inflated,SE,Indiana
duckweed,Lemna minuta least,SE,Indiana
duckweed,Lemna valdiviana pale,SE,Indiana
var. pycnostachya cattail gay-feather,Liatris pycnostachya,SE,Indiana
lovage,Ligusticum canadense nondo,SE,Indiana
Canada lily,Lilium canadense,ST,Indiana
Turk's cap lily,Lilium superbum,ST,Indiana
American frog's-bit,Limnobium spongia,SE,Indiana
flax,Linum intercursum sandplain,SE,Indiana
yellow flax,Linum sulcatum grooved,ST,Indiana
Drummond's hemicarpha,Lipocarpha drummondii,SE,Indiana
puccoon,Lithospermum incisum narrow-leaved,SE,Indiana
false-gromwell,Lithospermum parviflorum shaggy,SE,Indiana
American fly-honeysuckle,Lonicera canadensis,SE,Indiana
chainfern,Lorinseria areolata netted,ST,Indiana
ssp. glandulosa cylindric-fruited seedbox,Ludwigia glandulosa,ST,Indiana
false-loosestrife,Ludwigia sphaerocarpa globe-fruited,SE,Indiana
var. acuminata hairy woodrush,Luzula acuminata,SE,Indiana
bog clubmoss,Lycopodiella inundata northern,SE,Indiana
appressed bog clubmoss,Lycopodiella subappressa northern,SE,Indiana
bugleweed,Lycopus amplectens sessile-leaved,SE,Indiana
fern,Lygodium palmatum climbing,SE,Indiana
magnolia,Magnolia acuminata cucumber,SE,Indiana
magnolia,Magnolia tripetala umbrella,SE,Indiana
adder's-mouth,Malaxis unifolia green,SE,Indiana
pod,Matelea obliqua angle,ST,Indiana
fern,Matteuccia struthiopteris ostrich,ST,Indiana
hedge hyssop,Mecardonia acuminata striped,SE,Indiana
American cow-wheat,Melampyrum lineare,SE,Indiana
melic grass,Melica nitens three-flower,SE,Indiana
cucumber,Melothria pendula creeping,ST,Indiana
Forbes' saxifrage,Micranthes forbesii,SE,Indiana
hempweed,Mikania scandens climbing,SE,Indiana
millet-grass,Milium effusum tall,ST,Indiana
var. michauxii Michaux's stitchwort,Minuartia michauxii,ST,Indiana
Pitcher's stitchwort,Minuartia patula,SE,Indiana
bee-balm,Monarda bradburiana eastern,SE,Indiana
hairgrass,Muhlenbergia capillaris long-awn,SE,Indiana
muhly,Muhlenbergia cuspidata plains,SE,Indiana
forget-me-not,Myosotis laxa smaller,ST,Indiana
water-milfoil,Myriophyllum pinnatum cutleaf,SE,Indiana
water-milfoil,Myriophyllum tenellum slender,SE,Indiana
water-milfoil,Myriophyllum verticillatum whorled,ST,Indiana
lipfern,Myriopteris lanosa hairy,ST,Indiana
rattlesnake-root,Nabalus asper rough,ST,Indiana
naiad,Najas gracillima thread-like,ST,Indiana
mallow,Napaea dioica glade,ST,Indiana
crow-poison,Nothoscordum bivalve,ST,Indiana
sundrops,Oenothera perennis small,ST,Indiana
goldenrod,Oligoneuron album prairie,ST,Indiana
adder's-tongue,Ophioglossum engelmannii limestone,ST,Indiana
adder's-tongue,Ophioglossum pusillum northern,ST,Indiana
broomrape,Orobanche fasciculata clustered,SE,Indiana
broomrape,Orobanche riparia bottomland,SE,Indiana
mountain-ricegrass,Oryzopsis asperifolia white-grained,SE,Indiana
sourwood,Oxydendrum arboreum,ST,Indiana
Allegheny spurge,Pachysandra procumbens,SE,Indiana
Tuckerman's panic-grass,Panicum tuckermanii,ST,Indiana
panic-grass,Panicum verrucosum warty,ST,Indiana
mountain-ricegrass,Patis racemosa black-fruit,ST,Indiana
beardtongue,Penstemon canescens gray,SE,Indiana
Deam's beardtongue,Penstemon deamii,SE,Indiana
penstemon,Penstemon tubaeflorus tube,SE,Indiana
eulophus,Perideridia americana eastern,SE,Indiana
smartweed,Persicaria robustior stout,SE,Indiana
smartweed,Persicaria setacea swamp,SE,Indiana
scorpionweed,Phacelia covillei buttercup,SE,Indiana
scorpionweed,Phacelia ranunculacea blue,SE,Indiana
fame-flower,Phemeranthus rugospermus prairie,SE,Indiana
phlox,Phlox amplifolia large-leaved,ST,Indiana
ssp. stellaria cleft phlox,Phlox bifida,SE,Indiana
phlox,Phlox ovata mountain,SE,Indiana
ssp. deamii Deam's phlox,Phlox pilosa,SE,Indiana
Short's bladderpod,Physaria globosa,SE,Indiana
pine,Pinus banksiana jack,ST,Indiana
white pine,Pinus strobus eastern,ST,Indiana
mountain-ricegrass,Piptatheropsis pungens slender,SE,Indiana
needlegrass,Piptochaetium avenaceum blackseed,ST,Indiana
plantain,Plantago cordata heart-leaved,SE,Indiana
northern green orchid,Platanthera aquilonis leafy,ST,Indiana
orchid,Platanthera ciliaris yellow-fringe,SE,Indiana
var. flava southern rein orchid,Platanthera flava,SE,Indiana
prairie white-fringed orchid,Platanthera leucophaea eastern,SE,Indiana
purple-fringe orchid,Platanthera psycodes small,ST,Indiana
bluegrass,Poa paludigena bog,ST,Indiana
Wolf's bluegrass,Poa wolfii,ST,Indiana
milkwort,Polygala incarnata pink,SE,Indiana
milkwort,Polygala paucifolia gay-wing,SE,Indiana
jointweed,Polygonum articulatum eastern,ST,Indiana
parsley,Polytaenia nuttallii prairie,SE,Indiana
poplar,Populus balsamifera balsam,SE,Indiana
pondweed,Potamogeton bicupulatus snail-seed,SE,Indiana
Nuttall pondweed,Potamogeton epihydrus,SE,Indiana
Fries' pondweed,Potamogeton friesii,SE,Indiana
Oakes' pondweed,Potamogeton oakesianus,SE,Indiana
pondweed,Potamogeton praelongus white-stem,ST,Indiana
pondweed,Potamogeton pulcher spotted,ST,Indiana
redheadgrass,Potamogeton richardsonii,ST,Indiana
pondweed,Potamogeton robbinsii flatleaf,ST,Indiana
pondweed,Potamogeton strictifolius straight-leaf,ST,Indiana
Vasey's pondweed,Potamogeton vaseyi,SE,Indiana
silverweed,Potentilla anserina,ST,Indiana
var. pensylvanica fire cherry,Prunus pensylvanica,ST,Indiana
var. whorled mountainmint,Pycnanthemum verticillatum,SE,Indiana
American wintergreen,Pyrola americana,ST,Indiana
ssp. asarifolia pink wintergreen,Pyrola asarifolia,SE,Indiana
chinquapin oak,Quercus prinoides dwarf,SE,Indiana
spearwort,Ranunculus ambigens water-plantain,SE,Indiana
Harvey's buttercup,Ranunculus harveyi,SE,Indiana
Mississippi buttercup,Ranunculus laxicaulis,SE,Indiana
Pursh's buttercup,Ranunculus pusillus,SE,Indiana
Maryland meadow beauty,Rhexia mariana,ST,Indiana
var. arenaria beach sumac,Rhus aromatica,ST,Indiana
horned-rush,Rhynchospora corniculata short-bristle,ST,Indiana
beaked-rush,Rhynchospora macrostachya tall,ST,Indiana
bald-rush,Rhynchospora nitens short-beaked,SE,Indiana
beaked-rush,Rhynchospora recognita globe,SE,Indiana
baldrush,Rhynchospora scirpoides long-beaked,ST,Indiana
moss,Rhytidium rugosum rhytidium,SE,Indiana
cress,Rorippa aquatica lake,SE,Indiana
flowering raspberry,Rubus odoratus purple,ST,Indiana
var. umbrosa coneflower,Rudbeckia fulgida,SE,Indiana
arrowhead,Sagittaria australis longbeak,ST,Indiana
willow,Salix cordata heartleaf,SE,Indiana
willow,Salix serissima autumn,ST,Indiana
Canada burnet,Sanguisorba canadensis,SE,Indiana
Small's snakeroot,Sanicula smallii,ST,Indiana
ssp. americana American scheuchzeria,Scheuchzeria palustris,SE,Indiana
oat,Schizachne purpurascens purple,SE,Indiana
Hall's bulrush,Schoenoplectiella hallii,SE,Indiana
bulrush,Schoenoplectiella purshiana weakstalk,ST,Indiana
Smith's Bulrush,Schoenoplectiella smithii,ST,Indiana
bulrush,Schoenoplectus subterminalis water,ST,Indiana
Torrey's Bulrush,Schoenoplectus torreyi,SE,Indiana
bulrush,Scirpus expansus,SE,Indiana
Muehlenberg's nutrush,Scleria muehlenbergii,SE,Indiana
nutrush,Scleria reticularis reticulated,ST,Indiana
scorpion moss,Scorpidium scorpioides hooked,SE,Indiana
var. parvula small skullcap,Scutellaria parvula,SE,Indiana
skullcap,Scutellaria saxatilis rock,SE,Indiana
spike-moss,Selaginella rupestris ledge,SE,Indiana
Virginia mallow,Sida hermaphrodita,SE,Indiana
bumelia,Sideroxylon lycioides buckthorn,SE,Indiana
catchfly,Silene ovata ovate,SE,Indiana
catchfly,Silene regia royal,SE,Indiana
blue-eyed-grass,Sisyrinchium montanum strict,SE,Indiana
Buckley's goldenrod,Solidago buckleyi,SE,Indiana
goldenrod,Solidago rupestris rock,SE,Indiana
Short's goldenrod,Solidago shortii,SE,Indiana
var. gillmanii sticky goldenrod,Solidago simplex,ST,Indiana
goldenrod,Solidago squarrosa stout-ragged,SE,Indiana
bur-reed,Sparganium androcladum branching,ST,Indiana
pinkroot,Spigelia marilandica woodland,SE,Indiana
Appalachian ladies'-tresses,Spiranthes arcisepala,SE,Indiana
ladies'-tresses,Spiranthes lucida shining,ST,Indiana
Great Plains ladies'-tresses,Spiranthes magnicamporum,ST,Indiana
nodding ladies'-tresses,Spiranthes ochroleuca yellow,ST,Indiana
ladies'-tresses,Spiranthes romanzoffiana hooded,SE,Indiana
featherbells,Stenanthium gramineum eastern,ST,Indiana
summer bluets,Stenaria nigricans narrowleaf,ST,Indiana
ssp. occidentalis slender pondweed,Stuckenia filiformis,SE,Indiana
American snowbell,Styrax americanus,ST,Indiana
snowbell,Styrax grandifolius large-leaf,SE,Indiana
Sullivantia,Sullivantia sullivantii,ST,Indiana
aster,Symphyotrichum boreale rushlike,ST,Indiana
aster,Symphyotrichum oblongifolium aromatic,ST,Indiana
silvery aster,Symphyotrichum sericeum western,ST,Indiana
var. distichum bald cypress,Taxodium distichum,ST,Indiana
American yew,Taxus canadensis,SE,Indiana
Brown's four-toothed moss,Tetrodontium brownianum,SE,Indiana
meadowrue,Thalictrum pubescens tall,ST,Indiana
white cedar,Thuja occidentalis northern,SE,Indiana
dogbane,Thyrsanthella difformis climbing,ST,Indiana
var. glabrum buffalo clover,Trifolium reflexum,SE,Indiana
buffalo clover,Trifolium stoloniferum running,SE,Indiana
arrow-grass,Triglochin palustris marsh,ST,Indiana
var. macranthum nodding trillium,Trillium cernuum,SE,Indiana
bladderwort,Utricularia cornuta horned,SE,Indiana
bladderwort,Utricularia geminiscapa hidden-fruited,SE,Indiana
bladderwort,Utricularia minor lesser,ST,Indiana
swollen bladderwort,Utricularia radiata small,SE,Indiana
bladderwort,Utricularia resupinata northeastern,SE,Indiana
bladderwort,Utricularia subulata zigzag,ST,Indiana
bellwort,Uvularia perfoliata,SE,Indiana
cranberry,Vaccinium macrocarpon large,ST,Indiana
blueberry,Vaccinium myrtilloides velvetleaf,SE,Indiana
cranberry,Vaccinium oxycoccos small,ST,Indiana
var. ciliata hairy valerian,Valeriana edulis,SE,Indiana
valerian,Valeriana uliginosa marsh,SE,Indiana
fern,Vandenboschia boschiana filmy,SE,Indiana
Virginia bunchflower,Veratrum virginicum,SE,Indiana
crownbeard,Verbesina occidentalis yellow,SE,Indiana
wild-raisin,Viburnum cassinoides northern,SE,Indiana
arrow-wood,Viburnum molle softleaf,ST,Indiana
var. americanum highbush-cranberry,Viburnum opulus,SE,Indiana
Baxter's violet,Viola baxteri,SE,Indiana
Eggleston's violet,Viola egglestonii,SE,Indiana
wood violet,Viola hirsutula southern,SE,Indiana
violet,Viola pedatifida prairie,ST,Indiana
violet,Viola primulifolia primrose-leaf,ST,Indiana
grape,Vitis palmata catbird,ST,Indiana
grape,Vitis rupestris sand,SE,Indiana
Appalachian vittaria,Vittaria appalachiana,ST,Indiana
American wisteria,Wisteria frutescens,ST,Indiana
bogmat,Wolffiella gladiata sword,ST,Indiana
Carolina yellow-eyed grass,Xyris difformis,ST,Indiana
Southern Bog Lemming,Synaptomys cooperi,Endangered,Iowa
Northern Myotis,Myotis septentrionalis,Endangered,Iowa
Indiana Myotis,Myotis sodalis,Endangered,Iowa
Plains Spotted Skunk,Spilogale interrupta,Endangered,Iowa
Piping Plover,Charadrius melodus,Endangered,Iowa
Lake Sturgeon,Acipenser fulvescens,Endangered,Iowa
Pallid Sturgeon,Scaphirhynchus albus,Endangered,Iowa
Western Silvery Minnow,Hybognathus argyritis,Endangered,Iowa
Sturgeon Chub,Macrhybopsis gelida,Endangered,Iowa
Sicklefin Chub,Macrhybopsis meeki,Endangered,Iowa
Northern Pearl Dace,Margariscus nachtriebi,Endangered,Iowa
Pugnose Shiner,Miniellus anogenus,Endangered,Iowa
Blacknose Shiner,Notropis heterolepis,Endangered,Iowa
Ghost Shiner,Paranotropis buchanani,Endangered,Iowa
Starhead Topminnow,Fundulus dispar,Endangered,Iowa
Plains Topminnow,Fundulus sciadicus,Endangered,Iowa
Crystal Darter,Crystallaria asprella,Endangered,Iowa
Bluntnose Darter,Etheostoma chlorosoma,Endangered,Iowa
Least Darter,Etheostoma microperca,Endangered,Iowa
Great Plains Skink,Plestiodon obsoletus,Endangered,Iowa
Western Hog-nosed Snake,Heterodon nasicus,Endangered,Iowa
Eastern Copperhead,Agkistrodon contortrix,Endangered,Iowa
Prairie Rattlesnake,Crotalus viridis,Endangered,Iowa
Eastern Massasauga,Sistrurus catenatus,Endangered,Iowa
Western Massasauga,Sistrurus tergeminus,Endangered,Iowa
Wood Turtle,Glyptemis insculpta,Endangered,Iowa
Yellow Mud Turtle,Kinosternon flavescens,Endangered,Iowa
Blue-spotted Salamander,Ambystoma laterale,Endangered,Iowa
Rusty Patched Bumble Bee,Bombus affinis,Endangered,Iowa
Mottled Duskywing,Gesta martialis,Endangered,Iowa
Arogos Skipper,Atrytone arogos,Endangered,Iowa
Dusted Skipper,Atrytonopsis hianna,Endangered,Iowa
Dakota Skipper,Hesperia dacotae,Endangered,Iowa
Ottoe Skipper,Hesperia ottoe,Endangered,Iowa
Poweshiek Skipperling,Oarisma poweshiek,Endangered,Iowa
Mulberry Wing,Poanes massasoit,Endangered,Iowa
Prairie Bluet,Coenagrion angulatum,Endangered,Iowa
Bluff Vertigo,Vertigo meramecensis,Endangered,Iowa
Iowa Pleistocene Snail,Discus macclintocki,Endangered,Iowa
Slippershell,Alasmidonta viridis,Endangered,Iowa
Spectaclecase,Cumberlandia monodonta,Endangered,Iowa
Purple Wartyback,Cyclonaias tuberculata,Endangered,Iowa
Spike,Eurynia dilatata,Endangered,Iowa
Sheepnose,Plethobasus cyphyus,Endangered,Iowa
Round Pigtoe,Pleurobema sintoxia,Endangered,Iowa
Salamander Mussel,Simpsonaias ambigua,Endangered,Iowa
White-tailed Jackrabbit,Lepus townsendii,Threatened,Iowa
Plains Pocket Gopher,Geomys bursarius,Threatened,Iowa
Plains Pocket Mouse,Perognathus flavescens,Threatened,Iowa
North American Least Shrew,Cryptotis parvus,Threatened,Iowa
Little Brown Myotis,Myotis lucifugus,Threatened,Iowa
Tricolored Bat,Perimyotis subflavus,Threatened,Iowa
Chuck-will’s-widow,Antrostomus carolinensis,Threatened,Iowa
King Rail,Rallus elegans,Threatened,Iowa
Least Tern,Sternula antillarum,Threatened,Iowa
Black Tern,Chlidonias niger,Threatened,Iowa
Forster’s Tern,Sterna forsteri,Threatened,Iowa
Long-eared Owl,Asio otus,Threatened,Iowa
Short-eared Owl,Asio flammeus,Threatened,Iowa
Chestnut Lamprey,Ichthyomyzon castaneus,Threatened,Iowa
American Eel,Anguilla rostrata,Threatened,Iowa
Skipjack Herring,Alosa chrysochloris,Threatened,Iowa
Weed Shiner,Alburnops texanus,Threatened,Iowa
Redfin Shiner,Lythrurus umbratilis,Threatened,Iowa
Topeka Shiner,Miniellus topeka,Threatened,Iowa
Freckled Madtom,Noturus nocturnus,Threatened,Iowa
Pugnose Minnow,Opsopoeodus emiliae,Threatened,Iowa
Pirate Perch,Aphredoderus sayanus,Threatened,Iowa
Redfin Pickerel,Esox americanus,Threatened,Iowa
Trout-perch,Percopsis omiscomaycus,Threatened,Iowa
Banded Killifish,Fundulus diaphanus,Threatened,Iowa
Mottled Sculpin,Cottus bairdii,Threatened,Iowa
Western Sand Darter,Ammocrypta clara,Threatened,Iowa
Burbot,Lota lota,Threatened,Iowa
Slender Glass Lizard,Ophisaurus attenuatus,Threatened,Iowa
Western Wormsnake,Carphophis vermis,Threatened,Iowa
Speckled Kingsnake,Lampropeltis holbrooki,Threatened,Iowa
Plain-bellied Watersnake,Nerodia erythrogaster,Threatened,Iowa
Diamond-backed Watersnake,Nerodia rhombifer,Threatened,Iowa
Gophersnake,Pituophis catenifer,Threatened,Iowa
Graham’s Crayfish Snake,Regina grahamii,Threatened,Iowa
Blanding’s Turtle,Emydoidea blandingii,Threatened,Iowa
Ornate Box Turtle,Terrapene ornata,Threatened,Iowa
Eastern Musk Turtle,Sternotherus odoratus,Threatened,Iowa
Mudpuppy,Necturus maculosus,Threatened,Iowa
Eastern Newt,Notophthalmus viridescens,Threatened,Iowa
Two-spotted Skipper,Euphyes bimacula,Threatened,Iowa
Crossline Skipper,Limochores origenes,Threatened,Iowa
Leonard’s Skipper,Hesperia leonardus,Threatened,Iowa
Olympia Marble,Euchloe olympia,Threatened,Iowa
Regal Fritillary,Argynnis idalia,Threatened,Iowa
Baltimore Checkerspot,Euphydryas phaeton,Threatened,Iowa
Taiga Bluet,Coenagrion resolutum,Threatened,Iowa
Sioux Snaketail,Ophiogomphus smithi,Threatened,Iowa
Westfall’s Snaketail,Ophiogomphus westfalli,Threatened,Iowa
Plains Emerald,Somatochlora ensigera,Threatened,Iowa
Midwest Pleistocene Vertigo,Vertigo arthuri,Threatened,Iowa
Mucket,Ortmanniana ligamentina,Threatened,Iowa
Higgins’ Eye Pearlymussel,Lampsilis higginsi,Threatened,Iowa
Yellow Sandshell,Lampsilis teres,Threatened,Iowa
Monkeyface,Theliderma metanevra,Threatened,Iowa
Pistolgrip,Tritogonia verrucosa,Threatened,Iowa
Ellipse,Venustaconcha ellipsiformis,Threatened,Iowa
Pale false foxglove,Agalinis skinneriana,Endangered,Iowa
Roundleaf serviceberry,Amelanchier sanguinea,Endangered,Iowa
Raccoon grape,Ampelopsis cordata,Endangered,Iowa
Pearly everlasting,Anaphalis margaritacea,Endangered,Iowa
Sand bluestem,Andropogon hallii,Endangered,Iowa
Round-lobed hepatica,Anemone americana,Endangered,Iowa
Carolina anemone,Anemone caroliniana,Endangered,Iowa
Virginia snakeroot,Aristolochia serpentaria,Endangered,Iowa
Black chokeberry,Aronia melanocarpa,Endangered,Iowa
Fringed sagewort,Artemisia frigida,Endangered,Iowa
Mead’s milkweed,Asclepias meadii,Endangered,Iowa
Showy milkweed,Asclepias speciosa,Endangered,Iowa
Green antelopehorn,Asclepias viridis,Endangered,Iowa
Field milkvetch,Astragalus agrestis,Endangered,Iowa
Prairie milkvetch,Astragalus laxmannii,Endangered,Iowa
Fern-leaved false foxglove,Aureolaria pedicularia,Endangered,Iowa
Water marigold,Bidens beckii,Endangered,Iowa
Matricary grape fern,Botrychium matricariifolium,Endangered,Iowa
Little grapefern,Botrychium simplex,Endangered,Iowa
Swamp moonwort,Botrychium tenebrosum,Endangered,Iowa
White-tinged sedge,Carex albicans,Endangered,Iowa
Back’s sedge,Carex backii,Endangered,Iowa
Cordroot sedge,Carex chordorrhiza,Endangered,Iowa
Fringed sedge,Carex crinita,Endangered,Iowa
Star sedge,Carex echinata,Endangered,Iowa
Shoreline sedge,Carex hyalenolepis,Endangered,Iowa
Hoplike sedge,Carex lupuliformis,Endangered,Iowa
Intermediate sedge,Carex media,Endangered,Iowa
Plantain-leaved sedge,Carex plantaginea,Endangered,Iowa
Drooping sedge,Carex prasina,Endangered,Iowa
Cyperus-like sedge,Carex pseudocyperus,Endangered,Iowa
Reflexed sedge,Carex retroflexa,Endangered,Iowa
Rocky Mountain sedge,Carex saximontana,Endangered,Iowa
Fireweed,Chamaenerion angustifolium,Endangered,Iowa
Pipsissewa,Chimaphila umbellata,Endangered,Iowa
Drooping woodreed,Cinna latifolia,Endangered,Iowa
Purple clematis,Clematis occidentalis,Endangered,Iowa
Blue-eyed mary,Collinsia verna,Endangered,Iowa
Spotted coralroot,Corallorhiza maculata,Endangered,Iowa
Golden corydalis,Corydalis aurea,Endangered,Iowa
Large-bracted corydalis,Corydalis curvisiliqua,Endangered,Iowa
Pale corydalis,Corydalis flavula,Endangered,Iowa
Pink corydalis,Corydalis sempervirens,Endangered,Iowa
Silky prairie-clover,Dalea villosa,Endangered,Iowa
Tree clubmoss,Dendrolycopodium dendroideum,Endangered,Iowa
Sessile-leaved tick trefoil,Desmodium sessilifolium,Endangered,Iowa
Roundleaved sundew,Drosera rotundifolia,Endangered,Iowa
Marginal shield fern,Dryopteris marginalis,Endangered,Iowa
Purple coneflower,Echinacea purpurea,Endangered,Iowa
Elliptic spikerush,Eleocharis elliptica,Endangered,Iowa
Few-flowered spikerush,Eleocharis quinqueflora,Endangered,Iowa
Wolf’s spikerush,Eleocharis wolfii,Endangered,Iowa
Wiegand’s wildrye,Elymus wiegandii,Endangered,Iowa
Downy willowherb,Epilobium strictum,Endangered,Iowa
Slender cottongrass,Eriophorum gracile,Endangered,Iowa
Tawny cottongrass,Eriophorum virginicum,Endangered,Iowa
Wood spurge,Euphorbia commutata,Endangered,Iowa
Forked aster,Eurybia furcata,Endangered,Iowa
Large-leaved aster,Eurybia macrophylla,Endangered,Iowa
Schreber’s aster,Eurybia schreberi,Endangered,Iowa
Queen of the prairie,Filipendula rubra,Endangered,Iowa
False mermaid,Floerkea proserpinacoides,Endangered,Iowa
Rough bedstraw,Galium asprellum,Endangered,Iowa
Black Huckleberry,Gaylussacia baccata,Endangered,Iowa
Hairy goldenaster,Heterotheca villosa,Endangered,Iowa
Povertygrass,Hudsonia tomentosa,Endangered,Iowa
Rock clubmoss,Huperzia porophila,Endangered,Iowa
Canadian St. Johnswort,Hypericum canadense,Endangered,Iowa
Pineweed,Hypericum gentianoides,Endangered,Iowa
Flax-leaved aster,Ionactis linariifolia,Endangered,Iowa
White morning-glory,Ipomoea lacunosa,Endangered,Iowa
Black-based quillwort,Isoetes melanopoda,Endangered,Iowa
Alpine rush,Juncus alpinoarticulatus,Endangered,Iowa
Edged rush,Juncus marginatus,Endangered,Iowa
Vasey’s rush,Juncus vaseyi,Endangered,Iowa
Creeping juniper,Juniperus horizontalis,Endangered,Iowa
Intermediate pinweed,Lechea intermedia,Endangered,Iowa
Hairy pinweed,Lechea mucronata,Endangered,Iowa
Wild lupine,Lupinus perennis,Endangered,Iowa
Bog clubmoss,Lycopodiella inundata,Endangered,Iowa
Hairy waterclover,Marsilea vestita,Endangered,Iowa
Millet grass,Milium effusum,Endangered,Iowa
Sensitive briar,Mimosa nuttallii,Endangered,Iowa
Partridge berry,Mitchella repens,Endangered,Iowa
Naked miterwort,Mitella nuda,Endangered,Iowa
Mat muhly,Muhlenbergia richardsonis,Endangered,Iowa
Small sundrops,Oenothera perennis,Endangered,Iowa
Fragile prickly-pear,Opuntia fragilis,Endangered,Iowa
Frenchgrass,Orbexilum onobrychis,Endangered,Iowa
Clustered broomrape,Orobanche fasciculata,Endangered,Iowa
One-sided shinleaf,Orthilia secunda,Endangered,Iowa
Rough-leaved ricegrass,Oryzopsis asperifolia,Endangered,Iowa
Cinnamon fern,Osmundastrum cinnamomeum,Endangered,Iowa
Philadelphia panic grass,Panicum philadelphicum,Endangered,Iowa
Arrow arum,Peltandra virginica,Endangered,Iowa
Cobaea beardtongue,Penstemon cobaea,Endangered,Iowa
Slender beardtongue,Penstemon gracilis,Endangered,Iowa
Tube beardtongue,Penstemon tubaeflorus,Endangered,Iowa
Wild dill,Perideridia americana,Endangered,Iowa
Long beechfern,Phegopteris connectilis,Endangered,Iowa
Fameflower,Phemeranthus parviflorus,Endangered,Iowa
Rough-seeded fameflower,Phemeranthus rugospermus,Endangered,Iowa
Mountain ricegrass,Piptatherum pungens,Endangered,Iowa
Wood orchid,Platanthera clavellata,Endangered,Iowa
Hooker’s orchid,Platanthera hookeri,Endangered,Iowa
Green fringed orchid,Platanthera lacera,Endangered,Iowa
Eastern prairie fringed orchid,Platanthera leucophaea,Endangered,Iowa
Woodland Bluegrass,Poa saltuensis,Endangered,Iowa
Clammyweed,Polansia jamesii,Endangered,Iowa
Crossleaf milkwort,Polygala cruciata,Endangered,Iowa
Pink milkwort,Polygala incarnata,Endangered,Iowa
Purple milkwort,Polygala polygama,Endangered,Iowa
Hairy Solomon’s-seal,Polygonatum pubescens,Endangered,Iowa
Jointweed,Polygonella articulata,Endangered,Iowa
White-stemmed pondweed,Potamogeton praelongus,Endangered,Iowa
Silverweed,Potentilla anserina,Endangered,Iowa
Pennsylvania cinquefoil,Potentilla pensylvanica,Endangered,Iowa
Stem flower dewberry,Rubus caulifloris,Endangered,Iowa
Washington dewberry,Rubus celer,Endangered,Iowa
Swamp dewberry,Rubus hispidus,Endangered,Iowa
Recurved blackberry,Rubus recurvans,Endangered,Iowa
New England blackberry,Rubus semisetosus,Endangered,Iowa
Bottomland dewberry,Rubus serratus,Endangered,Iowa
Uniform bristleberry,Rubus uniformis,Endangered,Iowa
Shining willow,Salix lucida,Endangered,Iowa
Smith’s bulrush,Schoenoplectiella smithii,Endangered,Iowa
Downy skullcap,Scutellaria incana,Endangered,Iowa
Veined skullcap,Scutellaria nervosa,Endangered,Iowa
Wild stonecrop,Sedum ternatum,Endangered,Iowa
Meadow spikemoss,Selaginella eclipes,Endangered,Iowa
Knotweed bristlegrass,Setaria parviflora,Endangered,Iowa
Annual skeletonweed,Shinneroseris rostata,Endangered,Iowa
Three-toothed cinquefoil,Sibbaldiopsis tridentata,Endangered,Iowa
Needle-pointed blue-eyed grass,Sisyrinchium mucronatum,Endangered,Iowa
Rough-leaved goldenrod,Solidago patula,Endangered,Iowa
Bog goldenrod,Solidago uliginosa,Endangered,Iowa
Yellow-lipped ladies-tresses,Spiranthes lucida,Endangered,Iowa
Hooded ladies-tresses,Spiranthes romanzoffiana,Endangered,Iowa
Little ladies-tresses,Spiranthes tuberosa,Endangered,Iowa
Spring ladies-tresses,Spiranthes vernalis,Endangered,Iowa
Rough-leaved hedge-nettle,Stachys aspera,Endangered,Iowa
Pickering morning-glory,Stylisma pickeringii,Endangered,Iowa
Snowberry,Symphoricarpos albus,Endangered,Iowa
Waxy meadowrue,Thalictrum amphibolum,Endangered,Iowa
Western spiderwort,Tradescantia occidentalis,Endangered,Iowa
Small bladderwort,Utricularia minor,Endangered,Iowa
Sessile-leaf bellwort,Uvularia sessilifolia,Endangered,Iowa
Low sweet blueberry,Vaccinium angustifolium,Endangered,Iowa
Velvetleaf blueberry,Vaccinium myrtilloides,Endangered,Iowa
American brookline,Veronica americana,Endangered,Iowa
Maple-leaved arrowwood,Viburnum acerifolium,Endangered,Iowa
Spurred violet,Viola adunca,Endangered,Iowa
Large-leaved violet,Viola blanda,Endangered,Iowa
Frost grape,Vitis vulpina,Endangered,Iowa
Rusty woodsia,Woodsia ilvensis,Endangered,Iowa
Oregon woodsia,Woodsia oregana,Endangered,Iowa
Slender three-seeded mercury,Acalypha gracilens,Threatened,Iowa
Northern wild monkshood,Aconitum noveboracense,Threatened,Iowa
Round-stemmed false foxglove,Agalinis gattingeri,Threatened,Iowa
Inland serviceberry,Amelanchier interior,Threatened,Iowa
Fragrant false indigo,Amorpha nana,Threatened,Iowa
Woolly milkweed,Asclepias lanuginosa,Threatened,Iowa
Oval-leaved milkweed,Asclepias ovalifolia,Threatened,Iowa
Narrow-leaved milkweed,Asclepias stenophylla,Threatened,Iowa
Pawpaw,Asimina triloba,Threatened,Iowa
Water parsnip,Berula erecta,Threatened,Iowa
Watershield,Brasenia schreberi,Threatened,Iowa
Poppy mallow,Callirhoe triangulata,Threatened,Iowa
Water-starwort,Callitriche heterophylla,Threatened,Iowa
Low bindweed,Calystegia spithamaea,Threatened,Iowa
Assiniboine sedge,Carex assininboinensis,Threatened,Iowa
Carey’s sedge,Carex careyana,Threatened,Iowa
Fibrous-root sedge,Carex communis,Threatened,Iowa
Spreading sedge,Carex laxiculmis,Threatened,Iowa
Delicate sedge,Carex leptalea,Threatened,Iowa
Yellow sedge,Carex lurida,Threatened,Iowa
Sterile sedge,Carex sterilis,Threatened,Iowa
Quill sedge,Carex tenera,Threatened,Iowa
Shaved sedge,Carex tonsa,Threatened,Iowa
Wood’s sedge,Carex woodii,Threatened,Iowa
Pink turtlehead,Chelone obliqua,Threatened,Iowa
Marsh cinquefoil,Comarum palustre,Threatened,Iowa
Dayflower,Commelina erecta,Threatened,Iowa
Bunchberry,Cornus canadensis,Threatened,Iowa
Fireberry hawthorn,Crataegus chrysocarpa,Threatened,Iowa
Waxy-fruited hawthorn,Crataegus pruinosa,Threatened,Iowa
Showy lady’s slipper,Cypripedium reginae,Threatened,Iowa
Shrubby cinquefoil,Dasiphora fruticosa,Threatened,Iowa
Silvery spleenwort,Deparia acrostichoides,Threatened,Iowa
Northern panic-grass,Dichanthelium boreale,Threatened,Iowa
Slim-leaved panic-grass,Dichanthelium linearifolium,Threatened,Iowa
Narrow-leaved spleenwort,Diplazium pynocarpon,Threatened,Iowa
Glandular wood fern,Dryopteris intermedia,Threatened,Iowa
Oval spikerush,Eleocharis ovata,Threatened,Iowa
Woodland horsetail,Equisetum sylvaticum,Threatened,Iowa
Yellow trout lily,Erythronium americanum,Threatened,Iowa
Upland boneset,Eupatorium sessilifolium,Threatened,Iowa
Slender fimbry,Fimbristylis autumnalis,Threatened,Iowa
Blue ash,Fraxinus quadrangulata,Threatened,Iowa
Bog bedstraw,Galium labradoricum,Threatened,Iowa
Oak fern,Gymnocarpium dryopteris,Threatened,Iowa
Needle-and-thread grass,Hesperostipa comata,Threatened,Iowa
Green violet,Hybanthus concolor,Threatened,Iowa
Winterberry,Ilex verticillata,Threatened,Iowa
Twinleaf,Jeffersonia diphylla,Threatened,Iowa
Green rush,Juncus greenii,Threatened,Iowa
Dwarf dandelion,Krigia virginica,Threatened,Iowa
Prairie bush clover,Lespedeza leptostachya,Threatened,Iowa
Cleft conobea,Leucospora multifida,Threatened,Iowa
Twinflower,Linnaea borealis,Threatened,Iowa
Whiskbroom parsley,Lomatium foeniculaceum,Threatened,Iowa
Western parsley,Lomatium orientale,Threatened,Iowa
Running clubmoss,Lycopodium clavatum,Threatened,Iowa
Bunchflower,Melanthium virginicum,Threatened,Iowa
Ten-petaled blazingstar,Mentzelia decapetala,Threatened,Iowa
Bog buckbean,Menyanthes trifoliata,Threatened,Iowa
Northern lungwort,Mertensia paniculata,Threatened,Iowa
Rock sandwort,Minuartia michauxii,Threatened,Iowa
Pinesap,Monotropa hypopithys,Threatened,Iowa
Southern adder’s-tongue,Ophioglossum vulgatum,Threatened,Iowa
Royal fern,Osmunda regalis,Threatened,Iowa
Purple cliffbrake,Pellaea atropurpurea,Threatened,Iowa
White beardtongue,Penstemon albidus,Threatened,Iowa
Broad beech fern,Phegopteris hexagonoptera,Threatened,Iowa
Northern bog orchid,Platanthera aquilonis,Threatened,Iowa
Western prairie fringed orchid,Platanthera praeclara,Threatened,Iowa
Purple fringed orchid,Platanthera psycodes,Threatened,Iowa
Bog bluegrass,Poa paludigena,Threatened,Iowa
Nodding rattlesnake-root,Prenanthes crepidinea,Threatened,Iowa
Canada plum,Prunus nigra,Threatened,Iowa
Sand cherry,Prunus pumila,Threatened,Iowa
Pink shinleaf,Pyrola asarifolia,Threatened,Iowa
Meadow beauty,Rhexia virginica,Threatened,Iowa
Northern currant,Ribes hudsonianum,Threatened,Iowa
Wood’s rose,Rosa woodsii,Threatened,Iowa
Garden dewberry,Rubus aboriginum,Threatened,Iowa
Short-stalked dewberry,Rubus curtipes,Threatened,Iowa
Southern dewberry,Rubus enslenii,Threatened,Iowa
Iron River dewberry,Rubus ferrofluvius,Threatened,Iowa
Common dewberry,Rubus flagellaris,Threatened,Iowa
Fuller’s bristly dewberry,Rubus fulleri,Threatened,Iowa
Downy dewberry,Rubus satis,Threatened,Iowa
Widgeon grass,Ruppia cirrhosa,Threatened,Iowa
Bog willow,Salix pedicellaris,Threatened,Iowa
Leathery grapefern,Sceptridium multifidum,Threatened,Iowa
Low nutrush,Scleria verticillata,Threatened,Iowa
Buffaloberry,Sheperdia argentea,Threatened,Iowa
Scarlet globemallow,Sphaeralcea coccinea,Threatened,Iowa
Rush aster,Symphyotrichum boreale,Threatened,Iowa
Large arrowgrass,Triglochin maritima,Threatened,Iowa
Small arrowgrass,Triglochin palustris,Threatened,Iowa
Black arrowwood,Viburnum molle,Threatened,Iowa
Lance-leaved violet,Viola lanceolata,Threatened,Iowa
Macloskey’s violet,Viola macloskeyi,Threatened,Iowa
Kidney-leaved violet,Viola renifolia,Threatened,Iowa
Summer grape,Vitis aestivalis,Threatened,Iowa
Yellow-eyed grass,Xyris torta,Threatened,Iowa
Spotted Darter,Nothonotus maculatus,T,Kentucky
Longhead Darter,Percina macrocephala,E,Kentucky
Slender Madtom,Noturus exilis,E,Kentucky
Northern Harrier,Circus hudsonius,T,Kentucky
Hooded Merganser,Lophodytes cucullatus,T,Kentucky
Spotted Sandpiper,Actitis macularius,E,Kentucky
Peregrine Falcon,Falco peregrinus,E,Kentucky
American Coot,Fulica americana,E,Kentucky
Golden-winged Warbler,Vermivora chrysoptera,E,Kentucky
Red-breasted Nuthatch,Sitta canadensis,E,Kentucky
Great Egret,Ardea alba,T,Kentucky
Little Blue Heron,Egretta caerulea,E,Kentucky
Yellow-crowned Night-heron,Nyctanassa violacea,T,Kentucky
Black-crowned Night-heron,Nycticorax nycticorax,T,Kentucky
Pied-billed Grebe,Podilymbus podiceps,E,Kentucky
Short-eared Owl,Asio flammeus,E,Kentucky
Pocketbook,Lampsilis ovata,E,Kentucky
Little Spectaclecase,Leaunio lienosus,T,Kentucky
Kentucky Creekshell,Leaunio ortmanni,E,Kentucky
Rabbitsfoot,Theliderma cylindrica,E,Kentucky
Purple Lilliput,Toxolasma lividum,E,Kentucky
Gray Myotis,Myotis grisescens,T,Kentucky
Little Brown Bat,Myotis lucifugus,T,Kentucky
Northern Long-Eared Bat,Myotis septentrionalis,E,Kentucky
Indiana Bat,Myotis sodalis,E,Kentucky
Tricolored Bat,Perimyotis subflavus,T,Kentucky
Mountain Brook Lamprey,Ichthyomyzon greeleyi,T,Kentucky
Spotted Darter,Nothonotus maculatus,T,Kentucky
Longhead Darter,Percina macrocephala,E,Kentucky
Slender Madtom,Noturus exilis,E,Kentucky
Northern Harrier,Circus hudsonius,T,Kentucky
Hooded Merganser,Lophodytes cucullatus,T,Kentucky
Spotted Sandpiper,Actitis macularius,E,Kentucky
Great Egret,Ardea alba,T,Kentucky
Pied-billed Grebe,Podilymbus podiceps,E,Kentucky
Fanshell,Cyprogenia stegaria,E,Kentucky
Snuffbox,Epioblasma triquetra,E,Kentucky
Longsolid,Fusconaia subrotunda,T,Kentucky
Pocketbook,Lampsilis ovata,E,Kentucky
Little Spectaclecase,Leaunio lienosus,T,Kentucky
Kentucky Creekshell,Leaunio ortmanni,E,Kentucky
Mountain Creekshell,Leaunio vanuxemensis,E,Kentucky
Clubshell,Pleurobema clava,E,Kentucky
Pyramid Pigtoe,Pleurobema rubrum,E,Kentucky
Rabbitsfoot,Theliderma cylindrica,E,Kentucky
Purple Lilliput,Toxolasma lividum,E,Kentucky
Gray Myotis,Myotis grisescens,T,Kentucky
Little Brown Bat,Myotis lucifugus,T,Kentucky
Indiana Bat,Myotis sodalis,E,Kentucky
Tricolored Bat,Perimyotis subflavus,T,Kentucky
Mountain Brook Lamprey,Ichthyomyzon greeleyi,T,Kentucky
American Brook Lamprey,Lethenteron appendix,T,Kentucky
Northern Harrier,Circus hudsonius,T,Kentucky
Spotted Sandpiper,Actitis macularius,E,Kentucky
Least Flycatcher,Empidonax minimus,E,Kentucky
Great Egret,Ardea alba,T,Kentucky
Little Blue Heron,Egretta caerulea,E,Kentucky
Pied-billed Grebe,Podilymbus podiceps,E,Kentucky
Clubshell,Pleurobema clava,E,Kentucky
Gray Myotis,Myotis grisescens,T,Kentucky
Little Brown Bat,Myotis lucifugus,T,Kentucky
Northern Long-Eared Bat,Myotis septentrionalis,E,Kentucky
Indiana Bat,Myotis sodalis,E,Kentucky
Tricolored Bat,Perimyotis subflavus,T,Kentucky
Lake Sturgeon,Acipenser fulvescens,E,Kentucky
Pallid Sturgeon,Scaphirhynchus albus,E,Kentucky
Mississippi Silverside,Menidia audens,T,Kentucky
Redspotted Sunfish,Lepomis miniatus,T,Kentucky
Lake Chubsucker,Erimyzon sucetta,T,Kentucky
Cypress Minnow,Hybognathus hayi,E,Kentucky
Sturgeon Chub,Macrhybopsis gelida,E,Kentucky
Sicklefin Chub,Macrhybopsis meeki,E,Kentucky
Taillight Shiner,Notropis maculatus,T,Kentucky
Alligator Gar,Atractosteus spatula,E,Kentucky
Cypress Darter,Etheostoma proeliare,T,Kentucky
Three-toed Amphiuma,Amphiuma tridactylum,E,Kentucky
Northern Harrier,Circus hudsonius,T,Kentucky
Hooded Merganser,Lophodytes cucullatus,T,Kentucky
Northern Shoveler,Spatula clypeata,E,Kentucky
Blue-winged Teal,Spatula discors,T,Kentucky
Interior Least Tern,Sternula antillarum athalassos,E,Kentucky
Spotted Sandpiper,Actitis macularius,E,Kentucky
Peregrine Falcon,Falco peregrinus,E,Kentucky
American Coot,Fulica americana,E,Kentucky
Common Gallinule,Gallinula galeata,T,Kentucky
Brown Creeper,Certhia americana,T,Kentucky
Least Flycatcher,Empidonax minimus,E,Kentucky
Great Egret,Ardea alba,T,Kentucky
Little Blue Heron,Egretta caerulea,E,Kentucky
Snowy Egret,Egretta thula,E,Kentucky
Least Bittern,Ixobrychus exilis,T,Kentucky
Yellow-crowned Night-heron,Nyctanassa violacea,T,Kentucky
Black-crowned Night-heron,Nycticorax nycticorax,T,Kentucky
Pied-billed Grebe,Podilymbus podiceps,E,Kentucky
Longsolid,Fusconaia subrotunda,T,Kentucky
Pink Mucket,Lampsilis abrupta,E,Kentucky
Pocketbook,Lampsilis ovata,E,Kentucky
Little Spectaclecase,Leaunio lienosus,T,Kentucky
Ring Pink,Obovaria retusa,E,Kentucky
Orangefoot Pimpleback,Plethobasus cooperianus,E,Kentucky
Sheepnose,Plethobasus cyphyus,E,Kentucky
Pyramid Pigtoe,Pleurobema rubrum,E,Kentucky
Fat Pocketbook,Potamilus capax,T,Kentucky
Bleufer,Potamilus purpuratus,E,Kentucky
Rabbitsfoot,Theliderma cylindrica,E,Kentucky
Alligator Snapping Turtle,Macrochelys temminckii,E,Kentucky
Shrimp Crayfish,Faxonius lancifer,E,Kentucky
Gray-speckled Crayfish,Faxonius palmeri palmeri,E,Kentucky
Painted Devil Crayfish,Lacunicambarus ludovicianus,T,Kentucky
Vernal Crayfish,Procambarus viaeviridis,T,Kentucky
Little Brown Bat,Myotis lucifugus,T,Kentucky
Northern Long-Eared Bat,Myotis septentrionalis,E,Kentucky
Indiana Bat,Myotis sodalis,E,Kentucky
Tricolored Bat,Perimyotis subflavus,T,Kentucky
Cotton Mouse,Peromyscus gossypinus,T,Kentucky
Western Ribbonsnake,Thamnophis proximus proximus,E,Kentucky
Longhead Darter,Percina macrocephala,E,Kentucky
Northern Harrier,Circus hudsonius,T,Kentucky
Hooded Merganser,Lophodytes cucullatus,T,Kentucky
Blue-winged Teal,Spatula discors,T,Kentucky
Spotted Sandpiper,Actitis macularius,E,Kentucky
Peregrine Falcon,Falco peregrinus,E,Kentucky
Brown Creeper,Certhia americana,T,Kentucky
Blackburnian Warbler,Setophaga fusca,T,Kentucky
Golden-winged Warbler,Vermivora chrysoptera,E,Kentucky
Red-breasted Nuthatch,Sitta canadensis,E,Kentucky
Least Flycatcher,Empidonax minimus,E,Kentucky
Great Egret,Ardea alba,T,Kentucky
Least Bittern,Ixobrychus exilis,T,Kentucky
Yellow-crowned Night-heron,Nyctanassa violacea,T,Kentucky
Black-crowned Night-heron,Nycticorax nycticorax,T,Kentucky
Pied-billed Grebe,Podilymbus podiceps,E,Kentucky
Short-eared Owl,Asio flammeus,E,Kentucky
Little Spectaclecase,Leaunio lienosus,T,Kentucky
Kentucky Creekshell,Leaunio ortmanni,E,Kentucky
Gray Myotis,Myotis grisescens,T,Kentucky
Eastern Small-footed Myotis,Myotis leibii,T,Kentucky
Little Brown Bat,Myotis lucifugus,T,Kentucky
Northern Long-Eared Bat,Myotis septentrionalis,E,Kentucky
Indiana Bat,Myotis sodalis,E,Kentucky
Tricolored Bat,Perimyotis subflavus,T,Kentucky
Eastern Slender Glass Lizard,Ophisaurus attenuatus longicaudus,T,Kentucky
Eastern Pinesnake,Pituophis melanoleucus,E,Kentucky
Hooded Merganser,Lophodytes cucullatus,T,Kentucky
Spotted Sandpiper,Actitis macularius,E,Kentucky
Common Gallinule,Gallinula galeata,T,Kentucky
Brown Creeper,Certhia americana,T,Kentucky
Golden-winged Warbler,Vermivora chrysoptera,E,Kentucky
Least Flycatcher,Empidonax minimus,E,Kentucky
Least Bittern,Ixobrychus exilis,T,Kentucky
Yellow-crowned Night-heron,Nyctanassa violacea,T,Kentucky
Pied-billed Grebe,Podilymbus podiceps,E,Kentucky
Elktoe,Alasmidonta marginata,T,Kentucky
Fanshell,Cyprogenia stegaria,E,Kentucky
Snuffbox,Epioblasma triquetra,E,Kentucky
Longsolid,Fusconaia subrotunda,T,Kentucky
Pink Mucket,Lampsilis abrupta,E,Kentucky
Pocketbook,Lampsilis ovata,E,Kentucky
Little Spectaclecase,Leaunio lienosus,T,Kentucky
Round Hickorynut,Obovaria subrotunda,T,Kentucky
Sheepnose,Plethobasus cyphyus,E,Kentucky
Clubshell,Pleurobema clava,E,Kentucky
Pyramid Pigtoe,Pleurobema rubrum,E,Kentucky
Salamander Mussel,Simpsonaias ambigua,T,Kentucky
Purple Lilliput,Toxolasma lividum,E,Kentucky
Virginia Big-eared Bat,Corynorhinus townsendii virginianus,E,Kentucky
Eastern Small-footed Myotis,Myotis leibii,T,Kentucky
Little Brown Bat,Myotis lucifugus,T,Kentucky
Northern Long-Eared Bat,Myotis septentrionalis,E,Kentucky
Indiana Bat,Myotis sodalis,E,Kentucky
Tricolored Bat,Perimyotis subflavus,T,Kentucky
Northern Brook Lamprey,Ichthyomyzon fossor,T,Kentucky
Blackside Dace,Chrosomus cumberlandensis,T,Kentucky
Yellow-spotted Woodland Salamander,Plethodon pauleyi,E,Kentucky
Northern Harrier,Circus hudsonius,T,Kentucky
Hooded Merganser,Lophodytes cucullatus,T,Kentucky
Peregrine Falcon,Falco peregrinus,E,Kentucky
Brown Creeper,Certhia americana,T,Kentucky
Common Raven,Corvus corax,T,Kentucky
Blackburnian Warbler,Setophaga fusca,T,Kentucky
Golden-winged Warbler,Vermivora chrysoptera,E,Kentucky
Red-breasted Nuthatch,Sitta canadensis,E,Kentucky
Least Flycatcher,Empidonax minimus,E,Kentucky
Pied-billed Grebe,Podilymbus podiceps,E,Kentucky
Cumberland Papershell,Anodontoides denigratus,E,Kentucky
Pocketbook,Lampsilis ovata,E,Kentucky
Longclaw Crayfish,Cambarus buntingi,T,Kentucky
Gray Myotis,Myotis grisescens,T,Kentucky
Eastern Small-footed Myotis,Myotis leibii,T,Kentucky
Little Brown Bat,Myotis lucifugus,T,Kentucky
Northern Long-Eared Bat,Myotis septentrionalis,E,Kentucky
Tricolored Bat,Perimyotis subflavus,T,Kentucky
Eastern Slender Glass Lizard,Ophisaurus attenuatus longicaudus,T,Kentucky
Coal Skink,Plestiodon anthracinus,E,Kentucky
Northern Harrier,Circus hudsonius,T,Kentucky
Hooded Merganser,Lophodytes cucullatus,T,Kentucky
Blue-winged Teal,Spatula discors,T,Kentucky
Spotted Sandpiper,Actitis macularius,E,Kentucky
Peregrine Falcon,Falco peregrinus,E,Kentucky
American Coot,Fulica americana,E,Kentucky
Common Gallinule,Gallinula galeata,T,Kentucky
Brown Creeper,Certhia americana,T,Kentucky
Golden-winged Warbler,Vermivora chrysoptera,E,Kentucky
Vesper Sparrow,Pooecetes gramineus,E,Kentucky
Red-breasted Nuthatch,Sitta canadensis,E,Kentucky
Least Flycatcher,Empidonax minimus,E,Kentucky
Great Egret,Ardea alba,T,Kentucky
Little Blue Heron,Egretta caerulea,E,Kentucky
Black-crowned Night-heron,Nycticorax nycticorax,T,Kentucky
Pied-billed Grebe,Podilymbus podiceps,E,Kentucky
Short-eared Owl,Asio flammeus,E,Kentucky
Spectaclecase,Cumberlandia monodonta,E,Kentucky
Longsolid,Fusconaia subrotunda,T,Kentucky
Pink Mucket,Lampsilis abrupta,E,Kentucky
Pocketbook,Lampsilis ovata,E,Kentucky
Ring Pink,Obovaria retusa,E,Kentucky
Sheepnose,Plethobasus cyphyus,E,Kentucky
Pyramid Pigtoe,Pleurobema rubrum,E,Kentucky
Rabbitsfoot,Theliderma cylindrica,E,Kentucky
Eastern Small-footed Myotis,Myotis leibii,T,Kentucky
Little Brown Bat,Myotis lucifugus,T,Kentucky
Indiana Bat,Myotis sodalis,E,Kentucky
Tricolored Bat,Perimyotis subflavus,T,Kentucky
Vesper Sparrow,Pooecetes gramineus,E,Kentucky
Little Brown Bat,Myotis lucifugus,T,Kentucky
Northern Long-Eared Bat,Myotis septentrionalis,E,Kentucky
Lake Sturgeon,Acipenser fulvescens,E,Kentucky
Northern Harrier,Circus hudsonius,T,Kentucky
Spotted Sandpiper,Actitis macularius,E,Kentucky
Brown Creeper,Certhia americana,T,Kentucky
Golden-winged Warbler,Vermivora chrysoptera,E,Kentucky
Least Flycatcher,Empidonax minimus,E,Kentucky
Black-crowned Night-heron,Nycticorax nycticorax,T,Kentucky
Pied-billed Grebe,Podilymbus podiceps,E,Kentucky
Short-eared Owl,Asio flammeus,E,Kentucky
Little Spectaclecase,Leaunio lienosus,T,Kentucky
Salamander Mussel,Simpsonaias ambigua,T,Kentucky
Little Brown Bat,Myotis lucifugus,T,Kentucky
Northern Long-Eared Bat,Myotis septentrionalis,E,Kentucky
Tricolored Bat,Perimyotis subflavus,T,Kentucky
American Brook Lamprey,Lethenteron appendix,T,Kentucky
Northern Harrier,Circus hudsonius,T,Kentucky
Hooded Merganser,Lophodytes cucullatus,T,Kentucky
Northern Shoveler,Spatula clypeata,E,Kentucky
Blue-winged Teal,Spatula discors,T,Kentucky
Spotted Sandpiper,Actitis macularius,E,Kentucky
Peregrine Falcon,Falco peregrinus,E,Kentucky
American Coot,Fulica americana,E,Kentucky
Brown Creeper,Certhia americana,T,Kentucky
Golden-winged Warbler,Vermivora chrysoptera,E,Kentucky
Red-breasted Nuthatch,Sitta canadensis,E,Kentucky
Pied-billed Grebe,Podilymbus podiceps,E,Kentucky
Short-eared Owl,Asio flammeus,E,Kentucky
Long-eared Owl,Asio otus,E,Kentucky
Coal Skink,Plestiodon anthracinus,E,Kentucky
Lake Sturgeon,Acipenser fulvescens,E,Kentucky
Northern Harrier,Circus hudsonius,T,Kentucky
Hooded Merganser,Lophodytes cucullatus,T,Kentucky
Peregrine Falcon,Falco peregrinus,E,Kentucky
Great Egret,Ardea alba,T,Kentucky
Pied-billed Grebe,Podilymbus podiceps,E,Kentucky
Elktoe,Alasmidonta marginata,T,Kentucky
Fanshell,Cyprogenia stegaria,E,Kentucky
Northern Riffleshell,Epioblasma rangiana,E,Kentucky
Snuffbox,Epioblasma triquetra,E,Kentucky
Longsolid,Fusconaia subrotunda,T,Kentucky
Pink Mucket,Lampsilis abrupta,E,Kentucky
Pocketbook,Lampsilis ovata,E,Kentucky
Round Hickorynut,Obovaria subrotunda,T,Kentucky
Clubshell,Pleurobema clava,E,Kentucky
Salamander Mussel,Simpsonaias ambigua,T,Kentucky
Rabbitsfoot,Theliderma cylindrica,E,Kentucky
Little Brown Bat,Myotis lucifugus,T,Kentucky
Northern Long-Eared Bat,Myotis septentrionalis,E,Kentucky
Indiana Bat,Myotis sodalis,E,Kentucky
Tricolored Bat,Perimyotis subflavus,T,Kentucky
Western Sand Darter,Ammocrypta clara,E,Kentucky
Kentucky Arrow Darter,Etheostoma spilotum,T,Kentucky
Spotted Darter,Nothonotus maculatus,T,Kentucky
Northern Harrier,Circus hudsonius,T,Kentucky
Hooded Merganser,Lophodytes cucullatus,T,Kentucky
Spotted Sandpiper,Actitis macularius,E,Kentucky
Peregrine Falcon,Falco peregrinus,E,Kentucky
American Coot,Fulica americana,E,Kentucky
Brown Creeper,Certhia americana,T,Kentucky
Common Raven,Corvus corax,T,Kentucky
Red-breasted Nuthatch,Sitta canadensis,E,Kentucky
Pied-billed Grebe,Podilymbus podiceps,E,Kentucky
Pocketbook,Lampsilis ovata,E,Kentucky
Round Hickorynut,Obovaria subrotunda,T,Kentucky
Salamander Mussel,Simpsonaias ambigua,T,Kentucky
Eastern Small-footed Myotis,Myotis leibii,T,Kentucky
Little Brown Bat,Myotis lucifugus,T,Kentucky
Northern Long-Eared Bat,Myotis septentrionalis,E,Kentucky
Indiana Bat,Myotis sodalis,E,Kentucky
Tricolored Bat,Perimyotis subflavus,T,Kentucky
Northern Brook Lamprey,Ichthyomyzon fossor,T,Kentucky
American Brook Lamprey,Lethenteron appendix,T,Kentucky
Coal Skink,Plestiodon anthracinus,E,Kentucky
Northern Harrier,Circus hudsonius,T,Kentucky
Spotted Sandpiper,Actitis macularius,E,Kentucky
Great Egret,Ardea alba,T,Kentucky
Pied-billed Grebe,Podilymbus podiceps,E,Kentucky
Salamander Mussel,Simpsonaias ambigua,T,Kentucky
Gray Myotis,Myotis grisescens,T,Kentucky
Eastern Small-footed Myotis,Myotis leibii,T,Kentucky
Little Brown Bat,Myotis lucifugus,T,Kentucky
Northern Long-Eared Bat,Myotis septentrionalis,E,Kentucky
Indiana Bat,Myotis sodalis,E,Kentucky
Tricolored Bat,Perimyotis subflavus,T,Kentucky
Northern Harrier,Circus hudsonius,T,Kentucky
Hooded Merganser,Lophodytes cucullatus,T,Kentucky
Northern Shoveler,Spatula clypeata,E,Kentucky
Spotted Sandpiper,Actitis macularius,E,Kentucky
Peregrine Falcon,Falco peregrinus,E,Kentucky
American Coot,Fulica americana,E,Kentucky
Brown Creeper,Certhia americana,T,Kentucky
Vesper Sparrow,Pooecetes gramineus,E,Kentucky
Red-breasted Nuthatch,Sitta canadensis,E,Kentucky
Least Flycatcher,Empidonax minimus,E,Kentucky
Great Egret,Ardea alba,T,Kentucky
Yellow-crowned Night-heron,Nyctanassa violacea,T,Kentucky
Pied-billed Grebe,Podilymbus podiceps,E,Kentucky
Short-eared Owl,Asio flammeus,E,Kentucky
Longsolid,Fusconaia subrotunda,T,Kentucky
Pocketbook,Lampsilis ovata,E,Kentucky
Little Spectaclecase,Leaunio lienosus,T,Kentucky
Round Hickorynut,Obovaria subrotunda,T,Kentucky
Clubshell,Pleurobema clava,E,Kentucky
Pyramid Pigtoe,Pleurobema rubrum,E,Kentucky
Purple Lilliput,Toxolasma lividum,E,Kentucky
Louisville Crayfish,Faxonius jeffersoni,E,Kentucky
Gray Myotis,Myotis grisescens,T,Kentucky
Little Brown Bat,Myotis lucifugus,T,Kentucky
Northern Long-Eared Bat,Myotis septentrionalis,E,Kentucky
Indiana Bat,Myotis sodalis,E,Kentucky
Tricolored Bat,Perimyotis subflavus,T,Kentucky
Southeastern Crowned Snake,Tantilla coronata,T,Kentucky
Redspotted Sunfish,Lepomis miniatus,T,Kentucky
Lake Chubsucker,Erimyzon sucetta,T,Kentucky
Cypress Minnow,Hybognathus hayi,E,Kentucky
Western Sand Darter,Ammocrypta clara,E,Kentucky
Spotted Darter,Nothonotus maculatus,T,Kentucky
Northern Harrier,Circus hudsonius,T,Kentucky
Brown Creeper,Certhia americana,T,Kentucky
Golden-winged Warbler,Vermivora chrysoptera,E,Kentucky
Great Egret,Ardea alba,T,Kentucky
Spectaclecase,Cumberlandia monodonta,E,Kentucky
Fanshell,Cyprogenia stegaria,E,Kentucky
Catspaw,Epioblasma obliquata,E,Kentucky
Snuffbox,Epioblasma triquetra,E,Kentucky
Longsolid,Fusconaia subrotunda,T,Kentucky
Pink Mucket,Lampsilis abrupta,E,Kentucky
Pocketbook,Lampsilis ovata,E,Kentucky
Little Spectaclecase,Leaunio lienosus,T,Kentucky
Ring Pink,Obovaria retusa,E,Kentucky
Round Hickorynut,Obovaria subrotunda,T,Kentucky
Orangefoot Pimpleback,Plethobasus cooperianus,E,Kentucky
Sheepnose,Plethobasus cyphyus,E,Kentucky
Clubshell,Pleurobema clava,E,Kentucky
Rough Pigtoe,Pleurobema plenum,E,Kentucky
Pyramid Pigtoe,Pleurobema rubrum,E,Kentucky
Rabbitsfoot,Theliderma cylindrica,E,Kentucky
Purple Lilliput,Toxolasma lividum,E,Kentucky
Gray Myotis,Myotis grisescens,T,Kentucky
Northern Long-Eared Bat,Myotis septentrionalis,E,Kentucky
Tricolored Bat,Perimyotis subflavus,T,Kentucky
American Brook Lamprey,Lethenteron appendix,T,Kentucky
Copperbelly Watersnake,Nerodia erythrogaster neglecta,T,Kentucky
Lake Chubsucker,Erimyzon sucetta,T,Kentucky
Northern Harrier,Circus hudsonius,T,Kentucky
Hooded Merganser,Lophodytes cucullatus,T,Kentucky
Blue-winged Teal,Spatula discors,T,Kentucky
Spotted Sandpiper,Actitis macularius,E,Kentucky
Pied-billed Grebe,Podilymbus podiceps,E,Kentucky
Alligator Snapping Turtle,Macrochelys temminckii,E,Kentucky
Kentucky Crayfish,Faxonius kentuckiensis,T,Kentucky
Gray Myotis,Myotis grisescens,T,Kentucky
Little Brown Bat,Myotis lucifugus,T,Kentucky
Northern Long-Eared Bat,Myotis septentrionalis,E,Kentucky
Tricolored Bat,Perimyotis subflavus,T,Kentucky
Copperbelly Watersnake,Nerodia erythrogaster neglecta,T,Kentucky
Southeastern Crowned Snake,Tantilla coronata,T,Kentucky
Mississippi Silverside,Menidia audens,T,Kentucky
Dollar Sunfish,Lepomis marginatus,E,Kentucky
Blotched Chub,Erimystax insignis,E,Kentucky
Central Mudminnow,Umbra limi,T,Kentucky
Goldstripe Darter,Etheostoma parvipinne,E,Kentucky
Cypress Darter,Etheostoma proeliare,T,Kentucky
Slender Madtom,Noturus exilis,E,Kentucky
Three-toed Amphiuma,Amphiuma tridactylum,E,Kentucky
Three-lined Salamander,Eurycea guttolineata,T,Kentucky
Northern Harrier,Circus hudsonius,T,Kentucky
Hooded Merganser,Lophodytes cucullatus,T,Kentucky
Northern Shoveler,Spatula clypeata,E,Kentucky
Blue-winged Teal,Spatula discors,T,Kentucky
Interior Least Tern,Sternula antillarum athalassos,E,Kentucky
Spotted Sandpiper,Actitis macularius,E,Kentucky
Peregrine Falcon,Falco peregrinus,E,Kentucky
American Coot,Fulica americana,E,Kentucky
Brown Creeper,Certhia americana,T,Kentucky
Golden-winged Warbler,Vermivora chrysoptera,E,Kentucky
Bachman's Sparrow,Peucaea aestivalis,E,Kentucky
Vesper Sparrow,Pooecetes gramineus,E,Kentucky
Red-breasted Nuthatch,Sitta canadensis,E,Kentucky
Least Flycatcher,Empidonax minimus,E,Kentucky
Great Egret,Ardea alba,T,Kentucky
Little Blue Heron,Egretta caerulea,E,Kentucky
Snowy Egret,Egretta thula,E,Kentucky
Yellow-crowned Night-heron,Nyctanassa violacea,T,Kentucky
Black-crowned Night-heron,Nycticorax nycticorax,T,Kentucky
Pied-billed Grebe,Podilymbus podiceps,E,Kentucky
Pocketbook,Lampsilis ovata,E,Kentucky
Purple Lilliput,Toxolasma lividum,E,Kentucky
Alligator Snapping Turtle,Macrochelys temminckii,E,Kentucky
Blood River Crayfish,Faxonius burri,T,Kentucky
Warpaint Mudbug,Lacunicambarus erythrodactylus,T,Kentucky
Gray Myotis,Myotis grisescens,T,Kentucky
Little Brown Bat,Myotis lucifugus,T,Kentucky
Northern Long-Eared Bat,Myotis septentrionalis,E,Kentucky
Indiana Bat,Myotis sodalis,E,Kentucky
Tricolored Bat,Perimyotis subflavus,T,Kentucky
Cotton Mouse,Peromyscus gossypinus,T,Kentucky
Southern Brook Lamprey,Ichthyomyzon gagei,E,Kentucky
Scarlet Kingsnake,Lampropeltis elapsoides,E,Kentucky
Eastern Pinesnake,Pituophis melanoleucus,E,Kentucky
Southeastern Crowned Snake,Tantilla coronata,T,Kentucky
Coal Skink,Plestiodon anthracinus,E,Kentucky
Western Pygmy Rattlesnake,Sistrurus miliarius streckeri,E,Kentucky
Lake Sturgeon,Acipenser fulvescens,E,Kentucky
Hooded Merganser,Lophodytes cucullatus,T,Kentucky
Spotted Sandpiper,Actitis macularius,E,Kentucky
Peregrine Falcon,Falco peregrinus,E,Kentucky
Brown Creeper,Certhia americana,T,Kentucky
Red-breasted Nuthatch,Sitta canadensis,E,Kentucky
Great Egret,Ardea alba,T,Kentucky
Black-crowned Night-heron,Nycticorax nycticorax,T,Kentucky
Pied-billed Grebe,Podilymbus podiceps,E,Kentucky
Elktoe,Alasmidonta marginata,T,Kentucky
Fanshell,Cyprogenia stegaria,E,Kentucky
Catspaw,Epioblasma obliquata,E,Kentucky
Northern Riffleshell,Epioblasma rangiana,E,Kentucky
Longsolid,Fusconaia subrotunda,T,Kentucky
Pink Mucket,Lampsilis abrupta,E,Kentucky
Pocketbook,Lampsilis ovata,E,Kentucky
Ring Pink,Obovaria retusa,E,Kentucky
Sheepnose,Plethobasus cyphyus,E,Kentucky
Clubshell,Pleurobema clava,E,Kentucky
Salamander Mussel,Simpsonaias ambigua,T,Kentucky
Little Brown Bat,Myotis lucifugus,T,Kentucky
Northern Long-Eared Bat,Myotis septentrionalis,E,Kentucky
Mississippi Silverside,Menidia audens,T,Kentucky
Dollar Sunfish,Lepomis marginatus,E,Kentucky
Redspotted Sunfish,Lepomis miniatus,T,Kentucky
Lake Chubsucker,Erimyzon sucetta,T,Kentucky
Cypress Minnow,Hybognathus hayi,E,Kentucky
Taillight Shiner,Notropis maculatus,T,Kentucky
Central Mudminnow,Umbra limi,T,Kentucky
Cypress Darter,Etheostoma proeliare,T,Kentucky
Northern Harrier,Circus hudsonius,T,Kentucky
Hooded Merganser,Lophodytes cucullatus,T,Kentucky
Blue-winged Teal,Spatula discors,T,Kentucky
Interior Least Tern,Sternula antillarum athalassos,E,Kentucky
Spotted Sandpiper,Actitis macularius,E,Kentucky
Common Gallinule,Gallinula galeata,T,Kentucky
King Rail,Rallus elegans,E,Kentucky
Blackburnian Warbler,Setophaga fusca,T,Kentucky
Golden-winged Warbler,Vermivora chrysoptera,E,Kentucky
Least Flycatcher,Empidonax minimus,E,Kentucky
Great Egret,Ardea alba,T,Kentucky
Little Blue Heron,Egretta caerulea,E,Kentucky
Snowy Egret,Egretta thula,E,Kentucky
Least Bittern,Ixobrychus exilis,T,Kentucky
Yellow-crowned Night-heron,Nyctanassa violacea,T,Kentucky
Little Spectaclecase,Leaunio lienosus,T,Kentucky
Fat Pocketbook,Potamilus capax,T,Kentucky
Bleufer,Potamilus purpuratus,E,Kentucky
Texas Lilliput,Toxolasma texasiense,T,Kentucky
Alligator Snapping Turtle,Macrochelys temminckii,E,Kentucky
Shrimp Crayfish,Faxonius lancifer,E,Kentucky
Gray-speckled Crayfish,Faxonius palmeri palmeri,E,Kentucky
Painted Devil Crayfish,Lacunicambarus ludovicianus,T,Kentucky
Northern Long-Eared Bat,Myotis septentrionalis,E,Kentucky
Indiana Bat,Myotis sodalis,E,Kentucky
Tricolored Bat,Perimyotis subflavus,T,Kentucky
Cotton Mouse,Peromyscus gossypinus,T,Kentucky
Broad-banded Watersnake,Nerodia fasciata confluens,E,Kentucky
Northern Harrier,Circus hudsonius,T,Kentucky
Spotted Sandpiper,Actitis macularius,E,Kentucky
Peregrine Falcon,Falco peregrinus,E,Kentucky
Great Egret,Ardea alba,T,Kentucky
Snuffbox,Epioblasma triquetra,E,Kentucky
Longsolid,Fusconaia subrotunda,T,Kentucky
Pink Mucket,Lampsilis abrupta,E,Kentucky
Pocketbook,Lampsilis ovata,E,Kentucky
Sheepnose,Plethobasus cyphyus,E,Kentucky
Clubshell,Pleurobema clava,E,Kentucky
Indiana Bat,Myotis sodalis,E,Kentucky
Hooded Merganser,Lophodytes cucullatus,T,Kentucky
Spotted Sandpiper,Actitis macularius,E,Kentucky
Common Raven,Corvus corax,T,Kentucky
Golden-winged Warbler,Vermivora chrysoptera,E,Kentucky
Pied-billed Grebe,Podilymbus podiceps,E,Kentucky
Fanshell,Cyprogenia stegaria,E,Kentucky
Snuffbox,Epioblasma triquetra,E,Kentucky
Creek Heelsplitter,Lasmigona compressa,E,Kentucky
Little Spectaclecase,Leaunio lienosus,T,Kentucky
Round Hickorynut,Obovaria subrotunda,T,Kentucky
Salamander Mussel,Simpsonaias ambigua,T,Kentucky
Gray Myotis,Myotis grisescens,T,Kentucky
Eastern Small-footed Myotis,Myotis leibii,T,Kentucky
Little Brown Bat,Myotis lucifugus,T,Kentucky
Northern Long-Eared Bat,Myotis septentrionalis,E,Kentucky
Indiana Bat,Myotis sodalis,E,Kentucky
Tricolored Bat,Perimyotis subflavus,T,Kentucky
Northern Brook Lamprey,Ichthyomyzon fossor,T,Kentucky
American Brook Lamprey,Lethenteron appendix,T,Kentucky
Longhead Darter,Percina macrocephala,E,Kentucky
Northern Harrier,Circus hudsonius,T,Kentucky
Great Egret,Ardea alba,T,Kentucky
Snuffbox,Epioblasma triquetra,E,Kentucky
Little Spectaclecase,Leaunio lienosus,T,Kentucky
Salamander Mussel,Simpsonaias ambigua,T,Kentucky
Little Brown Bat,Myotis lucifugus,T,Kentucky
Northern Long-Eared Bat,Myotis septentrionalis,E,Kentucky
Tricolored Bat,Perimyotis subflavus,T,Kentucky
Redspotted Sunfish,Lepomis miniatus,T,Kentucky
Smallscale Darter,Nothonotus microlepidus,E,Kentucky
Northern Harrier,Circus hudsonius,T,Kentucky
Hooded Merganser,Lophodytes cucullatus,T,Kentucky
Northern Shoveler,Spatula clypeata,E,Kentucky
Blue-winged Teal,Spatula discors,T,Kentucky
Spotted Sandpiper,Actitis macularius,E,Kentucky
Peregrine Falcon,Falco peregrinus,E,Kentucky
American Coot,Fulica americana,E,Kentucky
Common Gallinule,Gallinula galeata,T,Kentucky
Brown Creeper,Certhia americana,T,Kentucky
Vesper Sparrow,Pooecetes gramineus,E,Kentucky
Red-breasted Nuthatch,Sitta canadensis,E,Kentucky
Great Egret,Ardea alba,T,Kentucky
Pied-billed Grebe,Podilymbus podiceps,E,Kentucky
Short-eared Owl,Asio flammeus,E,Kentucky
Pocketbook,Lampsilis ovata,E,Kentucky
Dwarf Rainbow,Leaunio pataecus,E,Kentucky
Mountain Creekshell,Leaunio vanuxemensis,E,Kentucky
Cumberland Moccasinshell,Medionidus conradicus,E,Kentucky
Purple Lilliput,Toxolasma lividum,E,Kentucky
Kentucky Crayfish,Faxonius kentuckiensis,T,Kentucky
Gray Myotis,Myotis grisescens,T,Kentucky
Little Brown Bat,Myotis lucifugus,T,Kentucky
Northern Long-Eared Bat,Myotis septentrionalis,E,Kentucky
Indiana Bat,Myotis sodalis,E,Kentucky
Tricolored Bat,Perimyotis subflavus,T,Kentucky
Copperbelly Watersnake,Nerodia erythrogaster neglecta,T,Kentucky
Southeastern Crowned Snake,Tantilla coronata,T,Kentucky
Hooded Merganser,Lophodytes cucullatus,T,Kentucky
Spotted Sandpiper,Actitis macularius,E,Kentucky
Common Gallinule,Gallinula galeata,T,Kentucky
Golden-winged Warbler,Vermivora chrysoptera,E,Kentucky
Black-crowned Night-heron,Nycticorax nycticorax,T,Kentucky
Pied-billed Grebe,Podilymbus podiceps,E,Kentucky
Little Spectaclecase,Leaunio lienosus,T,Kentucky
Gray Myotis,Myotis grisescens,T,Kentucky
Little Brown Bat,Myotis lucifugus,T,Kentucky
Northern Long-Eared Bat,Myotis septentrionalis,E,Kentucky
Tricolored Bat,Perimyotis subflavus,T,Kentucky
Kentucky Arrow Darter,Etheostoma spilotum,T,Kentucky
Longhead Darter,Percina macrocephala,E,Kentucky
Great Egret,Ardea alba,T,Kentucky
Pied-billed Grebe,Podilymbus podiceps,E,Kentucky
Cumberland Papershell,Anodontoides denigratus,E,Kentucky
Snuffbox,Epioblasma triquetra,E,Kentucky
Longsolid,Fusconaia subrotunda,T,Kentucky
Pocketbook,Lampsilis ovata,E,Kentucky
Little Spectaclecase,Leaunio lienosus,T,Kentucky
Round Hickorynut,Obovaria subrotunda,T,Kentucky
Rabbitsfoot,Theliderma cylindrica,E,Kentucky
Eastern Small-footed Myotis,Myotis leibii,T,Kentucky
Little Brown Bat,Myotis lucifugus,T,Kentucky
Northern Long-Eared Bat,Myotis septentrionalis,E,Kentucky
Indiana Bat,Myotis sodalis,E,Kentucky
Tricolored Bat,Perimyotis subflavus,T,Kentucky
Northern Brook Lamprey,Ichthyomyzon fossor,T,Kentucky
American Brook Lamprey,Lethenteron appendix,T,Kentucky
Coal Skink,Plestiodon anthracinus,E,Kentucky
Lake Sturgeon,Acipenser fulvescens,E,Kentucky
Northern Harrier,Circus hudsonius,T,Kentucky
Pied-billed Grebe,Podilymbus podiceps,E,Kentucky
Dromedary Pearlymussel,Dromus dromas,E,Kentucky
Oyster Mussel,Epioblasma capsaeformis,E,Kentucky
Pocketbook,Lampsilis ovata,E,Kentucky
Ring Pink,Obovaria retusa,E,Kentucky
Round Hickorynut,Obovaria subrotunda,T,Kentucky
Rough Pigtoe,Pleurobema plenum,E,Kentucky
Pyramid Pigtoe,Pleurobema rubrum,E,Kentucky
Fluted Kidneyshell,Ptychobranchus subtentus,E,Kentucky
Gray Myotis,Myotis grisescens,T,Kentucky
Eastern Small-footed Myotis,Myotis leibii,T,Kentucky
Little Brown Bat,Myotis lucifugus,T,Kentucky
Northern Long-Eared Bat,Myotis septentrionalis,E,Kentucky
Indiana Bat,Myotis sodalis,E,Kentucky
Tricolored Bat,Perimyotis subflavus,T,Kentucky
Lake Sturgeon,Acipenser fulvescens,E,Kentucky
Mississippi Silverside,Menidia audens,T,Kentucky
Northern Harrier,Circus hudsonius,T,Kentucky
Spotted Sandpiper,Actitis macularius,E,Kentucky
Peregrine Falcon,Falco peregrinus,E,Kentucky
American Coot,Fulica americana,E,Kentucky
Golden-winged Warbler,Vermivora chrysoptera,E,Kentucky
Black-crowned Night-heron,Nycticorax nycticorax,T,Kentucky
Pied-billed Grebe,Podilymbus podiceps,E,Kentucky
Long-eared Owl,Asio otus,E,Kentucky
Pocketbook,Lampsilis ovata,E,Kentucky
Fat Pocketbook,Potamilus capax,T,Kentucky
Rabbitsfoot,Theliderma cylindrica,E,Kentucky
Texas Lilliput,Toxolasma texasiense,T,Kentucky
Crittenden Crayfish,Faxonius bisectus,T,Kentucky
Kentucky Crayfish,Faxonius kentuckiensis,T,Kentucky
Gray Myotis,Myotis grisescens,T,Kentucky
Little Brown Bat,Myotis lucifugus,T,Kentucky
Northern Long-Eared Bat,Myotis septentrionalis,E,Kentucky
Tricolored Bat,Perimyotis subflavus,T,Kentucky
Copperbelly Watersnake,Nerodia erythrogaster neglecta,T,Kentucky
Lake Sturgeon,Acipenser fulvescens,E,Kentucky
Blotched Chub,Erimystax insignis,E,Kentucky
Palezone Shiner,Miniellus albizonatus,E,Kentucky
Sawfin Shiner,Paranotropis sp. cf. spectrunculus,E,Kentucky
Northern Harrier,Circus hudsonius,T,Kentucky
Hooded Merganser,Lophodytes cucullatus,T,Kentucky
American Coot,Fulica americana,E,Kentucky
Brown Creeper,Certhia americana,T,Kentucky
Pied-billed Grebe,Podilymbus podiceps,E,Kentucky
Spectaclecase,Cumberlandia monodonta,E,Kentucky
Elktoe,Alasmidonta marginata,T,Kentucky
Fanshell,Cyprogenia stegaria,E,Kentucky
Dromedary Pearlymussel,Dromus dromas,E,Kentucky
Cumberlandian Combshell,Epioblasma brevidens,E,Kentucky
Oyster Mussel,Epioblasma capsaeformis,E,Kentucky
Catspaw,Epioblasma obliquata,E,Kentucky
Snuffbox,Epioblasma triquetra,E,Kentucky
Longsolid,Fusconaia subrotunda,T,Kentucky
Pink Mucket,Lampsilis abrupta,E,Kentucky
Pocketbook,Lampsilis ovata,E,Kentucky
Ring Pink,Obovaria retusa,E,Kentucky
Round Hickorynut,Obovaria subrotunda,T,Kentucky
Orangefoot Pimpleback,Plethobasus cooperianus,E,Kentucky
Sheepnose,Plethobasus cyphyus,E,Kentucky
Rough Pigtoe,Pleurobema plenum,E,Kentucky
Pyramid Pigtoe,Pleurobema rubrum,E,Kentucky
Rabbitsfoot,Theliderma cylindrica,E,Kentucky
Cumberland Bean,Venustaconcha troostensis,E,Kentucky
Gray Myotis,Myotis grisescens,T,Kentucky
Eastern Small-footed Myotis,Myotis leibii,T,Kentucky
Northern Long-Eared Bat,Myotis septentrionalis,E,Kentucky
Tricolored Bat,Perimyotis subflavus,T,Kentucky
American Brook Lamprey,Lethenteron appendix,T,Kentucky
Cypress Minnow,Hybognathus hayi,E,Kentucky
Northern Harrier,Circus hudsonius,T,Kentucky
Interior Least Tern,Sternula antillarum athalassos,E,Kentucky
Peregrine Falcon,Falco peregrinus,E,Kentucky
Golden-winged Warbler,Vermivora chrysoptera,E,Kentucky
Red-breasted Nuthatch,Sitta canadensis,E,Kentucky
Great Egret,Ardea alba,T,Kentucky
Long-eared Owl,Asio otus,E,Kentucky
Longsolid,Fusconaia subrotunda,T,Kentucky
Pocketbook,Lampsilis ovata,E,Kentucky
Sheepnose,Plethobasus cyphyus,E,Kentucky
Clubshell,Pleurobema clava,E,Kentucky
Pyramid Pigtoe,Pleurobema rubrum,E,Kentucky
Fat Pocketbook,Potamilus capax,T,Kentucky
Rabbitsfoot,Theliderma cylindrica,E,Kentucky
Little Brown Bat,Myotis lucifugus,T,Kentucky
Indiana Bat,Myotis sodalis,E,Kentucky
Tricolored Bat,Perimyotis subflavus,T,Kentucky
Copperbelly Watersnake,Nerodia erythrogaster neglecta,T,Kentucky
Western Sand Darter,Ammocrypta clara,E,Kentucky
Spotted Darter,Nothonotus maculatus,T,Kentucky
Northern Harrier,Circus hudsonius,T,Kentucky
Hooded Merganser,Lophodytes cucullatus,T,Kentucky
Spotted Sandpiper,Actitis macularius,E,Kentucky
Brown Creeper,Certhia americana,T,Kentucky
Golden-winged Warbler,Vermivora chrysoptera,E,Kentucky
Red-breasted Nuthatch,Sitta canadensis,E,Kentucky
Least Flycatcher,Empidonax minimus,E,Kentucky
Pied-billed Grebe,Podilymbus podiceps,E,Kentucky
Short-eared Owl,Asio flammeus,E,Kentucky
Spectaclecase,Cumberlandia monodonta,E,Kentucky
Elktoe,Alasmidonta marginata,T,Kentucky
Fanshell,Cyprogenia stegaria,E,Kentucky
Catspaw,Epioblasma obliquata,E,Kentucky
Northern Riffleshell,Epioblasma rangiana,E,Kentucky
Snuffbox,Epioblasma triquetra,E,Kentucky
Longsolid,Fusconaia subrotunda,T,Kentucky
Pink Mucket,Lampsilis abrupta,E,Kentucky
Pocketbook,Lampsilis ovata,E,Kentucky
Little Spectaclecase,Leaunio lienosus,T,Kentucky
Kentucky Creekshell,Leaunio ortmanni,E,Kentucky
Ring Pink,Obovaria retusa,E,Kentucky
Round Hickorynut,Obovaria subrotunda,T,Kentucky
Littlewing Pearlymussel,Pegias fabula,E,Kentucky
Sheepnose,Plethobasus cyphyus,E,Kentucky
Clubshell,Pleurobema clava,E,Kentucky
Rough Pigtoe,Pleurobema plenum,E,Kentucky
Pyramid Pigtoe,Pleurobema rubrum,E,Kentucky
Rabbitsfoot,Theliderma cylindrica,E,Kentucky
Gray Myotis,Myotis grisescens,T,Kentucky
Eastern Small-footed Myotis,Myotis leibii,T,Kentucky
Little Brown Bat,Myotis lucifugus,T,Kentucky
Northern Long-Eared Bat,Myotis septentrionalis,E,Kentucky
Indiana Bat,Myotis sodalis,E,Kentucky
Tricolored Bat,Perimyotis subflavus,T,Kentucky
American Brook Lamprey,Lethenteron appendix,T,Kentucky
Eastern Slender Glass Lizard,Ophisaurus attenuatus longicaudus,T,Kentucky
Scarlet Kingsnake,Lampropeltis elapsoides,E,Kentucky
Eastern Pinesnake,Pituophis melanoleucus,E,Kentucky
Southeastern Crowned Snake,Tantilla coronata,T,Kentucky
Coal Skink,Plestiodon anthracinus,E,Kentucky
Interior Least Tern,Sternula antillarum athalassos,E,Kentucky
Spotted Sandpiper,Actitis macularius,E,Kentucky
Peregrine Falcon,Falco peregrinus,E,Kentucky
Great Egret,Ardea alba,T,Kentucky
Little Spectaclecase,Leaunio lienosus,T,Kentucky
Round Hickorynut,Obovaria subrotunda,T,Kentucky
Eastern Small-footed Myotis,Myotis leibii,T,Kentucky
Little Brown Bat,Myotis lucifugus,T,Kentucky
Northern Long-Eared Bat,Myotis septentrionalis,E,Kentucky
Indiana Bat,Myotis sodalis,E,Kentucky
Tricolored Bat,Perimyotis subflavus,T,Kentucky
Northern Brook Lamprey,Ichthyomyzon fossor,T,Kentucky
Fanshell,Cyprogenia stegaria,E,Kentucky
Snuffbox,Epioblasma triquetra,E,Kentucky
Pocketbook,Lampsilis ovata,E,Kentucky
Little Spectaclecase,Leaunio lienosus,T,Kentucky
Round Hickorynut,Obovaria subrotunda,T,Kentucky
Virginia Big-eared Bat,Corynorhinus townsendii virginianus,E,Kentucky
Eastern Small-footed Myotis,Myotis leibii,T,Kentucky
Little Brown Bat,Myotis lucifugus,T,Kentucky
Northern Long-Eared Bat,Myotis septentrionalis,E,Kentucky
Indiana Bat,Myotis sodalis,E,Kentucky
Tricolored Bat,Perimyotis subflavus,T,Kentucky
Northern Brook Lamprey,Ichthyomyzon fossor,T,Kentucky
Northern Harrier,Circus hudsonius,T,Kentucky
Hooded Merganser,Lophodytes cucullatus,T,Kentucky
Northern Shoveler,Spatula clypeata,E,Kentucky
Blue-winged Teal,Spatula discors,T,Kentucky
Spotted Sandpiper,Actitis macularius,E,Kentucky
Peregrine Falcon,Falco peregrinus,E,Kentucky
American Coot,Fulica americana,E,Kentucky
Common Gallinule,Gallinula galeata,T,Kentucky
Brown Creeper,Certhia americana,T,Kentucky
Golden-winged Warbler,Vermivora chrysoptera,E,Kentucky
Red-breasted Nuthatch,Sitta canadensis,E,Kentucky
Least Flycatcher,Empidonax minimus,E,Kentucky
Great Egret,Ardea alba,T,Kentucky
Yellow-crowned Night-heron,Nyctanassa violacea,T,Kentucky
Black-crowned Night-heron,Nycticorax nycticorax,T,Kentucky
Pied-billed Grebe,Podilymbus podiceps,E,Kentucky
Short-eared Owl,Asio flammeus,E,Kentucky
Gray Myotis,Myotis grisescens,T,Kentucky
Little Brown Bat,Myotis lucifugus,T,Kentucky
Northern Long-Eared Bat,Myotis septentrionalis,E,Kentucky
Indiana Bat,Myotis sodalis,E,Kentucky
Tricolored Bat,Perimyotis subflavus,T,Kentucky
Northern Harrier,Circus hudsonius,T,Kentucky
Hooded Merganser,Lophodytes cucullatus,T,Kentucky
Great Egret,Ardea alba,T,Kentucky
Black-crowned Night-heron,Nycticorax nycticorax,T,Kentucky
Pied-billed Grebe,Podilymbus podiceps,E,Kentucky
Elktoe,Alasmidonta marginata,T,Kentucky
Fanshell,Cyprogenia stegaria,E,Kentucky
Catspaw,Epioblasma obliquata,E,Kentucky
Northern Riffleshell,Epioblasma rangiana,E,Kentucky
Snuffbox,Epioblasma triquetra,E,Kentucky
Longsolid,Fusconaia subrotunda,T,Kentucky
Pink Mucket,Lampsilis abrupta,E,Kentucky
Cumberland Moccasinshell,Medionidus conradicus,E,Kentucky
Round Hickorynut,Obovaria subrotunda,T,Kentucky
Sheepnose,Plethobasus cyphyus,E,Kentucky
Clubshell,Pleurobema clava,E,Kentucky
Rough Pigtoe,Pleurobema plenum,E,Kentucky
Pyramid Pigtoe,Pleurobema rubrum,E,Kentucky
Rabbitsfoot,Theliderma cylindrica,E,Kentucky
Little Brown Bat,Myotis lucifugus,T,Kentucky
Northern Long-Eared Bat,Myotis septentrionalis,E,Kentucky
Tricolored Bat,Perimyotis subflavus,T,Kentucky
Western Sand Darter,Ammocrypta clara,E,Kentucky
Yellow-spotted Woodland Salamander,Plethodon pauleyi,E,Kentucky
Northern Harrier,Circus hudsonius,T,Kentucky
Spotted Sandpiper,Actitis macularius,E,Kentucky
Peregrine Falcon,Falco peregrinus,E,Kentucky
Common Raven,Corvus corax,T,Kentucky
Black-crowned Night-heron,Nycticorax nycticorax,T,Kentucky
Pied-billed Grebe,Podilymbus podiceps,E,Kentucky
Longsolid,Fusconaia subrotunda,T,Kentucky
Round Hickorynut,Obovaria subrotunda,T,Kentucky
Pyramid Pigtoe,Pleurobema rubrum,E,Kentucky
Rabbitsfoot,Theliderma cylindrica,E,Kentucky
Big Sandy Crayfish,Cambarus callainus,T,Kentucky
Eastern Small-footed Myotis,Myotis leibii,T,Kentucky
Little Brown Bat,Myotis lucifugus,T,Kentucky
Northern Long-Eared Bat,Myotis septentrionalis,E,Kentucky
Indiana Bat,Myotis sodalis,E,Kentucky
Tricolored Bat,Perimyotis subflavus,T,Kentucky
Northern Brook Lamprey,Ichthyomyzon fossor,T,Kentucky
American Brook Lamprey,Lethenteron appendix,T,Kentucky
Scarlet Kingsnake,Lampropeltis elapsoides,E,Kentucky
Northern Harrier,Circus hudsonius,T,Kentucky
Hooded Merganser,Lophodytes cucullatus,T,Kentucky
Northern Shoveler,Spatula clypeata,E,Kentucky
Blue-winged Teal,Spatula discors,T,Kentucky
Spotted Sandpiper,Actitis macularius,E,Kentucky
Peregrine Falcon,Falco peregrinus,E,Kentucky
American Coot,Fulica americana,E,Kentucky
Brown Creeper,Certhia americana,T,Kentucky
Blackburnian Warbler,Setophaga fusca,T,Kentucky
Golden-winged Warbler,Vermivora chrysoptera,E,Kentucky
Red-breasted Nuthatch,Sitta canadensis,E,Kentucky
Least Flycatcher,Empidonax minimus,E,Kentucky
Great Egret,Ardea alba,T,Kentucky
Yellow-crowned Night-heron,Nyctanassa violacea,T,Kentucky
Black-crowned Night-heron,Nycticorax nycticorax,T,Kentucky
Pied-billed Grebe,Podilymbus podiceps,E,Kentucky
Long-eared Owl,Asio otus,E,Kentucky
Elktoe,Alasmidonta marginata,T,Kentucky
Pocketbook,Lampsilis ovata,E,Kentucky
Alligator Snapping Turtle,Macrochelys temminckii,E,Kentucky
Gray Myotis,Myotis grisescens,T,Kentucky
Little Brown Bat,Myotis lucifugus,T,Kentucky
Northern Long-Eared Bat,Myotis septentrionalis,E,Kentucky
Indiana Bat,Myotis sodalis,E,Kentucky
Tricolored Bat,Perimyotis subflavus,T,Kentucky
Lake Sturgeon,Acipenser fulvescens,E,Kentucky
Mississippi Silverside,Menidia audens,T,Kentucky
Dollar Sunfish,Lepomis marginatus,E,Kentucky
Redspotted Sunfish,Lepomis miniatus,T,Kentucky
Lake Chubsucker,Erimyzon sucetta,T,Kentucky
Cypress Minnow,Hybognathus hayi,E,Kentucky
Taillight Shiner,Notropis maculatus,T,Kentucky
Golden Topminnow,Fundulus chrysotus,E,Kentucky
Starhead Topminnow,Fundulus dispar,E,Kentucky
Central Mudminnow,Umbra limi,T,Kentucky
Alligator Gar,Atractosteus spatula,E,Kentucky
Relict Darter,Etheostoma chienense,E,Kentucky
Swamp Darter,Etheostoma fusiforme,E,Kentucky
Cypress Darter,Etheostoma proeliare,T,Kentucky
Plains Leopard Frog,Lithobates blairi,E,Kentucky
Three-toed Amphiuma,Amphiuma tridactylum,E,Kentucky
Northern Harrier,Circus hudsonius,T,Kentucky
Hooded Merganser,Lophodytes cucullatus,T,Kentucky
Northern Shoveler,Spatula clypeata,E,Kentucky
Blue-winged Teal,Spatula discors,T,Kentucky
Interior Least Tern,Sternula antillarum athalassos,E,Kentucky
Spotted Sandpiper,Actitis macularius,E,Kentucky
Peregrine Falcon,Falco peregrinus,E,Kentucky
American Coot,Fulica americana,E,Kentucky
Common Gallinule,Gallinula galeata,T,Kentucky
King Rail,Rallus elegans,E,Kentucky
Vesper Sparrow,Pooecetes gramineus,E,Kentucky
Least Flycatcher,Empidonax minimus,E,Kentucky
Great Egret,Ardea alba,T,Kentucky
Little Blue Heron,Egretta caerulea,E,Kentucky
Snowy Egret,Egretta thula,E,Kentucky
Least Bittern,Ixobrychus exilis,T,Kentucky
Yellow-crowned Night-heron,Nyctanassa violacea,T,Kentucky
Black-crowned Night-heron,Nycticorax nycticorax,T,Kentucky
Pied-billed Grebe,Podilymbus podiceps,E,Kentucky
Short-eared Owl,Asio flammeus,E,Kentucky
Little Spectaclecase,Leaunio lienosus,T,Kentucky
Alligator Snapping Turtle,Macrochelys temminckii,E,Kentucky
Southern Painted Turtle,Chrysemys dorsalis,T,Kentucky
Warpaint Mudbug,Lacunicambarus erythrodactylus,T,Kentucky
Painted Devil Crayfish,Lacunicambarus ludovicianus,T,Kentucky
Indiana Bat,Myotis sodalis,E,Kentucky
Tricolored Bat,Perimyotis subflavus,T,Kentucky
Cotton Mouse,Peromyscus gossypinus,T,Kentucky
Mississippi Green Watersnake,Nerodia cyclopion,E,Kentucky
Broad-banded Watersnake,Nerodia fasciata confluens,E,Kentucky
Western Ribbonsnake,Thamnophis proximus proximus,E,Kentucky
Northern Harrier,Circus hudsonius,T,Kentucky
Hooded Merganser,Lophodytes cucullatus,T,Kentucky
Peregrine Falcon,Falco peregrinus,E,Kentucky
Great Egret,Ardea alba,T,Kentucky
Black-crowned Night-heron,Nycticorax nycticorax,T,Kentucky
Pied-billed Grebe,Podilymbus podiceps,E,Kentucky
Clubshell,Pleurobema clava,E,Kentucky
Salamander Mussel,Simpsonaias ambigua,T,Kentucky
Peregrine Falcon,Falco peregrinus,E,Kentucky
Least Flycatcher,Empidonax minimus,E,Kentucky
Longsolid,Fusconaia subrotunda,T,Kentucky
Sheepnose,Plethobasus cyphyus,E,Kentucky
Clubshell,Pleurobema clava,E,Kentucky
Gray Myotis,Myotis grisescens,T,Kentucky
Little Brown Bat,Myotis lucifugus,T,Kentucky
Tricolored Bat,Perimyotis subflavus,T,Kentucky
Coal Skink,Plestiodon anthracinus,E,Kentucky
Northern Harrier,Circus hudsonius,T,Kentucky
Hooded Merganser,Lophodytes cucullatus,T,Kentucky
Spotted Sandpiper,Actitis macularius,E,Kentucky
Brown Creeper,Certhia americana,T,Kentucky
Black-crowned Night-heron,Nycticorax nycticorax,T,Kentucky
Pied-billed Grebe,Podilymbus podiceps,E,Kentucky
Long-eared Owl,Asio otus,E,Kentucky
Salamander Mussel,Simpsonaias ambigua,T,Kentucky
Northern Long-Eared Bat,Myotis septentrionalis,E,Kentucky
Indiana Bat,Myotis sodalis,E,Kentucky
Tricolored Bat,Perimyotis subflavus,T,Kentucky
Dollar Sunfish,Lepomis marginatus,E,Kentucky
Redspotted Sunfish,Lepomis miniatus,T,Kentucky
Lake Chubsucker,Erimyzon sucetta,T,Kentucky
Blacktail Redhorse,Moxostoma poecilurum,E,Kentucky
Bluntface Shiner,Cyprinella camura,E,Kentucky
Cypress Minnow,Hybognathus hayi,E,Kentucky
Taillight Shiner,Notropis maculatus,T,Kentucky
Central Mudminnow,Umbra limi,T,Kentucky
Relict Darter,Etheostoma chienense,E,Kentucky
Brighteye Darter,Etheostoma lynceum,E,Kentucky
Goldstripe Darter,Etheostoma parvipinne,E,Kentucky
Cypress Darter,Etheostoma proeliare,T,Kentucky
Firebelly Darter,Etheostoma pyrrhogaster,E,Kentucky
Gulf Darter,Etheostoma swaini,E,Kentucky
Least Madtom,Noturus hildebrandi,E,Kentucky
Brown Madtom,Noturus phaeus,E,Kentucky
Three-toed Amphiuma,Amphiuma tridactylum,E,Kentucky
Three-lined Salamander,Eurycea guttolineata,T,Kentucky
Blue-winged Teal,Spatula discors,T,Kentucky
Common Gallinule,Gallinula galeata,T,Kentucky
Bachman's Sparrow,Peucaea aestivalis,E,Kentucky
Great Egret,Ardea alba,T,Kentucky
Little Blue Heron,Egretta caerulea,E,Kentucky
Yellow-crowned Night-heron,Nyctanassa violacea,T,Kentucky
Pied-billed Grebe,Podilymbus podiceps,E,Kentucky
Fanshell,Cyprogenia stegaria,E,Kentucky
Little Spectaclecase,Leaunio lienosus,T,Kentucky
Vernal Crayfish,Procambarus viaeviridis,T,Kentucky
Tricolored Bat,Perimyotis subflavus,T,Kentucky
Cotton Mouse,Peromyscus gossypinus,T,Kentucky
Southern Brook Lamprey,Ichthyomyzon gagei,E,Kentucky
Kirtland's Snake,Clonophis kirtlandii,T,Kentucky
Coal Skink,Plestiodon anthracinus,E,Kentucky
Lake Chubsucker,Erimyzon sucetta,T,Kentucky
Slender Madtom,Noturus exilis,E,Kentucky
Northern Harrier,Circus hudsonius,T,Kentucky
Spotted Sandpiper,Actitis macularius,E,Kentucky
Peregrine Falcon,Falco peregrinus,E,Kentucky
Yellow-crowned Night-heron,Nyctanassa violacea,T,Kentucky
Pied-billed Grebe,Podilymbus podiceps,E,Kentucky
Short-eared Owl,Asio flammeus,E,Kentucky
Northern Riffleshell,Epioblasma rangiana,E,Kentucky
Snuffbox,Epioblasma triquetra,E,Kentucky
Longsolid,Fusconaia subrotunda,T,Kentucky
Little Spectaclecase,Leaunio lienosus,T,Kentucky
Kentucky Creekshell,Leaunio ortmanni,E,Kentucky
Clubshell,Pleurobema clava,E,Kentucky
Rabbitsfoot,Theliderma cylindrica,E,Kentucky
Gray Myotis,Myotis grisescens,T,Kentucky
Indiana Bat,Myotis sodalis,E,Kentucky
Tricolored Bat,Perimyotis subflavus,T,Kentucky
Western Sand Darter,Ammocrypta clara,E,Kentucky
Spotted Darter,Nothonotus maculatus,T,Kentucky
Longhead Darter,Percina macrocephala,E,Kentucky
Pied-billed Grebe,Podilymbus podiceps,E,Kentucky
Elktoe,Alasmidonta marginata,T,Kentucky
Fanshell,Cyprogenia stegaria,E,Kentucky
Northern Riffleshell,Epioblasma rangiana,E,Kentucky
Snuffbox,Epioblasma triquetra,E,Kentucky
Longsolid,Fusconaia subrotunda,T,Kentucky
Pocketbook,Lampsilis ovata,E,Kentucky
Little Spectaclecase,Leaunio lienosus,T,Kentucky
Round Hickorynut,Obovaria subrotunda,T,Kentucky
Clubshell,Pleurobema clava,E,Kentucky
Rough Pigtoe,Pleurobema plenum,E,Kentucky
Rabbitsfoot,Theliderma cylindrica,E,Kentucky
Purple Lilliput,Toxolasma lividum,E,Kentucky
Gray Myotis,Myotis grisescens,T,Kentucky
Little Brown Bat,Myotis lucifugus,T,Kentucky
Northern Long-Eared Bat,Myotis septentrionalis,E,Kentucky
Tricolored Bat,Perimyotis subflavus,T,Kentucky
Mountain Brook Lamprey,Ichthyomyzon greeleyi,T,Kentucky
American Brook Lamprey,Lethenteron appendix,T,Kentucky
Hooded Merganser,Lophodytes cucullatus,T,Kentucky
Spotted Sandpiper,Actitis macularius,E,Kentucky
Peregrine Falcon,Falco peregrinus,E,Kentucky
Great Egret,Ardea alba,T,Kentucky
Snowy Egret,Egretta thula,E,Kentucky
Yellow-crowned Night-heron,Nyctanassa violacea,T,Kentucky
Black-crowned Night-heron,Nycticorax nycticorax,T,Kentucky
Pied-billed Grebe,Podilymbus podiceps,E,Kentucky
Fanshell,Cyprogenia stegaria,E,Kentucky
Snuffbox,Epioblasma triquetra,E,Kentucky
Pocketbook,Lampsilis ovata,E,Kentucky
Creek Heelsplitter,Lasmigona compressa,E,Kentucky
Little Spectaclecase,Leaunio lienosus,T,Kentucky
Ring Pink,Obovaria retusa,E,Kentucky
Round Hickorynut,Obovaria subrotunda,T,Kentucky
Sheepnose,Plethobasus cyphyus,E,Kentucky
Pyramid Pigtoe,Pleurobema rubrum,E,Kentucky
Gray Myotis,Myotis grisescens,T,Kentucky
Eastern Small-footed Myotis,Myotis leibii,T,Kentucky
Little Brown Bat,Myotis lucifugus,T,Kentucky
Northern Long-Eared Bat,Myotis septentrionalis,E,Kentucky
Tricolored Bat,Perimyotis subflavus,T,Kentucky
Northern Brook Lamprey,Ichthyomyzon fossor,T,Kentucky
American Brook Lamprey,Lethenteron appendix,T,Kentucky
Coal Skink,Plestiodon anthracinus,E,Kentucky
Interior Least Tern,Sternula antillarum athalassos,E,Kentucky
Pied-billed Grebe,Podilymbus podiceps,E,Kentucky
Fanshell,Cyprogenia stegaria,E,Kentucky
Dromedary Pearlymussel,Dromus dromas,E,Kentucky
Oyster Mussel,Epioblasma capsaeformis,E,Kentucky
Snuffbox,Epioblasma triquetra,E,Kentucky
Longsolid,Fusconaia subrotunda,T,Kentucky
Pink Mucket,Lampsilis abrupta,E,Kentucky
Pocketbook,Lampsilis ovata,E,Kentucky
Ring Pink,Obovaria retusa,E,Kentucky
Orangefoot Pimpleback,Plethobasus cooperianus,E,Kentucky
Sheepnose,Plethobasus cyphyus,E,Kentucky
Rough Pigtoe,Pleurobema plenum,E,Kentucky
Pyramid Pigtoe,Pleurobema rubrum,E,Kentucky
Rabbitsfoot,Theliderma cylindrica,E,Kentucky
Copperbelly Watersnake,Nerodia erythrogaster neglecta,T,Kentucky
Alligator Gar,Atractosteus spatula,E,Kentucky
Spotted Darter,Nothonotus maculatus,T,Kentucky
Northern Harrier,Circus hudsonius,T,Kentucky
Hooded Merganser,Lophodytes cucullatus,T,Kentucky
Blue-winged Teal,Spatula discors,T,Kentucky
Spotted Sandpiper,Actitis macularius,E,Kentucky
Peregrine Falcon,Falco peregrinus,E,Kentucky
American Coot,Fulica americana,E,Kentucky
Vesper Sparrow,Pooecetes gramineus,E,Kentucky
Least Flycatcher,Empidonax minimus,E,Kentucky
Great Egret,Ardea alba,T,Kentucky
Black-crowned Night-heron,Nycticorax nycticorax,T,Kentucky
Pied-billed Grebe,Podilymbus podiceps,E,Kentucky
Elktoe,Alasmidonta marginata,T,Kentucky
Snuffbox,Epioblasma triquetra,E,Kentucky
Longsolid,Fusconaia subrotunda,T,Kentucky
Pocketbook,Lampsilis ovata,E,Kentucky
Little Spectaclecase,Leaunio lienosus,T,Kentucky
Kentucky Creekshell,Leaunio ortmanni,E,Kentucky
Ring Pink,Obovaria retusa,E,Kentucky
Round Hickorynut,Obovaria subrotunda,T,Kentucky
Clubshell,Pleurobema clava,E,Kentucky
Pyramid Pigtoe,Pleurobema rubrum,E,Kentucky
Rabbitsfoot,Theliderma cylindrica,E,Kentucky
Gray Myotis,Myotis grisescens,T,Kentucky
Eastern Small-footed Myotis,Myotis leibii,T,Kentucky
Little Brown Bat,Myotis lucifugus,T,Kentucky
Northern Long-Eared Bat,Myotis septentrionalis,E,Kentucky
Indiana Bat,Myotis sodalis,E,Kentucky
Tricolored Bat,Perimyotis subflavus,T,Kentucky
Eastern Slender Glass Lizard,Ophisaurus attenuatus longicaudus,T,Kentucky
Southeastern Crowned Snake,Tantilla coronata,T,Kentucky
Blackside Dace,Chrosomus cumberlandensis,T,Kentucky
Kentucky Arrow Darter,Etheostoma spilotum,T,Kentucky
Yellow-spotted Woodland Salamander,Plethodon pauleyi,E,Kentucky
Hooded Merganser,Lophodytes cucullatus,T,Kentucky
Spotted Sandpiper,Actitis macularius,E,Kentucky
Peregrine Falcon,Falco peregrinus,E,Kentucky
Common Raven,Corvus corax,T,Kentucky
Blackburnian Warbler,Setophaga fusca,T,Kentucky
Golden-winged Warbler,Vermivora chrysoptera,E,Kentucky
Red-breasted Nuthatch,Sitta canadensis,E,Kentucky
Least Flycatcher,Empidonax minimus,E,Kentucky
Pied-billed Grebe,Podilymbus podiceps,E,Kentucky
Pocketbook,Lampsilis ovata,E,Kentucky
Longclaw Crayfish,Cambarus buntingi,T,Kentucky
Gray Myotis,Myotis grisescens,T,Kentucky
Eastern Small-footed Myotis,Myotis leibii,T,Kentucky
Little Brown Bat,Myotis lucifugus,T,Kentucky
Northern Long-Eared Bat,Myotis septentrionalis,E,Kentucky
Indiana Bat,Myotis sodalis,E,Kentucky
Tricolored Bat,Perimyotis subflavus,T,Kentucky
Long-tailed Shrew,Sorex dispar blitchi,E,Kentucky
Eastern Pinesnake,Pituophis melanoleucus,E,Kentucky
Coal Skink,Plestiodon anthracinus,E,Kentucky
Spotted Darter,Nothonotus maculatus,T,Kentucky
Northern Harrier,Circus hudsonius,T,Kentucky
Spotted Sandpiper,Actitis macularius,E,Kentucky
American Coot,Fulica americana,E,Kentucky
Golden-winged Warbler,Vermivora chrysoptera,E,Kentucky
Vesper Sparrow,Pooecetes gramineus,E,Kentucky
Black-crowned Night-heron,Nycticorax nycticorax,T,Kentucky
Elktoe,Alasmidonta marginata,T,Kentucky
Fanshell,Cyprogenia stegaria,E,Kentucky
Longsolid,Fusconaia subrotunda,T,Kentucky
Pocketbook,Lampsilis ovata,E,Kentucky
Clubshell,Pleurobema clava,E,Kentucky
Salamander Mussel,Simpsonaias ambigua,T,Kentucky
Rabbitsfoot,Theliderma cylindrica,E,Kentucky
Little Brown Bat,Myotis lucifugus,T,Kentucky
Indiana Bat,Myotis sodalis,E,Kentucky
Tricolored Bat,Perimyotis subflavus,T,Kentucky
Pallid Shiner,Hybopsis amnis,E,Kentucky
Western Sand Darter,Ammocrypta clara,E,Kentucky
Spotted Darter,Nothonotus maculatus,T,Kentucky
Longhead Darter,Percina macrocephala,E,Kentucky
Northern Harrier,Circus hudsonius,T,Kentucky
Hooded Merganser,Lophodytes cucullatus,T,Kentucky
Spotted Sandpiper,Actitis macularius,E,Kentucky
Peregrine Falcon,Falco peregrinus,E,Kentucky
Common Gallinule,Gallinula galeata,T,Kentucky
Golden-winged Warbler,Vermivora chrysoptera,E,Kentucky
Vesper Sparrow,Pooecetes gramineus,E,Kentucky
Least Flycatcher,Empidonax minimus,E,Kentucky
Great Egret,Ardea alba,T,Kentucky
Black-crowned Night-heron,Nycticorax nycticorax,T,Kentucky
Pied-billed Grebe,Podilymbus podiceps,E,Kentucky
Spectaclecase,Cumberlandia monodonta,E,Kentucky
Elktoe,Alasmidonta marginata,T,Kentucky
Fanshell,Cyprogenia stegaria,E,Kentucky
Catspaw,Epioblasma obliquata,E,Kentucky
Northern Riffleshell,Epioblasma rangiana,E,Kentucky
Snuffbox,Epioblasma triquetra,E,Kentucky
Longsolid,Fusconaia subrotunda,T,Kentucky
Pink Mucket,Lampsilis abrupta,E,Kentucky
Pocketbook,Lampsilis ovata,E,Kentucky
Little Spectaclecase,Leaunio lienosus,T,Kentucky
Kentucky Creekshell,Leaunio ortmanni,E,Kentucky
Mountain Creekshell,Leaunio vanuxemensis,E,Kentucky
Ring Pink,Obovaria retusa,E,Kentucky
Round Hickorynut,Obovaria subrotunda,T,Kentucky
Sheepnose,Plethobasus cyphyus,E,Kentucky
Clubshell,Pleurobema clava,E,Kentucky
Rough Pigtoe,Pleurobema plenum,E,Kentucky
Pyramid Pigtoe,Pleurobema rubrum,E,Kentucky
Fluted Kidneyshell,Ptychobranchus subtentus,E,Kentucky
Salamander Mussel,Simpsonaias ambigua,T,Kentucky
Rabbitsfoot,Theliderma cylindrica,E,Kentucky
Gray Myotis,Myotis grisescens,T,Kentucky
Eastern Small-footed Myotis,Myotis leibii,T,Kentucky
Little Brown Bat,Myotis lucifugus,T,Kentucky
Northern Long-Eared Bat,Myotis septentrionalis,E,Kentucky
Indiana Bat,Myotis sodalis,E,Kentucky
Tricolored Bat,Perimyotis subflavus,T,Kentucky
American Brook Lamprey,Lethenteron appendix,T,Kentucky
Eastern Slender Glass Lizard,Ophisaurus attenuatus longicaudus,T,Kentucky
Eastern Pinesnake,Pituophis melanoleucus,E,Kentucky
Southeastern Crowned Snake,Tantilla coronata,T,Kentucky
Mississippi Silverside,Menidia audens,T,Kentucky
Lake Chubsucker,Erimyzon sucetta,T,Kentucky
Northern Harrier,Circus hudsonius,T,Kentucky
Hooded Merganser,Lophodytes cucullatus,T,Kentucky
Northern Shoveler,Spatula clypeata,E,Kentucky
Blue-winged Teal,Spatula discors,T,Kentucky
Interior Least Tern,Sternula antillarum athalassos,E,Kentucky
Spotted Sandpiper,Actitis macularius,E,Kentucky
Peregrine Falcon,Falco peregrinus,E,Kentucky
American Coot,Fulica americana,E,Kentucky
Common Gallinule,Gallinula galeata,T,Kentucky
King Rail,Rallus elegans,E,Kentucky
Brown Creeper,Certhia americana,T,Kentucky
Blackburnian Warbler,Setophaga fusca,T,Kentucky
Golden-winged Warbler,Vermivora chrysoptera,E,Kentucky
Vesper Sparrow,Pooecetes gramineus,E,Kentucky
Red-breasted Nuthatch,Sitta canadensis,E,Kentucky
Least Flycatcher,Empidonax minimus,E,Kentucky
Great Egret,Ardea alba,T,Kentucky
Little Blue Heron,Egretta caerulea,E,Kentucky
Snowy Egret,Egretta thula,E,Kentucky
Least Bittern,Ixobrychus exilis,T,Kentucky
Yellow-crowned Night-heron,Nyctanassa violacea,T,Kentucky
Black-crowned Night-heron,Nycticorax nycticorax,T,Kentucky
Pied-billed Grebe,Podilymbus podiceps,E,Kentucky
Short-eared Owl,Asio flammeus,E,Kentucky
Longsolid,Fusconaia subrotunda,T,Kentucky
Pocketbook,Lampsilis ovata,E,Kentucky
Little Spectaclecase,Leaunio lienosus,T,Kentucky
Round Hickorynut,Obovaria subrotunda,T,Kentucky
Sheepnose,Plethobasus cyphyus,E,Kentucky
Pyramid Pigtoe,Pleurobema rubrum,E,Kentucky
Fat Pocketbook,Potamilus capax,T,Kentucky
Rabbitsfoot,Theliderma cylindrica,E,Kentucky
Little Brown Bat,Myotis lucifugus,T,Kentucky
Northern Long-Eared Bat,Myotis septentrionalis,E,Kentucky
Indiana Bat,Myotis sodalis,E,Kentucky
Tricolored Bat,Perimyotis subflavus,T,Kentucky
Copperbelly Watersnake,Nerodia erythrogaster neglecta,T,Kentucky
Northern Harrier,Circus hudsonius,T,Kentucky
Bachman's Sparrow,Peucaea aestivalis,E,Kentucky
Black-crowned Night-heron,Nycticorax nycticorax,T,Kentucky
Little Brown Bat,Myotis lucifugus,T,Kentucky
Indiana Bat,Myotis sodalis,E,Kentucky
Tricolored Bat,Perimyotis subflavus,T,Kentucky
Pallid Sturgeon,Scaphirhynchus albus,E,Kentucky
Mississippi Silverside,Menidia audens,T,Kentucky
Dollar Sunfish,Lepomis marginatus,E,Kentucky
Redspotted Sunfish,Lepomis miniatus,T,Kentucky
Lake Chubsucker,Erimyzon sucetta,T,Kentucky
Bluntface Shiner,Cyprinella camura,E,Kentucky
Cypress Minnow,Hybognathus hayi,E,Kentucky
Sturgeon Chub,Macrhybopsis gelida,E,Kentucky
Sicklefin Chub,Macrhybopsis meeki,E,Kentucky
Taillight Shiner,Notropis maculatus,T,Kentucky
Starhead Topminnow,Fundulus dispar,E,Kentucky
Central Mudminnow,Umbra limi,T,Kentucky
Relict Darter,Etheostoma chienense,E,Kentucky
Cypress Darter,Etheostoma proeliare,T,Kentucky
Three-toed Amphiuma,Amphiuma tridactylum,E,Kentucky
Northern Harrier,Circus hudsonius,T,Kentucky
Hooded Merganser,Lophodytes cucullatus,T,Kentucky
Interior Least Tern,Sternula antillarum athalassos,E,Kentucky
Peregrine Falcon,Falco peregrinus,E,Kentucky
Brown Creeper,Certhia americana,T,Kentucky
Red-breasted Nuthatch,Sitta canadensis,E,Kentucky
Great Egret,Ardea alba,T,Kentucky
Little Blue Heron,Egretta caerulea,E,Kentucky
Snowy Egret,Egretta thula,E,Kentucky
Yellow-crowned Night-heron,Nyctanassa violacea,T,Kentucky
Pink Mucket,Lampsilis abrupta,E,Kentucky
Little Spectaclecase,Leaunio lienosus,T,Kentucky
Bleufer,Potamilus purpuratus,E,Kentucky
Alligator Snapping Turtle,Macrochelys temminckii,E,Kentucky
Southern Painted Turtle,Chrysemys dorsalis,T,Kentucky
Shrimp Crayfish,Faxonius lancifer,E,Kentucky
Gray-speckled Crayfish,Faxonius palmeri palmeri,E,Kentucky
Painted Devil Crayfish,Lacunicambarus ludovicianus,T,Kentucky
Vernal Crayfish,Procambarus viaeviridis,T,Kentucky
Northern Long-Eared Bat,Myotis septentrionalis,E,Kentucky
Indiana Bat,Myotis sodalis,E,Kentucky
Tricolored Bat,Perimyotis subflavus,T,Kentucky
Cotton Mouse,Peromyscus gossypinus,T,Kentucky
Mississippi Green Watersnake,Nerodia cyclopion,E,Kentucky
Redspotted Sunfish,Lepomis miniatus,T,Kentucky
Lake Chubsucker,Erimyzon sucetta,T,Kentucky
Cypress Minnow,Hybognathus hayi,E,Kentucky
Northern Harrier,Circus hudsonius,T,Kentucky
Hooded Merganser,Lophodytes cucullatus,T,Kentucky
Blue-winged Teal,Spatula discors,T,Kentucky
American Coot,Fulica americana,E,Kentucky
Common Gallinule,Gallinula galeata,T,Kentucky
Brown Creeper,Certhia americana,T,Kentucky
Red-breasted Nuthatch,Sitta canadensis,E,Kentucky
Great Egret,Ardea alba,T,Kentucky
Snowy Egret,Egretta thula,E,Kentucky
Least Bittern,Ixobrychus exilis,T,Kentucky
Yellow-crowned Night-heron,Nyctanassa violacea,T,Kentucky
Pied-billed Grebe,Podilymbus podiceps,E,Kentucky
Short-eared Owl,Asio flammeus,E,Kentucky
Kentucky Crayfish,Faxonius kentuckiensis,T,Kentucky
Gray Myotis,Myotis grisescens,T,Kentucky
Little Brown Bat,Myotis lucifugus,T,Kentucky
Northern Long-Eared Bat,Myotis septentrionalis,E,Kentucky
Tricolored Bat,Perimyotis subflavus,T,Kentucky
Copperbelly Watersnake,Nerodia erythrogaster neglecta,T,Kentucky
Southeastern Crowned Snake,Tantilla coronata,T,Kentucky
Kentucky Arrow Darter,Etheostoma spilotum,T,Kentucky
Olive Darter,Percina squamata,E,Kentucky
Golden-winged Warbler,Vermivora chrysoptera,E,Kentucky
Pied-billed Grebe,Podilymbus podiceps,E,Kentucky
Elktoe,Alasmidonta marginata,T,Kentucky
Cumberland Papershell,Anodontoides denigratus,E,Kentucky
Cumberlandian Combshell,Epioblasma brevidens,E,Kentucky
Pocketbook,Lampsilis ovata,E,Kentucky
Mountain Creekshell,Leaunio vanuxemensis,E,Kentucky
Cumberland Moccasinshell,Medionidus conradicus,E,Kentucky
Littlewing Pearlymussel,Pegias fabula,E,Kentucky
Tennessee Clubshell,Pleurobema oviforme,E,Kentucky
Fluted Kidneyshell,Ptychobranchus subtentus,E,Kentucky
Purple Lilliput,Toxolasma lividum,E,Kentucky
Cumberland Bean,Venustaconcha troostensis,E,Kentucky
Virginia Big-eared Bat,Corynorhinus townsendii virginianus,E,Kentucky
Gray Myotis,Myotis grisescens,T,Kentucky
Eastern Small-footed Myotis,Myotis leibii,T,Kentucky
Little Brown Bat,Myotis lucifugus,T,Kentucky
Northern Long-Eared Bat,Myotis septentrionalis,E,Kentucky
Indiana Bat,Myotis sodalis,E,Kentucky
Tricolored Bat,Perimyotis subflavus,T,Kentucky
Northern Brook Lamprey,Ichthyomyzon fossor,T,Kentucky
Mountain Brook Lamprey,Ichthyomyzon greeleyi,T,Kentucky
American Brook Lamprey,Lethenteron appendix,T,Kentucky
Alabama Shad,Alosa alabamae,E,Kentucky
Northern Harrier,Circus hudsonius,T,Kentucky
Hooded Merganser,Lophodytes cucullatus,T,Kentucky
Northern Shoveler,Spatula clypeata,E,Kentucky
Blue-winged Teal,Spatula discors,T,Kentucky
Interior Least Tern,Sternula antillarum athalassos,E,Kentucky
Spotted Sandpiper,Actitis macularius,E,Kentucky
Peregrine Falcon,Falco peregrinus,E,Kentucky
American Coot,Fulica americana,E,Kentucky
King Rail,Rallus elegans,E,Kentucky
Brown Creeper,Certhia americana,T,Kentucky
Blackburnian Warbler,Setophaga fusca,T,Kentucky
Golden-winged Warbler,Vermivora chrysoptera,E,Kentucky
Bachman's Sparrow,Peucaea aestivalis,E,Kentucky
Vesper Sparrow,Pooecetes gramineus,E,Kentucky
Red-breasted Nuthatch,Sitta canadensis,E,Kentucky
Least Flycatcher,Empidonax minimus,E,Kentucky
Great Egret,Ardea alba,T,Kentucky
Little Blue Heron,Egretta caerulea,E,Kentucky
Snowy Egret,Egretta thula,E,Kentucky
Least Bittern,Ixobrychus exilis,T,Kentucky
Yellow-crowned Night-heron,Nyctanassa violacea,T,Kentucky
Black-crowned Night-heron,Nycticorax nycticorax,T,Kentucky
Pied-billed Grebe,Podilymbus podiceps,E,Kentucky
Short-eared Owl,Asio flammeus,E,Kentucky
Long-eared Owl,Asio otus,E,Kentucky
Elktoe,Alasmidonta marginata,T,Kentucky
Fanshell,Cyprogenia stegaria,E,Kentucky
Longsolid,Fusconaia subrotunda,T,Kentucky
Pink Mucket,Lampsilis abrupta,E,Kentucky
Pocketbook,Lampsilis ovata,E,Kentucky
Ring Pink,Obovaria retusa,E,Kentucky
Orangefoot Pimpleback,Plethobasus cooperianus,E,Kentucky
Sheepnose,Plethobasus cyphyus,E,Kentucky
Clubshell,Pleurobema clava,E,Kentucky
Pyramid Pigtoe,Pleurobema rubrum,E,Kentucky
Salamander Mussel,Simpsonaias ambigua,T,Kentucky
Louisville Crayfish,Faxonius jeffersoni,E,Kentucky
Gray Myotis,Myotis grisescens,T,Kentucky
Little Brown Bat,Myotis lucifugus,T,Kentucky
Northern Long-Eared Bat,Myotis septentrionalis,E,Kentucky
Indiana Bat,Myotis sodalis,E,Kentucky
Tricolored Bat,Perimyotis subflavus,T,Kentucky
Kirtland's Snake,Clonophis kirtlandii,T,Kentucky
Copperbelly Watersnake,Nerodia erythrogaster neglecta,T,Kentucky
Southeastern Crowned Snake,Tantilla coronata,T,Kentucky
Northern Harrier,Circus hudsonius,T,Kentucky
Hooded Merganser,Lophodytes cucullatus,T,Kentucky
Northern Shoveler,Spatula clypeata,E,Kentucky
Blue-winged Teal,Spatula discors,T,Kentucky
Spotted Sandpiper,Actitis macularius,E,Kentucky
Peregrine Falcon,Falco peregrinus,E,Kentucky
American Coot,Fulica americana,E,Kentucky
Brown Creeper,Certhia americana,T,Kentucky
Red-breasted Nuthatch,Sitta canadensis,E,Kentucky
Least Flycatcher,Empidonax minimus,E,Kentucky
Great Egret,Ardea alba,T,Kentucky
Black-crowned Night-heron,Nycticorax nycticorax,T,Kentucky
Pied-billed Grebe,Podilymbus podiceps,E,Kentucky
Short-eared Owl,Asio flammeus,E,Kentucky
Fanshell,Cyprogenia stegaria,E,Kentucky
Round Hickorynut,Obovaria subrotunda,T,Kentucky
Rabbitsfoot,Theliderma cylindrica,E,Kentucky
Gray Myotis,Myotis grisescens,T,Kentucky
Eastern Small-footed Myotis,Myotis leibii,T,Kentucky
Little Brown Bat,Myotis lucifugus,T,Kentucky
Northern Long-Eared Bat,Myotis septentrionalis,E,Kentucky
Indiana Bat,Myotis sodalis,E,Kentucky
Tricolored Bat,Perimyotis subflavus,T,Kentucky
Northern Harrier,Circus hudsonius,T,Kentucky
Common Raven,Corvus corax,T,Kentucky
Golden-winged Warbler,Vermivora chrysoptera,E,Kentucky
Red-breasted Nuthatch,Sitta canadensis,E,Kentucky
Pied-billed Grebe,Podilymbus podiceps,E,Kentucky
Longsolid,Fusconaia subrotunda,T,Kentucky
Round Hickorynut,Obovaria subrotunda,T,Kentucky
Little Brown Bat,Myotis lucifugus,T,Kentucky
Northern Long-Eared Bat,Myotis septentrionalis,E,Kentucky
Tricolored Bat,Perimyotis subflavus,T,Kentucky
Northern Brook Lamprey,Ichthyomyzon fossor,T,Kentucky
Scarlet Kingsnake,Lampropeltis elapsoides,E,Kentucky
Northern Harrier,Circus hudsonius,T,Kentucky
Hooded Merganser,Lophodytes cucullatus,T,Kentucky
Spotted Sandpiper,Actitis macularius,E,Kentucky
Peregrine Falcon,Falco peregrinus,E,Kentucky
Brown Creeper,Certhia americana,T,Kentucky
Golden-winged Warbler,Vermivora chrysoptera,E,Kentucky
Vesper Sparrow,Pooecetes gramineus,E,Kentucky
Least Flycatcher,Empidonax minimus,E,Kentucky
Pied-billed Grebe,Podilymbus podiceps,E,Kentucky
Elktoe,Alasmidonta marginata,T,Kentucky
Fanshell,Cyprogenia stegaria,E,Kentucky
Catspaw,Epioblasma obliquata,E,Kentucky
Northern Riffleshell,Epioblasma rangiana,E,Kentucky
Longsolid,Fusconaia subrotunda,T,Kentucky
Pink Mucket,Lampsilis abrupta,E,Kentucky
Pocketbook,Lampsilis ovata,E,Kentucky
Creek Heelsplitter,Lasmigona compressa,E,Kentucky
Ring Pink,Obovaria retusa,E,Kentucky
Round Hickorynut,Obovaria subrotunda,T,Kentucky
Clubshell,Pleurobema clava,E,Kentucky
Pyramid Pigtoe,Pleurobema rubrum,E,Kentucky
Salamander Mussel,Simpsonaias ambigua,T,Kentucky
Little Brown Bat,Myotis lucifugus,T,Kentucky
Indiana Bat,Myotis sodalis,E,Kentucky
Tricolored Bat,Perimyotis subflavus,T,Kentucky
Kirtland's Snake,Clonophis kirtlandii,T,Kentucky
Kentucky Arrow Darter,Etheostoma spilotum,T,Kentucky
Yellow-spotted Woodland Salamander,Plethodon pauleyi,E,Kentucky
Northern Harrier,Circus hudsonius,T,Kentucky
Hooded Merganser,Lophodytes cucullatus,T,Kentucky
Blue-winged Teal,Spatula discors,T,Kentucky
Spotted Sandpiper,Actitis macularius,E,Kentucky
Common Raven,Corvus corax,T,Kentucky
Red-breasted Nuthatch,Sitta canadensis,E,Kentucky
Great Egret,Ardea alba,T,Kentucky
Pied-billed Grebe,Podilymbus podiceps,E,Kentucky
Eastern Small-footed Myotis,Myotis leibii,T,Kentucky
Little Brown Bat,Myotis lucifugus,T,Kentucky
Northern Long-Eared Bat,Myotis septentrionalis,E,Kentucky
Indiana Bat,Myotis sodalis,E,Kentucky
Tricolored Bat,Perimyotis subflavus,T,Kentucky
Coal Skink,Plestiodon anthracinus,E,Kentucky
Blackside Dace,Chrosomus cumberlandensis,T,Kentucky
Cumberland Darter,Etheostoma susanae,E,Kentucky
Northern Harrier,Circus hudsonius,T,Kentucky
Golden-winged Warbler,Vermivora chrysoptera,E,Kentucky
Pied-billed Grebe,Podilymbus podiceps,E,Kentucky
Cumberland Papershell,Anodontoides denigratus,E,Kentucky
Cumberlandian Combshell,Epioblasma brevidens,E,Kentucky
Snuffbox,Epioblasma triquetra,E,Kentucky
Pocketbook,Lampsilis ovata,E,Kentucky
Little Spectaclecase,Leaunio lienosus,T,Kentucky
Round Hickorynut,Obovaria subrotunda,T,Kentucky
Cumberland Bean,Venustaconcha troostensis,E,Kentucky
Longclaw Crayfish,Cambarus buntingi,T,Kentucky
Eastern Small-footed Myotis,Myotis leibii,T,Kentucky
Little Brown Bat,Myotis lucifugus,T,Kentucky
Northern Long-Eared Bat,Myotis septentrionalis,E,Kentucky
Tricolored Bat,Perimyotis subflavus,T,Kentucky
Coal Skink,Plestiodon anthracinus,E,Kentucky
Northern Harrier,Circus hudsonius,T,Kentucky
Northern Shoveler,Spatula clypeata,E,Kentucky
American Coot,Fulica americana,E,Kentucky
Brown Creeper,Certhia americana,T,Kentucky
Golden-winged Warbler,Vermivora chrysoptera,E,Kentucky
Red-breasted Nuthatch,Sitta canadensis,E,Kentucky
Little Blue Heron,Egretta caerulea,E,Kentucky
Pied-billed Grebe,Podilymbus podiceps,E,Kentucky
Fanshell,Cyprogenia stegaria,E,Kentucky
Northern Riffleshell,Epioblasma rangiana,E,Kentucky
Snuffbox,Epioblasma triquetra,E,Kentucky
Longsolid,Fusconaia subrotunda,T,Kentucky
Pocketbook,Lampsilis ovata,E,Kentucky
Little Spectaclecase,Leaunio lienosus,T,Kentucky
Kentucky Creekshell,Leaunio ortmanni,E,Kentucky
Round Hickorynut,Obovaria subrotunda,T,Kentucky
Rabbitsfoot,Theliderma cylindrica,E,Kentucky
Gray Myotis,Myotis grisescens,T,Kentucky
Little Brown Bat,Myotis lucifugus,T,Kentucky
Northern Long-Eared Bat,Myotis septentrionalis,E,Kentucky
Tricolored Bat,Perimyotis subflavus,T,Kentucky
Eastern Slender Glass Lizard,Ophisaurus attenuatus longicaudus,T,Kentucky
Lake Sturgeon,Acipenser fulvescens,E,Kentucky
Blackside Dace,Chrosomus cumberlandensis,T,Kentucky
Olive Darter,Percina squamata,E,Kentucky
Northern Harrier,Circus hudsonius,T,Kentucky
Hooded Merganser,Lophodytes cucullatus,T,Kentucky
Spotted Sandpiper,Actitis macularius,E,Kentucky
Peregrine Falcon,Falco peregrinus,E,Kentucky
Common Raven,Corvus corax,T,Kentucky
Red-breasted Nuthatch,Sitta canadensis,E,Kentucky
Least Flycatcher,Empidonax minimus,E,Kentucky
Great Egret,Ardea alba,T,Kentucky
Pied-billed Grebe,Podilymbus podiceps,E,Kentucky
Cumberland Elktoe,Alasmidonta atropurpurea,E,Kentucky
Elktoe,Alasmidonta marginata,T,Kentucky
Cumberland Papershell,Anodontoides denigratus,E,Kentucky
Cumberlandian Combshell,Epioblasma brevidens,E,Kentucky
Oyster Mussel,Epioblasma capsaeformis,E,Kentucky
Longsolid,Fusconaia subrotunda,T,Kentucky
Pocketbook,Lampsilis ovata,E,Kentucky
Little Spectaclecase,Leaunio lienosus,T,Kentucky
Cumberland Moccasinshell,Medionidus conradicus,E,Kentucky
Round Hickorynut,Obovaria subrotunda,T,Kentucky
Littlewing Pearlymussel,Pegias fabula,E,Kentucky
Tennessee Clubshell,Pleurobema oviforme,E,Kentucky
Fluted Kidneyshell,Ptychobranchus subtentus,E,Kentucky
Purple Lilliput,Toxolasma lividum,E,Kentucky
Cumberland Bean,Venustaconcha troostensis,E,Kentucky
Gray Myotis,Myotis grisescens,T,Kentucky
Eastern Small-footed Myotis,Myotis leibii,T,Kentucky
Little Brown Bat,Myotis lucifugus,T,Kentucky
Northern Long-Eared Bat,Myotis septentrionalis,E,Kentucky
Tricolored Bat,Perimyotis subflavus,T,Kentucky
Mountain Brook Lamprey,Ichthyomyzon greeleyi,T,Kentucky
Coal Skink,Plestiodon anthracinus,E,Kentucky
Northern Harrier,Circus hudsonius,T,Kentucky
Hooded Merganser,Lophodytes cucullatus,T,Kentucky
Spotted Sandpiper,Actitis macularius,E,Kentucky
Brown Creeper,Certhia americana,T,Kentucky
Common Raven,Corvus corax,T,Kentucky
Vesper Sparrow,Pooecetes gramineus,E,Kentucky
Red-breasted Nuthatch,Sitta canadensis,E,Kentucky
Great Egret,Ardea alba,T,Kentucky
Little Blue Heron,Egretta caerulea,E,Kentucky
Least Bittern,Ixobrychus exilis,T,Kentucky
Black-crowned Night-heron,Nycticorax nycticorax,T,Kentucky
Longsolid,Fusconaia subrotunda,T,Kentucky
Little Spectaclecase,Leaunio lienosus,T,Kentucky
Round Hickorynut,Obovaria subrotunda,T,Kentucky
Rabbitsfoot,Theliderma cylindrica,E,Kentucky
Little Brown Bat,Myotis lucifugus,T,Kentucky
Northern Long-Eared Bat,Myotis septentrionalis,E,Kentucky
Indiana Bat,Myotis sodalis,E,Kentucky
Tricolored Bat,Perimyotis subflavus,T,Kentucky
Northern Brook Lamprey,Ichthyomyzon fossor,T,Kentucky
American Brook Lamprey,Lethenteron appendix,T,Kentucky
Kentucky Arrow Darter,Etheostoma spilotum,T,Kentucky
Brown Creeper,Certhia americana,T,Kentucky
Snuffbox,Epioblasma triquetra,E,Kentucky
Round Hickorynut,Obovaria subrotunda,T,Kentucky
Virginia Big-eared Bat,Corynorhinus townsendii virginianus,E,Kentucky
Gray Myotis,Myotis grisescens,T,Kentucky
Eastern Small-footed Myotis,Myotis leibii,T,Kentucky
Little Brown Bat,Myotis lucifugus,T,Kentucky
Northern Long-Eared Bat,Myotis septentrionalis,E,Kentucky
Indiana Bat,Myotis sodalis,E,Kentucky
Tricolored Bat,Perimyotis subflavus,T,Kentucky
American Brook Lamprey,Lethenteron appendix,T,Kentucky
Coal Skink,Plestiodon anthracinus,E,Kentucky
Kentucky Arrow Darter,Etheostoma spilotum,T,Kentucky
Yellow-spotted Woodland Salamander,Plethodon pauleyi,E,Kentucky
Common Raven,Corvus corax,T,Kentucky
Golden-winged Warbler,Vermivora chrysoptera,E,Kentucky
Black-crowned Night-heron,Nycticorax nycticorax,T,Kentucky
Snuffbox,Epioblasma triquetra,E,Kentucky
Pocketbook,Lampsilis ovata,E,Kentucky
Little Spectaclecase,Leaunio lienosus,T,Kentucky
Round Hickorynut,Obovaria subrotunda,T,Kentucky
Salamander Mussel,Simpsonaias ambigua,T,Kentucky
Gray Myotis,Myotis grisescens,T,Kentucky
Eastern Small-footed Myotis,Myotis leibii,T,Kentucky
Little Brown Bat,Myotis lucifugus,T,Kentucky
Northern Long-Eared Bat,Myotis septentrionalis,E,Kentucky
Indiana Bat,Myotis sodalis,E,Kentucky
Tricolored Bat,Perimyotis subflavus,T,Kentucky
Northern Brook Lamprey,Ichthyomyzon fossor,T,Kentucky
American Brook Lamprey,Lethenteron appendix,T,Kentucky
Coal Skink,Plestiodon anthracinus,E,Kentucky
Blackside Dace,Chrosomus cumberlandensis,T,Kentucky
Kentucky Arrow Darter,Etheostoma spilotum,T,Kentucky
Yellow-spotted Woodland Salamander,Plethodon pauleyi,E,Kentucky
Northern Harrier,Circus hudsonius,T,Kentucky
Hooded Merganser,Lophodytes cucullatus,T,Kentucky
Peregrine Falcon,Falco peregrinus,E,Kentucky
Common Raven,Corvus corax,T,Kentucky
Blackburnian Warbler,Setophaga fusca,T,Kentucky
Golden-winged Warbler,Vermivora chrysoptera,E,Kentucky
Great Egret,Ardea alba,T,Kentucky
Pied-billed Grebe,Podilymbus podiceps,E,Kentucky
Longclaw Crayfish,Cambarus buntingi,T,Kentucky
Gray Myotis,Myotis grisescens,T,Kentucky
Eastern Small-footed Myotis,Myotis leibii,T,Kentucky
Little Brown Bat,Myotis lucifugus,T,Kentucky
Northern Long-Eared Bat,Myotis septentrionalis,E,Kentucky
Indiana Bat,Myotis sodalis,E,Kentucky
Tricolored Bat,Perimyotis subflavus,T,Kentucky
Long-tailed Shrew,Sorex dispar blitchi,E,Kentucky
Eastern Pinesnake,Pituophis melanoleucus,E,Kentucky
Lake Sturgeon,Acipenser fulvescens,E,Kentucky
Longhead Darter,Percina macrocephala,E,Kentucky
Northern Harrier,Circus hudsonius,T,Kentucky
Black-crowned Night-heron,Nycticorax nycticorax,T,Kentucky
Fanshell,Cyprogenia stegaria,E,Kentucky
Catspaw,Epioblasma obliquata,E,Kentucky
Snuffbox,Epioblasma triquetra,E,Kentucky
Longsolid,Fusconaia subrotunda,T,Kentucky
Pink Mucket,Lampsilis abrupta,E,Kentucky
Pocketbook,Lampsilis ovata,E,Kentucky
Creek Heelsplitter,Lasmigona compressa,E,Kentucky
Little Spectaclecase,Leaunio lienosus,T,Kentucky
Ring Pink,Obovaria retusa,E,Kentucky
Round Hickorynut,Obovaria subrotunda,T,Kentucky
Sheepnose,Plethobasus cyphyus,E,Kentucky
Rough Pigtoe,Pleurobema plenum,E,Kentucky
Pyramid Pigtoe,Pleurobema rubrum,E,Kentucky
Salamander Mussel,Simpsonaias ambigua,T,Kentucky
Dusky Mudbug,Cambarus adustus,E,Kentucky
Little Brown Bat,Myotis lucifugus,T,Kentucky
Northern Long-Eared Bat,Myotis septentrionalis,E,Kentucky
Tricolored Bat,Perimyotis subflavus,T,Kentucky
Buck Darter,Etheostoma nebra,E,Kentucky
Northern Harrier,Circus hudsonius,T,Kentucky
Hooded Merganser,Lophodytes cucullatus,T,Kentucky
Spotted Sandpiper,Actitis macularius,E,Kentucky
Great Egret,Ardea alba,T,Kentucky
Black-crowned Night-heron,Nycticorax nycticorax,T,Kentucky
Pied-billed Grebe,Podilymbus podiceps,E,Kentucky
Pocketbook,Lampsilis ovata,E,Kentucky
Little Spectaclecase,Leaunio lienosus,T,Kentucky
Round Hickorynut,Obovaria subrotunda,T,Kentucky
Salamander Mussel,Simpsonaias ambigua,T,Kentucky
Purple Lilliput,Toxolasma lividum,E,Kentucky
Cumberland Bean,Venustaconcha troostensis,E,Kentucky
Tricolored Bat,Perimyotis subflavus,T,Kentucky
Lake Sturgeon,Acipenser fulvescens,E,Kentucky
Mississippi Silverside,Menidia audens,T,Kentucky
Lake Chubsucker,Erimyzon sucetta,T,Kentucky
Alligator Gar,Atractosteus spatula,E,Kentucky
Cypress Darter,Etheostoma proeliare,T,Kentucky
Northern Harrier,Circus hudsonius,T,Kentucky
Hooded Merganser,Lophodytes cucullatus,T,Kentucky
Northern Shoveler,Spatula clypeata,E,Kentucky
Blue-winged Teal,Spatula discors,T,Kentucky
Interior Least Tern,Sternula antillarum athalassos,E,Kentucky
Spotted Sandpiper,Actitis macularius,E,Kentucky
Peregrine Falcon,Falco peregrinus,E,Kentucky
American Coot,Fulica americana,E,Kentucky
Brown Creeper,Certhia americana,T,Kentucky
Least Flycatcher,Empidonax minimus,E,Kentucky
Great Egret,Ardea alba,T,Kentucky
Snowy Egret,Egretta thula,E,Kentucky
Yellow-crowned Night-heron,Nyctanassa violacea,T,Kentucky
Black-crowned Night-heron,Nycticorax nycticorax,T,Kentucky
Pied-billed Grebe,Podilymbus podiceps,E,Kentucky
Short-eared Owl,Asio flammeus,E,Kentucky
Spectaclecase,Cumberlandia monodonta,E,Kentucky
Fanshell,Cyprogenia stegaria,E,Kentucky
Longsolid,Fusconaia subrotunda,T,Kentucky
Pink Mucket,Lampsilis abrupta,E,Kentucky
Pocketbook,Lampsilis ovata,E,Kentucky
Ring Pink,Obovaria retusa,E,Kentucky
Orangefoot Pimpleback,Plethobasus cooperianus,E,Kentucky
Sheepnose,Plethobasus cyphyus,E,Kentucky
Clubshell,Pleurobema clava,E,Kentucky
Pyramid Pigtoe,Pleurobema rubrum,E,Kentucky
Fat Pocketbook,Potamilus capax,T,Kentucky
Bleufer,Potamilus purpuratus,E,Kentucky
Salamander Mussel,Simpsonaias ambigua,T,Kentucky
Rabbitsfoot,Theliderma cylindrica,E,Kentucky
Alligator Snapping Turtle,Macrochelys temminckii,E,Kentucky
Kentucky Crayfish,Faxonius kentuckiensis,T,Kentucky
Vernal Crayfish,Procambarus viaeviridis,T,Kentucky
Gray Myotis,Myotis grisescens,T,Kentucky
Little Brown Bat,Myotis lucifugus,T,Kentucky
Northern Long-Eared Bat,Myotis septentrionalis,E,Kentucky
Indiana Bat,Myotis sodalis,E,Kentucky
Tricolored Bat,Perimyotis subflavus,T,Kentucky
Copperbelly Watersnake,Nerodia erythrogaster neglecta,T,Kentucky
Southeastern Crowned Snake,Tantilla coronata,T,Kentucky
Redspotted Sunfish,Lepomis miniatus,T,Kentucky
Blotched Chub,Erimystax insignis,E,Kentucky
Pallid Shiner,Hybopsis amnis,E,Kentucky
Spotted Darter,Nothonotus maculatus,T,Kentucky
Smallscale Darter,Nothonotus microlepidus,E,Kentucky
Slender Madtom,Noturus exilis,E,Kentucky
Northern Harrier,Circus hudsonius,T,Kentucky
Hooded Merganser,Lophodytes cucullatus,T,Kentucky
Blue-winged Teal,Spatula discors,T,Kentucky
Spotted Sandpiper,Actitis macularius,E,Kentucky
Peregrine Falcon,Falco peregrinus,E,Kentucky
Golden-winged Warbler,Vermivora chrysoptera,E,Kentucky
Great Egret,Ardea alba,T,Kentucky
Pied-billed Grebe,Podilymbus podiceps,E,Kentucky
Short-eared Owl,Asio flammeus,E,Kentucky
Elktoe,Alasmidonta marginata,T,Kentucky
Snuffbox,Epioblasma triquetra,E,Kentucky
Pocketbook,Lampsilis ovata,E,Kentucky
Little Spectaclecase,Leaunio lienosus,T,Kentucky
Kentucky Creekshell,Leaunio ortmanni,E,Kentucky
Mountain Creekshell,Leaunio vanuxemensis,E,Kentucky
Cumberland Moccasinshell,Medionidus conradicus,E,Kentucky
Round Hickorynut,Obovaria subrotunda,T,Kentucky
Littlewing Pearlymussel,Pegias fabula,E,Kentucky
Tennessee Clubshell,Pleurobema oviforme,E,Kentucky
Rabbitsfoot,Theliderma cylindrica,E,Kentucky
Purple Lilliput,Toxolasma lividum,E,Kentucky
Gray Myotis,Myotis grisescens,T,Kentucky
Little Brown Bat,Myotis lucifugus,T,Kentucky
Indiana Bat,Myotis sodalis,E,Kentucky
Tricolored Bat,Perimyotis subflavus,T,Kentucky
Copperbelly Watersnake,Nerodia erythrogaster neglecta,T,Kentucky
Lake Sturgeon,Acipenser fulvescens,E,Kentucky
Mississippi Silverside,Menidia audens,T,Kentucky
Cypress Darter,Etheostoma proeliare,T,Kentucky
Northern Harrier,Circus hudsonius,T,Kentucky
Hooded Merganser,Lophodytes cucullatus,T,Kentucky
Northern Shoveler,Spatula clypeata,E,Kentucky
Blue-winged Teal,Spatula discors,T,Kentucky
Interior Least Tern,Sternula antillarum athalassos,E,Kentucky
Spotted Sandpiper,Actitis macularius,E,Kentucky
Peregrine Falcon,Falco peregrinus,E,Kentucky
American Coot,Fulica americana,E,Kentucky
Brown Creeper,Certhia americana,T,Kentucky
Golden-winged Warbler,Vermivora chrysoptera,E,Kentucky
Red-breasted Nuthatch,Sitta canadensis,E,Kentucky
Least Flycatcher,Empidonax minimus,E,Kentucky
Great Egret,Ardea alba,T,Kentucky
Little Blue Heron,Egretta caerulea,E,Kentucky
Snowy Egret,Egretta thula,E,Kentucky
Least Bittern,Ixobrychus exilis,T,Kentucky
Yellow-crowned Night-heron,Nyctanassa violacea,T,Kentucky
Black-crowned Night-heron,Nycticorax nycticorax,T,Kentucky
Pied-billed Grebe,Podilymbus podiceps,E,Kentucky
Short-eared Owl,Asio flammeus,E,Kentucky
Fanshell,Cyprogenia stegaria,E,Kentucky
Longsolid,Fusconaia subrotunda,T,Kentucky
Pink Mucket,Lampsilis abrupta,E,Kentucky
Pocketbook,Lampsilis ovata,E,Kentucky
Ring Pink,Obovaria retusa,E,Kentucky
Round Hickorynut,Obovaria subrotunda,T,Kentucky
Alligator Snapping Turtle,Macrochelys temminckii,E,Kentucky
Crittenden Crayfish,Faxonius bisectus,T,Kentucky
Warpaint Mudbug,Lacunicambarus erythrodactylus,T,Kentucky
Vernal Crayfish,Procambarus viaeviridis,T,Kentucky
Gray Myotis,Myotis grisescens,T,Kentucky
Little Brown Bat,Myotis lucifugus,T,Kentucky
Northern Long-Eared Bat,Myotis septentrionalis,E,Kentucky
Tricolored Bat,Perimyotis subflavus,T,Kentucky
Scarlet Kingsnake,Lampropeltis elapsoides,E,Kentucky
Eastern Pinesnake,Pituophis melanoleucus,E,Kentucky
Southeastern Crowned Snake,Tantilla coronata,T,Kentucky
Western Ribbonsnake,Thamnophis proximus proximus,E,Kentucky
Northern Harrier,Circus hudsonius,T,Kentucky
Hooded Merganser,Lophodytes cucullatus,T,Kentucky
Northern Shoveler,Spatula clypeata,E,Kentucky
Spotted Sandpiper,Actitis macularius,E,Kentucky
Peregrine Falcon,Falco peregrinus,E,Kentucky
American Coot,Fulica americana,E,Kentucky
Common Gallinule,Gallinula galeata,T,Kentucky
Brown Creeper,Certhia americana,T,Kentucky
Golden-winged Warbler,Vermivora chrysoptera,E,Kentucky
Bachman's Sparrow,Peucaea aestivalis,E,Kentucky
Red-breasted Nuthatch,Sitta canadensis,E,Kentucky
Least Flycatcher,Empidonax minimus,E,Kentucky
Great Egret,Ardea alba,T,Kentucky
Black-crowned Night-heron,Nycticorax nycticorax,T,Kentucky
Pied-billed Grebe,Podilymbus podiceps,E,Kentucky
Short-eared Owl,Asio flammeus,E,Kentucky
Long-eared Owl,Asio otus,E,Kentucky
Ring Pink,Obovaria retusa,E,Kentucky
Round Hickorynut,Obovaria subrotunda,T,Kentucky
Sheepnose,Plethobasus cyphyus,E,Kentucky
Gray Myotis,Myotis grisescens,T,Kentucky
Little Brown Bat,Myotis lucifugus,T,Kentucky
Northern Long-Eared Bat,Myotis septentrionalis,E,Kentucky
Tricolored Bat,Perimyotis subflavus,T,Kentucky
Coal Skink,Plestiodon anthracinus,E,Kentucky
Spotted Sandpiper,Actitis macularius,E,Kentucky
Fanshell,Cyprogenia stegaria,E,Kentucky
Little Spectaclecase,Leaunio lienosus,T,Kentucky
Eastern Small-footed Myotis,Myotis leibii,T,Kentucky
Little Brown Bat,Myotis lucifugus,T,Kentucky
Northern Long-Eared Bat,Myotis septentrionalis,E,Kentucky
Indiana Bat,Myotis sodalis,E,Kentucky
Tricolored Bat,Perimyotis subflavus,T,Kentucky
American Brook Lamprey,Lethenteron appendix,T,Kentucky
Pied-billed Grebe,Podilymbus podiceps,E,Kentucky
Short-eared Owl,Asio flammeus,E,Kentucky
Snuffbox,Epioblasma triquetra,E,Kentucky
Pocketbook,Lampsilis ovata,E,Kentucky
Little Spectaclecase,Leaunio lienosus,T,Kentucky
Round Hickorynut,Obovaria subrotunda,T,Kentucky
Salamander Mussel,Simpsonaias ambigua,T,Kentucky
Gray Myotis,Myotis grisescens,T,Kentucky
Little Brown Bat,Myotis lucifugus,T,Kentucky
Northern Long-Eared Bat,Myotis septentrionalis,E,Kentucky
Tricolored Bat,Perimyotis subflavus,T,Kentucky
Southeastern Crowned Snake,Tantilla coronata,T,Kentucky
Mississippi Silverside,Menidia audens,T,Kentucky
Dollar Sunfish,Lepomis marginatus,E,Kentucky
Pallid Shiner,Hybopsis amnis,E,Kentucky
Taillight Shiner,Notropis maculatus,T,Kentucky
Central Mudminnow,Umbra limi,T,Kentucky
Cypress Darter,Etheostoma proeliare,T,Kentucky
Northern Harrier,Circus hudsonius,T,Kentucky
Hooded Merganser,Lophodytes cucullatus,T,Kentucky
Northern Shoveler,Spatula clypeata,E,Kentucky
Blue-winged Teal,Spatula discors,T,Kentucky
Interior Least Tern,Sternula antillarum athalassos,E,Kentucky
Spotted Sandpiper,Actitis macularius,E,Kentucky
Peregrine Falcon,Falco peregrinus,E,Kentucky
American Coot,Fulica americana,E,Kentucky
Brown Creeper,Certhia americana,T,Kentucky
Golden-winged Warbler,Vermivora chrysoptera,E,Kentucky
Red-breasted Nuthatch,Sitta canadensis,E,Kentucky
Brown-headed Nuthatch,Sitta pusilla,E,Kentucky
Least Flycatcher,Empidonax minimus,E,Kentucky
Great Egret,Ardea alba,T,Kentucky
Little Blue Heron,Egretta caerulea,E,Kentucky
Snowy Egret,Egretta thula,E,Kentucky
Yellow-crowned Night-heron,Nyctanassa violacea,T,Kentucky
Black-crowned Night-heron,Nycticorax nycticorax,T,Kentucky
Pied-billed Grebe,Podilymbus podiceps,E,Kentucky
Spectaclecase,Cumberlandia monodonta,E,Kentucky
Fanshell,Cyprogenia stegaria,E,Kentucky
Dromedary Pearlymussel,Dromus dromas,E,Kentucky
Longsolid,Fusconaia subrotunda,T,Kentucky
Pink Mucket,Lampsilis abrupta,E,Kentucky
Pocketbook,Lampsilis ovata,E,Kentucky
Ring Pink,Obovaria retusa,E,Kentucky
Round Hickorynut,Obovaria subrotunda,T,Kentucky
Orangefoot Pimpleback,Plethobasus cooperianus,E,Kentucky
Sheepnose,Plethobasus cyphyus,E,Kentucky
Pyramid Pigtoe,Pleurobema rubrum,E,Kentucky
Fat Pocketbook,Potamilus capax,T,Kentucky
Bleufer,Potamilus purpuratus,E,Kentucky
Rabbitsfoot,Theliderma cylindrica,E,Kentucky
Alligator Snapping Turtle,Macrochelys temminckii,E,Kentucky
Painted Devil Crayfish,Lacunicambarus ludovicianus,T,Kentucky
Northern Long-Eared Bat,Myotis septentrionalis,E,Kentucky
Tricolored Bat,Perimyotis subflavus,T,Kentucky
American Brook Lamprey,Lethenteron appendix,T,Kentucky
Eastern Pinesnake,Pituophis melanoleucus,E,Kentucky
Southeastern Crowned Snake,Tantilla coronata,T,Kentucky
Western Sand Darter,Ammocrypta clara,E,Kentucky
Northern Harrier,Circus hudsonius,T,Kentucky
Common Raven,Corvus corax,T,Kentucky
Big Sandy Crayfish,Cambarus callainus,T,Kentucky
Eastern Small-footed Myotis,Myotis leibii,T,Kentucky
Little Brown Bat,Myotis lucifugus,T,Kentucky
Northern Long-Eared Bat,Myotis septentrionalis,E,Kentucky
Tricolored Bat,Perimyotis subflavus,T,Kentucky
Hooded Merganser,Lophodytes cucullatus,T,Kentucky
Peregrine Falcon,Falco peregrinus,E,Kentucky
Pied-billed Grebe,Podilymbus podiceps,E,Kentucky
Fanshell,Cyprogenia stegaria,E,Kentucky
Longsolid,Fusconaia subrotunda,T,Kentucky
Pocketbook,Lampsilis ovata,E,Kentucky
Sheepnose,Plethobasus cyphyus,E,Kentucky
Rough Pigtoe,Pleurobema plenum,E,Kentucky
Little Brown Bat,Myotis lucifugus,T,Kentucky
Northern Long-Eared Bat,Myotis septentrionalis,E,Kentucky
Indiana Bat,Myotis sodalis,E,Kentucky
Tricolored Bat,Perimyotis subflavus,T,Kentucky
Mississippi Silverside,Menidia audens,T,Kentucky
Dollar Sunfish,Lepomis marginatus,E,Kentucky
Redspotted Sunfish,Lepomis miniatus,T,Kentucky
Lake Chubsucker,Erimyzon sucetta,T,Kentucky
Cypress Minnow,Hybognathus hayi,E,Kentucky
Taillight Shiner,Notropis maculatus,T,Kentucky
Central Mudminnow,Umbra limi,T,Kentucky
Alligator Gar,Atractosteus spatula,E,Kentucky
Cypress Darter,Etheostoma proeliare,T,Kentucky
Northern Harrier,Circus hudsonius,T,Kentucky
Hooded Merganser,Lophodytes cucullatus,T,Kentucky
Interior Least Tern,Sternula antillarum athalassos,E,Kentucky
Peregrine Falcon,Falco peregrinus,E,Kentucky
American Coot,Fulica americana,E,Kentucky
Brown Creeper,Certhia americana,T,Kentucky
Golden-winged Warbler,Vermivora chrysoptera,E,Kentucky
Great Egret,Ardea alba,T,Kentucky
Yellow-crowned Night-heron,Nyctanassa violacea,T,Kentucky
Pied-billed Grebe,Podilymbus podiceps,E,Kentucky
Longsolid,Fusconaia subrotunda,T,Kentucky
Pink Mucket,Lampsilis abrupta,E,Kentucky
Pocketbook,Lampsilis ovata,E,Kentucky
Ring Pink,Obovaria retusa,E,Kentucky
Orangefoot Pimpleback,Plethobasus cooperianus,E,Kentucky
Sheepnose,Plethobasus cyphyus,E,Kentucky
Pyramid Pigtoe,Pleurobema rubrum,E,Kentucky
Fat Pocketbook,Potamilus capax,T,Kentucky
Bleufer,Potamilus purpuratus,E,Kentucky
Rabbitsfoot,Theliderma cylindrica,E,Kentucky
Alligator Snapping Turtle,Macrochelys temminckii,E,Kentucky
Shrimp Crayfish,Faxonius lancifer,E,Kentucky
Little Brown Bat,Myotis lucifugus,T,Kentucky
Northern Long-Eared Bat,Myotis septentrionalis,E,Kentucky
Indiana Bat,Myotis sodalis,E,Kentucky
Tricolored Bat,Perimyotis subflavus,T,Kentucky
Cotton Mouse,Peromyscus gossypinus,T,Kentucky
Lake Sturgeon,Acipenser fulvescens,E,Kentucky
Mississippi Silverside,Menidia audens,T,Kentucky
Blackside Dace,Chrosomus cumberlandensis,T,Kentucky
Blotched Chub,Erimystax insignis,E,Kentucky
Pallid Shiner,Hybopsis amnis,E,Kentucky
Palezone Shiner,Miniellus albizonatus,E,Kentucky
Sawfin Shiner,Paranotropis sp. cf. spectrunculus,E,Kentucky
Tuxedo Darter,Etheostoma lemniscatum,E,Kentucky
Cumberland Darter,Etheostoma susanae,E,Kentucky
Olive Darter,Percina squamata,E,Kentucky
Hooded Merganser,Lophodytes cucullatus,T,Kentucky
Blue-winged Teal,Spatula discors,T,Kentucky
Spotted Sandpiper,Actitis macularius,E,Kentucky
Common Raven,Corvus corax,T,Kentucky
Golden-winged Warbler,Vermivora chrysoptera,E,Kentucky
Vesper Sparrow,Pooecetes gramineus,E,Kentucky
Pied-billed Grebe,Podilymbus podiceps,E,Kentucky
Spectaclecase,Cumberlandia monodonta,E,Kentucky
Cumberland Elktoe,Alasmidonta atropurpurea,E,Kentucky
Elktoe,Alasmidonta marginata,T,Kentucky
Cumberland Papershell,Anodontoides denigratus,E,Kentucky
Fanshell,Cyprogenia stegaria,E,Kentucky
Dromedary Pearlymussel,Dromus dromas,E,Kentucky
Cumberlandian Combshell,Epioblasma brevidens,E,Kentucky
Oyster Mussel,Epioblasma capsaeformis,E,Kentucky
Snuffbox,Epioblasma triquetra,E,Kentucky
Tan Riffleshell,Epioblasma walkeri,E,Kentucky
Longsolid,Fusconaia subrotunda,T,Kentucky
Pocketbook,Lampsilis ovata,E,Kentucky
Little Spectaclecase,Leaunio lienosus,T,Kentucky
Mountain Creekshell,Leaunio vanuxemensis,E,Kentucky
Cumberland Moccasinshell,Medionidus conradicus,E,Kentucky
Round Hickorynut,Obovaria subrotunda,T,Kentucky
Littlewing Pearlymussel,Pegias fabula,E,Kentucky
Clubshell,Pleurobema clava,E,Kentucky
Tennessee Clubshell,Pleurobema oviforme,E,Kentucky
Pyramid Pigtoe,Pleurobema rubrum,E,Kentucky
Fluted Kidneyshell,Ptychobranchus subtentus,E,Kentucky
Purple Lilliput,Toxolasma lividum,E,Kentucky
Cumberland Bean,Venustaconcha troostensis,E,Kentucky
Big South Fork Crayfish,Cambarus bouchardi,E,Kentucky
Cumberland Plateau Cave Crayfish,Orconectes barri,T,Kentucky
Appalachian Cave Crayfish,Orconectes packardi,T,Kentucky
Eastern Small-footed Myotis,Myotis leibii,T,Kentucky
Little Brown Bat,Myotis lucifugus,T,Kentucky
Northern Long-Eared Bat,Myotis septentrionalis,E,Kentucky
Indiana Bat,Myotis sodalis,E,Kentucky
Tricolored Bat,Perimyotis subflavus,T,Kentucky
Mountain Brook Lamprey,Ichthyomyzon greeleyi,T,Kentucky
Eastern Slender Glass Lizard,Ophisaurus attenuatus longicaudus,T,Kentucky
Eastern Pinesnake,Pituophis melanoleucus,E,Kentucky
Southeastern Crowned Snake,Tantilla coronata,T,Kentucky
Coal Skink,Plestiodon anthracinus,E,Kentucky
Lake Chubsucker,Erimyzon sucetta,T,Kentucky
Pallid Shiner,Hybopsis amnis,E,Kentucky
Northern Harrier,Circus hudsonius,T,Kentucky
Spotted Sandpiper,Actitis macularius,E,Kentucky
Short-eared Owl,Asio flammeus,E,Kentucky
Longsolid,Fusconaia subrotunda,T,Kentucky
Pocketbook,Lampsilis ovata,E,Kentucky
Round Hickorynut,Obovaria subrotunda,T,Kentucky
Pyramid Pigtoe,Pleurobema rubrum,E,Kentucky
Alligator Snapping Turtle,Macrochelys temminckii,E,Kentucky
Kirtland's Snake,Clonophis kirtlandii,T,Kentucky
Copperbelly Watersnake,Nerodia erythrogaster neglecta,T,Kentucky
Northern Harrier,Circus hudsonius,T,Kentucky
Hooded Merganser,Lophodytes cucullatus,T,Kentucky
Northern Shoveler,Spatula clypeata,E,Kentucky
Blue-winged Teal,Spatula discors,T,Kentucky
Spotted Sandpiper,Actitis macularius,E,Kentucky
Peregrine Falcon,Falco peregrinus,E,Kentucky
American Coot,Fulica americana,E,Kentucky
Brown Creeper,Certhia americana,T,Kentucky
Blackburnian Warbler,Setophaga fusca,T,Kentucky
Red-breasted Nuthatch,Sitta canadensis,E,Kentucky
Pied-billed Grebe,Podilymbus podiceps,E,Kentucky
Short-eared Owl,Asio flammeus,E,Kentucky
Pocketbook,Lampsilis ovata,E,Kentucky
Ring Pink,Obovaria retusa,E,Kentucky
Sheepnose,Plethobasus cyphyus,E,Kentucky
Clubshell,Pleurobema clava,E,Kentucky
Pyramid Pigtoe,Pleurobema rubrum,E,Kentucky
Rabbitsfoot,Theliderma cylindrica,E,Kentucky
Gray Myotis,Myotis grisescens,T,Kentucky
Eastern Small-footed Myotis,Myotis leibii,T,Kentucky
Little Brown Bat,Myotis lucifugus,T,Kentucky
Northern Long-Eared Bat,Myotis septentrionalis,E,Kentucky
Indiana Bat,Myotis sodalis,E,Kentucky
Tricolored Bat,Perimyotis subflavus,T,Kentucky
Northern Harrier,Circus hudsonius,T,Kentucky
Hooded Merganser,Lophodytes cucullatus,T,Kentucky
Spotted Sandpiper,Actitis macularius,E,Kentucky
Peregrine Falcon,Falco peregrinus,E,Kentucky
Red-breasted Nuthatch,Sitta canadensis,E,Kentucky
Great Egret,Ardea alba,T,Kentucky
Pied-billed Grebe,Podilymbus podiceps,E,Kentucky
Elktoe,Alasmidonta marginata,T,Kentucky
Snuffbox,Epioblasma triquetra,E,Kentucky
Pocketbook,Lampsilis ovata,E,Kentucky
Round Hickorynut,Obovaria subrotunda,T,Kentucky
Salamander Mussel,Simpsonaias ambigua,T,Kentucky
Virginia Big-eared Bat,Corynorhinus townsendii virginianus,E,Kentucky
Eastern Small-footed Myotis,Myotis leibii,T,Kentucky
Little Brown Bat,Myotis lucifugus,T,Kentucky
Northern Long-Eared Bat,Myotis septentrionalis,E,Kentucky
Indiana Bat,Myotis sodalis,E,Kentucky
Tricolored Bat,Perimyotis subflavus,T,Kentucky
Northern Brook Lamprey,Ichthyomyzon fossor,T,Kentucky
American Brook Lamprey,Lethenteron appendix,T,Kentucky
Northern Harrier,Circus hudsonius,T,Kentucky
Hooded Merganser,Lophodytes cucullatus,T,Kentucky
Interior Least Tern,Sternula antillarum athalassos,E,Kentucky
Spotted Sandpiper,Actitis macularius,E,Kentucky
Peregrine Falcon,Falco peregrinus,E,Kentucky
Brown Creeper,Certhia americana,T,Kentucky
Blackburnian Warbler,Setophaga fusca,T,Kentucky
Golden-winged Warbler,Vermivora chrysoptera,E,Kentucky
Least Flycatcher,Empidonax minimus,E,Kentucky
Great Egret,Ardea alba,T,Kentucky
Pied-billed Grebe,Podilymbus podiceps,E,Kentucky
Ring Pink,Obovaria retusa,E,Kentucky
Round Hickorynut,Obovaria subrotunda,T,Kentucky
Gray Myotis,Myotis grisescens,T,Kentucky
Eastern Small-footed Myotis,Myotis leibii,T,Kentucky
Little Brown Bat,Myotis lucifugus,T,Kentucky
Tricolored Bat,Perimyotis subflavus,T,Kentucky
Spotted Darter,Nothonotus maculatus,T,Kentucky
Brown Creeper,Certhia americana,T,Kentucky
Pocketbook,Lampsilis ovata,E,Kentucky
Little Spectaclecase,Leaunio lienosus,T,Kentucky
Kentucky Creekshell,Leaunio ortmanni,E,Kentucky
Salamander Mussel,Simpsonaias ambigua,T,Kentucky
Gray Myotis,Myotis grisescens,T,Kentucky
Little Brown Bat,Myotis lucifugus,T,Kentucky
Northern Long-Eared Bat,Myotis septentrionalis,E,Kentucky
Tricolored Bat,Perimyotis subflavus,T,Kentucky
Spotted Darter,Nothonotus maculatus,T,Kentucky
Longhead Darter,Percina macrocephala,E,Kentucky
Slender Madtom,Noturus exilis,E,Kentucky
Northern Harrier,Circus hudsonius,T,Kentucky
Fanshell,Cyprogenia stegaria,E,Kentucky
Dromedary Pearlymussel,Dromus dromas,E,Kentucky
Pocketbook,Lampsilis ovata,E,Kentucky
Little Spectaclecase,Leaunio lienosus,T,Kentucky
Ring Pink,Obovaria retusa,E,Kentucky
Sheepnose,Plethobasus cyphyus,E,Kentucky
Rough Pigtoe,Pleurobema plenum,E,Kentucky
Pyramid Pigtoe,Pleurobema rubrum,E,Kentucky
Rabbitsfoot,Theliderma cylindrica,E,Kentucky
Gray Myotis,Myotis grisescens,T,Kentucky
Northern Long-Eared Bat,Myotis septentrionalis,E,Kentucky
Tricolored Bat,Perimyotis subflavus,T,Kentucky
American Brook Lamprey,Lethenteron appendix,T,Kentucky
Coal Skink,Plestiodon anthracinus,E,Kentucky
Spotted Sandpiper,Actitis macularius,E,Kentucky
Peregrine Falcon,Falco peregrinus,E,Kentucky
Pied-billed Grebe,Podilymbus podiceps,E,Kentucky
Snuffbox,Epioblasma triquetra,E,Kentucky
Little Spectaclecase,Leaunio lienosus,T,Kentucky
Mountain Creekshell,Leaunio vanuxemensis,E,Kentucky
Little Brown Bat,Myotis lucifugus,T,Kentucky
Northern Long-Eared Bat,Myotis septentrionalis,E,Kentucky
Tricolored Bat,Perimyotis subflavus,T,Kentucky
Northern Harrier,Circus hudsonius,T,Kentucky
Hooded Merganser,Lophodytes cucullatus,T,Kentucky
Common Raven,Corvus corax,T,Kentucky
Blackburnian Warbler,Setophaga fusca,T,Kentucky
Golden-winged Warbler,Vermivora chrysoptera,E,Kentucky
Least Flycatcher,Empidonax minimus,E,Kentucky
Pied-billed Grebe,Podilymbus podiceps,E,Kentucky
Snuffbox,Epioblasma triquetra,E,Kentucky
Pocketbook,Lampsilis ovata,E,Kentucky
Round Hickorynut,Obovaria subrotunda,T,Kentucky
Virginia Big-eared Bat,Corynorhinus townsendii virginianus,E,Kentucky
Eastern Small-footed Myotis,Myotis leibii,T,Kentucky
Little Brown Bat,Myotis lucifugus,T,Kentucky
Northern Long-Eared Bat,Myotis septentrionalis,E,Kentucky
Indiana Bat,Myotis sodalis,E,Kentucky
Tricolored Bat,Perimyotis subflavus,T,Kentucky
American Brook Lamprey,Lethenteron appendix,T,Kentucky
Redspotted Sunfish,Lepomis miniatus,T,Kentucky
Lake Chubsucker,Erimyzon sucetta,T,Kentucky
Cypress Minnow,Hybognathus hayi,E,Kentucky
Northern Harrier,Circus hudsonius,T,Kentucky
Hooded Merganser,Lophodytes cucullatus,T,Kentucky
Northern Shoveler,Spatula clypeata,E,Kentucky
Blue-winged Teal,Spatula discors,T,Kentucky
Interior Least Tern,Sternula antillarum athalassos,E,Kentucky
Spotted Sandpiper,Actitis macularius,E,Kentucky
Peregrine Falcon,Falco peregrinus,E,Kentucky
American Coot,Fulica americana,E,Kentucky
Common Gallinule,Gallinula galeata,T,Kentucky
Brown Creeper,Certhia americana,T,Kentucky
Golden-winged Warbler,Vermivora chrysoptera,E,Kentucky
Vesper Sparrow,Pooecetes gramineus,E,Kentucky
Red-breasted Nuthatch,Sitta canadensis,E,Kentucky
Least Flycatcher,Empidonax minimus,E,Kentucky
Great Egret,Ardea alba,T,Kentucky
Little Blue Heron,Egretta caerulea,E,Kentucky
Snowy Egret,Egretta thula,E,Kentucky
Least Bittern,Ixobrychus exilis,T,Kentucky
Yellow-crowned Night-heron,Nyctanassa violacea,T,Kentucky
Black-crowned Night-heron,Nycticorax nycticorax,T,Kentucky
Pied-billed Grebe,Podilymbus podiceps,E,Kentucky
Short-eared Owl,Asio flammeus,E,Kentucky
Long-eared Owl,Asio otus,E,Kentucky
Fanshell,Cyprogenia stegaria,E,Kentucky
Catspaw,Epioblasma obliquata,E,Kentucky
Longsolid,Fusconaia subrotunda,T,Kentucky
Pink Mucket,Lampsilis abrupta,E,Kentucky
Pocketbook,Lampsilis ovata,E,Kentucky
Little Spectaclecase,Leaunio lienosus,T,Kentucky
Round Hickorynut,Obovaria subrotunda,T,Kentucky
Clubshell,Pleurobema clava,E,Kentucky
Rough Pigtoe,Pleurobema plenum,E,Kentucky
Pyramid Pigtoe,Pleurobema rubrum,E,Kentucky
Salamander Mussel,Simpsonaias ambigua,T,Kentucky
Gray Myotis,Myotis grisescens,T,Kentucky
Little Brown Bat,Myotis lucifugus,T,Kentucky
Northern Long-Eared Bat,Myotis septentrionalis,E,Kentucky
Tricolored Bat,Perimyotis subflavus,T,Kentucky
Copperbelly Watersnake,Nerodia erythrogaster neglecta,T,Kentucky
Northern Harrier,Circus hudsonius,T,Kentucky
Hooded Merganser,Lophodytes cucullatus,T,Kentucky
Vesper Sparrow,Pooecetes gramineus,E,Kentucky
Red-breasted Nuthatch,Sitta canadensis,E,Kentucky
Great Egret,Ardea alba,T,Kentucky
Little Blue Heron,Egretta caerulea,E,Kentucky
Pied-billed Grebe,Podilymbus podiceps,E,Kentucky
Short-eared Owl,Asio flammeus,E,Kentucky
Long-eared Owl,Asio otus,E,Kentucky
Fanshell,Cyprogenia stegaria,E,Kentucky
Northern Riffleshell,Epioblasma rangiana,E,Kentucky
Snuffbox,Epioblasma triquetra,E,Kentucky
Longsolid,Fusconaia subrotunda,T,Kentucky
Pocketbook,Lampsilis ovata,E,Kentucky
Little Spectaclecase,Leaunio lienosus,T,Kentucky
Ring Pink,Obovaria retusa,E,Kentucky
Round Hickorynut,Obovaria subrotunda,T,Kentucky
Clubshell,Pleurobema clava,E,Kentucky
Rough Pigtoe,Pleurobema plenum,E,Kentucky
Pyramid Pigtoe,Pleurobema rubrum,E,Kentucky
Salamander Mussel,Simpsonaias ambigua,T,Kentucky
Purple Lilliput,Toxolasma lividum,E,Kentucky
Gray Myotis,Myotis grisescens,T,Kentucky
Little Brown Bat,Myotis lucifugus,T,Kentucky
Northern Long-Eared Bat,Myotis septentrionalis,E,Kentucky
Indiana Bat,Myotis sodalis,E,Kentucky
Tricolored Bat,Perimyotis subflavus,T,Kentucky
Northern Harrier,Circus hudsonius,T,Kentucky
Spotted Sandpiper,Actitis macularius,E,Kentucky
Great Egret,Ardea alba,T,Kentucky
Black-crowned Night-heron,Nycticorax nycticorax,T,Kentucky
Short-eared Owl,Asio flammeus,E,Kentucky
Fanshell,Cyprogenia stegaria,E,Kentucky
Catspaw,Epioblasma obliquata,E,Kentucky
Northern Riffleshell,Epioblasma rangiana,E,Kentucky
Snuffbox,Epioblasma triquetra,E,Kentucky
Longsolid,Fusconaia subrotunda,T,Kentucky
Pink Mucket,Lampsilis abrupta,E,Kentucky
Round Hickorynut,Obovaria subrotunda,T,Kentucky
Sheepnose,Plethobasus cyphyus,E,Kentucky
Clubshell,Pleurobema clava,E,Kentucky
Salamander Mussel,Simpsonaias ambigua,T,Kentucky
Rabbitsfoot,Theliderma cylindrica,E,Kentucky
Northern Long-Eared Bat,Myotis septentrionalis,E,Kentucky
Tricolored Bat,Perimyotis subflavus,T,Kentucky
Lake Chubsucker,Erimyzon sucetta,T,Kentucky
Pallid Shiner,Hybopsis amnis,E,Kentucky
Northern Harrier,Circus hudsonius,T,Kentucky
Hooded Merganser,Lophodytes cucullatus,T,Kentucky
Spotted Sandpiper,Actitis macularius,E,Kentucky
Peregrine Falcon,Falco peregrinus,E,Kentucky
American Coot,Fulica americana,E,Kentucky
Common Gallinule,Gallinula galeata,T,Kentucky
Vesper Sparrow,Pooecetes gramineus,E,Kentucky
Red-breasted Nuthatch,Sitta canadensis,E,Kentucky
Least Flycatcher,Empidonax minimus,E,Kentucky
Great Egret,Ardea alba,T,Kentucky
Little Blue Heron,Egretta caerulea,E,Kentucky
Snowy Egret,Egretta thula,E,Kentucky
Least Bittern,Ixobrychus exilis,T,Kentucky
Black-crowned Night-heron,Nycticorax nycticorax,T,Kentucky
Pied-billed Grebe,Podilymbus podiceps,E,Kentucky
Short-eared Owl,Asio flammeus,E,Kentucky
Long-eared Owl,Asio otus,E,Kentucky
Fanshell,Cyprogenia stegaria,E,Kentucky
Longsolid,Fusconaia subrotunda,T,Kentucky
Pocketbook,Lampsilis ovata,E,Kentucky
Little Spectaclecase,Leaunio lienosus,T,Kentucky
Kentucky Creekshell,Leaunio ortmanni,E,Kentucky
Round Hickorynut,Obovaria subrotunda,T,Kentucky
Clubshell,Pleurobema clava,E,Kentucky
Rough Pigtoe,Pleurobema plenum,E,Kentucky
Pyramid Pigtoe,Pleurobema rubrum,E,Kentucky
Rabbitsfoot,Theliderma cylindrica,E,Kentucky
Little Brown Bat,Myotis lucifugus,T,Kentucky
Northern Long-Eared Bat,Myotis septentrionalis,E,Kentucky
Tricolored Bat,Perimyotis subflavus,T,Kentucky
Kirtland's Snake,Clonophis kirtlandii,T,Kentucky
Copperbelly Watersnake,Nerodia erythrogaster neglecta,T,Kentucky
Northern Harrier,Circus hudsonius,T,Kentucky
Hooded Merganser,Lophodytes cucullatus,T,Kentucky
Northern Shoveler,Spatula clypeata,E,Kentucky
Spotted Sandpiper,Actitis macularius,E,Kentucky
Peregrine Falcon,Falco peregrinus,E,Kentucky
Brown Creeper,Certhia americana,T,Kentucky
Least Flycatcher,Empidonax minimus,E,Kentucky
Yellow-crowned Night-heron,Nyctanassa violacea,T,Kentucky
Black-crowned Night-heron,Nycticorax nycticorax,T,Kentucky
Pied-billed Grebe,Podilymbus podiceps,E,Kentucky
Short-eared Owl,Asio flammeus,E,Kentucky
Fanshell,Cyprogenia stegaria,E,Kentucky
Longsolid,Fusconaia subrotunda,T,Kentucky
Pink Mucket,Lampsilis abrupta,E,Kentucky
Pocketbook,Lampsilis ovata,E,Kentucky
Little Spectaclecase,Leaunio lienosus,T,Kentucky
Ring Pink,Obovaria retusa,E,Kentucky
Sheepnose,Plethobasus cyphyus,E,Kentucky
Pyramid Pigtoe,Pleurobema rubrum,E,Kentucky
Louisville Crayfish,Faxonius jeffersoni,E,Kentucky
Gray Myotis,Myotis grisescens,T,Kentucky
Little Brown Bat,Myotis lucifugus,T,Kentucky
Northern Long-Eared Bat,Myotis septentrionalis,E,Kentucky
Tricolored Bat,Perimyotis subflavus,T,Kentucky
Northern Harrier,Circus hudsonius,T,Kentucky
Hooded Merganser,Lophodytes cucullatus,T,Kentucky
Northern Shoveler,Spatula clypeata,E,Kentucky
Spotted Sandpiper,Actitis macularius,E,Kentucky
Common Gallinule,Gallinula galeata,T,Kentucky
Brown Creeper,Certhia americana,T,Kentucky
Vesper Sparrow,Pooecetes gramineus,E,Kentucky
Red-breasted Nuthatch,Sitta canadensis,E,Kentucky
Pied-billed Grebe,Podilymbus podiceps,E,Kentucky
Long-eared Owl,Asio otus,E,Kentucky
Pink Mucket,Lampsilis abrupta,E,Kentucky
Pocketbook,Lampsilis ovata,E,Kentucky
Ring Pink,Obovaria retusa,E,Kentucky
Round Hickorynut,Obovaria subrotunda,T,Kentucky
Clubshell,Pleurobema clava,E,Kentucky
Rough Pigtoe,Pleurobema plenum,E,Kentucky
Salamander Mussel,Simpsonaias ambigua,T,Kentucky
Purple Lilliput,Toxolasma lividum,E,Kentucky
Little Brown Bat,Myotis lucifugus,T,Kentucky
Northern Long-Eared Bat,Myotis septentrionalis,E,Kentucky
Indiana Bat,Myotis sodalis,E,Kentucky
Tricolored Bat,Perimyotis subflavus,T,Kentucky
Kentucky Arrow Darter,Etheostoma spilotum,T,Kentucky
Snuffbox,Epioblasma triquetra,E,Kentucky
Longsolid,Fusconaia subrotunda,T,Kentucky
Pocketbook,Lampsilis ovata,E,Kentucky
Little Spectaclecase,Leaunio lienosus,T,Kentucky
Round Hickorynut,Obovaria subrotunda,T,Kentucky
Little Brown Bat,Myotis lucifugus,T,Kentucky
Northern Long-Eared Bat,Myotis septentrionalis,E,Kentucky
Indiana Bat,Myotis sodalis,E,Kentucky
Tricolored Bat,Perimyotis subflavus,T,Kentucky
Slender Madtom,Noturus exilis,E,Kentucky
Northern Harrier,Circus hudsonius,T,Kentucky
Peregrine Falcon,Falco peregrinus,E,Kentucky
Pied-billed Grebe,Podilymbus podiceps,E,Kentucky
Elktoe,Alasmidonta marginata,T,Kentucky
Fanshell,Cyprogenia stegaria,E,Kentucky
Catspaw,Epioblasma obliquata,E,Kentucky
Northern Riffleshell,Epioblasma rangiana,E,Kentucky
Snuffbox,Epioblasma triquetra,E,Kentucky
Longsolid,Fusconaia subrotunda,T,Kentucky
Pink Mucket,Lampsilis abrupta,E,Kentucky
Pocketbook,Lampsilis ovata,E,Kentucky
Round Hickorynut,Obovaria subrotunda,T,Kentucky
Sheepnose,Plethobasus cyphyus,E,Kentucky
Clubshell,Pleurobema clava,E,Kentucky
Rough Pigtoe,Pleurobema plenum,E,Kentucky
Pyramid Pigtoe,Pleurobema rubrum,E,Kentucky
Salamander Mussel,Simpsonaias ambigua,T,Kentucky
Rabbitsfoot,Theliderma cylindrica,E,Kentucky
Purple Lilliput,Toxolasma lividum,E,Kentucky
Little Brown Bat,Myotis lucifugus,T,Kentucky
Indiana Bat,Myotis sodalis,E,Kentucky
Tricolored Bat,Perimyotis subflavus,T,Kentucky
Blackside Dace,Chrosomus cumberlandensis,T,Kentucky
Kentucky Arrow Darter,Etheostoma spilotum,T,Kentucky
Yellow-spotted Woodland Salamander,Plethodon pauleyi,E,Kentucky
Common Raven,Corvus corax,T,Kentucky
Gray Myotis,Myotis grisescens,T,Kentucky
Eastern Small-footed Myotis,Myotis leibii,T,Kentucky
Little Brown Bat,Myotis lucifugus,T,Kentucky
Northern Long-Eared Bat,Myotis septentrionalis,E,Kentucky
Tricolored Bat,Perimyotis subflavus,T,Kentucky
Northern Brook Lamprey,Ichthyomyzon fossor,T,Kentucky
American Brook Lamprey,Lethenteron appendix,T,Kentucky
Longhead Darter,Percina macrocephala,E,Kentucky
Yellow-spotted Woodland Salamander,Plethodon pauleyi,E,Kentucky
Northern Harrier,Circus hudsonius,T,Kentucky
Spotted Sandpiper,Actitis macularius,E,Kentucky
Common Raven,Corvus corax,T,Kentucky
Golden-winged Warbler,Vermivora chrysoptera,E,Kentucky
Great Egret,Ardea alba,T,Kentucky
Little Blue Heron,Egretta caerulea,E,Kentucky
Short-eared Owl,Asio flammeus,E,Kentucky
Round Hickorynut,Obovaria subrotunda,T,Kentucky
Big Sandy Crayfish,Cambarus callainus,T,Kentucky
Gray Myotis,Myotis grisescens,T,Kentucky
Eastern Small-footed Myotis,Myotis leibii,T,Kentucky
Little Brown Bat,Myotis lucifugus,T,Kentucky
Northern Long-Eared Bat,Myotis septentrionalis,E,Kentucky
Indiana Bat,Myotis sodalis,E,Kentucky
Tricolored Bat,Perimyotis subflavus,T,Kentucky
Northern Brook Lamprey,Ichthyomyzon fossor,T,Kentucky
American Brook Lamprey,Lethenteron appendix,T,Kentucky
Northern Harrier,Circus hudsonius,T,Kentucky
Spotted Sandpiper,Actitis macularius,E,Kentucky
Red-breasted Nuthatch,Sitta canadensis,E,Kentucky
Elktoe,Alasmidonta marginata,T,Kentucky
Fanshell,Cyprogenia stegaria,E,Kentucky
Snuffbox,Epioblasma triquetra,E,Kentucky
Longsolid,Fusconaia subrotunda,T,Kentucky
Pocketbook,Lampsilis ovata,E,Kentucky
Little Spectaclecase,Leaunio lienosus,T,Kentucky
Round Hickorynut,Obovaria subrotunda,T,Kentucky
Virginia Big-eared Bat,Corynorhinus townsendii virginianus,E,Kentucky
Eastern Small-footed Myotis,Myotis leibii,T,Kentucky
Little Brown Bat,Myotis lucifugus,T,Kentucky
Northern Long-Eared Bat,Myotis septentrionalis,E,Kentucky
Indiana Bat,Myotis sodalis,E,Kentucky
Tricolored Bat,Perimyotis subflavus,T,Kentucky
Northern Brook Lamprey,Ichthyomyzon fossor,T,Kentucky
American Brook Lamprey,Lethenteron appendix,T,Kentucky
Coal Skink,Plestiodon anthracinus,E,Kentucky
Lake Sturgeon,Acipenser fulvescens,E,Kentucky
Blackside Dace,Chrosomus cumberlandensis,T,Kentucky
Blotched Chub,Erimystax insignis,E,Kentucky
Sawfin Shiner,Paranotropis sp. cf. spectrunculus,E,Kentucky
Buck Darter,Etheostoma nebra,E,Kentucky
Olive Darter,Percina squamata,E,Kentucky
Northern Harrier,Circus hudsonius,T,Kentucky
Hooded Merganser,Lophodytes cucullatus,T,Kentucky
Northern Shoveler,Spatula clypeata,E,Kentucky
Interior Least Tern,Sternula antillarum athalassos,E,Kentucky
Spotted Sandpiper,Actitis macularius,E,Kentucky
Peregrine Falcon,Falco peregrinus,E,Kentucky
American Coot,Fulica americana,E,Kentucky
Common Gallinule,Gallinula galeata,T,Kentucky
Brown Creeper,Certhia americana,T,Kentucky
Common Raven,Corvus corax,T,Kentucky
Blackburnian Warbler,Setophaga fusca,T,Kentucky
Golden-winged Warbler,Vermivora chrysoptera,E,Kentucky
Vesper Sparrow,Pooecetes gramineus,E,Kentucky
Red-breasted Nuthatch,Sitta canadensis,E,Kentucky
Least Flycatcher,Empidonax minimus,E,Kentucky
Great Egret,Ardea alba,T,Kentucky
Little Blue Heron,Egretta caerulea,E,Kentucky
Snowy Egret,Egretta thula,E,Kentucky
Black-crowned Night-heron,Nycticorax nycticorax,T,Kentucky
Pied-billed Grebe,Podilymbus podiceps,E,Kentucky
Short-eared Owl,Asio flammeus,E,Kentucky
Long-eared Owl,Asio otus,E,Kentucky
Spectaclecase,Cumberlandia monodonta,E,Kentucky
Cumberland Elktoe,Alasmidonta atropurpurea,E,Kentucky
Elktoe,Alasmidonta marginata,T,Kentucky
Dromedary Pearlymussel,Dromus dromas,E,Kentucky
Cumberlandian Combshell,Epioblasma brevidens,E,Kentucky
Oyster Mussel,Epioblasma capsaeformis,E,Kentucky
Snuffbox,Epioblasma triquetra,E,Kentucky
Tan Riffleshell,Epioblasma walkeri,E,Kentucky
Longsolid,Fusconaia subrotunda,T,Kentucky
Pocketbook,Lampsilis ovata,E,Kentucky
Little Spectaclecase,Leaunio lienosus,T,Kentucky
Mountain Creekshell,Leaunio vanuxemensis,E,Kentucky
Cumberland Moccasinshell,Medionidus conradicus,E,Kentucky
Round Hickorynut,Obovaria subrotunda,T,Kentucky
Littlewing Pearlymussel,Pegias fabula,E,Kentucky
Orangefoot Pimpleback,Plethobasus cooperianus,E,Kentucky
Sheepnose,Plethobasus cyphyus,E,Kentucky
Clubshell,Pleurobema clava,E,Kentucky
Tennessee Clubshell,Pleurobema oviforme,E,Kentucky
Pyramid Pigtoe,Pleurobema rubrum,E,Kentucky
Fluted Kidneyshell,Ptychobranchus subtentus,E,Kentucky
Rabbitsfoot,Theliderma cylindrica,E,Kentucky
Purple Lilliput,Toxolasma lividum,E,Kentucky
Cumberland Bean,Venustaconcha troostensis,E,Kentucky
Appalachian Cave Crayfish,Orconectes packardi,T,Kentucky
Virginia Big-eared Bat,Corynorhinus townsendii virginianus,E,Kentucky
Gray Myotis,Myotis grisescens,T,Kentucky
Eastern Small-footed Myotis,Myotis leibii,T,Kentucky
Little Brown Bat,Myotis lucifugus,T,Kentucky
Northern Long-Eared Bat,Myotis septentrionalis,E,Kentucky
Indiana Bat,Myotis sodalis,E,Kentucky
Tricolored Bat,Perimyotis subflavus,T,Kentucky
Mountain Brook Lamprey,Ichthyomyzon greeleyi,T,Kentucky
Eastern Slender Glass Lizard,Ophisaurus attenuatus longicaudus,T,Kentucky
Coal Skink,Plestiodon anthracinus,E,Kentucky
Brown Creeper,Certhia americana,T,Kentucky
Elktoe,Alasmidonta marginata,T,Kentucky
Fanshell,Cyprogenia stegaria,E,Kentucky
Longsolid,Fusconaia subrotunda,T,Kentucky
Pocketbook,Lampsilis ovata,E,Kentucky
Round Hickorynut,Obovaria subrotunda,T,Kentucky
Clubshell,Pleurobema clava,E,Kentucky
Salamander Mussel,Simpsonaias ambigua,T,Kentucky
Tricolored Bat,Perimyotis subflavus,T,Kentucky
Buck Darter,Etheostoma nebra,E,Kentucky
Olive Darter,Percina squamata,E,Kentucky
Northern Harrier,Circus hudsonius,T,Kentucky
Hooded Merganser,Lophodytes cucullatus,T,Kentucky
Spotted Sandpiper,Actitis macularius,E,Kentucky
American Coot,Fulica americana,E,Kentucky
Great Egret,Ardea alba,T,Kentucky
Pied-billed Grebe,Podilymbus podiceps,E,Kentucky
Cumberland Elktoe,Alasmidonta atropurpurea,E,Kentucky
Elktoe,Alasmidonta marginata,T,Kentucky
Longsolid,Fusconaia subrotunda,T,Kentucky
Pocketbook,Lampsilis ovata,E,Kentucky
Little Spectaclecase,Leaunio lienosus,T,Kentucky
Cumberland Moccasinshell,Medionidus conradicus,E,Kentucky
Round Hickorynut,Obovaria subrotunda,T,Kentucky
Littlewing Pearlymussel,Pegias fabula,E,Kentucky
Tennessee Clubshell,Pleurobema oviforme,E,Kentucky
Fluted Kidneyshell,Ptychobranchus subtentus,E,Kentucky
Rabbitsfoot,Theliderma cylindrica,E,Kentucky
Purple Lilliput,Toxolasma lividum,E,Kentucky
Cumberland Bean,Venustaconcha troostensis,E,Kentucky
Appalachian Cave Crayfish,Orconectes packardi,T,Kentucky
Virginia Big-eared Bat,Corynorhinus townsendii virginianus,E,Kentucky
Gray Myotis,Myotis grisescens,T,Kentucky
Eastern Small-footed Myotis,Myotis leibii,T,Kentucky
Little Brown Bat,Myotis lucifugus,T,Kentucky
Northern Long-Eared Bat,Myotis septentrionalis,E,Kentucky
Indiana Bat,Myotis sodalis,E,Kentucky
Tricolored Bat,Perimyotis subflavus,T,Kentucky
Mountain Brook Lamprey,Ichthyomyzon greeleyi,T,Kentucky
Coal Skink,Plestiodon anthracinus,E,Kentucky
Northern Harrier,Circus hudsonius,T,Kentucky
Hooded Merganser,Lophodytes cucullatus,T,Kentucky
Northern Shoveler,Spatula clypeata,E,Kentucky
Blue-winged Teal,Spatula discors,T,Kentucky
Interior Least Tern,Sternula antillarum athalassos,E,Kentucky
Spotted Sandpiper,Actitis macularius,E,Kentucky
Peregrine Falcon,Falco peregrinus,E,Kentucky
American Coot,Fulica americana,E,Kentucky
Common Gallinule,Gallinula galeata,T,Kentucky
Brown Creeper,Certhia americana,T,Kentucky
Blackburnian Warbler,Setophaga fusca,T,Kentucky
Golden-winged Warbler,Vermivora chrysoptera,E,Kentucky
Least Flycatcher,Empidonax minimus,E,Kentucky
Great Egret,Ardea alba,T,Kentucky
Little Blue Heron,Egretta caerulea,E,Kentucky
Black-crowned Night-heron,Nycticorax nycticorax,T,Kentucky
Pied-billed Grebe,Podilymbus podiceps,E,Kentucky
Snuffbox,Epioblasma triquetra,E,Kentucky
Longsolid,Fusconaia subrotunda,T,Kentucky
Pink Mucket,Lampsilis abrupta,E,Kentucky
Pocketbook,Lampsilis ovata,E,Kentucky
Round Hickorynut,Obovaria subrotunda,T,Kentucky
Virginia Big-eared Bat,Corynorhinus townsendii virginianus,E,Kentucky
Gray Myotis,Myotis grisescens,T,Kentucky
Eastern Small-footed Myotis,Myotis leibii,T,Kentucky
Little Brown Bat,Myotis lucifugus,T,Kentucky
Northern Long-Eared Bat,Myotis septentrionalis,E,Kentucky
Indiana Bat,Myotis sodalis,E,Kentucky
Tricolored Bat,Perimyotis subflavus,T,Kentucky
Northern Brook Lamprey,Ichthyomyzon fossor,T,Kentucky
Scarlet Kingsnake,Lampropeltis elapsoides,E,Kentucky
Lake Sturgeon,Acipenser fulvescens,E,Kentucky
Northern Harrier,Circus hudsonius,T,Kentucky
Hooded Merganser,Lophodytes cucullatus,T,Kentucky
Spotted Sandpiper,Actitis macularius,E,Kentucky
Golden-winged Warbler,Vermivora chrysoptera,E,Kentucky
Red-breasted Nuthatch,Sitta canadensis,E,Kentucky
Brown-headed Nuthatch,Sitta pusilla,E,Kentucky
Great Egret,Ardea alba,T,Kentucky
Pied-billed Grebe,Podilymbus podiceps,E,Kentucky
Spectaclecase,Cumberlandia monodonta,E,Kentucky
Elktoe,Alasmidonta marginata,T,Kentucky
Fanshell,Cyprogenia stegaria,E,Kentucky
Dromedary Pearlymussel,Dromus dromas,E,Kentucky
Cumberlandian Combshell,Epioblasma brevidens,E,Kentucky
Oyster Mussel,Epioblasma capsaeformis,E,Kentucky
Catspaw,Epioblasma obliquata,E,Kentucky
Snuffbox,Epioblasma triquetra,E,Kentucky
Tan Riffleshell,Epioblasma walkeri,E,Kentucky
Longsolid,Fusconaia subrotunda,T,Kentucky
Pink Mucket,Lampsilis abrupta,E,Kentucky
Pocketbook,Lampsilis ovata,E,Kentucky
Little Spectaclecase,Leaunio lienosus,T,Kentucky
Cumberland Moccasinshell,Medionidus conradicus,E,Kentucky
Ring Pink,Obovaria retusa,E,Kentucky
Round Hickorynut,Obovaria subrotunda,T,Kentucky
Orangefoot Pimpleback,Plethobasus cooperianus,E,Kentucky
Sheepnose,Plethobasus cyphyus,E,Kentucky
Tennessee Clubshell,Pleurobema oviforme,E,Kentucky
Rough Pigtoe,Pleurobema plenum,E,Kentucky
Pyramid Pigtoe,Pleurobema rubrum,E,Kentucky
Rabbitsfoot,Theliderma cylindrica,E,Kentucky
Purple Lilliput,Toxolasma lividum,E,Kentucky
Cumberland Bean,Venustaconcha troostensis,E,Kentucky
Eastern Small-footed Myotis,Myotis leibii,T,Kentucky
Little Brown Bat,Myotis lucifugus,T,Kentucky
Northern Long-Eared Bat,Myotis septentrionalis,E,Kentucky
Tricolored Bat,Perimyotis subflavus,T,Kentucky
Northern Harrier,Circus hudsonius,T,Kentucky
Golden-winged Warbler,Vermivora chrysoptera,E,Kentucky
Least Flycatcher,Empidonax minimus,E,Kentucky
Pied-billed Grebe,Podilymbus podiceps,E,Kentucky
Short-eared Owl,Asio flammeus,E,Kentucky
Cumberland Elktoe,Alasmidonta atropurpurea,E,Kentucky
Elktoe,Alasmidonta marginata,T,Kentucky
Gray Myotis,Myotis grisescens,T,Kentucky
Little Brown Bat,Myotis lucifugus,T,Kentucky
Northern Long-Eared Bat,Myotis septentrionalis,E,Kentucky
Indiana Bat,Myotis sodalis,E,Kentucky
Tricolored Bat,Perimyotis subflavus,T,Kentucky
Northern Harrier,Circus hudsonius,T,Kentucky
Hooded Merganser,Lophodytes cucullatus,T,Kentucky
Spotted Sandpiper,Actitis macularius,E,Kentucky
Peregrine Falcon,Falco peregrinus,E,Kentucky
Least Flycatcher,Empidonax minimus,E,Kentucky
Great Egret,Ardea alba,T,Kentucky
Black-crowned Night-heron,Nycticorax nycticorax,T,Kentucky
Pied-billed Grebe,Podilymbus podiceps,E,Kentucky
Short-eared Owl,Asio flammeus,E,Kentucky
Long-eared Owl,Asio otus,E,Kentucky
Salamander Mussel,Simpsonaias ambigua,T,Kentucky
Little Brown Bat,Myotis lucifugus,T,Kentucky
Indiana Bat,Myotis sodalis,E,Kentucky
Flame Chub,Hemitremia flammea,E,Kentucky
Spotted Darter,Nothonotus maculatus,T,Kentucky
Slender Madtom,Noturus exilis,E,Kentucky
Hooded Merganser,Lophodytes cucullatus,T,Kentucky
Blue-winged Teal,Spatula discors,T,Kentucky
Spotted Sandpiper,Actitis macularius,E,Kentucky
American Coot,Fulica americana,E,Kentucky
Great Egret,Ardea alba,T,Kentucky
Pied-billed Grebe,Podilymbus podiceps,E,Kentucky
Elktoe,Alasmidonta marginata,T,Kentucky
Pocketbook,Lampsilis ovata,E,Kentucky
Kentucky Creekshell,Leaunio ortmanni,E,Kentucky
Mountain Creekshell,Leaunio vanuxemensis,E,Kentucky
Purple Lilliput,Toxolasma lividum,E,Kentucky
Gray Myotis,Myotis grisescens,T,Kentucky
Tricolored Bat,Perimyotis subflavus,T,Kentucky
Northern Harrier,Circus hudsonius,T,Kentucky
Brown Creeper,Certhia americana,T,Kentucky
Great Egret,Ardea alba,T,Kentucky
Pied-billed Grebe,Podilymbus podiceps,E,Kentucky
Fanshell,Cyprogenia stegaria,E,Kentucky
Snuffbox,Epioblasma triquetra,E,Kentucky
Round Hickorynut,Obovaria subrotunda,T,Kentucky
Clubshell,Pleurobema clava,E,Kentucky
Pyramid Pigtoe,Pleurobema rubrum,E,Kentucky
Purple Lilliput,Toxolasma lividum,E,Kentucky
Gray Myotis,Myotis grisescens,T,Kentucky
Little Brown Bat,Myotis lucifugus,T,Kentucky
Northern Long-Eared Bat,Myotis septentrionalis,E,Kentucky
Indiana Bat,Myotis sodalis,E,Kentucky
Tricolored Bat,Perimyotis subflavus,T,Kentucky
Western Sand Darter,Ammocrypta clara,E,Kentucky
Longhead Darter,Percina macrocephala,E,Kentucky
Northern Harrier,Circus hudsonius,T,Kentucky
Hooded Merganser,Lophodytes cucullatus,T,Kentucky
Spotted Sandpiper,Actitis macularius,E,Kentucky
Great Egret,Ardea alba,T,Kentucky
Pied-billed Grebe,Podilymbus podiceps,E,Kentucky
Short-eared Owl,Asio flammeus,E,Kentucky
Elktoe,Alasmidonta marginata,T,Kentucky
Fanshell,Cyprogenia stegaria,E,Kentucky
Northern Riffleshell,Epioblasma rangiana,E,Kentucky
Snuffbox,Epioblasma triquetra,E,Kentucky
Longsolid,Fusconaia subrotunda,T,Kentucky
Pocketbook,Lampsilis ovata,E,Kentucky
Little Spectaclecase,Leaunio lienosus,T,Kentucky
Clubshell,Pleurobema clava,E,Kentucky
Rabbitsfoot,Theliderma cylindrica,E,Kentucky
Purple Lilliput,Toxolasma lividum,E,Kentucky
Gray Myotis,Myotis grisescens,T,Kentucky
Little Brown Bat,Myotis lucifugus,T,Kentucky
Northern Long-Eared Bat,Myotis septentrionalis,E,Kentucky
Indiana Bat,Myotis sodalis,E,Kentucky
Tricolored Bat,Perimyotis subflavus,T,Kentucky
American Brook Lamprey,Lethenteron appendix,T,Kentucky
Redspotted Sunfish,Lepomis miniatus,T,Kentucky
Northern Harrier,Circus hudsonius,T,Kentucky
Hooded Merganser,Lophodytes cucullatus,T,Kentucky
Interior Least Tern,Sternula antillarum athalassos,E,Kentucky
Great Egret,Ardea alba,T,Kentucky
Little Blue Heron,Egretta caerulea,E,Kentucky
Snowy Egret,Egretta thula,E,Kentucky
Pied-billed Grebe,Podilymbus podiceps,E,Kentucky
Fanshell,Cyprogenia stegaria,E,Kentucky
Pocketbook,Lampsilis ovata,E,Kentucky
Little Spectaclecase,Leaunio lienosus,T,Kentucky
Mountain Creekshell,Leaunio vanuxemensis,E,Kentucky
Ring Pink,Obovaria retusa,E,Kentucky
Round Hickorynut,Obovaria subrotunda,T,Kentucky
Littlewing Pearlymussel,Pegias fabula,E,Kentucky
Fluted Kidneyshell,Ptychobranchus subtentus,E,Kentucky
Purple Lilliput,Toxolasma lividum,E,Kentucky
Eastern Slender Glass Lizard,Ophisaurus attenuatus longicaudus,T,Kentucky
Lake Sturgeon,Acipenser fulvescens,E,Kentucky
Mississippi Silverside,Menidia audens,T,Kentucky
Redspotted Sunfish,Lepomis miniatus,T,Kentucky
Cypress Darter,Etheostoma proeliare,T,Kentucky
Smallscale Darter,Nothonotus microlepidus,E,Kentucky
Slender Madtom,Noturus exilis,E,Kentucky
Northern Harrier,Circus hudsonius,T,Kentucky
Hooded Merganser,Lophodytes cucullatus,T,Kentucky
Northern Shoveler,Spatula clypeata,E,Kentucky
Blue-winged Teal,Spatula discors,T,Kentucky
Interior Least Tern,Sternula antillarum athalassos,E,Kentucky
Spotted Sandpiper,Actitis macularius,E,Kentucky
Peregrine Falcon,Falco peregrinus,E,Kentucky
American Coot,Fulica americana,E,Kentucky
Brown Creeper,Certhia americana,T,Kentucky
Blackburnian Warbler,Setophaga fusca,T,Kentucky
Golden-winged Warbler,Vermivora chrysoptera,E,Kentucky
Bachman's Sparrow,Peucaea aestivalis,E,Kentucky
Vesper Sparrow,Pooecetes gramineus,E,Kentucky
Red-breasted Nuthatch,Sitta canadensis,E,Kentucky
Least Flycatcher,Empidonax minimus,E,Kentucky
Great Egret,Ardea alba,T,Kentucky
Little Blue Heron,Egretta caerulea,E,Kentucky
Snowy Egret,Egretta thula,E,Kentucky
Black-crowned Night-heron,Nycticorax nycticorax,T,Kentucky
Pied-billed Grebe,Podilymbus podiceps,E,Kentucky
Short-eared Owl,Asio flammeus,E,Kentucky
Elktoe,Alasmidonta marginata,T,Kentucky
Little Spectaclecase,Leaunio lienosus,T,Kentucky
Dwarf Rainbow,Leaunio pataecus,E,Kentucky
Mountain Creekshell,Leaunio vanuxemensis,E,Kentucky
Ring Pink,Obovaria retusa,E,Kentucky
Orangefoot Pimpleback,Plethobasus cooperianus,E,Kentucky
Purple Lilliput,Toxolasma lividum,E,Kentucky
Kentucky Crayfish,Faxonius kentuckiensis,T,Kentucky
Warpaint Mudbug,Lacunicambarus erythrodactylus,T,Kentucky
Gray Myotis,Myotis grisescens,T,Kentucky
Little Brown Bat,Myotis lucifugus,T,Kentucky
Northern Long-Eared Bat,Myotis septentrionalis,E,Kentucky
Indiana Bat,Myotis sodalis,E,Kentucky
Tricolored Bat,Perimyotis subflavus,T,Kentucky
Scarlet Kingsnake,Lampropeltis elapsoides,E,Kentucky
Eastern Pinesnake,Pituophis melanoleucus,E,Kentucky
Southeastern Crowned Snake,Tantilla coronata,T,Kentucky
Western Pygmy Rattlesnake,Sistrurus miliarius streckeri,E,Kentucky
Peregrine Falcon,Falco peregrinus,E,Kentucky
Ring Pink,Obovaria retusa,E,Kentucky
Pyramid Pigtoe,Pleurobema rubrum,E,Kentucky
Rabbitsfoot,Theliderma cylindrica,E,Kentucky
Gray Myotis,Myotis grisescens,T,Kentucky
Little Brown Bat,Myotis lucifugus,T,Kentucky
Indiana Bat,Myotis sodalis,E,Kentucky
Tricolored Bat,Perimyotis subflavus,T,Kentucky
Lake Sturgeon,Acipenser fulvescens,E,Kentucky
Mississippi Silverside,Menidia audens,T,Kentucky
Cypress Minnow,Hybognathus hayi,E,Kentucky
Northern Harrier,Circus hudsonius,T,Kentucky
Hooded Merganser,Lophodytes cucullatus,T,Kentucky
Northern Shoveler,Spatula clypeata,E,Kentucky
Blue-winged Teal,Spatula discors,T,Kentucky
Interior Least Tern,Sternula antillarum athalassos,E,Kentucky
Spotted Sandpiper,Actitis macularius,E,Kentucky
Peregrine Falcon,Falco peregrinus,E,Kentucky
American Coot,Fulica americana,E,Kentucky
Common Gallinule,Gallinula galeata,T,Kentucky
Brown Creeper,Certhia americana,T,Kentucky
Golden-winged Warbler,Vermivora chrysoptera,E,Kentucky
Least Flycatcher,Empidonax minimus,E,Kentucky
Great Egret,Ardea alba,T,Kentucky
Snowy Egret,Egretta thula,E,Kentucky
Least Bittern,Ixobrychus exilis,T,Kentucky
Yellow-crowned Night-heron,Nyctanassa violacea,T,Kentucky
Black-crowned Night-heron,Nycticorax nycticorax,T,Kentucky
Pied-billed Grebe,Podilymbus podiceps,E,Kentucky
Short-eared Owl,Asio flammeus,E,Kentucky
Pocketbook,Lampsilis ovata,E,Kentucky
Ring Pink,Obovaria retusa,E,Kentucky
Round Hickorynut,Obovaria subrotunda,T,Kentucky
Clubshell,Pleurobema clava,E,Kentucky
Pyramid Pigtoe,Pleurobema rubrum,E,Kentucky
Fat Pocketbook,Potamilus capax,T,Kentucky
Texas Lilliput,Toxolasma texasiense,T,Kentucky
Gray Myotis,Myotis grisescens,T,Kentucky
Little Brown Bat,Myotis lucifugus,T,Kentucky
Northern Long-Eared Bat,Myotis septentrionalis,E,Kentucky
Indiana Bat,Myotis sodalis,E,Kentucky
Tricolored Bat,Perimyotis subflavus,T,Kentucky
Copperbelly Watersnake,Nerodia erythrogaster neglecta,T,Kentucky
Pallid Shiner,Hybopsis amnis,E,Kentucky
Western Sand Darter,Ammocrypta clara,E,Kentucky
Spotted Darter,Nothonotus maculatus,T,Kentucky
Longhead Darter,Percina macrocephala,E,Kentucky
Slender Madtom,Noturus exilis,E,Kentucky
Yellow-spotted Woodland Salamander,Plethodon pauleyi,E,Kentucky
Northern Harrier,Circus hudsonius,T,Kentucky
Hooded Merganser,Lophodytes cucullatus,T,Kentucky
Northern Shoveler,Spatula clypeata,E,Kentucky
Blue-winged Teal,Spatula discors,T,Kentucky
Interior Least Tern,Sternula antillarum athalassos,E,Kentucky
Spotted Sandpiper,Actitis macularius,E,Kentucky
Peregrine Falcon,Falco peregrinus,E,Kentucky
American Coot,Fulica americana,E,Kentucky
Brown Creeper,Certhia americana,T,Kentucky
Blackburnian Warbler,Setophaga fusca,T,Kentucky
Golden-winged Warbler,Vermivora chrysoptera,E,Kentucky
Vesper Sparrow,Pooecetes gramineus,E,Kentucky
Red-breasted Nuthatch,Sitta canadensis,E,Kentucky
Least Flycatcher,Empidonax minimus,E,Kentucky
Great Egret,Ardea alba,T,Kentucky
Little Blue Heron,Egretta caerulea,E,Kentucky
Snowy Egret,Egretta thula,E,Kentucky
Yellow-crowned Night-heron,Nyctanassa violacea,T,Kentucky
Black-crowned Night-heron,Nycticorax nycticorax,T,Kentucky
Pied-billed Grebe,Podilymbus podiceps,E,Kentucky
Short-eared Owl,Asio flammeus,E,Kentucky
Long-eared Owl,Asio otus,E,Kentucky
Spectaclecase,Cumberlandia monodonta,E,Kentucky
Elktoe,Alasmidonta marginata,T,Kentucky
Fanshell,Cyprogenia stegaria,E,Kentucky
Catspaw,Epioblasma obliquata,E,Kentucky
Northern Riffleshell,Epioblasma rangiana,E,Kentucky
Snuffbox,Epioblasma triquetra,E,Kentucky
Longsolid,Fusconaia subrotunda,T,Kentucky
Pink Mucket,Lampsilis abrupta,E,Kentucky
Pocketbook,Lampsilis ovata,E,Kentucky
Little Spectaclecase,Leaunio lienosus,T,Kentucky
Kentucky Creekshell,Leaunio ortmanni,E,Kentucky
Ring Pink,Obovaria retusa,E,Kentucky
Round Hickorynut,Obovaria subrotunda,T,Kentucky
Sheepnose,Plethobasus cyphyus,E,Kentucky
Clubshell,Pleurobema clava,E,Kentucky
Rough Pigtoe,Pleurobema plenum,E,Kentucky
Pyramid Pigtoe,Pleurobema rubrum,E,Kentucky
Bleufer,Potamilus purpuratus,E,Kentucky
Salamander Mussel,Simpsonaias ambigua,T,Kentucky
Rabbitsfoot,Theliderma cylindrica,E,Kentucky
Purple Lilliput,Toxolasma lividum,E,Kentucky
Gray Myotis,Myotis grisescens,T,Kentucky
Little Brown Bat,Myotis lucifugus,T,Kentucky
Northern Long-Eared Bat,Myotis septentrionalis,E,Kentucky
Indiana Bat,Myotis sodalis,E,Kentucky
Tricolored Bat,Perimyotis subflavus,T,Kentucky
Mountain Brook Lamprey,Ichthyomyzon greeleyi,T,Kentucky
American Brook Lamprey,Lethenteron appendix,T,Kentucky
Southeastern Crowned Snake,Tantilla coronata,T,Kentucky
Peregrine Falcon,Falco peregrinus,E,Kentucky
Salamander Mussel,Simpsonaias ambigua,T,Kentucky
Lake Sturgeon,Acipenser fulvescens,E,Kentucky
Blotched Chub,Erimystax insignis,E,Kentucky
Pallid Shiner,Hybopsis amnis,E,Kentucky
Palezone Shiner,Miniellus albizonatus,E,Kentucky
Sawfin Shiner,Paranotropis sp. cf. spectrunculus,E,Kentucky
Western Sand Darter,Ammocrypta clara,E,Kentucky
Longhead Darter,Percina macrocephala,E,Kentucky
Northern Harrier,Circus hudsonius,T,Kentucky
Hooded Merganser,Lophodytes cucullatus,T,Kentucky
Blue-winged Teal,Spatula discors,T,Kentucky
Spotted Sandpiper,Actitis macularius,E,Kentucky
American Coot,Fulica americana,E,Kentucky
Brown Creeper,Certhia americana,T,Kentucky
Vesper Sparrow,Pooecetes gramineus,E,Kentucky
Red-breasted Nuthatch,Sitta canadensis,E,Kentucky
Great Egret,Ardea alba,T,Kentucky
Little Blue Heron,Egretta caerulea,E,Kentucky
Snowy Egret,Egretta thula,E,Kentucky
Pied-billed Grebe,Podilymbus podiceps,E,Kentucky
Short-eared Owl,Asio flammeus,E,Kentucky
Spectaclecase,Cumberlandia monodonta,E,Kentucky
Elktoe,Alasmidonta marginata,T,Kentucky
Fanshell,Cyprogenia stegaria,E,Kentucky
Dromedary Pearlymussel,Dromus dromas,E,Kentucky
Cumberlandian Combshell,Epioblasma brevidens,E,Kentucky
Oyster Mussel,Epioblasma capsaeformis,E,Kentucky
Longsolid,Fusconaia subrotunda,T,Kentucky
Pink Mucket,Lampsilis abrupta,E,Kentucky
Pocketbook,Lampsilis ovata,E,Kentucky
Little Spectaclecase,Leaunio lienosus,T,Kentucky
Mountain Creekshell,Leaunio vanuxemensis,E,Kentucky
Cumberland Moccasinshell,Medionidus conradicus,E,Kentucky
Ring Pink,Obovaria retusa,E,Kentucky
Round Hickorynut,Obovaria subrotunda,T,Kentucky
Littlewing Pearlymussel,Pegias fabula,E,Kentucky
Orangefoot Pimpleback,Plethobasus cooperianus,E,Kentucky
Sheepnose,Plethobasus cyphyus,E,Kentucky
Tennessee Clubshell,Pleurobema oviforme,E,Kentucky
Rough Pigtoe,Pleurobema plenum,E,Kentucky
Pyramid Pigtoe,Pleurobema rubrum,E,Kentucky
Fluted Kidneyshell,Ptychobranchus subtentus,E,Kentucky
Purple Lilliput,Toxolasma lividum,E,Kentucky
Cumberland Bean,Venustaconcha troostensis,E,Kentucky
Cumberland Plateau Cave Crayfish,Orconectes barri,T,Kentucky
Gray Myotis,Myotis grisescens,T,Kentucky
Eastern Small-footed Myotis,Myotis leibii,T,Kentucky
Little Brown Bat,Myotis lucifugus,T,Kentucky
Northern Long-Eared Bat,Myotis septentrionalis,E,Kentucky
Indiana Bat,Myotis sodalis,E,Kentucky
Tricolored Bat,Perimyotis subflavus,T,Kentucky
Mountain Brook Lamprey,Ichthyomyzon greeleyi,T,Kentucky
Northern Harrier,Circus hudsonius,T,Kentucky
Spotted Sandpiper,Actitis macularius,E,Kentucky
Peregrine Falcon,Falco peregrinus,E,Kentucky
Pied-billed Grebe,Podilymbus podiceps,E,Kentucky
Little Spectaclecase,Leaunio lienosus,T,Kentucky
Texas Lilliput,Toxolasma texasiense,T,Kentucky
Kentucky Crayfish,Faxonius kentuckiensis,T,Kentucky
Copperbelly Watersnake,Nerodia erythrogaster neglecta,T,Kentucky
Lake Sturgeon,Acipenser fulvescens,E,Kentucky
Blackside Dace,Chrosomus cumberlandensis,T,Kentucky
Cumberland Darter,Etheostoma susanae,E,Kentucky
Olive Darter,Percina squamata,E,Kentucky
Spotted Sandpiper,Actitis macularius,E,Kentucky
Golden-winged Warbler,Vermivora chrysoptera,E,Kentucky
Cumberland Elktoe,Alasmidonta atropurpurea,E,Kentucky
Cumberland Papershell,Anodontoides denigratus,E,Kentucky
Pocketbook,Lampsilis ovata,E,Kentucky
Little Spectaclecase,Leaunio lienosus,T,Kentucky
Cumberland Moccasinshell,Medionidus conradicus,E,Kentucky
Cumberland Bean,Venustaconcha troostensis,E,Kentucky
Longclaw Crayfish,Cambarus buntingi,T,Kentucky
Eastern Small-footed Myotis,Myotis leibii,T,Kentucky
Little Brown Bat,Myotis lucifugus,T,Kentucky
Northern Long-Eared Bat,Myotis septentrionalis,E,Kentucky
Indiana Bat,Myotis sodalis,E,Kentucky
Tricolored Bat,Perimyotis subflavus,T,Kentucky
Eastern Slender Glass Lizard,Ophisaurus attenuatus longicaudus,T,Kentucky
Scarlet Kingsnake,Lampropeltis elapsoides,E,Kentucky
Eastern Pinesnake,Pituophis melanoleucus,E,Kentucky
Coal Skink,Plestiodon anthracinus,E,Kentucky
Kentucky Arrow Darter,Etheostoma spilotum,T,Kentucky
Peregrine Falcon,Falco peregrinus,E,Kentucky
Brown Creeper,Certhia americana,T,Kentucky
Common Raven,Corvus corax,T,Kentucky
Red-breasted Nuthatch,Sitta canadensis,E,Kentucky
Elktoe,Alasmidonta marginata,T,Kentucky
Pocketbook,Lampsilis ovata,E,Kentucky
Round Hickorynut,Obovaria subrotunda,T,Kentucky
Virginia Big-eared Bat,Corynorhinus townsendii virginianus,E,Kentucky
Little Brown Bat,Myotis lucifugus,T,Kentucky
Northern Long-Eared Bat,Myotis septentrionalis,E,Kentucky
Indiana Bat,Myotis sodalis,E,Kentucky
Tricolored Bat,Perimyotis subflavus,T,Kentucky
Northern Brook Lamprey,Ichthyomyzon fossor,T,Kentucky
American Brook Lamprey,Lethenteron appendix,T,Kentucky
Northern Harrier,Circus hudsonius,T,Kentucky
Hooded Merganser,Lophodytes cucullatus,T,Kentucky
Common Gallinule,Gallinula galeata,T,Kentucky
Brown Creeper,Certhia americana,T,Kentucky
Great Egret,Ardea alba,T,Kentucky
Yellow-crowned Night-heron,Nyctanassa violacea,T,Kentucky
Pied-billed Grebe,Podilymbus podiceps,E,Kentucky
Long-eared Owl,Asio otus,E,Kentucky
Alligator Snapping Turtle,Macrochelys temminckii,E,Kentucky
Gray Myotis,Myotis grisescens,T,Kentucky
Tricolored Bat,Perimyotis subflavus,T,Kentucky
Wing Snaggletooth,Gastrocopta procera,Threatened,Wisconsin
Cherrystone Drop,Hendersonia occulta,Threatened,Wisconsin
ENDANGERED (H) Bog Rush,Juncus stygius,Threatened,Wisconsin
Pecatonica River Mayfly Acanthametropus pecatonica (H) Prairie Bush Clover*,Lespedeza leptostachya,Threatened,Wisconsin
Flat-headed Mayfly Spinadis simplex (D) Auricled Twayblade,Listera auriculata,Threatened,Wisconsin
A Leafhopper Attenuipyga vanduzeei (I) Fly Honeysuckle,Lonicera involucrata,Threatened,Wisconsin
Swamp Metalmark Calephelis muticum (E) Smith's Melic Grass,Melica smithii,Threatened,Wisconsin
Hairy-necked Tiger Beetle Cicindela hirticollis rhodensis (I) Mat Muhly,Muhlenbergia richardsonis,Threatened,Wisconsin
Ottoe Skipper Hesperia ottoe (I) Louisiana Broomrape,Orobanche ludoviciana,Threatened,Wisconsin
Giant Carrion Beetle** Nicrophorus americanus (D) Small-flowered Grass-of-Parnassus,Parnassia parviflora,Threatened,Wisconsin
Extra-striped Snaketail Ophiogomphus anomalus (E) Butterwort,Pinguicula vulgaris,Threatened,Wisconsin
Saint Croix Snaketail Ophiogomphus susbehcha (D) Heart-leaved Plantain,Plantago cordata,Threatened,Wisconsin
Silphium Borer Moth Papaipema silphii (H),Platanthera leucophaea,Threatened,Wisconsin
Hine’s Emerald** Somatochlora hineana (D) Pink Milkwort,Polygala incarnata,Threatened,Wisconsin
Incurvate Emerald Somatochlora incurvata (G) Spotted Pondweed,Potamogeton pulcher,Threatened,Wisconsin
Regal Fritillary Speyeria idalia (E) Rough White Lettuce,Prenanthes aspera,Threatened,Wisconsin
Knobels Riffle Beetle Stenelmis knobeli (D) Great White Lettuce,Prenanthes crepidinea,Threatened,Wisconsin
Lake Huron Locust Trimerotropis huroniana (D) Pine-drops,Pterospora andromedea,Threatened,Wisconsin
THREATENED (D) Small Shinleaf,Pyrola minor,Threatened,Wisconsin
An Issid Planthopper Fitchiella robertsoni (E) Small Yellow Water Crowfoot,Ranunculus gmelinii,Threatened,Wisconsin
Frosted Elfin Callophrys irus (I) Lapland Buttercup,Ranunculus lapponicus,Threatened,Wisconsin
Prairie Leafhopper Polyamia dilata (D) Lapland Rosebay,Rhododendron lapponicum,Threatened,Wisconsin
Spatterdock Darner Rhionaeschna mutata (D) Wild Petunia,Ruellia humilis,Threatened,Wisconsin
Sand Dune Willow,Salix cordata,Threatened,Wisconsin
PLANTS (I) Satiny Willow,Salix pellita,Threatened,Wisconsin
ENDANGERED (I) Hall’s Bulrush,Schoenoplectus hallii,Threatened,Wisconsin
Pale False Foxglove Agalinis skinneriana (G) Netted Nut-rush,Scleria reticularis,Threatened,Wisconsin
Cut-leaved Anemone Anemone multifida var. multifida (E) Low Spike-moss,Selaginella selaginoides,Threatened,Wisconsin
Large-leaved Sandwort Moehringia (=Arenaria) macrophylla (I) Fire Pink,Silene viginica,Threatened,Wisconsin
Lake Cress Armoracia lacustris (E) Blue-stemmed Goldenrod,Solidago caesia,Threatened,Wisconsin
Green Spleenwort Asplenium trichomanes-ramosum (D) Hairy Meadow Parsnip,Thaspium chapmanii,Threatened,Wisconsin
Alpine Milk Vetch Astragalus alpinus (E) Heartleaf Foamflower,Tiarella cordifolia,Threatened,Wisconsin
Prairie Plum Astragalus crassicarpus (I) Purple False Oats,Trisetum melicoides,Threatened,Wisconsin
Cooper's Milk Vetch Astragalus neglectus (D) Dwarf Bilberry,Vaccinium cespitosum,Threatened,Wisconsin
Common Moonwort Botrychium lunaria (D) Squashberry,Viburnum edule,Threatened,Wisconsin
Wild Hyacinth Camassia scilloides (E) Northern Monkshood*,Aconitum noveboracense,Threatened,Wisconsin
Ravenfoot Sedge Carex crus-corvi (G) Muskroot,Adoxa moschatellina,Threatened,Wisconsin
Smooth-sheathed Sedge Carex laevivaginata (G) Roundstem Foxglove,Agalinis gattingeri,Threatened,Wisconsin
False Hop Sedge Carex lupuliformis (G) Round-leaved Orchis,Amerorchis rotundifolia,Threatened,Wisconsin
Intermediate Sedge Carex media (E) Wooly Milkweed,Asclepias lanuginosa,Threatened,Wisconsin
Schweinitz’s Sedge Carex schweinitzii (G) Dwarf Milkweed,Asclepias ovalifolia,Threatened,Wisconsin
Brook Grass Catabrosa aquatica (H) Prairie Milkweed,Asclepias sullivantii,Threatened,Wisconsin
Hemlock-parsley Conioselinum chinense (G) Pinnatifid Spleenwort,Asplenium pinnatifidum,Threatened,Wisconsin
Obovate Beak Grass Diarrhena obovata (G) Kitten Tails,Besseya bullii,Threatened,Wisconsin
Neat Spike-rush Eleocharis nitida (H) Large Water Starwort,Callitriche heterophylla,Threatened,Wisconsin
Square-stem Spike-rush Eleocharis quadrangulata (H) Calypso Orchid,Calypso bulbosa,Threatened,Wisconsin
Wolf's Spike-rush Eleocharis wolfii (D) Carey’s Sedge,Carex careyana,Threatened,Wisconsin
Harbinger-of-Spring Erigenia bulbosa (H) Beautiful Sedge,Carex concinna,Threatened,Wisconsin
Chestnut Sedge Fimbristylis puberula (H) Coast Sedge,Carex exilis,Threatened,Wisconsin
Dwarf Umbrella Sedge Fuirena pumila (G) Handsome Sedge,Carex formosa,Threatened,Wisconsin
Northern Commandra Geocaulon lividum (D) Elk Sedge,Carex garberi,Threatened,Wisconsin
Lenticular Sedge,Carex lenticularis,Threatened,Wisconsin
Michaux’s Sedge,Carex michauxiana,Threatened,Wisconsin
Hill's Thistle,Cirsium hillii,Threatened,Wisconsin
Dune (Pitcher's) Thistle*,Cirsium pitcheri,Threatened,Wisconsin
Rams-head Lady's-slipper,Cypripedium arietinum,Threatened,Wisconsin
White Lady's-slipper,Cypripedium candidum,Threatened,Wisconsin
English Sundew,Drosera anglica,Threatened,Wisconsin
Linear-leaved Sundew,Drosera linearis,Threatened,Wisconsin
Pale Purple Coneflower,Echinacea pallida,Threatened,Wisconsin
Beaked Spike-rush,Eleocharis rostellata,Threatened,Wisconsin
Forked Aster,Eurybia furcata,Threatened,Wisconsin
Western Fescue,Festuca occidentalis,Threatened,Wisconsin
Blue Ash,Fraxinus quadrangulata,Threatened,Wisconsin
Round Fruited St. John’s Wort,Hypericum sphaerocarpum,Threatened,Wisconsin
Dwarf Lake Iris*,Iris lacustris,Threatened,Wisconsin
Slender Bush Clover,Lespedeza virginica,Threatened,Wisconsin
Bladderpod,Lesquerella ludoviciana,Threatened,Wisconsin
Broad-leaved Twayblade,Listera convallarioides,Threatened,Wisconsin
Brittle Prickly Pear,Opuntia fragilis,Threatened,Wisconsin
Clustered Broomrape,Orobanche fasciculata,Threatened,Wisconsin
Plains Ragwort,Packera indecora,Threatened,Wisconsin
Marsh Grass-of-Parnassus,Parnassia palustris,Threatened,Wisconsin
Sweet Colt's-foot,Petasites sagittatus,Threatened,Wisconsin
Braun’s Holly Fern,Polystichum braunii,Threatened,Wisconsin
Prairie-parsley,Polytaenia nuttallii,Threatened,Wisconsin
Algae-leaved Pondweed,Potamogeton confervoides,Threatened,Wisconsin
Cliff Cudweed,Pseudognaphalium saxicola,Threatened,Wisconsin
Seaside Crowfoot,Ranunculus cymbalaria,Threatened,Wisconsin
Long-beaked Bald-rush,Rhynchospora scirpoides,Threatened,Wisconsin
Clustered Bur-reed,Sparganium glomeratum,Threatened,Wisconsin
Sheathed Pondweed,Stuckenia vaginata,Threatened,Wisconsin
False Asphodel,Triantha glutinosa,Threatened,Wisconsin
Tufted Bulrush,Trichophorum cespitosum,Threatened,Wisconsin
Snow Trillium,Trillium nivale,Threatened,Wisconsin
Spike Trisetum,Trisetum spicatum,Threatened,Wisconsin
Marsh Valerian,Valeriana uliginosa,Threatened,Wisconsin
The Department of Natural,Resources reminds you,Threatened,Wisconsin
only a first step toward identifying a problem that,Program is funded primarily by contributions to the tax,Threatened,Wisconsin
the plants and animals listed. The real work follows through donations sent directly to the,Bureau of,Threatened,Wisconsin
listing. The Bureau of Natural Heritage Conservation Endangered Resources. Your support is vital.,Help us,Threatened,Wisconsin
plants and animals.,We are also interested in,Threatened,Wisconsin
distribution is suspected but not yet proven).,If you,Threatened,Wisconsin
